"RelativePath","Name","Extension","Bytes","ModifiedUtc","FullPath"
"Barotrauma.deps.json","Barotrauma.deps.json","json","36187","2026-06-18T17:04:43.2612515Z","C:\Program Files (x86)\Steam\steamapps\common\Barotrauma\Barotrauma.deps.json"
"Barotrauma.dll","Barotrauma.dll","dll","8361984","2026-06-18T17:04:43.2453843Z","C:\Program Files (x86)\Steam\steamapps\common\Barotrauma\Barotrauma.dll"
"Barotrauma.exe","Barotrauma.exe","exe","293376","2026-06-18T17:04:43.2453843Z","C:\Program Files (x86)\Steam\steamapps\common\Barotrauma\Barotrauma.exe"
"Barotrauma.pdb","Barotrauma.pdb","pdb","18638336","2026-06-18T17:04:43.2463834Z","C:\Program Files (x86)\Steam\steamapps\common\Barotrauma\Barotrauma.pdb"
"Barotrauma.runtimeconfig.json","Barotrauma.runtimeconfig.json","json","478","2025-06-19T20:07:28.2484717Z","C:\Program Files (x86)\Steam\steamapps\common\Barotrauma\Barotrauma.runtimeconfig.json"
"BarotraumaCore.dll","BarotraumaCore.dll","dll","86016","2026-06-18T17:04:43.2622518Z","C:\Program Files (x86)\Steam\steamapps\common\Barotrauma\BarotraumaCore.dll"
"BarotraumaCore.pdb","BarotraumaCore.pdb","pdb","345600","2026-06-18T17:04:43.2473779Z","C:\Program Files (x86)\Steam\steamapps\common\Barotrauma\BarotraumaCore.pdb"
"changelog.txt","changelog.txt","txt","1017700","2026-06-18T17:04:43.2473779Z","C:\Program Files (x86)\Steam\steamapps\common\Barotrauma\changelog.txt"
"clretwrc.dll","clretwrc.dll","dll","311072","2025-06-19T20:07:27.3231493Z","C:\Program Files (x86)\Steam\steamapps\common\Barotrauma\clretwrc.dll"
"clrgc.dll","clrgc.dll","dll","666400","2025-06-19T20:07:27.3231493Z","C:\Program Files (x86)\Steam\steamapps\common\Barotrauma\clrgc.dll"
"clrjit.dll","clrjit.dll","dll","1784584","2025-06-19T20:07:27.3231493Z","C:\Program Files (x86)\Steam\steamapps\common\Barotrauma\clrjit.dll"
"Concentus.NetStandard.dll","Concentus.NetStandard.dll","dll","331264","2026-06-18T17:04:43.2483839Z","C:\Program Files (x86)\Steam\steamapps\common\Barotrauma\Concentus.NetStandard.dll"
"Concentus.NetStandard.pdb","Concentus.NetStandard.pdb","pdb","166148","2026-06-18T17:04:43.2662758Z","C:\Program Files (x86)\Steam\steamapps\common\Barotrauma\Concentus.NetStandard.pdb"
"Concentus_LICENSE","Concentus_LICENSE","","1779","2025-06-08T21:11:02.5168796Z","C:\Program Files (x86)\Steam\steamapps\common\Barotrauma\Concentus_LICENSE"
"config_player.xml","config_player.xml","xml","8603","2026-07-15T21:15:24.3456381Z","C:\Program Files (x86)\Steam\steamapps\common\Barotrauma\config_player.xml"
"Content/Afflictions.xml","Afflictions.xml","xml","136028","2026-04-09T15:55:12.9565359Z","C:\Program Files (x86)\Steam\steamapps\common\Barotrauma\Content\Afflictions.xml"
"Content/AfflictionsGeneticMaterial.xml","AfflictionsGeneticMaterial.xml","xml","25560","2025-06-08T21:11:02.8107454Z","C:\Program Files (x86)\Steam\steamapps\common\Barotrauma\Content\AfflictionsGeneticMaterial.xml"
"Content/AnimEditor.sub","AnimEditor.sub","sub","41225","2025-06-08T21:11:03.2334753Z","C:\Program Files (x86)\Steam\steamapps\common\Barotrauma\Content\AnimEditor.sub"
"Content/BackgroundCreatures/BackgroundCreaturePrefabs.xml","BackgroundCreaturePrefabs.xml","xml","21714","2025-06-08T21:11:02.3020176Z","C:\Program Files (x86)\Steam\steamapps\common\Barotrauma\Content\BackgroundCreatures\BackgroundCreaturePrefabs.xml"
"Content/BackgroundCreatures/BackgroundCreatures.png","BackgroundCreatures.png","png","224021","2025-06-08T21:11:03.2297267Z","C:\Program Files (x86)\Steam\steamapps\common\Barotrauma\Content\BackgroundCreatures\BackgroundCreatures.png"
"Content/BackgroundCreatures/Behemoth.png","Behemoth.png","png","226495","2025-06-08T21:11:02.8147456Z","C:\Program Files (x86)\Steam\steamapps\common\Barotrauma\Content\BackgroundCreatures\Behemoth.png"
"Content/BackgroundCreatures/bgFish1.png","bgFish1.png","png","313346","2025-06-08T21:11:01.8897521Z","C:\Program Files (x86)\Steam\steamapps\common\Barotrauma\Content\BackgroundCreatures\bgFish1.png"
"Content/BackgroundCreatures/GlowingBgCreatures.png","GlowingBgCreatures.png","png","51127","2025-06-08T21:11:03.5349204Z","C:\Program Files (x86)\Steam\steamapps\common\Barotrauma\Content\BackgroundCreatures\GlowingBgCreatures.png"
"Content/BackgroundCreatures/TheGreatSeaBG.png","TheGreatSeaBG.png","png","741690","2025-06-08T21:11:01.8897521Z","C:\Program Files (x86)\Steam\steamapps\common\Barotrauma\Content\BackgroundCreatures\TheGreatSeaBG.png"
"Content/Characters/Ancient/Ancient.png","Ancient.png","png","124524","2025-06-08T21:11:02.8147456Z","C:\Program Files (x86)\Steam\steamapps\common\Barotrauma\Content\Characters\Ancient\Ancient.png"
"Content/Characters/Ancient/Ancient.xml","Ancient.xml","xml","4135","2025-06-08T21:11:02.8107454Z","C:\Program Files (x86)\Steam\steamapps\common\Barotrauma\Content\Characters\Ancient\Ancient.xml"
"Content/Characters/Ancient/Animations/AncientSwimFast.xml","AncientSwimFast.xml","xml","603","2025-06-08T21:11:03.5249201Z","C:\Program Files (x86)\Steam\steamapps\common\Barotrauma\Content\Characters\Ancient\Animations\AncientSwimFast.xml"
"Content/Characters/Ancient/Animations/AncientSwimSlow.xml","AncientSwimSlow.xml","xml","603","2025-06-08T21:11:03.2287266Z","C:\Program Files (x86)\Steam\steamapps\common\Barotrauma\Content\Characters\Ancient\Animations\AncientSwimSlow.xml"
"Content/Characters/Ancient/Ragdolls/AncientDefaultRagdoll.xml","AncientDefaultRagdoll.xml","xml","16596","2025-06-08T21:11:03.5329204Z","C:\Program Files (x86)\Steam\steamapps\common\Barotrauma\Content\Characters\Ancient\Ragdolls\AncientDefaultRagdoll.xml"
"Content/Characters/Balloon/Animations/BalloonRun.xml","BalloonRun.xml","xml","783","2025-06-19T20:07:27.9695510Z","C:\Program Files (x86)\Steam\steamapps\common\Barotrauma\Content\Characters\Balloon\Animations\BalloonRun.xml"
"Content/Characters/Balloon/Animations/BalloonSwimFast.xml","BalloonSwimFast.xml","xml","659","2025-06-08T21:11:02.8127459Z","C:\Program Files (x86)\Steam\steamapps\common\Barotrauma\Content\Characters\Balloon\Animations\BalloonSwimFast.xml"
"Content/Characters/Balloon/Animations/BalloonSwimSlow.xml","BalloonSwimSlow.xml","xml","658","2025-06-08T21:11:03.5349204Z","C:\Program Files (x86)\Steam\steamapps\common\Barotrauma\Content\Characters\Balloon\Animations\BalloonSwimSlow.xml"
"Content/Characters/Balloon/Animations/BalloonWalk.xml","BalloonWalk.xml","xml","770","2025-06-19T20:07:27.9192447Z","C:\Program Files (x86)\Steam\steamapps\common\Barotrauma\Content\Characters\Balloon\Animations\BalloonWalk.xml"
"Content/Characters/Balloon/Balloon.xml","Balloon.xml","xml","4077","2026-04-09T15:55:12.9871465Z","C:\Program Files (x86)\Steam\steamapps\common\Barotrauma\Content\Characters\Balloon\Balloon.xml"
"Content/Characters/Balloon/Ragdolls/BalloonDefaultRagdoll.xml","BalloonDefaultRagdoll.xml","xml","22946","2025-06-19T20:07:27.4673912Z","C:\Program Files (x86)\Steam\steamapps\common\Barotrauma\Content\Characters\Balloon\Ragdolls\BalloonDefaultRagdoll.xml"
"Content/Characters/Bonethresher/Animations/BonethresherSwimFast.xml","BonethresherSwimFast.xml","xml","526","2025-06-08T21:11:02.8127459Z","C:\Program Files (x86)\Steam\steamapps\common\Barotrauma\Content\Characters\Bonethresher\Animations\BonethresherSwimFast.xml"
"Content/Characters/Bonethresher/Animations/BonethresherSwimSlow.xml","BonethresherSwimSlow.xml","xml","523","2025-06-08T21:11:02.9268080Z","C:\Program Files (x86)\Steam\steamapps\common\Barotrauma\Content\Characters\Bonethresher\Animations\BonethresherSwimSlow.xml"
"Content/Characters/Bonethresher/Bonethresher.xml","Bonethresher.xml","xml","6003","2025-06-08T21:11:02.9288007Z","C:\Program Files (x86)\Steam\steamapps\common\Barotrauma\Content\Characters\Bonethresher\Bonethresher.xml"
"Content/Characters/Bonethresher/Ragdolls/BonethresherDefaultRagdoll.xml","BonethresherDefaultRagdoll.xml","xml","25754","2025-06-08T21:11:02.3020176Z","C:\Program Files (x86)\Steam\steamapps\common\Barotrauma\Content\Characters\Bonethresher\Ragdolls\BonethresherDefaultRagdoll.xml"
"Content/Characters/Bonethresher/TIGERTRESHERb_attack1.ogg","TIGERTRESHERb_attack1.ogg","ogg","134154","2025-06-08T21:11:03.0408037Z","C:\Program Files (x86)\Steam\steamapps\common\Barotrauma\Content\Characters\Bonethresher\TIGERTRESHERb_attack1.ogg"
"Content/Characters/Bonethresher/TIGERTRESHERb_attack2.ogg","TIGERTRESHERb_attack2.ogg","ogg","115320","2025-06-08T21:11:02.5158812Z","C:\Program Files (x86)\Steam\steamapps\common\Barotrauma\Content\Characters\Bonethresher\TIGERTRESHERb_attack2.ogg"
"Content/Characters/Bonethresher/TIGERTRESHERb_damage1.ogg","TIGERTRESHERb_damage1.ogg","ogg","70131","2025-06-08T21:11:02.8137459Z","C:\Program Files (x86)\Steam\steamapps\common\Barotrauma\Content\Characters\Bonethresher\TIGERTRESHERb_damage1.ogg"
"Content/Characters/Bonethresher/TIGERTRESHERb_damage2.ogg","TIGERTRESHERb_damage2.ogg","ogg","124624","2025-06-08T21:11:03.0418052Z","C:\Program Files (x86)\Steam\steamapps\common\Barotrauma\Content\Characters\Bonethresher\TIGERTRESHERb_damage2.ogg"
"Content/Characters/Bonethresher/TIGERTRESHERb_death1.ogg","TIGERTRESHERb_death1.ogg","ogg","125857","2025-06-08T21:11:03.5339200Z","C:\Program Files (x86)\Steam\steamapps\common\Barotrauma\Content\Characters\Bonethresher\TIGERTRESHERb_death1.ogg"
"Content/Characters/Bonethresher/TIGERTRESHERb_death2.ogg","TIGERTRESHERb_death2.ogg","ogg","111762","2025-06-08T21:11:02.7056702Z","C:\Program Files (x86)\Steam\steamapps\common\Barotrauma\Content\Characters\Bonethresher\TIGERTRESHERb_death2.ogg"
"Content/Characters/Bonethresher/TIGERTRESHERb_idle1.ogg","TIGERTRESHERb_idle1.ogg","ogg","89412","2025-06-08T21:11:03.1689856Z","C:\Program Files (x86)\Steam\steamapps\common\Barotrauma\Content\Characters\Bonethresher\TIGERTRESHERb_idle1.ogg"
"Content/Characters/Bonethresher/TIGERTRESHERb_idle2.ogg","TIGERTRESHERb_idle2.ogg","ogg","106096","2025-06-08T21:11:03.2277259Z","C:\Program Files (x86)\Steam\steamapps\common\Barotrauma\Content\Characters\Bonethresher\TIGERTRESHERb_idle2.ogg"
"Content/Characters/Carrier/Animations/CarrierSwimFast.xml","CarrierSwimFast.xml","xml","365","2025-06-08T21:11:03.1689856Z","C:\Program Files (x86)\Steam\steamapps\common\Barotrauma\Content\Characters\Carrier\Animations\CarrierSwimFast.xml"
"Content/Characters/Carrier/Animations/CarrierSwimSlow.xml","CarrierSwimSlow.xml","xml","365","2025-06-08T21:11:02.3110164Z","C:\Program Files (x86)\Steam\steamapps\common\Barotrauma\Content\Characters\Carrier\Animations\CarrierSwimSlow.xml"
"Content/Characters/Carrier/carrier.png","carrier.png","png","627792","2025-06-08T21:11:01.8911585Z","C:\Program Files (x86)\Steam\steamapps\common\Barotrauma\Content\Characters\Carrier\carrier.png"
"Content/Characters/Carrier/Carrier.xml","Carrier.xml","xml","1526","2025-06-08T21:11:03.5329204Z","C:\Program Files (x86)\Steam\steamapps\common\Barotrauma\Content\Characters\Carrier\Carrier.xml"
"Content/Characters/Carrier/CARRIER_alarmLoop.ogg","CARRIER_alarmLoop.ogg","ogg","78923","2025-06-08T21:11:11.9404511Z","C:\Program Files (x86)\Steam\steamapps\common\Barotrauma\Content\Characters\Carrier\CARRIER_alarmLoop.ogg"
"Content/Characters/Carrier/CARRIER_attack1.ogg","CARRIER_attack1.ogg","ogg","30182","2025-06-08T21:11:03.2344747Z","C:\Program Files (x86)\Steam\steamapps\common\Barotrauma\Content\Characters\Carrier\CARRIER_attack1.ogg"
"Content/Characters/Carrier/CARRIER_attack2.ogg","CARRIER_attack2.ogg","ogg","31954","2025-06-08T21:11:03.2287266Z","C:\Program Files (x86)\Steam\steamapps\common\Barotrauma\Content\Characters\Carrier\CARRIER_attack2.ogg"
"Content/Characters/Carrier/CARRIER_attack3.ogg","CARRIER_attack3.ogg","ogg","34120","2025-06-08T21:11:03.2364752Z","C:\Program Files (x86)\Steam\steamapps\common\Barotrauma\Content\Characters\Carrier\CARRIER_attack3.ogg"
"Content/Characters/Carrier/CARRIER_damage1.ogg","CARRIER_damage1.ogg","ogg","32028","2025-06-08T21:11:03.2877999Z","C:\Program Files (x86)\Steam\steamapps\common\Barotrauma\Content\Characters\Carrier\CARRIER_damage1.ogg"
"Content/Characters/Carrier/CARRIER_damage2.ogg","CARRIER_damage2.ogg","ogg","32488","2025-06-08T21:11:03.2897912Z","C:\Program Files (x86)\Steam\steamapps\common\Barotrauma\Content\Characters\Carrier\CARRIER_damage2.ogg"
"Content/Characters/Carrier/CARRIER_death1.ogg","CARRIER_death1.ogg","ogg","50053","2025-06-08T21:11:02.8137459Z","C:\Program Files (x86)\Steam\steamapps\common\Barotrauma\Content\Characters\Carrier\CARRIER_death1.ogg"
"Content/Characters/Carrier/CARRIER_idle1.ogg","CARRIER_idle1.ogg","ogg","225021","2025-06-08T21:11:21.9536255Z","C:\Program Files (x86)\Steam\steamapps\common\Barotrauma\Content\Characters\Carrier\CARRIER_idle1.ogg"
"Content/Characters/Carrier/CARRIER_idle2.ogg","CARRIER_idle2.ogg","ogg","232563","2025-06-08T21:11:24.1212092Z","C:\Program Files (x86)\Steam\steamapps\common\Barotrauma\Content\Characters\Carrier\CARRIER_idle2.ogg"
"Content/Characters/Carrier/Ragdolls/CarrierDefaultRagdoll.xml","CarrierDefaultRagdoll.xml","xml","2346","2025-06-08T21:11:02.7046698Z","C:\Program Files (x86)\Steam\steamapps\common\Barotrauma\Content\Characters\Carrier\Ragdolls\CarrierDefaultRagdoll.xml"
"Content/Characters/Charybdis/Animations/CharybdisSwimFast.xml","CharybdisSwimFast.xml","xml","487","2025-06-08T21:11:03.7603940Z","C:\Program Files (x86)\Steam\steamapps\common\Barotrauma\Content\Characters\Charybdis\Animations\CharybdisSwimFast.xml"
"Content/Characters/Charybdis/Animations/CharybdisSwimSlow.xml","CharybdisSwimSlow.xml","xml","487","2025-06-08T21:11:03.4630229Z","C:\Program Files (x86)\Steam\steamapps\common\Barotrauma\Content\Characters\Charybdis\Animations\CharybdisSwimSlow.xml"
"Content/Characters/Charybdis/Bite1.ogg","Bite1.ogg","ogg","21751","2025-06-08T21:11:02.4024604Z","C:\Program Files (x86)\Steam\steamapps\common\Barotrauma\Content\Characters\Charybdis\Bite1.ogg"
"Content/Characters/Charybdis/Bite2.ogg","Bite2.ogg","ogg","21918","2025-06-08T21:11:03.7613872Z","C:\Program Files (x86)\Steam\steamapps\common\Barotrauma\Content\Characters\Charybdis\Bite2.ogg"
"Content/Characters/Charybdis/Bite3.ogg","Bite3.ogg","ogg","20660","2025-06-08T21:11:02.3994678Z","C:\Program Files (x86)\Steam\steamapps\common\Barotrauma\Content\Characters\Charybdis\Bite3.ogg"
"Content/Characters/Charybdis/Charybdis.png","Charybdis.png","png","1317316","2025-06-08T21:11:01.8931629Z","C:\Program Files (x86)\Steam\steamapps\common\Barotrauma\Content\Characters\Charybdis\Charybdis.png"
"Content/Characters/Charybdis/Charybdis.xml","Charybdis.xml","xml","8955","2025-06-19T20:07:27.4693912Z","C:\Program Files (x86)\Steam\steamapps\common\Barotrauma\Content\Characters\Charybdis\Charybdis.xml"
"Content/Characters/Charybdis/CHARYBDIS_attack1.ogg","CHARYBDIS_attack1.ogg","ogg","68570","2025-06-08T21:11:02.4034605Z","C:\Program Files (x86)\Steam\steamapps\common\Barotrauma\Content\Characters\Charybdis\CHARYBDIS_attack1.ogg"
"Content/Characters/Charybdis/CHARYBDIS_attack2.ogg","CHARYBDIS_attack2.ogg","ogg","86234","2025-06-08T21:11:03.4065664Z","C:\Program Files (x86)\Steam\steamapps\common\Barotrauma\Content\Characters\Charybdis\CHARYBDIS_attack2.ogg"
"Content/Characters/Charybdis/CHARYBDIS_attack3.ogg","CHARYBDIS_attack3.ogg","ogg","71274","2025-06-08T21:11:03.4670225Z","C:\Program Files (x86)\Steam\steamapps\common\Barotrauma\Content\Characters\Charybdis\CHARYBDIS_attack3.ogg"
"Content/Characters/Charybdis/CHARYBDIS_damage1.ogg","CHARYBDIS_damage1.ogg","ogg","114232","2025-06-08T21:11:02.4532838Z","C:\Program Files (x86)\Steam\steamapps\common\Barotrauma\Content\Characters\Charybdis\CHARYBDIS_damage1.ogg"
"Content/Characters/Charybdis/CHARYBDIS_damage2.ogg","CHARYBDIS_damage2.ogg","ogg","159373","2025-06-08T21:11:03.5349204Z","C:\Program Files (x86)\Steam\steamapps\common\Barotrauma\Content\Characters\Charybdis\CHARYBDIS_damage2.ogg"
"Content/Characters/Charybdis/CHARYBDIS_death1.ogg","CHARYBDIS_death1.ogg","ogg","119627","2025-06-08T21:11:03.7016145Z","C:\Program Files (x86)\Steam\steamapps\common\Barotrauma\Content\Characters\Charybdis\CHARYBDIS_death1.ogg"
"Content/Characters/Charybdis/CHARYBDIS_death2.ogg","CHARYBDIS_death2.ogg","ogg","107223","2025-06-08T21:11:03.7643870Z","C:\Program Files (x86)\Steam\steamapps\common\Barotrauma\Content\Characters\Charybdis\CHARYBDIS_death2.ogg"
"Content/Characters/Charybdis/CHARYBDIS_idle1.ogg","CHARYBDIS_idle1.ogg","ogg","69009","2025-06-08T21:11:02.8127459Z","C:\Program Files (x86)\Steam\steamapps\common\Barotrauma\Content\Characters\Charybdis\CHARYBDIS_idle1.ogg"
"Content/Characters/Charybdis/CHARYBDIS_idle2.ogg","CHARYBDIS_idle2.ogg","ogg","101364","2025-06-08T21:11:03.7016145Z","C:\Program Files (x86)\Steam\steamapps\common\Barotrauma\Content\Characters\Charybdis\CHARYBDIS_idle2.ogg"
"Content/Characters/Charybdis/CHARYBDIS_IdleLoop.ogg","CHARYBDIS_IdleLoop.ogg","ogg","470422","2025-06-08T21:11:01.8931629Z","C:\Program Files (x86)\Steam\steamapps\common\Barotrauma\Content\Characters\Charybdis\CHARYBDIS_IdleLoop.ogg"
"Content/Characters/Charybdis/Ragdolls/CharybdisDefaultRagdoll.xml","CharybdisDefaultRagdoll.xml","xml","102844","2025-06-19T20:07:27.4397371Z","C:\Program Files (x86)\Steam\steamapps\common\Barotrauma\Content\Characters\Charybdis\Ragdolls\CharybdisDefaultRagdoll.xml"
"Content/Characters/Charybdisold/Animations/CharybdisoldSwimFast.xml","CharybdisoldSwimFast.xml","xml","455","2025-06-08T21:11:03.5359197Z","C:\Program Files (x86)\Steam\steamapps\common\Barotrauma\Content\Characters\Charybdisold\Animations\CharybdisoldSwimFast.xml"
"Content/Characters/Charybdisold/Animations/CharybdisoldSwimSlow.xml","CharybdisoldSwimSlow.xml","xml","469","2025-06-08T21:11:03.5329204Z","C:\Program Files (x86)\Steam\steamapps\common\Barotrauma\Content\Characters\Charybdisold\Animations\CharybdisoldSwimSlow.xml"
"Content/Characters/Charybdisold/Charybdis.png","Charybdis.png","png","1248574","2025-06-08T21:11:01.8921633Z","C:\Program Files (x86)\Steam\steamapps\common\Barotrauma\Content\Characters\Charybdisold\Charybdis.png"
"Content/Characters/Charybdisold/CHARYBDIS_attack1.ogg","CHARYBDIS_attack1.ogg","ogg","70515","2025-06-08T21:11:02.4044603Z","C:\Program Files (x86)\Steam\steamapps\common\Barotrauma\Content\Characters\Charybdisold\CHARYBDIS_attack1.ogg"
"Content/Characters/Charybdisold/CHARYBDIS_attack2.ogg","CHARYBDIS_attack2.ogg","ogg","97620","2025-06-08T21:11:02.4214678Z","C:\Program Files (x86)\Steam\steamapps\common\Barotrauma\Content\Characters\Charybdisold\CHARYBDIS_attack2.ogg"
"Content/Characters/Charybdisold/CHARYBDIS_attack3.ogg","CHARYBDIS_attack3.ogg","ogg","66846","2025-06-08T21:11:02.7076700Z","C:\Program Files (x86)\Steam\steamapps\common\Barotrauma\Content\Characters\Charybdisold\CHARYBDIS_attack3.ogg"
"Content/Characters/Charybdisold/CHARYBDIS_damage1.ogg","CHARYBDIS_damage1.ogg","ogg","117124","2025-06-08T21:11:03.4620219Z","C:\Program Files (x86)\Steam\steamapps\common\Barotrauma\Content\Characters\Charybdisold\CHARYBDIS_damage1.ogg"
"Content/Characters/Charybdisold/CHARYBDIS_damage2.ogg","CHARYBDIS_damage2.ogg","ogg","159507","2025-06-08T21:11:02.8147456Z","C:\Program Files (x86)\Steam\steamapps\common\Barotrauma\Content\Characters\Charybdisold\CHARYBDIS_damage2.ogg"
"Content/Characters/Charybdisold/CHARYBDIS_death1.ogg","CHARYBDIS_death1.ogg","ogg","126838","2025-06-08T21:11:02.8117457Z","C:\Program Files (x86)\Steam\steamapps\common\Barotrauma\Content\Characters\Charybdisold\CHARYBDIS_death1.ogg"
"Content/Characters/Charybdisold/CHARYBDIS_death2.ogg","CHARYBDIS_death2.ogg","ogg","103425","2025-06-08T21:11:03.7623872Z","C:\Program Files (x86)\Steam\steamapps\common\Barotrauma\Content\Characters\Charybdisold\CHARYBDIS_death2.ogg"
"Content/Characters/Charybdisold/CHARYBDIS_idle1.ogg","CHARYBDIS_idle1.ogg","ogg","83178","2025-06-08T21:11:03.5349204Z","C:\Program Files (x86)\Steam\steamapps\common\Barotrauma\Content\Characters\Charybdisold\CHARYBDIS_idle1.ogg"
"Content/Characters/Charybdisold/CHARYBDIS_idle2.ogg","CHARYBDIS_idle2.ogg","ogg","96739","2025-06-08T21:11:03.4650226Z","C:\Program Files (x86)\Steam\steamapps\common\Barotrauma\Content\Characters\Charybdisold\CHARYBDIS_idle2.ogg"
"Content/Characters/Charybdisold/Charybdisold.xml","Charybdisold.xml","xml","3895","2025-06-08T21:11:02.7046698Z","C:\Program Files (x86)\Steam\steamapps\common\Barotrauma\Content\Characters\Charybdisold\Charybdisold.xml"
"Content/Characters/Charybdisold/Ragdolls/CharybdisoldDefaultRagdoll.xml","CharybdisoldDefaultRagdoll.xml","xml","45774","2025-06-08T21:11:03.4670225Z","C:\Program Files (x86)\Steam\steamapps\common\Barotrauma\Content\Characters\Charybdisold\Ragdolls\CharybdisoldDefaultRagdoll.xml"
"Content/Characters/Coelanth/Animations/CoelanthSwimFast.xml","CoelanthSwimFast.xml","xml","347","2025-06-08T21:11:02.8127459Z","C:\Program Files (x86)\Steam\steamapps\common\Barotrauma\Content\Characters\Coelanth\Animations\CoelanthSwimFast.xml"
"Content/Characters/Coelanth/Animations/CoelanthSwimSlow.xml","CoelanthSwimSlow.xml","xml","347","2025-06-08T21:11:03.6996146Z","C:\Program Files (x86)\Steam\steamapps\common\Barotrauma\Content\Characters\Coelanth\Animations\CoelanthSwimSlow.xml"
"Content/Characters/Coelanth/attack1.ogg","attack1.ogg","ogg","49948","2025-06-08T21:11:03.7613872Z","C:\Program Files (x86)\Steam\steamapps\common\Barotrauma\Content\Characters\Coelanth\attack1.ogg"
"Content/Characters/Coelanth/coelanth.png","coelanth.png","png","376570","2025-06-08T21:11:01.8931629Z","C:\Program Files (x86)\Steam\steamapps\common\Barotrauma\Content\Characters\Coelanth\coelanth.png"
"Content/Characters/Coelanth/Coelanth.xml","Coelanth.xml","xml","1433","2025-06-08T21:11:03.7016145Z","C:\Program Files (x86)\Steam\steamapps\common\Barotrauma\Content\Characters\Coelanth\Coelanth.xml"
"Content/Characters/Coelanth/idle1.ogg","idle1.ogg","ogg","35122","2025-06-08T21:11:03.7583863Z","C:\Program Files (x86)\Steam\steamapps\common\Barotrauma\Content\Characters\Coelanth\idle1.ogg"
"Content/Characters/Coelanth/idle2.ogg","idle2.ogg","ogg","31088","2025-06-08T21:11:03.6996146Z","C:\Program Files (x86)\Steam\steamapps\common\Barotrauma\Content\Characters\Coelanth\idle2.ogg"
"Content/Characters/Coelanth/Ragdolls/CoelanthDefaultRagdoll.xml","CoelanthDefaultRagdoll.xml","xml","2208","2025-06-08T21:11:04.0621910Z","C:\Program Files (x86)\Steam\steamapps\common\Barotrauma\Content\Characters\Coelanth\Ragdolls\CoelanthDefaultRagdoll.xml"
"Content/Characters/Crawler/Animations/CrawlerRun.xml","CrawlerRun.xml","xml","704","2025-06-08T21:11:03.7603940Z","C:\Program Files (x86)\Steam\steamapps\common\Barotrauma\Content\Characters\Crawler\Animations\CrawlerRun.xml"
"Content/Characters/Crawler/Animations/CrawlerSwimFast.xml","CrawlerSwimFast.xml","xml","515","2025-06-08T21:11:03.7583863Z","C:\Program Files (x86)\Steam\steamapps\common\Barotrauma\Content\Characters\Crawler\Animations\CrawlerSwimFast.xml"
"Content/Characters/Crawler/Animations/CrawlerSwimSlow.xml","CrawlerSwimSlow.xml","xml","512","2025-06-08T21:11:02.8127459Z","C:\Program Files (x86)\Steam\steamapps\common\Barotrauma\Content\Characters\Crawler\Animations\CrawlerSwimSlow.xml"
"Content/Characters/Crawler/Animations/CrawlerWalk.xml","CrawlerWalk.xml","xml","723","2025-06-08T21:11:03.7653867Z","C:\Program Files (x86)\Steam\steamapps\common\Barotrauma\Content\Characters\Crawler\Animations\CrawlerWalk.xml"
"Content/Characters/Crawler/crawler.png","crawler.png","png","125137","2025-06-08T21:11:02.5138614Z","C:\Program Files (x86)\Steam\steamapps\common\Barotrauma\Content\Characters\Crawler\crawler.png"
"Content/Characters/Crawler/Crawler.xml","Crawler.xml","xml","6913","2026-04-09T15:55:12.9891464Z","C:\Program Files (x86)\Steam\steamapps\common\Barotrauma\Content\Characters\Crawler\Crawler.xml"
"Content/Characters/Crawler/CRAWLER_attack1.ogg","CRAWLER_attack1.ogg","ogg","26951","2025-06-08T21:11:03.5339200Z","C:\Program Files (x86)\Steam\steamapps\common\Barotrauma\Content\Characters\Crawler\CRAWLER_attack1.ogg"
"Content/Characters/Crawler/CRAWLER_attack2.ogg","CRAWLER_attack2.ogg","ogg","28901","2025-06-08T21:11:03.8044092Z","C:\Program Files (x86)\Steam\steamapps\common\Barotrauma\Content\Characters\Crawler\CRAWLER_attack2.ogg"
"Content/Characters/Crawler/CRAWLER_attack3.ogg","CRAWLER_attack3.ogg","ogg","25206","2025-06-08T21:11:04.1797198Z","C:\Program Files (x86)\Steam\steamapps\common\Barotrauma\Content\Characters\Crawler\CRAWLER_attack3.ogg"
"Content/Characters/Crawler/CRAWLER_attack4.ogg","CRAWLER_attack4.ogg","ogg","36899","2025-06-08T21:11:03.5848674Z","C:\Program Files (x86)\Steam\steamapps\common\Barotrauma\Content\Characters\Crawler\CRAWLER_attack4.ogg"
"Content/Characters/Crawler/CRAWLER_damage1.ogg","CRAWLER_damage1.ogg","ogg","26083","2025-06-08T21:11:03.7613872Z","C:\Program Files (x86)\Steam\steamapps\common\Barotrauma\Content\Characters\Crawler\CRAWLER_damage1.ogg"
"Content/Characters/Crawler/CRAWLER_damage2.ogg","CRAWLER_damage2.ogg","ogg","26061","2025-06-08T21:11:03.7633869Z","C:\Program Files (x86)\Steam\steamapps\common\Barotrauma\Content\Characters\Crawler\CRAWLER_damage2.ogg"
"Content/Characters/Crawler/CRAWLER_damage3.ogg","CRAWLER_damage3.ogg","ogg","27471","2025-06-08T21:11:02.5148767Z","C:\Program Files (x86)\Steam\steamapps\common\Barotrauma\Content\Characters\Crawler\CRAWLER_damage3.ogg"
"Content/Characters/Crawler/CRAWLER_death1.ogg","CRAWLER_death1.ogg","ogg","31356","2025-06-08T21:11:04.1797198Z","C:\Program Files (x86)\Steam\steamapps\common\Barotrauma\Content\Characters\Crawler\CRAWLER_death1.ogg"
"Content/Characters/Crawler/CRAWLER_death2.ogg","CRAWLER_death2.ogg","ogg","44429","2025-06-08T21:11:03.7623872Z","C:\Program Files (x86)\Steam\steamapps\common\Barotrauma\Content\Characters\Crawler\CRAWLER_death2.ogg"
"Content/Characters/Crawler/CRAWLER_idle1.ogg","CRAWLER_idle1.ogg","ogg","41622","2025-06-08T21:11:02.5138614Z","C:\Program Files (x86)\Steam\steamapps\common\Barotrauma\Content\Characters\Crawler\CRAWLER_idle1.ogg"
"Content/Characters/Crawler/CRAWLER_idle2.ogg","CRAWLER_idle2.ogg","ogg","42035","2025-06-08T21:11:04.2293725Z","C:\Program Files (x86)\Steam\steamapps\common\Barotrauma\Content\Characters\Crawler\CRAWLER_idle2.ogg"
"Content/Characters/Crawler/CRAWLER_idle3.ogg","CRAWLER_idle3.ogg","ogg","36895","2025-06-08T21:11:03.7026158Z","C:\Program Files (x86)\Steam\steamapps\common\Barotrauma\Content\Characters\Crawler\CRAWLER_idle3.ogg"
"Content/Characters/Crawler/Ragdolls/CrawlerDefaultRagdoll.xml","CrawlerDefaultRagdoll.xml","xml","34051","2026-04-09T15:55:12.9881465Z","C:\Program Files (x86)\Steam\steamapps\common\Barotrauma\Content\Characters\Crawler\Ragdolls\CrawlerDefaultRagdoll.xml"
"Content/Characters/Crawlerbroodmother/Animations/CrawlerbroodmotherSwimFast.xml","CrawlerbroodmotherSwimFast.xml","xml","642","2025-06-08T21:11:03.7026158Z","C:\Program Files (x86)\Steam\steamapps\common\Barotrauma\Content\Characters\Crawlerbroodmother\Animations\CrawlerbroodmotherSwimFast.xml"
"Content/Characters/Crawlerbroodmother/Animations/CrawlerbroodmotherSwimSlow.xml","CrawlerbroodmotherSwimSlow.xml","xml","642","2025-06-08T21:11:02.4532838Z","C:\Program Files (x86)\Steam\steamapps\common\Barotrauma\Content\Characters\Crawlerbroodmother\Animations\CrawlerbroodmotherSwimSlow.xml"
"Content/Characters/Crawlerbroodmother/CRAWLERBR_attack1.ogg","CRAWLERBR_attack1.ogg","ogg","30742","2025-06-08T21:11:02.8187455Z","C:\Program Files (x86)\Steam\steamapps\common\Barotrauma\Content\Characters\Crawlerbroodmother\CRAWLERBR_attack1.ogg"
"Content/Characters/Crawlerbroodmother/CRAWLERBR_attack2.ogg","CRAWLERBR_attack2.ogg","ogg","30827","2025-06-08T21:11:03.7663877Z","C:\Program Files (x86)\Steam\steamapps\common\Barotrauma\Content\Characters\Crawlerbroodmother\CRAWLERBR_attack2.ogg"
"Content/Characters/Crawlerbroodmother/CRAWLERBR_attack3.ogg","CRAWLERBR_attack3.ogg","ogg","30825","2025-06-08T21:11:03.7663877Z","C:\Program Files (x86)\Steam\steamapps\common\Barotrauma\Content\Characters\Crawlerbroodmother\CRAWLERBR_attack3.ogg"
"Content/Characters/Crawlerbroodmother/CRAWLERBR_attack4.ogg","CRAWLERBR_attack4.ogg","ogg","29875","2025-06-08T21:11:03.5359197Z","C:\Program Files (x86)\Steam\steamapps\common\Barotrauma\Content\Characters\Crawlerbroodmother\CRAWLERBR_attack4.ogg"
"Content/Characters/Crawlerbroodmother/CRAWLERBR_damage1.ogg","CRAWLERBR_damage1.ogg","ogg","29043","2025-06-08T21:11:03.7593862Z","C:\Program Files (x86)\Steam\steamapps\common\Barotrauma\Content\Characters\Crawlerbroodmother\CRAWLERBR_damage1.ogg"
"Content/Characters/Crawlerbroodmother/CRAWLERBR_damage2.ogg","CRAWLERBR_damage2.ogg","ogg","30052","2025-06-08T21:11:02.8157456Z","C:\Program Files (x86)\Steam\steamapps\common\Barotrauma\Content\Characters\Crawlerbroodmother\CRAWLERBR_damage2.ogg"
"Content/Characters/Crawlerbroodmother/CRAWLERBR_damage3.ogg","CRAWLERBR_damage3.ogg","ogg","29624","2025-06-08T21:11:04.0641914Z","C:\Program Files (x86)\Steam\steamapps\common\Barotrauma\Content\Characters\Crawlerbroodmother\CRAWLERBR_damage3.ogg"
"Content/Characters/Crawlerbroodmother/CRAWLERBR_death1.ogg","CRAWLERBR_death1.ogg","ogg","28727","2025-06-08T21:11:03.6996146Z","C:\Program Files (x86)\Steam\steamapps\common\Barotrauma\Content\Characters\Crawlerbroodmother\CRAWLERBR_death1.ogg"
"Content/Characters/Crawlerbroodmother/CRAWLERBR_death2.ogg","CRAWLERBR_death2.ogg","ogg","31677","2025-06-08T21:11:02.4542839Z","C:\Program Files (x86)\Steam\steamapps\common\Barotrauma\Content\Characters\Crawlerbroodmother\CRAWLERBR_death2.ogg"
"Content/Characters/Crawlerbroodmother/CRAWLERBR_eggHit1.ogg","CRAWLERBR_eggHit1.ogg","ogg","43952","2025-06-08T21:11:02.4542839Z","C:\Program Files (x86)\Steam\steamapps\common\Barotrauma\Content\Characters\Crawlerbroodmother\CRAWLERBR_eggHit1.ogg"
"Content/Characters/Crawlerbroodmother/CRAWLERBR_eggHit2.ogg","CRAWLERBR_eggHit2.ogg","ogg","50017","2025-06-08T21:11:03.7623872Z","C:\Program Files (x86)\Steam\steamapps\common\Barotrauma\Content\Characters\Crawlerbroodmother\CRAWLERBR_eggHit2.ogg"
"Content/Characters/Crawlerbroodmother/CRAWLERBR_eggHit3.ogg","CRAWLERBR_eggHit3.ogg","ogg","36373","2025-06-08T21:11:02.8187455Z","C:\Program Files (x86)\Steam\steamapps\common\Barotrauma\Content\Characters\Crawlerbroodmother\CRAWLERBR_eggHit3.ogg"
"Content/Characters/Crawlerbroodmother/CRAWLERBR_eggHit4.ogg","CRAWLERBR_eggHit4.ogg","ogg","35122","2025-06-08T21:11:03.7006153Z","C:\Program Files (x86)\Steam\steamapps\common\Barotrauma\Content\Characters\Crawlerbroodmother\CRAWLERBR_eggHit4.ogg"
"Content/Characters/Crawlerbroodmother/CRAWLERBR_eggHit5.ogg","CRAWLERBR_eggHit5.ogg","ogg","44247","2025-06-08T21:11:02.4542839Z","C:\Program Files (x86)\Steam\steamapps\common\Barotrauma\Content\Characters\Crawlerbroodmother\CRAWLERBR_eggHit5.ogg"
"Content/Characters/Crawlerbroodmother/CRAWLERBR_idle1.ogg","CRAWLERBR_idle1.ogg","ogg","26622","2025-06-08T21:11:02.4552839Z","C:\Program Files (x86)\Steam\steamapps\common\Barotrauma\Content\Characters\Crawlerbroodmother\CRAWLERBR_idle1.ogg"
"Content/Characters/Crawlerbroodmother/CRAWLERBR_idle2.ogg","CRAWLERBR_idle2.ogg","ogg","32602","2025-06-08T21:11:03.7643870Z","C:\Program Files (x86)\Steam\steamapps\common\Barotrauma\Content\Characters\Crawlerbroodmother\CRAWLERBR_idle2.ogg"
"Content/Characters/Crawlerbroodmother/CRAWLERBR_idle3.ogg","CRAWLERBR_idle3.ogg","ogg","30755","2025-06-08T21:11:03.7563869Z","C:\Program Files (x86)\Steam\steamapps\common\Barotrauma\Content\Characters\Crawlerbroodmother\CRAWLERBR_idle3.ogg"
"Content/Characters/Crawlerbroodmother/CRAWLERBR_vomit1.ogg","CRAWLERBR_vomit1.ogg","ogg","59034","2025-06-08T21:11:02.8147456Z","C:\Program Files (x86)\Steam\steamapps\common\Barotrauma\Content\Characters\Crawlerbroodmother\CRAWLERBR_vomit1.ogg"
"Content/Characters/Crawlerbroodmother/CRAWLERBR_vomit2.ogg","CRAWLERBR_vomit2.ogg","ogg","56385","2025-06-08T21:11:02.8187455Z","C:\Program Files (x86)\Steam\steamapps\common\Barotrauma\Content\Characters\Crawlerbroodmother\CRAWLERBR_vomit2.ogg"
"Content/Characters/Crawlerbroodmother/crawlerbroodmother.png","crawlerbroodmother.png","png","533457","2025-06-08T21:11:01.8946662Z","C:\Program Files (x86)\Steam\steamapps\common\Barotrauma\Content\Characters\Crawlerbroodmother\crawlerbroodmother.png"
"Content/Characters/Crawlerbroodmother/Crawlerbroodmother.xml","Crawlerbroodmother.xml","xml","12821","2025-06-19T20:07:27.4693912Z","C:\Program Files (x86)\Steam\steamapps\common\Barotrauma\Content\Characters\Crawlerbroodmother\Crawlerbroodmother.xml"
"Content/Characters/Crawlerbroodmother/Ragdolls/CrawlerbroodmotherDefaultRagdoll.xml","CrawlerbroodmotherDefaultRagdoll.xml","xml","34834","2025-06-08T21:11:03.5349204Z","C:\Program Files (x86)\Steam\steamapps\common\Barotrauma\Content\Characters\Crawlerbroodmother\Ragdolls\CrawlerbroodmotherDefaultRagdoll.xml"
"Content/Characters/Crawlerhusk/Animations/CrawlerhuskRun.xml","CrawlerhuskRun.xml","xml","702","2025-06-08T21:11:03.7026158Z","C:\Program Files (x86)\Steam\steamapps\common\Barotrauma\Content\Characters\Crawlerhusk\Animations\CrawlerhuskRun.xml"
"Content/Characters/Crawlerhusk/Animations/CrawlerhuskSwimFast.xml","CrawlerhuskSwimFast.xml","xml","538","2025-06-08T21:11:02.8147456Z","C:\Program Files (x86)\Steam\steamapps\common\Barotrauma\Content\Characters\Crawlerhusk\Animations\CrawlerhuskSwimFast.xml"
"Content/Characters/Crawlerhusk/Animations/CrawlerhuskSwimSlow.xml","CrawlerhuskSwimSlow.xml","xml","539","2025-06-08T21:11:04.0631908Z","C:\Program Files (x86)\Steam\steamapps\common\Barotrauma\Content\Characters\Crawlerhusk\Animations\CrawlerhuskSwimSlow.xml"
"Content/Characters/Crawlerhusk/Animations/CrawlerhuskWalk.xml","CrawlerhuskWalk.xml","xml","711","2025-06-08T21:11:03.7673866Z","C:\Program Files (x86)\Steam\steamapps\common\Barotrauma\Content\Characters\Crawlerhusk\Animations\CrawlerhuskWalk.xml"
"Content/Characters/Crawlerhusk/crawlerhusk.png","crawlerhusk.png","png","124862","2025-06-08T21:11:02.8167457Z","C:\Program Files (x86)\Steam\steamapps\common\Barotrauma\Content\Characters\Crawlerhusk\crawlerhusk.png"
"Content/Characters/Crawlerhusk/Crawlerhusk.xml","Crawlerhusk.xml","xml","6762","2026-04-09T15:55:12.9891464Z","C:\Program Files (x86)\Steam\steamapps\common\Barotrauma\Content\Characters\Crawlerhusk\Crawlerhusk.xml"
"Content/Characters/Crawlerhusk/HUSKEDCRAWLER_attack1.ogg","HUSKEDCRAWLER_attack1.ogg","ogg","70028","2025-06-08T21:11:03.5868768Z","C:\Program Files (x86)\Steam\steamapps\common\Barotrauma\Content\Characters\Crawlerhusk\HUSKEDCRAWLER_attack1.ogg"
"Content/Characters/Crawlerhusk/HUSKEDCRAWLER_attack2.ogg","HUSKEDCRAWLER_attack2.ogg","ogg","83829","2025-06-08T21:11:04.1230914Z","C:\Program Files (x86)\Steam\steamapps\common\Barotrauma\Content\Characters\Crawlerhusk\HUSKEDCRAWLER_attack2.ogg"
"Content/Characters/Crawlerhusk/HUSKEDCRAWLER_attack3.ogg","HUSKEDCRAWLER_attack3.ogg","ogg","79964","2025-06-08T21:11:03.7613872Z","C:\Program Files (x86)\Steam\steamapps\common\Barotrauma\Content\Characters\Crawlerhusk\HUSKEDCRAWLER_attack3.ogg"
"Content/Characters/Crawlerhusk/HUSKEDCRAWLER_attack4.ogg","HUSKEDCRAWLER_attack4.ogg","ogg","77675","2025-06-08T21:11:02.4542839Z","C:\Program Files (x86)\Steam\steamapps\common\Barotrauma\Content\Characters\Crawlerhusk\HUSKEDCRAWLER_attack4.ogg"
"Content/Characters/Crawlerhusk/HUSKEDCRAWLER_damage1.ogg","HUSKEDCRAWLER_damage1.ogg","ogg","61175","2025-06-08T21:11:04.1170300Z","C:\Program Files (x86)\Steam\steamapps\common\Barotrauma\Content\Characters\Crawlerhusk\HUSKEDCRAWLER_damage1.ogg"
"Content/Characters/Crawlerhusk/HUSKEDCRAWLER_damage2.ogg","HUSKEDCRAWLER_damage2.ogg","ogg","48786","2025-06-08T21:11:04.1767208Z","C:\Program Files (x86)\Steam\steamapps\common\Barotrauma\Content\Characters\Crawlerhusk\HUSKEDCRAWLER_damage2.ogg"
"Content/Characters/Crawlerhusk/HUSKEDCRAWLER_damage3.ogg","HUSKEDCRAWLER_damage3.ogg","ogg","49226","2025-06-08T21:11:02.8147456Z","C:\Program Files (x86)\Steam\steamapps\common\Barotrauma\Content\Characters\Crawlerhusk\HUSKEDCRAWLER_damage3.ogg"
"Content/Characters/Crawlerhusk/HUSKEDCRAWLER_damage4.ogg","HUSKEDCRAWLER_damage4.ogg","ogg","54279","2025-06-08T21:11:02.4542839Z","C:\Program Files (x86)\Steam\steamapps\common\Barotrauma\Content\Characters\Crawlerhusk\HUSKEDCRAWLER_damage4.ogg"
"Content/Characters/Crawlerhusk/HUSKEDCRAWLER_dead1.ogg","HUSKEDCRAWLER_dead1.ogg","ogg","84355","2025-06-08T21:11:03.8044092Z","C:\Program Files (x86)\Steam\steamapps\common\Barotrauma\Content\Characters\Crawlerhusk\HUSKEDCRAWLER_dead1.ogg"
"Content/Characters/Crawlerhusk/HUSKEDCRAWLER_idle1.ogg","HUSKEDCRAWLER_idle1.ogg","ogg","58959","2025-06-08T21:11:03.7623872Z","C:\Program Files (x86)\Steam\steamapps\common\Barotrauma\Content\Characters\Crawlerhusk\HUSKEDCRAWLER_idle1.ogg"
"Content/Characters/Crawlerhusk/HUSKEDCRAWLER_idle2.ogg","HUSKEDCRAWLER_idle2.ogg","ogg","50891","2025-06-08T21:11:03.5878731Z","C:\Program Files (x86)\Steam\steamapps\common\Barotrauma\Content\Characters\Crawlerhusk\HUSKEDCRAWLER_idle2.ogg"
"Content/Characters/Crawlerhusk/HUSKEDCRAWLER_idle3.ogg","HUSKEDCRAWLER_idle3.ogg","ogg","59270","2025-06-08T21:11:04.1767208Z","C:\Program Files (x86)\Steam\steamapps\common\Barotrauma\Content\Characters\Crawlerhusk\HUSKEDCRAWLER_idle3.ogg"
"Content/Characters/Crawlerhusk/HUSKEDCRAWLER_idle4.ogg","HUSKEDCRAWLER_idle4.ogg","ogg","45406","2025-06-08T21:11:02.4542839Z","C:\Program Files (x86)\Steam\steamapps\common\Barotrauma\Content\Characters\Crawlerhusk\HUSKEDCRAWLER_idle4.ogg"
"Content/Characters/Crawlerhusk/Ragdolls/CrawlerhuskDefaultRagdoll.xml","CrawlerhuskDefaultRagdoll.xml","xml","54204","2025-06-08T21:11:02.8137459Z","C:\Program Files (x86)\Steam\steamapps\common\Barotrauma\Content\Characters\Crawlerhusk\Ragdolls\CrawlerhuskDefaultRagdoll.xml"
"Content/Characters/Cyborgworm/Animations/CyborgwormSwimFast.xml","CyborgwormSwimFast.xml","xml","550","2025-06-08T21:11:04.2293725Z","C:\Program Files (x86)\Steam\steamapps\common\Barotrauma\Content\Characters\Cyborgworm\Animations\CyborgwormSwimFast.xml"
"Content/Characters/Cyborgworm/Animations/CyborgwormSwimSlow.xml","CyborgwormSwimSlow.xml","xml","550","2025-06-08T21:11:03.7653867Z","C:\Program Files (x86)\Steam\steamapps\common\Barotrauma\Content\Characters\Cyborgworm\Animations\CyborgwormSwimSlow.xml"
"Content/Characters/Cyborgworm/Cyborgworm.xml","Cyborgworm.xml","xml","7838","2025-06-08T21:11:04.2293725Z","C:\Program Files (x86)\Steam\steamapps\common\Barotrauma\Content\Characters\Cyborgworm\Cyborgworm.xml"
"Content/Characters/Cyborgworm/Ragdolls/CyborgwormDefaultRagdoll.xml","CyborgwormDefaultRagdoll.xml","xml","214476","2025-06-08T21:11:03.7673866Z","C:\Program Files (x86)\Steam\steamapps\common\Barotrauma\Content\Characters\Cyborgworm\Ragdolls\CyborgwormDefaultRagdoll.xml"
"Content/Characters/Defensebot/Animations/DefensebotRun.xml","DefensebotRun.xml","xml","647","2025-06-08T21:11:03.7016145Z","C:\Program Files (x86)\Steam\steamapps\common\Barotrauma\Content\Characters\Defensebot\Animations\DefensebotRun.xml"
"Content/Characters/Defensebot/Animations/DefensebotSwimFast.xml","DefensebotSwimFast.xml","xml","542","2025-06-08T21:11:04.2303728Z","C:\Program Files (x86)\Steam\steamapps\common\Barotrauma\Content\Characters\Defensebot\Animations\DefensebotSwimFast.xml"
"Content/Characters/Defensebot/Animations/DefensebotSwimSlow.xml","DefensebotSwimSlow.xml","xml","545","2025-06-08T21:11:03.7623872Z","C:\Program Files (x86)\Steam\steamapps\common\Barotrauma\Content\Characters\Defensebot\Animations\DefensebotSwimSlow.xml"
"Content/Characters/Defensebot/Animations/DefensebotWalk.xml","DefensebotWalk.xml","xml","648","2025-06-08T21:11:02.8137459Z","C:\Program Files (x86)\Steam\steamapps\common\Barotrauma\Content\Characters\Defensebot\Animations\DefensebotWalk.xml"
"Content/Characters/Defensebot/DEFENCEBOT_damage1.ogg","DEFENCEBOT_damage1.ogg","ogg","37062","2025-06-08T21:11:03.8054094Z","C:\Program Files (x86)\Steam\steamapps\common\Barotrauma\Content\Characters\Defensebot\DEFENCEBOT_damage1.ogg"
"Content/Characters/Defensebot/DEFENCEBOT_damage2.ogg","DEFENCEBOT_damage2.ogg","ogg","37503","2025-06-08T21:11:03.7603940Z","C:\Program Files (x86)\Steam\steamapps\common\Barotrauma\Content\Characters\Defensebot\DEFENCEBOT_damage2.ogg"
"Content/Characters/Defensebot/DEFENCEBOT_damage3.ogg","DEFENCEBOT_damage3.ogg","ogg","34784","2025-06-08T21:11:02.5138614Z","C:\Program Files (x86)\Steam\steamapps\common\Barotrauma\Content\Characters\Defensebot\DEFENCEBOT_damage3.ogg"
"Content/Characters/Defensebot/DEFENCEBOT_damage4.ogg","DEFENCEBOT_damage4.ogg","ogg","31361","2025-06-08T21:11:02.8137459Z","C:\Program Files (x86)\Steam\steamapps\common\Barotrauma\Content\Characters\Defensebot\DEFENCEBOT_damage4.ogg"
"Content/Characters/Defensebot/DEFENCEBOT_idle1.ogg","DEFENCEBOT_idle1.ogg","ogg","66638","2025-06-08T21:11:02.8187455Z","C:\Program Files (x86)\Steam\steamapps\common\Barotrauma\Content\Characters\Defensebot\DEFENCEBOT_idle1.ogg"
"Content/Characters/Defensebot/DEFENCEBOT_idle2.ogg","DEFENCEBOT_idle2.ogg","ogg","63743","2025-06-08T21:11:02.8187455Z","C:\Program Files (x86)\Steam\steamapps\common\Barotrauma\Content\Characters\Defensebot\DEFENCEBOT_idle2.ogg"
"Content/Characters/Defensebot/DEFENCEBOT_idle3.ogg","DEFENCEBOT_idle3.ogg","ogg","45811","2025-06-08T21:11:02.5148767Z","C:\Program Files (x86)\Steam\steamapps\common\Barotrauma\Content\Characters\Defensebot\DEFENCEBOT_idle3.ogg"
"Content/Characters/Defensebot/DEFENCEBOT_idle4.ogg","DEFENCEBOT_idle4.ogg","ogg","70444","2025-06-08T21:11:02.5168796Z","C:\Program Files (x86)\Steam\steamapps\common\Barotrauma\Content\Characters\Defensebot\DEFENCEBOT_idle4.ogg"
"Content/Characters/Defensebot/DEFENCEBOT_interact1.ogg","DEFENCEBOT_interact1.ogg","ogg","37320","2025-06-08T21:11:03.7663877Z","C:\Program Files (x86)\Steam\steamapps\common\Barotrauma\Content\Characters\Defensebot\DEFENCEBOT_interact1.ogg"
"Content/Characters/Defensebot/DEFENCEBOT_interact2.ogg","DEFENCEBOT_interact2.ogg","ogg","20320","2025-06-08T21:11:03.8694486Z","C:\Program Files (x86)\Steam\steamapps\common\Barotrauma\Content\Characters\Defensebot\DEFENCEBOT_interact2.ogg"
"Content/Characters/Defensebot/DEFENCEBOT_interact3.ogg","DEFENCEBOT_interact3.ogg","ogg","23651","2025-06-08T21:11:02.8167457Z","C:\Program Files (x86)\Steam\steamapps\common\Barotrauma\Content\Characters\Defensebot\DEFENCEBOT_interact3.ogg"
"Content/Characters/Defensebot/DEFENCEBOT_interact4.ogg","DEFENCEBOT_interact4.ogg","ogg","29269","2025-06-08T21:11:02.8197456Z","C:\Program Files (x86)\Steam\steamapps\common\Barotrauma\Content\Characters\Defensebot\DEFENCEBOT_interact4.ogg"
"Content/Characters/Defensebot/DefenseBot.png","DefenseBot.png","png","70401","2025-06-08T21:11:04.2303728Z","C:\Program Files (x86)\Steam\steamapps\common\Barotrauma\Content\Characters\Defensebot\DefenseBot.png"
"Content/Characters/Defensebot/Defensebot.xml","Defensebot.xml","xml","8518","2026-04-09T15:55:12.9881465Z","C:\Program Files (x86)\Steam\steamapps\common\Barotrauma\Content\Characters\Defensebot\Defensebot.xml"
"Content/Characters/Defensebot/Ragdolls/DefensebotDefaultRagdoll.xml","DefensebotDefaultRagdoll.xml","xml","18724","2025-09-18T02:31:38.9303683Z","C:\Program Files (x86)\Steam\steamapps\common\Barotrauma\Content\Characters\Defensebot\Ragdolls\DefensebotDefaultRagdoll.xml"
"Content/Characters/Endworm/Animations/EndwormSwimFast.xml","EndwormSwimFast.xml","xml","487","2025-06-08T21:11:02.8187455Z","C:\Program Files (x86)\Steam\steamapps\common\Barotrauma\Content\Characters\Endworm\Animations\EndwormSwimFast.xml"
"Content/Characters/Endworm/Animations/EndwormSwimSlow.xml","EndwormSwimSlow.xml","xml","487","2025-06-08T21:11:02.5158812Z","C:\Program Files (x86)\Steam\steamapps\common\Barotrauma\Content\Characters\Endworm\Animations\EndwormSwimSlow.xml"
"Content/Characters/Endworm/endworm.png","endworm.png","png","1882180","2025-06-08T21:11:01.8972447Z","C:\Program Files (x86)\Steam\steamapps\common\Barotrauma\Content\Characters\Endworm\endworm.png"
"Content/Characters/Endworm/Endworm.xml","Endworm.xml","xml","7664","2025-06-19T20:07:27.5474365Z","C:\Program Files (x86)\Steam\steamapps\common\Barotrauma\Content\Characters\Endworm\Endworm.xml"
"Content/Characters/Endworm/ENDWORM_attack1.ogg","ENDWORM_attack1.ogg","ogg","128370","2025-06-08T21:11:04.7059740Z","C:\Program Files (x86)\Steam\steamapps\common\Barotrauma\Content\Characters\Endworm\ENDWORM_attack1.ogg"
"Content/Characters/Endworm/ENDWORM_attack2.ogg","ENDWORM_attack2.ogg","ogg","114413","2025-06-08T21:11:04.5798683Z","C:\Program Files (x86)\Steam\steamapps\common\Barotrauma\Content\Characters\Endworm\ENDWORM_attack2.ogg"
"Content/Characters/Endworm/ENDWORM_attack3.ogg","ENDWORM_attack3.ogg","ogg","120991","2025-06-08T21:11:04.5798683Z","C:\Program Files (x86)\Steam\steamapps\common\Barotrauma\Content\Characters\Endworm\ENDWORM_attack3.ogg"
"Content/Characters/Endworm/ENDWORM_damage1.ogg","ENDWORM_damage1.ogg","ogg","64901","2025-06-08T21:11:04.5758677Z","C:\Program Files (x86)\Steam\steamapps\common\Barotrauma\Content\Characters\Endworm\ENDWORM_damage1.ogg"
"Content/Characters/Endworm/ENDWORM_damage2.ogg","ENDWORM_damage2.ogg","ogg","59959","2025-06-08T21:11:04.7059740Z","C:\Program Files (x86)\Steam\steamapps\common\Barotrauma\Content\Characters\Endworm\ENDWORM_damage2.ogg"
"Content/Characters/Endworm/ENDWORM_damage3.ogg","ENDWORM_damage3.ogg","ogg","83331","2025-06-08T21:11:02.9298002Z","C:\Program Files (x86)\Steam\steamapps\common\Barotrauma\Content\Characters\Endworm\ENDWORM_damage3.ogg"
"Content/Characters/Endworm/ENDWORM_death1.ogg","ENDWORM_death1.ogg","ogg","122890","2025-06-08T21:11:04.5798683Z","C:\Program Files (x86)\Steam\steamapps\common\Barotrauma\Content\Characters\Endworm\ENDWORM_death1.ogg"
"Content/Characters/Endworm/ENDWORM_death2.ogg","ENDWORM_death2.ogg","ogg","96040","2025-06-08T21:11:03.7603940Z","C:\Program Files (x86)\Steam\steamapps\common\Barotrauma\Content\Characters\Endworm\ENDWORM_death2.ogg"
"Content/Characters/Endworm/ENDWORM_idle1.ogg","ENDWORM_idle1.ogg","ogg","129962","2025-06-08T21:11:02.9830624Z","C:\Program Files (x86)\Steam\steamapps\common\Barotrauma\Content\Characters\Endworm\ENDWORM_idle1.ogg"
"Content/Characters/Endworm/ENDWORM_idle2.ogg","ENDWORM_idle2.ogg","ogg","145085","2025-06-08T21:11:03.7583863Z","C:\Program Files (x86)\Steam\steamapps\common\Barotrauma\Content\Characters\Endworm\ENDWORM_idle2.ogg"
"Content/Characters/Endworm/ENDWORM_idle3.ogg","ENDWORM_idle3.ogg","ogg","126802","2025-06-08T21:11:02.9870620Z","C:\Program Files (x86)\Steam\steamapps\common\Barotrauma\Content\Characters\Endworm\ENDWORM_idle3.ogg"
"Content/Characters/Endworm/ENDWORM_idleLoop.ogg","ENDWORM_idleLoop.ogg","ogg","519784","2025-06-08T21:11:01.8972447Z","C:\Program Files (x86)\Steam\steamapps\common\Barotrauma\Content\Characters\Endworm\ENDWORM_idleLoop.ogg"
"Content/Characters/Endworm/ENDWORM_tailCut.ogg","ENDWORM_tailCut.ogg","ogg","205268","2025-06-08T21:11:03.0408037Z","C:\Program Files (x86)\Steam\steamapps\common\Barotrauma\Content\Characters\Endworm\ENDWORM_tailCut.ogg"
"Content/Characters/Endworm/Ragdolls/EndwormDefaultRagdoll.xml","EndwormDefaultRagdoll.xml","xml","251192","2025-06-19T20:07:27.4703924Z","C:\Program Files (x86)\Steam\steamapps\common\Barotrauma\Content\Characters\Endworm\Ragdolls\EndwormDefaultRagdoll.xml"
"Content/Characters/Fractalguardian/ALIEN_fractalGuardianPanicLoop.ogg","ALIEN_fractalGuardianPanicLoop.ogg","ogg","205724","2025-06-08T21:11:03.8044092Z","C:\Program Files (x86)\Steam\steamapps\common\Barotrauma\Content\Characters\Fractalguardian\ALIEN_fractalGuardianPanicLoop.ogg"
"Content/Characters/Fractalguardian/Animations/FractalguardianSwimFast.xml","FractalguardianSwimFast.xml","xml","561","2025-06-08T21:11:03.7623872Z","C:\Program Files (x86)\Steam\steamapps\common\Barotrauma\Content\Characters\Fractalguardian\Animations\FractalguardianSwimFast.xml"
"Content/Characters/Fractalguardian/Animations/FractalguardianSwimSlow.xml","FractalguardianSwimSlow.xml","xml","559","2025-06-08T21:11:04.5788686Z","C:\Program Files (x86)\Steam\steamapps\common\Barotrauma\Content\Characters\Fractalguardian\Animations\FractalguardianSwimSlow.xml"
"Content/Characters/Fractalguardian/fractalguardian.png","fractalguardian.png","png","235227","2025-06-08T21:11:04.8253211Z","C:\Program Files (x86)\Steam\steamapps\common\Barotrauma\Content\Characters\Fractalguardian\fractalguardian.png"
"Content/Characters/Fractalguardian/Fractalguardian.xml","Fractalguardian.xml","xml","9713","2025-06-08T21:11:03.7613872Z","C:\Program Files (x86)\Steam\steamapps\common\Barotrauma\Content\Characters\Fractalguardian\Fractalguardian.xml"
"Content/Characters/Fractalguardian/FRACTALGUARDIAN1_attack1.ogg","FRACTALGUARDIAN1_attack1.ogg","ogg","23859","2025-06-08T21:11:04.8543213Z","C:\Program Files (x86)\Steam\steamapps\common\Barotrauma\Content\Characters\Fractalguardian\FRACTALGUARDIAN1_attack1.ogg"
"Content/Characters/Fractalguardian/FRACTALGUARDIAN1_attack2.ogg","FRACTALGUARDIAN1_attack2.ogg","ogg","22997","2025-06-08T21:11:03.7673866Z","C:\Program Files (x86)\Steam\steamapps\common\Barotrauma\Content\Characters\Fractalguardian\FRACTALGUARDIAN1_attack2.ogg"
"Content/Characters/Fractalguardian/FRACTALGUARDIAN1_attack3.ogg","FRACTALGUARDIAN1_attack3.ogg","ogg","22657","2025-06-08T21:11:04.8543213Z","C:\Program Files (x86)\Steam\steamapps\common\Barotrauma\Content\Characters\Fractalguardian\FRACTALGUARDIAN1_attack3.ogg"
"Content/Characters/Fractalguardian/FRACTALGUARDIAN1_attack4.ogg","FRACTALGUARDIAN1_attack4.ogg","ogg","24326","2025-06-08T21:11:04.8273643Z","C:\Program Files (x86)\Steam\steamapps\common\Barotrauma\Content\Characters\Fractalguardian\FRACTALGUARDIAN1_attack4.ogg"
"Content/Characters/Fractalguardian/FRACTALGUARDIAN1_attack5.ogg","FRACTALGUARDIAN1_attack5.ogg","ogg","23842","2025-06-08T21:11:03.0418052Z","C:\Program Files (x86)\Steam\steamapps\common\Barotrauma\Content\Characters\Fractalguardian\FRACTALGUARDIAN1_attack5.ogg"
"Content/Characters/Fractalguardian/FRACTALGUARDIAN1_damage.ogg","FRACTALGUARDIAN1_damage.ogg","ogg","14401","2025-06-08T21:11:04.8903523Z","C:\Program Files (x86)\Steam\steamapps\common\Barotrauma\Content\Characters\Fractalguardian\FRACTALGUARDIAN1_damage.ogg"
"Content/Characters/Fractalguardian/FRACTALGUARDIAN1_damage2.ogg","FRACTALGUARDIAN1_damage2.ogg","ogg","15539","2025-06-08T21:11:02.5168796Z","C:\Program Files (x86)\Steam\steamapps\common\Barotrauma\Content\Characters\Fractalguardian\FRACTALGUARDIAN1_damage2.ogg"
"Content/Characters/Fractalguardian/FRACTALGUARDIAN1_damage3.ogg","FRACTALGUARDIAN1_damage3.ogg","ogg","15752","2025-06-08T21:11:03.7703939Z","C:\Program Files (x86)\Steam\steamapps\common\Barotrauma\Content\Characters\Fractalguardian\FRACTALGUARDIAN1_damage3.ogg"
"Content/Characters/Fractalguardian/FRACTALGUARDIAN1_damage4.ogg","FRACTALGUARDIAN1_damage4.ogg","ogg","15809","2025-06-08T21:11:03.7683869Z","C:\Program Files (x86)\Steam\steamapps\common\Barotrauma\Content\Characters\Fractalguardian\FRACTALGUARDIAN1_damage4.ogg"
"Content/Characters/Fractalguardian/FRACTALGUARDIAN1_damage5.ogg","FRACTALGUARDIAN1_damage5.ogg","ogg","14102","2025-06-08T21:11:03.0418052Z","C:\Program Files (x86)\Steam\steamapps\common\Barotrauma\Content\Characters\Fractalguardian\FRACTALGUARDIAN1_damage5.ogg"
"Content/Characters/Fractalguardian/FRACTALGUARDIAN1_death1.ogg","FRACTALGUARDIAN1_death1.ogg","ogg","25656","2025-06-08T21:11:03.7673866Z","C:\Program Files (x86)\Steam\steamapps\common\Barotrauma\Content\Characters\Fractalguardian\FRACTALGUARDIAN1_death1.ogg"
"Content/Characters/Fractalguardian/FRACTALGUARDIAN1_death2.ogg","FRACTALGUARDIAN1_death2.ogg","ogg","27088","2025-06-08T21:11:03.7703939Z","C:\Program Files (x86)\Steam\steamapps\common\Barotrauma\Content\Characters\Fractalguardian\FRACTALGUARDIAN1_death2.ogg"
"Content/Characters/Fractalguardian/FRACTALGUARDIAN1_death3.ogg","FRACTALGUARDIAN1_death3.ogg","ogg","27158","2025-06-08T21:11:02.5779734Z","C:\Program Files (x86)\Steam\steamapps\common\Barotrauma\Content\Characters\Fractalguardian\FRACTALGUARDIAN1_death3.ogg"
"Content/Characters/Fractalguardian/FRACTALGUARDIAN1_death4.ogg","FRACTALGUARDIAN1_death4.ogg","ogg","27925","2025-06-08T21:11:04.8273643Z","C:\Program Files (x86)\Steam\steamapps\common\Barotrauma\Content\Characters\Fractalguardian\FRACTALGUARDIAN1_death4.ogg"
"Content/Characters/Fractalguardian/FRACTALGUARDIAN1_idle1.ogg","FRACTALGUARDIAN1_idle1.ogg","ogg","65865","2025-06-08T21:11:03.7633869Z","C:\Program Files (x86)\Steam\steamapps\common\Barotrauma\Content\Characters\Fractalguardian\FRACTALGUARDIAN1_idle1.ogg"
"Content/Characters/Fractalguardian/FRACTALGUARDIAN1_idle2.ogg","FRACTALGUARDIAN1_idle2.ogg","ogg","67179","2025-06-08T21:11:03.0418052Z","C:\Program Files (x86)\Steam\steamapps\common\Barotrauma\Content\Characters\Fractalguardian\FRACTALGUARDIAN1_idle2.ogg"
"Content/Characters/Fractalguardian/FRACTALGUARDIAN2_attack1.ogg","FRACTALGUARDIAN2_attack1.ogg","ogg","22378","2025-06-08T21:11:03.7653867Z","C:\Program Files (x86)\Steam\steamapps\common\Barotrauma\Content\Characters\Fractalguardian\FRACTALGUARDIAN2_attack1.ogg"
"Content/Characters/Fractalguardian/FRACTALGUARDIAN2_damage1.ogg","FRACTALGUARDIAN2_damage1.ogg","ogg","14742","2025-06-08T21:11:02.5769723Z","C:\Program Files (x86)\Steam\steamapps\common\Barotrauma\Content\Characters\Fractalguardian\FRACTALGUARDIAN2_damage1.ogg"
"Content/Characters/Fractalguardian/FRACTALGUARDIAN2_damage2.ogg","FRACTALGUARDIAN2_damage2.ogg","ogg","17047","2025-06-08T21:11:03.0418052Z","C:\Program Files (x86)\Steam\steamapps\common\Barotrauma\Content\Characters\Fractalguardian\FRACTALGUARDIAN2_damage2.ogg"
"Content/Characters/Fractalguardian/FRACTALGUARDIAN2_damage3.ogg","FRACTALGUARDIAN2_damage3.ogg","ogg","16492","2025-06-08T21:11:02.5779734Z","C:\Program Files (x86)\Steam\steamapps\common\Barotrauma\Content\Characters\Fractalguardian\FRACTALGUARDIAN2_damage3.ogg"
"Content/Characters/Fractalguardian/FRACTALGUARDIAN2_damage4.ogg","FRACTALGUARDIAN2_damage4.ogg","ogg","17466","2025-06-08T21:11:02.7036778Z","C:\Program Files (x86)\Steam\steamapps\common\Barotrauma\Content\Characters\Fractalguardian\FRACTALGUARDIAN2_damage4.ogg"
"Content/Characters/Fractalguardian/FRACTALGUARDIAN2_damage5.ogg","FRACTALGUARDIAN2_damage5.ogg","ogg","17725","2025-06-08T21:11:03.7693863Z","C:\Program Files (x86)\Steam\steamapps\common\Barotrauma\Content\Characters\Fractalguardian\FRACTALGUARDIAN2_damage5.ogg"
"Content/Characters/Fractalguardian/FRACTALGUARDIAN2_death1.ogg","FRACTALGUARDIAN2_death1.ogg","ogg","25879","2025-06-08T21:11:02.7046698Z","C:\Program Files (x86)\Steam\steamapps\common\Barotrauma\Content\Characters\Fractalguardian\FRACTALGUARDIAN2_death1.ogg"
"Content/Characters/Fractalguardian/FRACTALGUARDIAN2_death2.ogg","FRACTALGUARDIAN2_death2.ogg","ogg","25623","2025-06-08T21:11:04.8923520Z","C:\Program Files (x86)\Steam\steamapps\common\Barotrauma\Content\Characters\Fractalguardian\FRACTALGUARDIAN2_death2.ogg"
"Content/Characters/Fractalguardian/FRACTALGUARDIAN2_death3.ogg","FRACTALGUARDIAN2_death3.ogg","ogg","27237","2025-06-08T21:11:03.7623872Z","C:\Program Files (x86)\Steam\steamapps\common\Barotrauma\Content\Characters\Fractalguardian\FRACTALGUARDIAN2_death3.ogg"
"Content/Characters/Fractalguardian/FRACTALGUARDIAN2_idle1.ogg","FRACTALGUARDIAN2_idle1.ogg","ogg","52941","2025-06-08T21:11:03.7693863Z","C:\Program Files (x86)\Steam\steamapps\common\Barotrauma\Content\Characters\Fractalguardian\FRACTALGUARDIAN2_idle1.ogg"
"Content/Characters/Fractalguardian/FRACTALGUARDIAN2_idle2.ogg","FRACTALGUARDIAN2_idle2.ogg","ogg","56435","2025-06-08T21:11:04.8923520Z","C:\Program Files (x86)\Steam\steamapps\common\Barotrauma\Content\Characters\Fractalguardian\FRACTALGUARDIAN2_idle2.ogg"
"Content/Characters/Fractalguardian/FRACTALGUARDIAN2_idle3.ogg","FRACTALGUARDIAN2_idle3.ogg","ogg","56362","2025-06-08T21:11:04.8543213Z","C:\Program Files (x86)\Steam\steamapps\common\Barotrauma\Content\Characters\Fractalguardian\FRACTALGUARDIAN2_idle3.ogg"
"Content/Characters/Fractalguardian/FRACTALGUARDIAN2_idle4.ogg","FRACTALGUARDIAN2_idle4.ogg","ogg","60823","2025-06-08T21:11:03.1689856Z","C:\Program Files (x86)\Steam\steamapps\common\Barotrauma\Content\Characters\Fractalguardian\FRACTALGUARDIAN2_idle4.ogg"
"Content/Characters/Fractalguardian/Ragdolls/FractalguardianDefaultRagdoll.xml","FractalguardianDefaultRagdoll.xml","xml","25790","2026-04-09T15:55:13.0123508Z","C:\Program Files (x86)\Steam\steamapps\common\Barotrauma\Content\Characters\Fractalguardian\Ragdolls\FractalguardianDefaultRagdoll.xml"
"Content/Characters/Fractalguardian_emp/Animations/Fractalguardian_empSwimFast.xml","Fractalguardian_empSwimFast.xml","xml","595","2025-06-08T21:11:02.7036778Z","C:\Program Files (x86)\Steam\steamapps\common\Barotrauma\Content\Characters\Fractalguardian_emp\Animations\Fractalguardian_empSwimFast.xml"
"Content/Characters/Fractalguardian_emp/Animations/Fractalguardian_empSwimSlow.xml","Fractalguardian_empSwimSlow.xml","xml","593","2025-06-08T21:11:04.8263208Z","C:\Program Files (x86)\Steam\steamapps\common\Barotrauma\Content\Characters\Fractalguardian_emp\Animations\Fractalguardian_empSwimSlow.xml"
"Content/Characters/Fractalguardian_emp/Fractalguardian_emp.xml","Fractalguardian_emp.xml","xml","11066","2025-09-18T02:31:38.9313687Z","C:\Program Files (x86)\Steam\steamapps\common\Barotrauma\Content\Characters\Fractalguardian_emp\Fractalguardian_emp.xml"
"Content/Characters/Fractalguardian_emp/Ragdolls/Fractalguardian_empDefaultRagdoll.xml","Fractalguardian_empDefaultRagdoll.xml","xml","32599","2025-06-08T21:11:04.8283222Z","C:\Program Files (x86)\Steam\steamapps\common\Barotrauma\Content\Characters\Fractalguardian_emp\Ragdolls\Fractalguardian_empDefaultRagdoll.xml"
"Content/Characters/Fractalguardian2/Animations/Fractalguardian2SwimFast.xml","Fractalguardian2SwimFast.xml","xml","562","2025-06-08T21:11:03.7593862Z","C:\Program Files (x86)\Steam\steamapps\common\Barotrauma\Content\Characters\Fractalguardian2\Animations\Fractalguardian2SwimFast.xml"
"Content/Characters/Fractalguardian2/Animations/Fractalguardian2SwimSlow.xml","Fractalguardian2SwimSlow.xml","xml","560","2025-06-08T21:11:04.5758677Z","C:\Program Files (x86)\Steam\steamapps\common\Barotrauma\Content\Characters\Fractalguardian2\Animations\Fractalguardian2SwimSlow.xml"
"Content/Characters/Fractalguardian2/Fractalguardian2.xml","Fractalguardian2.xml","xml","9727","2025-06-08T21:11:04.5758677Z","C:\Program Files (x86)\Steam\steamapps\common\Barotrauma\Content\Characters\Fractalguardian2\Fractalguardian2.xml"
"Content/Characters/Fractalguardian2/Ragdolls/Fractalguardian2DefaultRagdoll.xml","Fractalguardian2DefaultRagdoll.xml","xml","25294","2026-04-09T15:55:13.0153506Z","C:\Program Files (x86)\Steam\steamapps\common\Barotrauma\Content\Characters\Fractalguardian2\Ragdolls\Fractalguardian2DefaultRagdoll.xml"
"Content/Characters/Guardianrepairbot/Animations/GuardianrepairbotSwimFast.xml","GuardianrepairbotSwimFast.xml","xml","556","2025-06-08T21:11:03.7593862Z","C:\Program Files (x86)\Steam\steamapps\common\Barotrauma\Content\Characters\Guardianrepairbot\Animations\GuardianrepairbotSwimFast.xml"
"Content/Characters/Guardianrepairbot/Animations/GuardianrepairbotSwimSlow.xml","GuardianrepairbotSwimSlow.xml","xml","556","2025-06-08T21:11:03.7633869Z","C:\Program Files (x86)\Steam\steamapps\common\Barotrauma\Content\Characters\Guardianrepairbot\Animations\GuardianrepairbotSwimSlow.xml"
"Content/Characters/Guardianrepairbot/Guardianrepairbot.xml","Guardianrepairbot.xml","xml","6806","2025-09-18T02:31:38.9273154Z","C:\Program Files (x86)\Steam\steamapps\common\Barotrauma\Content\Characters\Guardianrepairbot\Guardianrepairbot.xml"
"Content/Characters/Guardianrepairbot/Ragdolls/GuardianrepairbotDefaultRagdoll.xml","GuardianrepairbotDefaultRagdoll.xml","xml","4600","2025-06-08T21:11:02.7046698Z","C:\Program Files (x86)\Steam\steamapps\common\Barotrauma\Content\Characters\Guardianrepairbot\Ragdolls\GuardianrepairbotDefaultRagdoll.xml"
"Content/Characters/Hammerhead/Animations/HammerheadSwimFast.xml","HammerheadSwimFast.xml","xml","439","2025-06-08T21:11:04.1230914Z","C:\Program Files (x86)\Steam\steamapps\common\Barotrauma\Content\Characters\Hammerhead\Animations\HammerheadSwimFast.xml"
"Content/Characters/Hammerhead/Animations/HammerheadSwimSlow.xml","HammerheadSwimSlow.xml","xml","426","2025-06-08T21:11:03.7613872Z","C:\Program Files (x86)\Steam\steamapps\common\Barotrauma\Content\Characters\Hammerhead\Animations\HammerheadSwimSlow.xml"
"Content/Characters/Hammerhead/Hammerhead.png","Hammerhead.png","png","325361","2025-06-08T21:11:01.9012450Z","C:\Program Files (x86)\Steam\steamapps\common\Barotrauma\Content\Characters\Hammerhead\Hammerhead.png"
"Content/Characters/Hammerhead/Hammerhead.xml","Hammerhead.xml","xml","5328","2025-06-19T20:07:27.4683913Z","C:\Program Files (x86)\Steam\steamapps\common\Barotrauma\Content\Characters\Hammerhead\Hammerhead.xml"
"Content/Characters/Hammerhead/HAMMERHEAD_attack1.ogg","HAMMERHEAD_attack1.ogg","ogg","28461","2025-06-08T21:11:03.5918658Z","C:\Program Files (x86)\Steam\steamapps\common\Barotrauma\Content\Characters\Hammerhead\HAMMERHEAD_attack1.ogg"
"Content/Characters/Hammerhead/HAMMERHEAD_attack2.ogg","HAMMERHEAD_attack2.ogg","ogg","26735","2025-06-08T21:11:03.7703939Z","C:\Program Files (x86)\Steam\steamapps\common\Barotrauma\Content\Characters\Hammerhead\HAMMERHEAD_attack2.ogg"
"Content/Characters/Hammerhead/HAMMERHEAD_attack3.ogg","HAMMERHEAD_attack3.ogg","ogg","31479","2025-06-08T21:11:04.2293725Z","C:\Program Files (x86)\Steam\steamapps\common\Barotrauma\Content\Characters\Hammerhead\HAMMERHEAD_attack3.ogg"
"Content/Characters/Hammerhead/HAMMERHEAD_damage1.ogg","HAMMERHEAD_damage1.ogg","ogg","22286","2025-06-08T21:11:05.2870754Z","C:\Program Files (x86)\Steam\steamapps\common\Barotrauma\Content\Characters\Hammerhead\HAMMERHEAD_damage1.ogg"
"Content/Characters/Hammerhead/HAMMERHEAD_damage2.ogg","HAMMERHEAD_damage2.ogg","ogg","25207","2025-06-08T21:11:04.9478689Z","C:\Program Files (x86)\Steam\steamapps\common\Barotrauma\Content\Characters\Hammerhead\HAMMERHEAD_damage2.ogg"
"Content/Characters/Hammerhead/HAMMERHEAD_damage3.ogg","HAMMERHEAD_damage3.ogg","ogg","22705","2025-06-08T21:11:05.2830730Z","C:\Program Files (x86)\Steam\steamapps\common\Barotrauma\Content\Characters\Hammerhead\HAMMERHEAD_damage3.ogg"
"Content/Characters/Hammerhead/HAMMERHEAD_damage4.ogg","HAMMERHEAD_damage4.ogg","ogg","24653","2025-06-08T21:11:03.5908662Z","C:\Program Files (x86)\Steam\steamapps\common\Barotrauma\Content\Characters\Hammerhead\HAMMERHEAD_damage4.ogg"
"Content/Characters/Hammerhead/HAMMERHEAD_death1.ogg","HAMMERHEAD_death1.ogg","ogg","50064","2025-06-08T21:11:03.5878731Z","C:\Program Files (x86)\Steam\steamapps\common\Barotrauma\Content\Characters\Hammerhead\HAMMERHEAD_death1.ogg"
"Content/Characters/Hammerhead/HAMMERHEAD_death2.ogg","HAMMERHEAD_death2.ogg","ogg","47342","2025-06-08T21:11:02.7046698Z","C:\Program Files (x86)\Steam\steamapps\common\Barotrauma\Content\Characters\Hammerhead\HAMMERHEAD_death2.ogg"
"Content/Characters/Hammerhead/HAMMERHEAD_death3.ogg","HAMMERHEAD_death3.ogg","ogg","38122","2025-06-08T21:11:04.2333714Z","C:\Program Files (x86)\Steam\steamapps\common\Barotrauma\Content\Characters\Hammerhead\HAMMERHEAD_death3.ogg"
"Content/Characters/Hammerhead/HAMMERHEAD_idle1.ogg","HAMMERHEAD_idle1.ogg","ogg","36368","2025-06-08T21:11:05.2840760Z","C:\Program Files (x86)\Steam\steamapps\common\Barotrauma\Content\Characters\Hammerhead\HAMMERHEAD_idle1.ogg"
"Content/Characters/Hammerhead/HAMMERHEAD_idle2.ogg","HAMMERHEAD_idle2.ogg","ogg","31943","2025-06-08T21:11:05.2770732Z","C:\Program Files (x86)\Steam\steamapps\common\Barotrauma\Content\Characters\Hammerhead\HAMMERHEAD_idle2.ogg"
"Content/Characters/Hammerhead/HAMMERHEAD_idle3.ogg","HAMMERHEAD_idle3.ogg","ogg","45118","2025-06-08T21:11:04.2323722Z","C:\Program Files (x86)\Steam\steamapps\common\Barotrauma\Content\Characters\Hammerhead\HAMMERHEAD_idle3.ogg"
"Content/Characters/Hammerhead/HAMMERHEAD_idle4.ogg","HAMMERHEAD_idle4.ogg","ogg","45222","2025-06-08T21:11:03.5908662Z","C:\Program Files (x86)\Steam\steamapps\common\Barotrauma\Content\Characters\Hammerhead\HAMMERHEAD_idle4.ogg"
"Content/Characters/Hammerhead/HAMMERHEAD_idle5.ogg","HAMMERHEAD_idle5.ogg","ogg","51425","2025-06-08T21:11:05.2820724Z","C:\Program Files (x86)\Steam\steamapps\common\Barotrauma\Content\Characters\Hammerhead\HAMMERHEAD_idle5.ogg"
"Content/Characters/Hammerhead/Ragdolls/HammerheadDefaultRagdoll.xml","HammerheadDefaultRagdoll.xml","xml","35707","2025-06-08T21:11:04.2303728Z","C:\Program Files (x86)\Steam\steamapps\common\Barotrauma\Content\Characters\Hammerhead\Ragdolls\HammerheadDefaultRagdoll.xml"
"Content/Characters/Hammerheadgold/Animations/HammerheadgoldSwimFast.xml","HammerheadgoldSwimFast.xml","xml","438","2025-06-08T21:11:03.7653867Z","C:\Program Files (x86)\Steam\steamapps\common\Barotrauma\Content\Characters\Hammerheadgold\Animations\HammerheadgoldSwimFast.xml"
"Content/Characters/Hammerheadgold/Animations/HammerheadgoldSwimSlow.xml","HammerheadgoldSwimSlow.xml","xml","430","2025-06-08T21:11:04.8283222Z","C:\Program Files (x86)\Steam\steamapps\common\Barotrauma\Content\Characters\Hammerheadgold\Animations\HammerheadgoldSwimSlow.xml"
"Content/Characters/Hammerheadgold/HAMMERHEADg_attack1.ogg","HAMMERHEADg_attack1.ogg","ogg","20717","2025-06-08T21:11:05.0612587Z","C:\Program Files (x86)\Steam\steamapps\common\Barotrauma\Content\Characters\Hammerheadgold\HAMMERHEADg_attack1.ogg"
"Content/Characters/Hammerheadgold/HAMMERHEADg_attack2.ogg","HAMMERHEADg_attack2.ogg","ogg","19395","2025-06-08T21:11:05.0632626Z","C:\Program Files (x86)\Steam\steamapps\common\Barotrauma\Content\Characters\Hammerheadgold\HAMMERHEADg_attack2.ogg"
"Content/Characters/Hammerheadgold/HAMMERHEADg_attack3.ogg","HAMMERHEADg_attack3.ogg","ogg","17974","2025-06-08T21:11:02.7056702Z","C:\Program Files (x86)\Steam\steamapps\common\Barotrauma\Content\Characters\Hammerheadgold\HAMMERHEADg_attack3.ogg"
"Content/Characters/Hammerheadgold/HAMMERHEADg_attack4.ogg","HAMMERHEADg_attack4.ogg","ogg","17454","2025-06-08T21:11:03.8044092Z","C:\Program Files (x86)\Steam\steamapps\common\Barotrauma\Content\Characters\Hammerheadgold\HAMMERHEADg_attack4.ogg"
"Content/Characters/Hammerheadgold/HAMMERHEADg_damage1.ogg","HAMMERHEADg_damage1.ogg","ogg","20597","2025-06-08T21:11:04.8283222Z","C:\Program Files (x86)\Steam\steamapps\common\Barotrauma\Content\Characters\Hammerheadgold\HAMMERHEADg_damage1.ogg"
"Content/Characters/Hammerheadgold/HAMMERHEADg_damage2.ogg","HAMMERHEADg_damage2.ogg","ogg","17855","2025-06-08T21:11:04.8253211Z","C:\Program Files (x86)\Steam\steamapps\common\Barotrauma\Content\Characters\Hammerheadgold\HAMMERHEADg_damage2.ogg"
"Content/Characters/Hammerheadgold/HAMMERHEADg_damage3.ogg","HAMMERHEADg_damage3.ogg","ogg","16312","2025-06-08T21:11:05.0642583Z","C:\Program Files (x86)\Steam\steamapps\common\Barotrauma\Content\Characters\Hammerheadgold\HAMMERHEADg_damage3.ogg"
"Content/Characters/Hammerheadgold/HAMMERHEADg_damage4.ogg","HAMMERHEADg_damage4.ogg","ogg","14154","2025-06-08T21:11:03.1689856Z","C:\Program Files (x86)\Steam\steamapps\common\Barotrauma\Content\Characters\Hammerheadgold\HAMMERHEADg_damage4.ogg"
"Content/Characters/Hammerheadgold/HAMMERHEADg_death1.ogg","HAMMERHEADg_death1.ogg","ogg","25117","2025-06-08T21:11:05.1190476Z","C:\Program Files (x86)\Steam\steamapps\common\Barotrauma\Content\Characters\Hammerheadgold\HAMMERHEADg_death1.ogg"
"Content/Characters/Hammerheadgold/HAMMERHEADg_death2.ogg","HAMMERHEADg_death2.ogg","ogg","27299","2025-06-08T21:11:03.8694486Z","C:\Program Files (x86)\Steam\steamapps\common\Barotrauma\Content\Characters\Hammerheadgold\HAMMERHEADg_death2.ogg"
"Content/Characters/Hammerheadgold/HAMMERHEADg_death3.ogg","HAMMERHEADg_death3.ogg","ogg","25845","2025-06-08T21:11:02.7046698Z","C:\Program Files (x86)\Steam\steamapps\common\Barotrauma\Content\Characters\Hammerheadgold\HAMMERHEADg_death3.ogg"
"Content/Characters/Hammerheadgold/HAMMERHEADg_idle1.ogg","HAMMERHEADg_idle1.ogg","ogg","25354","2025-06-08T21:11:02.7066701Z","C:\Program Files (x86)\Steam\steamapps\common\Barotrauma\Content\Characters\Hammerheadgold\HAMMERHEADg_idle1.ogg"
"Content/Characters/Hammerheadgold/HAMMERHEADg_idle2.ogg","HAMMERHEADg_idle2.ogg","ogg","20441","2025-06-08T21:11:04.8293226Z","C:\Program Files (x86)\Steam\steamapps\common\Barotrauma\Content\Characters\Hammerheadgold\HAMMERHEADg_idle2.ogg"
"Content/Characters/Hammerheadgold/HAMMERHEADg_idle3.ogg","HAMMERHEADg_idle3.ogg","ogg","25797","2025-06-08T21:11:03.2344747Z","C:\Program Files (x86)\Steam\steamapps\common\Barotrauma\Content\Characters\Hammerheadgold\HAMMERHEADg_idle3.ogg"
"Content/Characters/Hammerheadgold/HAMMERHEADg_idle4.ogg","HAMMERHEADg_idle4.ogg","ogg","25484","2025-06-08T21:11:05.1230482Z","C:\Program Files (x86)\Steam\steamapps\common\Barotrauma\Content\Characters\Hammerheadgold\HAMMERHEADg_idle4.ogg"
"Content/Characters/Hammerheadgold/HAMMERHEADg_idle5.ogg","HAMMERHEADg_idle5.ogg","ogg","28637","2025-06-08T21:11:05.2800733Z","C:\Program Files (x86)\Steam\steamapps\common\Barotrauma\Content\Characters\Hammerheadgold\HAMMERHEADg_idle5.ogg"
"Content/Characters/Hammerheadgold/Hammerheadgold.png","Hammerheadgold.png","png","427813","2025-06-08T21:11:01.8992444Z","C:\Program Files (x86)\Steam\steamapps\common\Barotrauma\Content\Characters\Hammerheadgold\Hammerheadgold.png"
"Content/Characters/Hammerheadgold/Hammerheadgold.xml","Hammerheadgold.xml","xml","5422","2025-06-08T21:11:05.0602580Z","C:\Program Files (x86)\Steam\steamapps\common\Barotrauma\Content\Characters\Hammerheadgold\Hammerheadgold.xml"
"Content/Characters/Hammerheadgold/Ragdolls/HammerheadgoldDefaultRagdoll.xml","HammerheadgoldDefaultRagdoll.xml","xml","28699","2025-06-08T21:11:03.8664480Z","C:\Program Files (x86)\Steam\steamapps\common\Barotrauma\Content\Characters\Hammerheadgold\Ragdolls\HammerheadgoldDefaultRagdoll.xml"
"Content/Characters/Hammerheadmatriarch/Animations/HammerheadmatriarchSwimFast.xml","HammerheadmatriarchSwimFast.xml","xml","442","2025-06-08T21:11:05.2310731Z","C:\Program Files (x86)\Steam\steamapps\common\Barotrauma\Content\Characters\Hammerheadmatriarch\Animations\HammerheadmatriarchSwimFast.xml"
"Content/Characters/Hammerheadmatriarch/Animations/HammerheadmatriarchSwimSlow.xml","HammerheadmatriarchSwimSlow.xml","xml","448","2025-06-08T21:11:04.8273643Z","C:\Program Files (x86)\Steam\steamapps\common\Barotrauma\Content\Characters\Hammerheadmatriarch\Animations\HammerheadmatriarchSwimSlow.xml"
"Content/Characters/Hammerheadmatriarch/Hammerheadmatriarch.png","Hammerheadmatriarch.png","png","1001444","2025-06-08T21:11:01.9002447Z","C:\Program Files (x86)\Steam\steamapps\common\Barotrauma\Content\Characters\Hammerheadmatriarch\Hammerheadmatriarch.png"
"Content/Characters/Hammerheadmatriarch/Hammerheadmatriarch.xml","Hammerheadmatriarch.xml","xml","6375","2025-06-19T20:07:27.4725185Z","C:\Program Files (x86)\Steam\steamapps\common\Barotrauma\Content\Characters\Hammerheadmatriarch\Hammerheadmatriarch.xml"
"Content/Characters/Hammerheadmatriarch/MHAMMERHEAD_damage1.ogg","MHAMMERHEAD_damage1.ogg","ogg","29114","2025-06-08T21:11:04.8283222Z","C:\Program Files (x86)\Steam\steamapps\common\Barotrauma\Content\Characters\Hammerheadmatriarch\MHAMMERHEAD_damage1.ogg"
"Content/Characters/Hammerheadmatriarch/MHAMMERHEAD_damage2.ogg","MHAMMERHEAD_damage2.ogg","ogg","29776","2025-06-08T21:11:05.2770732Z","C:\Program Files (x86)\Steam\steamapps\common\Barotrauma\Content\Characters\Hammerheadmatriarch\MHAMMERHEAD_damage2.ogg"
"Content/Characters/Hammerheadmatriarch/MHAMMERHEAD_explosion1.ogg","MHAMMERHEAD_explosion1.ogg","ogg","90488","2025-06-08T21:11:04.1230914Z","C:\Program Files (x86)\Steam\steamapps\common\Barotrauma\Content\Characters\Hammerheadmatriarch\MHAMMERHEAD_explosion1.ogg"
"Content/Characters/Hammerheadmatriarch/MHAMMERHEAD_explosion2.ogg","MHAMMERHEAD_explosion2.ogg","ogg","69463","2025-06-08T21:11:03.7653867Z","C:\Program Files (x86)\Steam\steamapps\common\Barotrauma\Content\Characters\Hammerheadmatriarch\MHAMMERHEAD_explosion2.ogg"
"Content/Characters/Hammerheadmatriarch/MHAMMERHEAD_explosion3.ogg","MHAMMERHEAD_explosion3.ogg","ogg","90073","2025-06-08T21:11:04.8923520Z","C:\Program Files (x86)\Steam\steamapps\common\Barotrauma\Content\Characters\Hammerheadmatriarch\MHAMMERHEAD_explosion3.ogg"
"Content/Characters/Hammerheadmatriarch/MHAMMERHEAD_explosion4.ogg","MHAMMERHEAD_explosion4.ogg","ogg","73991","2025-06-08T21:11:04.8923520Z","C:\Program Files (x86)\Steam\steamapps\common\Barotrauma\Content\Characters\Hammerheadmatriarch\MHAMMERHEAD_explosion4.ogg"
"Content/Characters/Hammerheadmatriarch/MHAMMERHEAD_idle1.ogg","MHAMMERHEAD_idle1.ogg","ogg","84887","2025-06-08T21:11:03.5898729Z","C:\Program Files (x86)\Steam\steamapps\common\Barotrauma\Content\Characters\Hammerheadmatriarch\MHAMMERHEAD_idle1.ogg"
"Content/Characters/Hammerheadmatriarch/MHAMMERHEAD_idle2.ogg","MHAMMERHEAD_idle2.ogg","ogg","53385","2025-06-08T21:11:02.7056702Z","C:\Program Files (x86)\Steam\steamapps\common\Barotrauma\Content\Characters\Hammerheadmatriarch\MHAMMERHEAD_idle2.ogg"
"Content/Characters/Hammerheadmatriarch/MHAMMERHEAD_idle3.ogg","MHAMMERHEAD_idle3.ogg","ogg","45536","2025-06-08T21:11:05.2780736Z","C:\Program Files (x86)\Steam\steamapps\common\Barotrauma\Content\Characters\Hammerheadmatriarch\MHAMMERHEAD_idle3.ogg"
"Content/Characters/Hammerheadmatriarch/Ragdolls/HammerheadmatriarchDefaultRagdoll.xml","HammerheadmatriarchDefaultRagdoll.xml","xml","65097","2025-06-08T21:11:04.1170300Z","C:\Program Files (x86)\Steam\steamapps\common\Barotrauma\Content\Characters\Hammerheadmatriarch\Ragdolls\HammerheadmatriarchDefaultRagdoll.xml"
"Content/Characters/Hammerheadspawn/Animations/HammerheadspawnSwimFast.xml","HammerheadspawnSwimFast.xml","xml","439","2025-06-08T21:11:04.8903523Z","C:\Program Files (x86)\Steam\steamapps\common\Barotrauma\Content\Characters\Hammerheadspawn\Animations\HammerheadspawnSwimFast.xml"
"Content/Characters/Hammerheadspawn/Animations/HammerheadspawnSwimSlow.xml","HammerheadspawnSwimSlow.xml","xml","445","2025-06-08T21:11:05.2290733Z","C:\Program Files (x86)\Steam\steamapps\common\Barotrauma\Content\Characters\Hammerheadspawn\Animations\HammerheadspawnSwimSlow.xml"
"Content/Characters/Hammerheadspawn/Hammerheadspawn.xml","Hammerheadspawn.xml","xml","2630","2025-06-08T21:11:04.8934136Z","C:\Program Files (x86)\Steam\steamapps\common\Barotrauma\Content\Characters\Hammerheadspawn\Hammerheadspawn.xml"
"Content/Characters/Hammerheadspawn/Ragdolls/HammerheadspawnDefaultRagdoll.xml","HammerheadspawnDefaultRagdoll.xml","xml","4629","2025-06-08T21:11:04.1140303Z","C:\Program Files (x86)\Steam\steamapps\common\Barotrauma\Content\Characters\Hammerheadspawn\Ragdolls\HammerheadspawnDefaultRagdoll.xml"
"Content/Characters/Human/Animations/DrunkenRun.xml","DrunkenRun.xml","xml","997","2025-06-08T21:11:05.2780736Z","C:\Program Files (x86)\Steam\steamapps\common\Barotrauma\Content\Characters\Human\Animations\DrunkenRun.xml"
"Content/Characters/Human/Animations/DrunkenWalk.xml","DrunkenWalk.xml","xml","971","2025-06-08T21:11:03.5918658Z","C:\Program Files (x86)\Steam\steamapps\common\Barotrauma\Content\Characters\Human\Animations\DrunkenWalk.xml"
"Content/Characters/Human/Animations/HumanCrouch.xml","HumanCrouch.xml","xml","1013","2025-06-08T21:11:05.2850758Z","C:\Program Files (x86)\Steam\steamapps\common\Barotrauma\Content\Characters\Human\Animations\HumanCrouch.xml"
"Content/Characters/Human/Animations/HumanRun.xml","HumanRun.xml","xml","977","2025-06-08T21:11:03.7693863Z","C:\Program Files (x86)\Steam\steamapps\common\Barotrauma\Content\Characters\Human\Animations\HumanRun.xml"
"Content/Characters/Human/Animations/HumanRunDivingSuit.xml","HumanRunDivingSuit.xml","xml","997","2025-06-08T21:11:04.2313725Z","C:\Program Files (x86)\Steam\steamapps\common\Barotrauma\Content\Characters\Human\Animations\HumanRunDivingSuit.xml"
"Content/Characters/Human/Animations/HumanRunExosuit.xml","HumanRunExosuit.xml","xml","983","2025-06-08T21:11:04.2293725Z","C:\Program Files (x86)\Steam\steamapps\common\Barotrauma\Content\Characters\Human\Animations\HumanRunExosuit.xml"
"Content/Characters/Human/Animations/HumanSwimFast.xml","HumanSwimFast.xml","xml","537","2025-06-08T21:11:05.2880754Z","C:\Program Files (x86)\Steam\steamapps\common\Barotrauma\Content\Characters\Human\Animations\HumanSwimFast.xml"
"Content/Characters/Human/Animations/HumanSwimSlow.xml","HumanSwimSlow.xml","xml","539","2025-06-08T21:11:02.7066701Z","C:\Program Files (x86)\Steam\steamapps\common\Barotrauma\Content\Characters\Human\Animations\HumanSwimSlow.xml"
"Content/Characters/Human/Animations/HumanWalk.xml","HumanWalk.xml","xml","971","2025-06-08T21:11:02.7046698Z","C:\Program Files (x86)\Steam\steamapps\common\Barotrauma\Content\Characters\Human\Animations\HumanWalk.xml"
"Content/Characters/Human/Animations/HumanWalkDivingSuit.xml","HumanWalkDivingSuit.xml","xml","993","2025-06-08T21:11:05.2830730Z","C:\Program Files (x86)\Steam\steamapps\common\Barotrauma\Content\Characters\Human\Animations\HumanWalkDivingSuit.xml"
"Content/Characters/Human/Animations/HumanWalkExosuit.xml","HumanWalkExosuit.xml","xml","960","2025-06-08T21:11:03.5898729Z","C:\Program Files (x86)\Steam\steamapps\common\Barotrauma\Content\Characters\Human\Animations\HumanWalkExosuit.xml"
"Content/Characters/Human/Animations/JollyWalk.xml","JollyWalk.xml","xml","825","2025-06-08T21:11:03.7653867Z","C:\Program Files (x86)\Steam\steamapps\common\Barotrauma\Content\Characters\Human\Animations\JollyWalk.xml"
"Content/Characters/Human/Animations/Spasm.xml","Spasm.xml","xml","821","2025-06-08T21:11:04.9478689Z","C:\Program Files (x86)\Steam\steamapps\common\Barotrauma\Content\Characters\Human\Animations\Spasm.xml"
"Content/Characters/Human/Animations/SpasmRun.xml","SpasmRun.xml","xml","819","2025-06-08T21:11:05.2880754Z","C:\Program Files (x86)\Steam\steamapps\common\Barotrauma\Content\Characters\Human\Animations\SpasmRun.xml"
"Content/Characters/Human/Animations/VigorousWalk.xml","VigorousWalk.xml","xml","810","2025-06-08T21:11:05.2880754Z","C:\Program Files (x86)\Steam\steamapps\common\Barotrauma\Content\Characters\Human\Animations\VigorousWalk.xml"
"Content/Characters/Human/Animations/Vomit.xml","Vomit.xml","xml","845","2025-06-08T21:11:03.5918658Z","C:\Program Files (x86)\Steam\steamapps\common\Barotrauma\Content\Characters\Human\Animations\Vomit.xml"
"Content/Characters/Human/female_damage1.ogg","female_damage1.ogg","ogg","10637","2025-06-08T21:11:04.2293725Z","C:\Program Files (x86)\Steam\steamapps\common\Barotrauma\Content\Characters\Human\female_damage1.ogg"
"Content/Characters/Human/female_damage10.ogg","female_damage10.ogg","ogg","12501","2025-06-08T21:11:03.5858768Z","C:\Program Files (x86)\Steam\steamapps\common\Barotrauma\Content\Characters\Human\female_damage10.ogg"
"Content/Characters/Human/female_damage2.ogg","female_damage2.ogg","ogg","11583","2025-06-08T21:11:04.9528691Z","C:\Program Files (x86)\Steam\steamapps\common\Barotrauma\Content\Characters\Human\female_damage2.ogg"
"Content/Characters/Human/female_damage3.ogg","female_damage3.ogg","ogg","12530","2025-06-08T21:11:02.7066701Z","C:\Program Files (x86)\Steam\steamapps\common\Barotrauma\Content\Characters\Human\female_damage3.ogg"
"Content/Characters/Human/female_damage4.ogg","female_damage4.ogg","ogg","10662","2025-06-08T21:11:03.5898729Z","C:\Program Files (x86)\Steam\steamapps\common\Barotrauma\Content\Characters\Human\female_damage4.ogg"
"Content/Characters/Human/female_damage5.ogg","female_damage5.ogg","ogg","11130","2025-06-08T21:11:04.2313725Z","C:\Program Files (x86)\Steam\steamapps\common\Barotrauma\Content\Characters\Human\female_damage5.ogg"
"Content/Characters/Human/female_damage6.ogg","female_damage6.ogg","ogg","11338","2025-06-08T21:11:04.9488696Z","C:\Program Files (x86)\Steam\steamapps\common\Barotrauma\Content\Characters\Human\female_damage6.ogg"
"Content/Characters/Human/female_damage7.ogg","female_damage7.ogg","ogg","12227","2025-06-08T21:11:04.9528691Z","C:\Program Files (x86)\Steam\steamapps\common\Barotrauma\Content\Characters\Human\female_damage7.ogg"
"Content/Characters/Human/female_damage8.ogg","female_damage8.ogg","ogg","11544","2025-06-08T21:11:05.2780736Z","C:\Program Files (x86)\Steam\steamapps\common\Barotrauma\Content\Characters\Human\female_damage8.ogg"
"Content/Characters/Human/female_damage9.ogg","female_damage9.ogg","ogg","14756","2025-06-08T21:11:02.7046698Z","C:\Program Files (x86)\Steam\steamapps\common\Barotrauma\Content\Characters\Human\female_damage9.ogg"
"Content/Characters/Human/Heads/head_female_asian.png","head_female_asian.png","png","75462","2025-06-08T21:11:04.2323722Z","C:\Program Files (x86)\Steam\steamapps\common\Barotrauma\Content\Characters\Human\Heads\head_female_asian.png"
"Content/Characters/Human/Heads/head_female_asian_hair_dark_1.png","head_female_asian_hair_dark_1.png","png","41397","2025-06-08T21:11:02.7096697Z","C:\Program Files (x86)\Steam\steamapps\common\Barotrauma\Content\Characters\Human\Heads\head_female_asian_hair_dark_1.png"
"Content/Characters/Human/Heads/head_female_asian_hair_dark_2.png","head_female_asian_hair_dark_2.png","png","37193","2025-06-08T21:11:02.7086697Z","C:\Program Files (x86)\Steam\steamapps\common\Barotrauma\Content\Characters\Human\Heads\head_female_asian_hair_dark_2.png"
"Content/Characters/Human/Heads/head_female_asian_herpes.png","head_female_asian_herpes.png","png","72561","2025-06-08T21:11:04.9518691Z","C:\Program Files (x86)\Steam\steamapps\common\Barotrauma\Content\Characters\Human\Heads\head_female_asian_herpes.png"
"Content/Characters/Human/Heads/head_female_asian_husk.png","head_female_asian_husk.png","png","74920","2025-06-08T21:11:02.7066701Z","C:\Program Files (x86)\Steam\steamapps\common\Barotrauma\Content\Characters\Human\Heads\head_female_asian_husk.png"
"Content/Characters/Human/Heads/head_female_black.png","head_female_black.png","png","71446","2025-06-08T21:11:03.5898729Z","C:\Program Files (x86)\Steam\steamapps\common\Barotrauma\Content\Characters\Human\Heads\head_female_black.png"
"Content/Characters/Human/Heads/head_female_black_hair_1.png","head_female_black_hair_1.png","png","29991","2025-06-08T21:11:03.5908662Z","C:\Program Files (x86)\Steam\steamapps\common\Barotrauma\Content\Characters\Human\Heads\head_female_black_hair_1.png"
"Content/Characters/Human/Heads/head_female_black_herpes.png","head_female_black_herpes.png","png","75094","2025-06-08T21:11:03.5908662Z","C:\Program Files (x86)\Steam\steamapps\common\Barotrauma\Content\Characters\Human\Heads\head_female_black_herpes.png"
"Content/Characters/Human/Heads/head_female_black_husk.png","head_female_black_husk.png","png","69620","2025-06-08T21:11:04.4660967Z","C:\Program Files (x86)\Steam\steamapps\common\Barotrauma\Content\Characters\Human\Heads\head_female_black_husk.png"
"Content/Characters/Human/Heads/head_female_brown.png","head_female_brown.png","png","79046","2025-06-08T21:11:04.9528691Z","C:\Program Files (x86)\Steam\steamapps\common\Barotrauma\Content\Characters\Human\Heads\head_female_brown.png"
"Content/Characters/Human/Heads/head_female_brown_hair_1.png","head_female_brown_hair_1.png","png","35554","2025-06-08T21:11:04.4660967Z","C:\Program Files (x86)\Steam\steamapps\common\Barotrauma\Content\Characters\Human\Heads\head_female_brown_hair_1.png"
"Content/Characters/Human/Heads/head_female_brown_herpes.png","head_female_brown_herpes.png","png","83662","2025-06-08T21:11:02.7046698Z","C:\Program Files (x86)\Steam\steamapps\common\Barotrauma\Content\Characters\Human\Heads\head_female_brown_herpes.png"
"Content/Characters/Human/Heads/head_female_brown_husk.png","head_female_brown_husk.png","png","75794","2025-06-08T21:11:04.4670966Z","C:\Program Files (x86)\Steam\steamapps\common\Barotrauma\Content\Characters\Human\Heads\head_female_brown_husk.png"
"Content/Characters/Human/Heads/head_female_white.png","head_female_white.png","png","85654","2025-06-08T21:11:04.4670966Z","C:\Program Files (x86)\Steam\steamapps\common\Barotrauma\Content\Characters\Human\Heads\head_female_white.png"
"Content/Characters/Human/Heads/head_female_white_hair_dark.png","head_female_white_hair_dark.png","png","32231","2025-06-08T21:11:05.0632626Z","C:\Program Files (x86)\Steam\steamapps\common\Barotrauma\Content\Characters\Human\Heads\head_female_white_hair_dark.png"
"Content/Characters/Human/Heads/head_female_white_hair_light.png","head_female_white_hair_light.png","png","51431","2025-06-08T21:11:05.3360146Z","C:\Program Files (x86)\Steam\steamapps\common\Barotrauma\Content\Characters\Human\Heads\head_female_white_hair_light.png"
"Content/Characters/Human/Heads/head_female_white_herpes.png","head_female_white_herpes.png","png","92031","2025-06-08T21:11:02.7086697Z","C:\Program Files (x86)\Steam\steamapps\common\Barotrauma\Content\Characters\Human\Heads\head_female_white_herpes.png"
"Content/Characters/Human/Heads/head_female_white_husk.png","head_female_white_husk.png","png","90063","2025-06-08T21:11:05.4404505Z","C:\Program Files (x86)\Steam\steamapps\common\Barotrauma\Content\Characters\Human\Heads\head_female_white_husk.png"
"Content/Characters/Human/Heads/head_male_asian.png","head_male_asian.png","png","72059","2025-06-08T21:11:02.7076700Z","C:\Program Files (x86)\Steam\steamapps\common\Barotrauma\Content\Characters\Human\Heads\head_male_asian.png"
"Content/Characters/Human/Heads/head_male_asian_beard_1.png","head_male_asian_beard_1.png","png","10597","2025-06-08T21:11:03.5868768Z","C:\Program Files (x86)\Steam\steamapps\common\Barotrauma\Content\Characters\Human\Heads\head_male_asian_beard_1.png"
"Content/Characters/Human/Heads/head_male_asian_hair_1.png","head_male_asian_hair_1.png","png","40482","2025-06-08T21:11:03.7026158Z","C:\Program Files (x86)\Steam\steamapps\common\Barotrauma\Content\Characters\Human\Heads\head_male_asian_hair_1.png"
"Content/Characters/Human/Heads/head_male_asian_hair_2.png","head_male_asian_hair_2.png","png","36008","2025-06-08T21:11:02.7086697Z","C:\Program Files (x86)\Steam\steamapps\common\Barotrauma\Content\Characters\Human\Heads\head_male_asian_hair_2.png"
"Content/Characters/Human/Heads/head_male_asian_hair_3.png","head_male_asian_hair_3.png","png","36721","2025-06-08T21:11:05.0602580Z","C:\Program Files (x86)\Steam\steamapps\common\Barotrauma\Content\Characters\Human\Heads\head_male_asian_hair_3.png"
"Content/Characters/Human/Heads/head_male_asian_herpes.png","head_male_asian_herpes.png","png","75505","2025-06-08T21:11:05.4414497Z","C:\Program Files (x86)\Steam\steamapps\common\Barotrauma\Content\Characters\Human\Heads\head_male_asian_herpes.png"
"Content/Characters/Human/Heads/head_male_asian_husk.png","head_male_asian_husk.png","png","71718","2025-06-08T21:11:03.7683869Z","C:\Program Files (x86)\Steam\steamapps\common\Barotrauma\Content\Characters\Human\Heads\head_male_asian_husk.png"
"Content/Characters/Human/Heads/head_male_asian_moustache_1.png","head_male_asian_moustache_1.png","png","3188","2025-06-08T21:11:05.3871158Z","C:\Program Files (x86)\Steam\steamapps\common\Barotrauma\Content\Characters\Human\Heads\head_male_asian_moustache_1.png"
"Content/Characters/Human/Heads/head_male_black.png","head_male_black.png","png","72544","2025-06-08T21:11:03.7036144Z","C:\Program Files (x86)\Steam\steamapps\common\Barotrauma\Content\Characters\Human\Heads\head_male_black.png"
"Content/Characters/Human/Heads/head_male_black_beard_1.png","head_male_black_beard_1.png","png","19913","2025-06-08T21:11:03.7643870Z","C:\Program Files (x86)\Steam\steamapps\common\Barotrauma\Content\Characters\Human\Heads\head_male_black_beard_1.png"
"Content/Characters/Human/Heads/head_male_black_hair_1.png","head_male_black_hair_1.png","png","26645","2025-06-08T21:11:02.7086697Z","C:\Program Files (x86)\Steam\steamapps\common\Barotrauma\Content\Characters\Human\Heads\head_male_black_hair_1.png"
"Content/Characters/Human/Heads/head_male_black_herpes.png","head_male_black_herpes.png","png","75849","2025-06-08T21:11:03.7653867Z","C:\Program Files (x86)\Steam\steamapps\common\Barotrauma\Content\Characters\Human\Heads\head_male_black_herpes.png"
"Content/Characters/Human/Heads/head_male_black_husk.png","head_male_black_husk.png","png","71837","2025-06-08T21:11:03.7046146Z","C:\Program Files (x86)\Steam\steamapps\common\Barotrauma\Content\Characters\Human\Heads\head_male_black_husk.png"
"Content/Characters/Human/Heads/head_male_black_moustache_1.png","head_male_black_moustache_1.png","png","7772","2025-06-08T21:11:03.7683869Z","C:\Program Files (x86)\Steam\steamapps\common\Barotrauma\Content\Characters\Human\Heads\head_male_black_moustache_1.png"
"Content/Characters/Human/Heads/head_male_brown.png","head_male_brown.png","png","73529","2025-06-08T21:11:03.7683869Z","C:\Program Files (x86)\Steam\steamapps\common\Barotrauma\Content\Characters\Human\Heads\head_male_brown.png"
"Content/Characters/Human/Heads/head_male_brown_beard_1.png","head_male_brown_beard_1.png","png","24533","2025-06-08T21:11:04.4680967Z","C:\Program Files (x86)\Steam\steamapps\common\Barotrauma\Content\Characters\Human\Heads\head_male_brown_beard_1.png"
"Content/Characters/Human/Heads/head_male_brown_hair_1.png","head_male_brown_hair_1.png","png","33642","2025-06-08T21:11:03.7026158Z","C:\Program Files (x86)\Steam\steamapps\common\Barotrauma\Content\Characters\Human\Heads\head_male_brown_hair_1.png"
"Content/Characters/Human/Heads/head_male_brown_hair_2.png","head_male_brown_hair_2.png","png","29808","2025-06-08T21:11:05.0642583Z","C:\Program Files (x86)\Steam\steamapps\common\Barotrauma\Content\Characters\Human\Heads\head_male_brown_hair_2.png"
"Content/Characters/Human/Heads/head_male_brown_hair_3.png","head_male_brown_hair_3.png","png","32743","2025-06-08T21:11:03.7046146Z","C:\Program Files (x86)\Steam\steamapps\common\Barotrauma\Content\Characters\Human\Heads\head_male_brown_hair_3.png"
"Content/Characters/Human/Heads/head_male_brown_herpes.png","head_male_brown_herpes.png","png","75296","2025-06-08T21:11:02.7076700Z","C:\Program Files (x86)\Steam\steamapps\common\Barotrauma\Content\Characters\Human\Heads\head_male_brown_herpes.png"
"Content/Characters/Human/Heads/head_male_brown_husk.png","head_male_brown_husk.png","png","73294","2025-06-08T21:11:03.7623872Z","C:\Program Files (x86)\Steam\steamapps\common\Barotrauma\Content\Characters\Human\Heads\head_male_brown_husk.png"
"Content/Characters/Human/Heads/head_male_brown_moustache_1.png","head_male_brown_moustache_1.png","png","5418","2025-06-08T21:11:02.7066701Z","C:\Program Files (x86)\Steam\steamapps\common\Barotrauma\Content\Characters\Human\Heads\head_male_brown_moustache_1.png"
"Content/Characters/Human/Heads/head_male_white.png","head_male_white.png","png","97404","2025-06-08T21:11:05.5662157Z","C:\Program Files (x86)\Steam\steamapps\common\Barotrauma\Content\Characters\Human\Heads\head_male_white.png"
"Content/Characters/Human/Heads/head_male_white_beard_dark.png","head_male_white_beard_dark.png","png","17446","2025-06-08T21:11:05.0652612Z","C:\Program Files (x86)\Steam\steamapps\common\Barotrauma\Content\Characters\Human\Heads\head_male_white_beard_dark.png"
"Content/Characters/Human/Heads/head_male_white_hair_dark.png","head_male_white_hair_dark.png","png","49361","2025-06-08T21:11:05.5652157Z","C:\Program Files (x86)\Steam\steamapps\common\Barotrauma\Content\Characters\Human\Heads\head_male_white_hair_dark.png"
"Content/Characters/Human/Heads/head_male_white_hair_light.png","head_male_white_hair_light.png","png","48034","2025-06-08T21:11:05.0662582Z","C:\Program Files (x86)\Steam\steamapps\common\Barotrauma\Content\Characters\Human\Heads\head_male_white_hair_light.png"
"Content/Characters/Human/Heads/head_male_white_herpes.png","head_male_white_herpes.png","png","101324","2025-06-08T21:11:03.7713941Z","C:\Program Files (x86)\Steam\steamapps\common\Barotrauma\Content\Characters\Human\Heads\head_male_white_herpes.png"
"Content/Characters/Human/Heads/head_male_white_husk.png","head_male_white_husk.png","png","97157","2025-06-08T21:11:03.8084096Z","C:\Program Files (x86)\Steam\steamapps\common\Barotrauma\Content\Characters\Human\Heads\head_male_white_husk.png"
"Content/Characters/Human/Heads/head_male_white_moustache_dark.png","head_male_white_moustache_dark.png","png","4854","2025-06-08T21:11:05.5075409Z","C:\Program Files (x86)\Steam\steamapps\common\Barotrauma\Content\Characters\Human\Heads\head_male_white_moustache_dark.png"
"Content/Characters/Human/Heads/head_male_white_moustache_light.png","head_male_white_moustache_light.png","png","7881","2025-06-08T21:11:05.5055486Z","C:\Program Files (x86)\Steam\steamapps\common\Barotrauma\Content\Characters\Human\Heads\head_male_white_moustache_light.png"
"Content/Characters/Human/Human.xml","Human.xml","xml","21970","2026-04-09T15:55:13.0763281Z","C:\Program Files (x86)\Steam\steamapps\common\Barotrauma\Content\Characters\Human\Human.xml"
"Content/Characters/Human/Human_beards.png","Human_beards.png","png","189471","2025-06-08T21:11:05.6265590Z","C:\Program Files (x86)\Steam\steamapps\common\Barotrauma\Content\Characters\Human\Human_beards.png"
"Content/Characters/Human/Human_damage.png","Human_damage.png","png","21835","2025-06-08T21:11:02.7086697Z","C:\Program Files (x86)\Steam\steamapps\common\Barotrauma\Content\Characters\Human\Human_damage.png"
"Content/Characters/Human/Human_damageoverlay.png","Human_damageoverlay.png","png","86128","2025-06-08T21:11:05.0612587Z","C:\Program Files (x86)\Steam\steamapps\common\Barotrauma\Content\Characters\Human\Human_damageoverlay.png"
"Content/Characters/Human/Human_female.png","Human_female.png","png","53696","2025-06-08T21:11:04.4651042Z","C:\Program Files (x86)\Steam\steamapps\common\Barotrauma\Content\Characters\Human\Human_female.png"
"Content/Characters/Human/Human_female_hair.png","Human_female_hair.png","png","178723","2025-06-08T21:11:03.8694486Z","C:\Program Files (x86)\Steam\steamapps\common\Barotrauma\Content\Characters\Human\Human_female_hair.png"
"Content/Characters/Human/Human_female_heads.png","Human_female_heads.png","png","235280","2025-06-08T21:11:03.9924605Z","C:\Program Files (x86)\Steam\steamapps\common\Barotrauma\Content\Characters\Human\Human_female_heads.png"
"Content/Characters/Human/Human_female_heads_mask.png","Human_female_heads_mask.png","png","38702","2025-06-08T21:11:05.0652612Z","C:\Program Files (x86)\Steam\steamapps\common\Barotrauma\Content\Characters\Human\Human_female_heads_mask.png"
"Content/Characters/Human/Human_female_mask.png","Human_female_mask.png","png","11700","2025-06-08T21:11:03.7563869Z","C:\Program Files (x86)\Steam\steamapps\common\Barotrauma\Content\Characters\Human\Human_female_mask.png"
"Content/Characters/Human/Human_head_accessories.png","Human_head_accessories.png","png","53665","2025-06-08T21:11:04.5808687Z","C:\Program Files (x86)\Steam\steamapps\common\Barotrauma\Content\Characters\Human\Human_head_accessories.png"
"Content/Characters/Human/Human_husk.png","Human_husk.png","png","17073","2025-06-08T21:11:04.5758677Z","C:\Program Files (x86)\Steam\steamapps\common\Barotrauma\Content\Characters\Human\Human_husk.png"
"Content/Characters/Human/Human_husk_mask.png","Human_husk_mask.png","png","369","2025-06-08T21:11:03.9924605Z","C:\Program Files (x86)\Steam\steamapps\common\Barotrauma\Content\Characters\Human\Human_husk_mask.png"
"Content/Characters/Human/Human_karma.png","Human_karma.png","png","7143","2025-06-08T21:11:05.0642583Z","C:\Program Files (x86)\Steam\steamapps\common\Barotrauma\Content\Characters\Human\Human_karma.png"
"Content/Characters/Human/Human_male.png","Human_male.png","png","57546","2025-06-08T21:11:02.7096697Z","C:\Program Files (x86)\Steam\steamapps\common\Barotrauma\Content\Characters\Human\Human_male.png"
"Content/Characters/Human/Human_male_hair.png","Human_male_hair.png","png","177377","2025-06-08T21:11:05.1160556Z","C:\Program Files (x86)\Steam\steamapps\common\Barotrauma\Content\Characters\Human\Human_male_hair.png"
"Content/Characters/Human/Human_male_heads.png","Human_male_heads.png","png","234016","2025-06-08T21:11:05.6826953Z","C:\Program Files (x86)\Steam\steamapps\common\Barotrauma\Content\Characters\Human\Human_male_heads.png"
"Content/Characters/Human/Human_male_heads_mask.png","Human_male_heads_mask.png","png","41733","2025-06-08T21:11:05.8104237Z","C:\Program Files (x86)\Steam\steamapps\common\Barotrauma\Content\Characters\Human\Human_male_heads_mask.png"
"Content/Characters/Human/Human_male_mask.png","Human_male_mask.png","png","11132","2025-06-08T21:11:02.7086697Z","C:\Program Files (x86)\Steam\steamapps\common\Barotrauma\Content\Characters\Human\Human_male_mask.png"
"Content/Characters/Human/Human_neck_collar.png","Human_neck_collar.png","png","7736","2025-06-08T21:11:03.9924605Z","C:\Program Files (x86)\Steam\steamapps\common\Barotrauma\Content\Characters\Human\Human_neck_collar.png"
"Content/Characters/Human/male_damage1.ogg","male_damage1.ogg","ogg","12081","2025-06-08T21:11:03.7583863Z","C:\Program Files (x86)\Steam\steamapps\common\Barotrauma\Content\Characters\Human\male_damage1.ogg"
"Content/Characters/Human/male_damage10.ogg","male_damage10.ogg","ogg","9981","2025-06-08T21:11:03.7703939Z","C:\Program Files (x86)\Steam\steamapps\common\Barotrauma\Content\Characters\Human\male_damage10.ogg"
"Content/Characters/Human/male_damage11.ogg","male_damage11.ogg","ogg","12244","2025-06-08T21:11:05.8164236Z","C:\Program Files (x86)\Steam\steamapps\common\Barotrauma\Content\Characters\Human\male_damage11.ogg"
"Content/Characters/Human/male_damage2.ogg","male_damage2.ogg","ogg","11284","2025-06-08T21:11:03.9924605Z","C:\Program Files (x86)\Steam\steamapps\common\Barotrauma\Content\Characters\Human\male_damage2.ogg"
"Content/Characters/Human/male_damage3.ogg","male_damage3.ogg","ogg","10772","2025-06-08T21:11:05.2290733Z","C:\Program Files (x86)\Steam\steamapps\common\Barotrauma\Content\Characters\Human\male_damage3.ogg"
"Content/Characters/Human/male_damage4.ogg","male_damage4.ogg","ogg","11468","2025-06-08T21:11:05.2310731Z","C:\Program Files (x86)\Steam\steamapps\common\Barotrauma\Content\Characters\Human\male_damage4.ogg"
"Content/Characters/Human/male_damage5.ogg","male_damage5.ogg","ogg","12835","2025-06-08T21:11:02.7086697Z","C:\Program Files (x86)\Steam\steamapps\common\Barotrauma\Content\Characters\Human\male_damage5.ogg"
"Content/Characters/Human/male_damage6.ogg","male_damage6.ogg","ogg","9419","2025-06-08T21:11:03.7593862Z","C:\Program Files (x86)\Steam\steamapps\common\Barotrauma\Content\Characters\Human\male_damage6.ogg"
"Content/Characters/Human/male_damage7.ogg","male_damage7.ogg","ogg","13828","2025-06-08T21:11:05.8104237Z","C:\Program Files (x86)\Steam\steamapps\common\Barotrauma\Content\Characters\Human\male_damage7.ogg"
"Content/Characters/Human/male_damage8.ogg","male_damage8.ogg","ogg","11351","2025-06-08T21:11:04.5798683Z","C:\Program Files (x86)\Steam\steamapps\common\Barotrauma\Content\Characters\Human\male_damage8.ogg"
"Content/Characters/Human/male_damage9.ogg","male_damage9.ogg","ogg","10487","2025-06-08T21:11:05.8114241Z","C:\Program Files (x86)\Steam\steamapps\common\Barotrauma\Content\Characters\Human\male_damage9.ogg"
"Content/Characters/Human/names.xml","names.xml","xml","27700","2025-06-08T21:11:05.8124237Z","C:\Program Files (x86)\Steam\steamapps\common\Barotrauma\Content\Characters\Human\names.xml"
"Content/Characters/Human/old/defaultportrait.png","defaultportrait.png","png","50237","2025-06-08T21:11:05.8124237Z","C:\Program Files (x86)\Steam\steamapps\common\Barotrauma\Content\Characters\Human\old\defaultportrait.png"
"Content/Characters/Human/old/fhead1.png","fhead1.png","png","2247","2025-06-08T21:11:03.7643870Z","C:\Program Files (x86)\Steam\steamapps\common\Barotrauma\Content\Characters\Human\old\fhead1.png"
"Content/Characters/Human/old/fhead2.png","fhead2.png","png","2429","2025-06-08T21:11:04.5798683Z","C:\Program Files (x86)\Steam\steamapps\common\Barotrauma\Content\Characters\Human\old\fhead2.png"
"Content/Characters/Human/old/fhead3.png","fhead3.png","png","1962","2025-06-08T21:11:04.5808687Z","C:\Program Files (x86)\Steam\steamapps\common\Barotrauma\Content\Characters\Human\old\fhead3.png"
"Content/Characters/Human/old/fhead4.png","fhead4.png","png","2291","2025-06-08T21:11:03.7693863Z","C:\Program Files (x86)\Steam\steamapps\common\Barotrauma\Content\Characters\Human\old\fhead4.png"
"Content/Characters/Human/old/fhead5.png","fhead5.png","png","2353","2025-06-08T21:11:05.8154237Z","C:\Program Files (x86)\Steam\steamapps\common\Barotrauma\Content\Characters\Human\old\fhead5.png"
"Content/Characters/Human/old/fhead6.png","fhead6.png","png","2139","2025-06-08T21:11:03.7703939Z","C:\Program Files (x86)\Steam\steamapps\common\Barotrauma\Content\Characters\Human\old\fhead6.png"
"Content/Characters/Human/old/fhead7[black].png","fhead7[black].png","png","1911","2025-06-08T21:11:04.5798683Z","C:\Program Files (x86)\Steam\steamapps\common\Barotrauma\Content\Characters\Human\old\fhead7[black].png"
"Content/Characters/Human/old/fhead8.png","fhead8.png","png","1682","2025-06-08T21:11:04.5758677Z","C:\Program Files (x86)\Steam\steamapps\common\Barotrauma\Content\Characters\Human\old\fhead8.png"
"Content/Characters/Human/old/flegs.png","flegs.png","png","7079","2025-06-08T21:11:05.2290733Z","C:\Program Files (x86)\Steam\steamapps\common\Barotrauma\Content\Characters\Human\old\flegs.png"
"Content/Characters/Human/old/ftorso.png","ftorso.png","png","5607","2025-06-08T21:11:04.6399709Z","C:\Program Files (x86)\Steam\steamapps\common\Barotrauma\Content\Characters\Human\old\ftorso.png"
"Content/Characters/Human/old/ftorso[black].png","ftorso[black].png","png","5790","2025-06-08T21:11:03.7683869Z","C:\Program Files (x86)\Steam\steamapps\common\Barotrauma\Content\Characters\Human\old\ftorso[black].png"
"Content/Characters/Human/old/head_1.png","head_1.png","png","56170","2025-06-08T21:11:02.8107454Z","C:\Program Files (x86)\Steam\steamapps\common\Barotrauma\Content\Characters\Human\old\head_1.png"
"Content/Characters/Human/old/head_2.png","head_2.png","png","48654","2025-06-08T21:11:03.9924605Z","C:\Program Files (x86)\Steam\steamapps\common\Barotrauma\Content\Characters\Human\old\head_2.png"
"Content/Characters/Human/old/head_3.png","head_3.png","png","66620","2025-06-08T21:11:02.8107454Z","C:\Program Files (x86)\Steam\steamapps\common\Barotrauma\Content\Characters\Human\old\head_3.png"
"Content/Characters/Human/old/head_4.png","head_4.png","png","60376","2025-06-08T21:11:04.6449727Z","C:\Program Files (x86)\Steam\steamapps\common\Barotrauma\Content\Characters\Human\old\head_4.png"
"Content/Characters/Human/old/head1.png","head1.png","png","2015","2025-06-08T21:11:05.2320739Z","C:\Program Files (x86)\Steam\steamapps\common\Barotrauma\Content\Characters\Human\old\head1.png"
"Content/Characters/Human/old/head2.png","head2.png","png","1899","2025-06-08T21:11:03.7673866Z","C:\Program Files (x86)\Steam\steamapps\common\Barotrauma\Content\Characters\Human\old\head2.png"
"Content/Characters/Human/old/head3.png","head3.png","png","2199","2025-06-08T21:11:02.7056702Z","C:\Program Files (x86)\Steam\steamapps\common\Barotrauma\Content\Characters\Human\old\head3.png"
"Content/Characters/Human/old/head4.png","head4.png","png","2047","2025-06-08T21:11:04.5798683Z","C:\Program Files (x86)\Steam\steamapps\common\Barotrauma\Content\Characters\Human\old\head4.png"
"Content/Characters/Human/old/head5.png","head5.png","png","1952","2025-06-08T21:11:04.5798683Z","C:\Program Files (x86)\Steam\steamapps\common\Barotrauma\Content\Characters\Human\old\head5.png"
"Content/Characters/Human/old/head6.png","head6.png","png","2003","2025-06-08T21:11:05.8094236Z","C:\Program Files (x86)\Steam\steamapps\common\Barotrauma\Content\Characters\Human\old\head6.png"
"Content/Characters/Human/old/head7[black].png","head7[black].png","png","2008","2025-06-08T21:11:04.5798683Z","C:\Program Files (x86)\Steam\steamapps\common\Barotrauma\Content\Characters\Human\old\head7[black].png"
"Content/Characters/Human/old/head8[black].png","head8[black].png","png","1777","2025-06-08T21:11:03.7683869Z","C:\Program Files (x86)\Steam\steamapps\common\Barotrauma\Content\Characters\Human\old\head8[black].png"
"Content/Characters/Human/old/legs.png","legs.png","png","7474","2025-06-08T21:11:02.8797389Z","C:\Program Files (x86)\Steam\steamapps\common\Barotrauma\Content\Characters\Human\old\legs.png"
"Content/Characters/Human/old/legs_female.png","legs_female.png","png","7079","2025-06-08T21:11:05.2310731Z","C:\Program Files (x86)\Steam\steamapps\common\Barotrauma\Content\Characters\Human\old\legs_female.png"
"Content/Characters/Human/old/legs_female2.png","legs_female2.png","png","33821","2025-06-08T21:11:02.8187455Z","C:\Program Files (x86)\Steam\steamapps\common\Barotrauma\Content\Characters\Human\old\legs_female2.png"
"Content/Characters/Human/old/legs_male.png","legs_male.png","png","33690","2025-06-08T21:11:04.6449727Z","C:\Program Files (x86)\Steam\steamapps\common\Barotrauma\Content\Characters\Human\old\legs_male.png"
"Content/Characters/Human/old/mugshotCircle.png","mugshotCircle.png","png","203917","2025-06-08T21:11:04.1797198Z","C:\Program Files (x86)\Steam\steamapps\common\Barotrauma\Content\Characters\Human\old\mugshotCircle.png"
"Content/Characters/Human/old/torso.png","torso.png","png","6206","2025-06-08T21:11:03.7613872Z","C:\Program Files (x86)\Steam\steamapps\common\Barotrauma\Content\Characters\Human\old\torso.png"
"Content/Characters/Human/old/torso[black].png","torso[black].png","png","6165","2025-06-08T21:11:02.8207454Z","C:\Program Files (x86)\Steam\steamapps\common\Barotrauma\Content\Characters\Human\old\torso[black].png"
"Content/Characters/Human/old/torso_female_asian.png","torso_female_asian.png","png","42791","2025-06-08T21:11:03.7663877Z","C:\Program Files (x86)\Steam\steamapps\common\Barotrauma\Content\Characters\Human\old\torso_female_asian.png"
"Content/Characters/Human/old/torso_female_black.png","torso_female_black.png","png","5790","2025-06-08T21:11:03.7683869Z","C:\Program Files (x86)\Steam\steamapps\common\Barotrauma\Content\Characters\Human\old\torso_female_black.png"
"Content/Characters/Human/old/torso_female_black2.png","torso_female_black2.png","png","42518","2025-06-08T21:11:03.7633869Z","C:\Program Files (x86)\Steam\steamapps\common\Barotrauma\Content\Characters\Human\old\torso_female_black2.png"
"Content/Characters/Human/old/torso_female_brown.png","torso_female_brown.png","png","42518","2025-06-08T21:11:03.7683869Z","C:\Program Files (x86)\Steam\steamapps\common\Barotrauma\Content\Characters\Human\old\torso_female_brown.png"
"Content/Characters/Human/old/torso_female_white.png","torso_female_white.png","png","5607","2025-06-08T21:11:04.6449727Z","C:\Program Files (x86)\Steam\steamapps\common\Barotrauma\Content\Characters\Human\old\torso_female_white.png"
"Content/Characters/Human/old/torso_female_white2.png","torso_female_white2.png","png","42791","2025-06-08T21:11:03.7623872Z","C:\Program Files (x86)\Steam\steamapps\common\Barotrauma\Content\Characters\Human\old\torso_female_white2.png"
"Content/Characters/Human/old/torso_male_asian.png","torso_male_asian.png","png","43398","2025-06-08T21:11:04.1777205Z","C:\Program Files (x86)\Steam\steamapps\common\Barotrauma\Content\Characters\Human\old\torso_male_asian.png"
"Content/Characters/Human/old/torso_male_black.png","torso_male_black.png","png","6165","2025-06-08T21:11:02.8157456Z","C:\Program Files (x86)\Steam\steamapps\common\Barotrauma\Content\Characters\Human\old\torso_male_black.png"
"Content/Characters/Human/old/torso_male_black2.png","torso_male_black2.png","png","43267","2025-06-08T21:11:04.6439720Z","C:\Program Files (x86)\Steam\steamapps\common\Barotrauma\Content\Characters\Human\old\torso_male_black2.png"
"Content/Characters/Human/old/torso_male_brown.png","torso_male_brown.png","png","43267","2025-06-08T21:11:04.6449727Z","C:\Program Files (x86)\Steam\steamapps\common\Barotrauma\Content\Characters\Human\old\torso_male_brown.png"
"Content/Characters/Human/old/torso_male_white.png","torso_male_white.png","png","43398","2025-06-08T21:11:04.1797198Z","C:\Program Files (x86)\Steam\steamapps\common\Barotrauma\Content\Characters\Human\old\torso_male_white.png"
"Content/Characters/Human/PersonalityTraits.xml","PersonalityTraits.xml","xml","834","2025-06-08T21:11:05.2280729Z","C:\Program Files (x86)\Steam\steamapps\common\Barotrauma\Content\Characters\Human\PersonalityTraits.xml"
"Content/Characters/Human/Ragdolls/HumanDefaultRagdoll.xml","HumanDefaultRagdoll.xml","xml","30490","2025-06-08T21:11:03.7643870Z","C:\Program Files (x86)\Steam\steamapps\common\Barotrauma\Content\Characters\Human\Ragdolls\HumanDefaultRagdoll.xml"
"Content/Characters/Humanhusk/Animations/HumanhuskCrouch.xml","HumanhuskCrouch.xml","xml","1303","2025-06-08T21:11:03.5848674Z","C:\Program Files (x86)\Steam\steamapps\common\Barotrauma\Content\Characters\Humanhusk\Animations\HumanhuskCrouch.xml"
"Content/Characters/Humanhusk/Animations/HumanhuskRun.xml","HumanhuskRun.xml","xml","1148","2025-06-08T21:11:02.7046698Z","C:\Program Files (x86)\Steam\steamapps\common\Barotrauma\Content\Characters\Humanhusk\Animations\HumanhuskRun.xml"
"Content/Characters/Humanhusk/Animations/HumanhuskSwimFast.xml","HumanhuskSwimFast.xml","xml","515","2025-06-08T21:11:05.2800733Z","C:\Program Files (x86)\Steam\steamapps\common\Barotrauma\Content\Characters\Humanhusk\Animations\HumanhuskSwimFast.xml"
"Content/Characters/Humanhusk/Animations/HumanhuskSwimSlow.xml","HumanhuskSwimSlow.xml","xml","528","2025-06-08T21:11:05.2840760Z","C:\Program Files (x86)\Steam\steamapps\common\Barotrauma\Content\Characters\Humanhusk\Animations\HumanhuskSwimSlow.xml"
"Content/Characters/Humanhusk/Animations/HumanhuskWalk.xml","HumanhuskWalk.xml","xml","1172","2025-06-08T21:11:04.2293725Z","C:\Program Files (x86)\Steam\steamapps\common\Barotrauma\Content\Characters\Humanhusk\Animations\HumanhuskWalk.xml"
"Content/Characters/Humanhusk/Humanhusk.xml","Humanhusk.xml","xml","10045","2026-04-09T15:55:12.9901466Z","C:\Program Files (x86)\Steam\steamapps\common\Barotrauma\Content\Characters\Humanhusk\Humanhusk.xml"
"Content/Characters/Humanhusk/Husk_Injector.png","Husk_Injector.png","png","3701","2025-06-08T21:11:03.7573863Z","C:\Program Files (x86)\Steam\steamapps\common\Barotrauma\Content\Characters\Humanhusk\Husk_Injector.png"
"Content/Characters/Humanhusk/Huskappendage.xml","Huskappendage.xml","xml","8500","2025-06-08T21:11:05.2820724Z","C:\Program Files (x86)\Steam\steamapps\common\Barotrauma\Content\Characters\Humanhusk\Huskappendage.xml"
"Content/Characters/Humanhusk/Huskappendagesymbiosis.xml","Huskappendagesymbiosis.xml","xml","6748","2025-06-08T21:11:02.7056702Z","C:\Program Files (x86)\Steam\steamapps\common\Barotrauma\Content\Characters\Humanhusk\Huskappendagesymbiosis.xml"
"Content/Characters/Humanhusk/Mudraptorbeak.xml","Mudraptorbeak.xml","xml","3110","2025-06-08T21:11:02.7066701Z","C:\Program Files (x86)\Steam\steamapps\common\Barotrauma\Content\Characters\Humanhusk\Mudraptorbeak.xml"
"Content/Characters/Humanhusk/Spinelingspine.xml","Spinelingspine.xml","xml","9967","2025-06-08T21:11:03.7613872Z","C:\Program Files (x86)\Steam\steamapps\common\Barotrauma\Content\Characters\Humanhusk\Spinelingspine.xml"
"Content/Characters/Husk/Animations/HuskCrouch.xml","HuskCrouch.xml","xml","1300","2025-06-08T21:11:04.6419714Z","C:\Program Files (x86)\Steam\steamapps\common\Barotrauma\Content\Characters\Husk\Animations\HuskCrouch.xml"
"Content/Characters/Husk/Animations/HuskRun.xml","HuskRun.xml","xml","1339","2025-06-08T21:11:05.2280729Z","C:\Program Files (x86)\Steam\steamapps\common\Barotrauma\Content\Characters\Husk\Animations\HuskRun.xml"
"Content/Characters/Husk/Animations/HuskSwimFast.xml","HuskSwimFast.xml","xml","535","2025-06-08T21:11:05.8094236Z","C:\Program Files (x86)\Steam\steamapps\common\Barotrauma\Content\Characters\Husk\Animations\HuskSwimFast.xml"
"Content/Characters/Husk/Animations/HuskSwimSlow.xml","HuskSwimSlow.xml","xml","549","2025-06-08T21:11:05.2290733Z","C:\Program Files (x86)\Steam\steamapps\common\Barotrauma\Content\Characters\Husk\Animations\HuskSwimSlow.xml"
"Content/Characters/Husk/Animations/HuskWalk.xml","HuskWalk.xml","xml","1362","2025-06-08T21:11:04.1777205Z","C:\Program Files (x86)\Steam\steamapps\common\Barotrauma\Content\Characters\Husk\Animations\HuskWalk.xml"
"Content/Characters/Husk/DivingSuit_LegsHusk.png","DivingSuit_LegsHusk.png","png","118739","2025-06-08T21:11:02.8117457Z","C:\Program Files (x86)\Steam\steamapps\common\Barotrauma\Content\Characters\Husk\DivingSuit_LegsHusk.png"
"Content/Characters/Husk/DivingSuit_TorsoHusk.png","DivingSuit_TorsoHusk.png","png","85782","2025-06-08T21:11:02.8177456Z","C:\Program Files (x86)\Steam\steamapps\common\Barotrauma\Content\Characters\Husk\DivingSuit_TorsoHusk.png"
"Content/Characters/Husk/Husk.xml","Husk.xml","xml","8650","2026-04-09T15:55:13.0840752Z","C:\Program Files (x86)\Steam\steamapps\common\Barotrauma\Content\Characters\Husk\Husk.xml"
"Content/Characters/Husk/HUSK_attack1.ogg","HUSK_attack1.ogg","ogg","30386","2025-06-08T21:11:03.7623872Z","C:\Program Files (x86)\Steam\steamapps\common\Barotrauma\Content\Characters\Husk\HUSK_attack1.ogg"
"Content/Characters/Husk/HUSK_attack2.ogg","HUSK_attack2.ogg","ogg","16365","2025-06-08T21:11:05.2320739Z","C:\Program Files (x86)\Steam\steamapps\common\Barotrauma\Content\Characters\Husk\HUSK_attack2.ogg"
"Content/Characters/Husk/HUSK_attack3.ogg","HUSK_attack3.ogg","ogg","21494","2025-06-08T21:11:04.1777205Z","C:\Program Files (x86)\Steam\steamapps\common\Barotrauma\Content\Characters\Husk\HUSK_attack3.ogg"
"Content/Characters/Husk/HUSK_attack4.ogg","HUSK_attack4.ogg","ogg","28903","2025-06-08T21:11:03.7603940Z","C:\Program Files (x86)\Steam\steamapps\common\Barotrauma\Content\Characters\Husk\HUSK_attack4.ogg"
"Content/Characters/Husk/HUSK_damage1.ogg","HUSK_damage1.ogg","ogg","23585","2025-06-08T21:11:03.7683869Z","C:\Program Files (x86)\Steam\steamapps\common\Barotrauma\Content\Characters\Husk\HUSK_damage1.ogg"
"Content/Characters/Husk/HUSK_damage2.ogg","HUSK_damage2.ogg","ogg","20182","2025-06-08T21:11:04.1767208Z","C:\Program Files (x86)\Steam\steamapps\common\Barotrauma\Content\Characters\Husk\HUSK_damage2.ogg"
"Content/Characters/Husk/HUSK_damage3.ogg","HUSK_damage3.ogg","ogg","14464","2025-06-08T21:11:05.8104237Z","C:\Program Files (x86)\Steam\steamapps\common\Barotrauma\Content\Characters\Husk\HUSK_damage3.ogg"
"Content/Characters/Husk/HUSK_death1.ogg","HUSK_death1.ogg","ogg","20174","2025-06-08T21:11:04.1797198Z","C:\Program Files (x86)\Steam\steamapps\common\Barotrauma\Content\Characters\Husk\HUSK_death1.ogg"
"Content/Characters/Husk/HUSK_death2.ogg","HUSK_death2.ogg","ogg","17554","2025-06-08T21:11:05.2310731Z","C:\Program Files (x86)\Steam\steamapps\common\Barotrauma\Content\Characters\Husk\HUSK_death2.ogg"
"Content/Characters/Husk/HUSK_idle1.ogg","HUSK_idle1.ogg","ogg","26421","2025-06-08T21:11:02.8197456Z","C:\Program Files (x86)\Steam\steamapps\common\Barotrauma\Content\Characters\Husk\HUSK_idle1.ogg"
"Content/Characters/Husk/HUSK_idle2.ogg","HUSK_idle2.ogg","ogg","22829","2025-06-08T21:11:03.7703939Z","C:\Program Files (x86)\Steam\steamapps\common\Barotrauma\Content\Characters\Husk\HUSK_idle2.ogg"
"Content/Characters/Husk/HUSK_idle3.ogg","HUSK_idle3.ogg","ogg","16697","2025-06-08T21:11:04.1797198Z","C:\Program Files (x86)\Steam\steamapps\common\Barotrauma\Content\Characters\Husk\HUSK_idle3.ogg"
"Content/Characters/Husk/HUSK_idle4.ogg","HUSK_idle4.ogg","ogg","25764","2025-06-08T21:11:04.1757199Z","C:\Program Files (x86)\Steam\steamapps\common\Barotrauma\Content\Characters\Husk\HUSK_idle4.ogg"
"Content/Characters/Husk/HuskStinger.png","HuskStinger.png","png","25314","2025-06-08T21:11:05.2290733Z","C:\Program Files (x86)\Steam\steamapps\common\Barotrauma\Content\Characters\Husk\HuskStinger.png"
"Content/Characters/Husk/Ragdolls/HuskDefaultRagdoll.xml","HuskDefaultRagdoll.xml","xml","38770","2025-06-08T21:11:03.7703939Z","C:\Program Files (x86)\Steam\steamapps\common\Barotrauma\Content\Characters\Husk\Ragdolls\HuskDefaultRagdoll.xml"
"Content/Characters/Husk_chimera/Animations/Husk_chimeraRun.xml","Husk_chimeraRun.xml","xml","844","2025-06-08T21:11:02.8207454Z","C:\Program Files (x86)\Steam\steamapps\common\Barotrauma\Content\Characters\Husk_chimera\Animations\Husk_chimeraRun.xml"
"Content/Characters/Husk_chimera/Animations/Husk_chimeraSwimFast.xml","Husk_chimeraSwimFast.xml","xml","632","2025-06-08T21:11:05.2290733Z","C:\Program Files (x86)\Steam\steamapps\common\Barotrauma\Content\Characters\Husk_chimera\Animations\Husk_chimeraSwimFast.xml"
"Content/Characters/Husk_chimera/Animations/Husk_chimeraSwimSlow.xml","Husk_chimeraSwimSlow.xml","xml","620","2025-06-08T21:11:05.2310731Z","C:\Program Files (x86)\Steam\steamapps\common\Barotrauma\Content\Characters\Husk_chimera\Animations\Husk_chimeraSwimSlow.xml"
"Content/Characters/Husk_chimera/Animations/Husk_chimeraWalk.xml","Husk_chimeraWalk.xml","xml","853","2025-06-08T21:11:03.7603940Z","C:\Program Files (x86)\Steam\steamapps\common\Barotrauma\Content\Characters\Husk_chimera\Animations\Husk_chimeraWalk.xml"
"Content/Characters/Husk_chimera/Husk_chimera.png","Husk_chimera.png","png","239899","2025-06-08T21:11:04.2313725Z","C:\Program Files (x86)\Steam\steamapps\common\Barotrauma\Content\Characters\Husk_chimera\Husk_chimera.png"
"Content/Characters/Husk_chimera/Husk_chimera.xml","Husk_chimera.xml","xml","13309","2026-04-09T15:55:12.9881465Z","C:\Program Files (x86)\Steam\steamapps\common\Barotrauma\Content\Characters\Husk_chimera\Husk_chimera.xml"
"Content/Characters/Husk_chimera/HUSKCHIMERA_attack1.ogg","HUSKCHIMERA_attack1.ogg","ogg","15199","2025-06-08T21:11:04.6429726Z","C:\Program Files (x86)\Steam\steamapps\common\Barotrauma\Content\Characters\Husk_chimera\HUSKCHIMERA_attack1.ogg"
"Content/Characters/Husk_chimera/HUSKCHIMERA_attack2.ogg","HUSKCHIMERA_attack2.ogg","ogg","11564","2025-06-08T21:11:02.8197456Z","C:\Program Files (x86)\Steam\steamapps\common\Barotrauma\Content\Characters\Husk_chimera\HUSKCHIMERA_attack2.ogg"
"Content/Characters/Husk_chimera/HUSKCHIMERA_attack3.ogg","HUSKCHIMERA_attack3.ogg","ogg","12492","2025-06-08T21:11:02.8147456Z","C:\Program Files (x86)\Steam\steamapps\common\Barotrauma\Content\Characters\Husk_chimera\HUSKCHIMERA_attack3.ogg"
"Content/Characters/Husk_chimera/HUSKCHIMERA_damage1.ogg","HUSKCHIMERA_damage1.ogg","ogg","10108","2025-06-08T21:11:03.7693863Z","C:\Program Files (x86)\Steam\steamapps\common\Barotrauma\Content\Characters\Husk_chimera\HUSKCHIMERA_damage1.ogg"
"Content/Characters/Husk_chimera/HUSKCHIMERA_damage2.ogg","HUSKCHIMERA_damage2.ogg","ogg","11916","2025-06-08T21:11:04.6399709Z","C:\Program Files (x86)\Steam\steamapps\common\Barotrauma\Content\Characters\Husk_chimera\HUSKCHIMERA_damage2.ogg"
"Content/Characters/Husk_chimera/HUSKCHIMERA_damage3.ogg","HUSKCHIMERA_damage3.ogg","ogg","9260","2025-06-08T21:11:05.8124237Z","C:\Program Files (x86)\Steam\steamapps\common\Barotrauma\Content\Characters\Husk_chimera\HUSKCHIMERA_damage3.ogg"
"Content/Characters/Husk_chimera/HUSKCHIMERA_death1.ogg","HUSKCHIMERA_death1.ogg","ogg","13561","2025-06-08T21:11:02.8177456Z","C:\Program Files (x86)\Steam\steamapps\common\Barotrauma\Content\Characters\Husk_chimera\HUSKCHIMERA_death1.ogg"
"Content/Characters/Husk_chimera/HUSKCHIMERA_death2.ogg","HUSKCHIMERA_death2.ogg","ogg","13234","2025-06-08T21:11:03.7633869Z","C:\Program Files (x86)\Steam\steamapps\common\Barotrauma\Content\Characters\Husk_chimera\HUSKCHIMERA_death2.ogg"
"Content/Characters/Husk_chimera/HUSKCHIMERA_eatingAttack.ogg","HUSKCHIMERA_eatingAttack.ogg","ogg","68172","2025-06-08T21:11:05.9917453Z","C:\Program Files (x86)\Steam\steamapps\common\Barotrauma\Content\Characters\Husk_chimera\HUSKCHIMERA_eatingAttack.ogg"
"Content/Characters/Husk_chimera/HUSKCHIMERA_idle1.ogg","HUSKCHIMERA_idle1.ogg","ogg","11586","2025-06-08T21:11:05.2310731Z","C:\Program Files (x86)\Steam\steamapps\common\Barotrauma\Content\Characters\Husk_chimera\HUSKCHIMERA_idle1.ogg"
"Content/Characters/Husk_chimera/HUSKCHIMERA_idle2.ogg","HUSKCHIMERA_idle2.ogg","ogg","11512","2025-06-08T21:11:02.8187455Z","C:\Program Files (x86)\Steam\steamapps\common\Barotrauma\Content\Characters\Husk_chimera\HUSKCHIMERA_idle2.ogg"
"Content/Characters/Husk_chimera/HUSKCHIMERA_idle3.ogg","HUSKCHIMERA_idle3.ogg","ogg","11040","2025-06-08T21:11:04.6439720Z","C:\Program Files (x86)\Steam\steamapps\common\Barotrauma\Content\Characters\Husk_chimera\HUSKCHIMERA_idle3.ogg"
"Content/Characters/Husk_chimera/HUSKCHIMERA_idle4.ogg","HUSKCHIMERA_idle4.ogg","ogg","11496","2025-06-08T21:11:05.2310731Z","C:\Program Files (x86)\Steam\steamapps\common\Barotrauma\Content\Characters\Husk_chimera\HUSKCHIMERA_idle4.ogg"
"Content/Characters/Husk_chimera/Ragdolls/Husk_chimeraDefaultRagdoll.xml","Husk_chimeraDefaultRagdoll.xml","xml","79134","2025-12-10T00:32:43.5506671Z","C:\Program Files (x86)\Steam\steamapps\common\Barotrauma\Content\Characters\Husk_chimera\Ragdolls\Husk_chimeraDefaultRagdoll.xml"
"Content/Characters/Husk_exosuit/Animations/Husk_exosuitCrouch.xml","Husk_exosuitCrouch.xml","xml","1363","2025-06-08T21:11:05.9317000Z","C:\Program Files (x86)\Steam\steamapps\common\Barotrauma\Content\Characters\Husk_exosuit\Animations\Husk_exosuitCrouch.xml"
"Content/Characters/Husk_exosuit/Animations/Husk_exosuitRun.xml","Husk_exosuitRun.xml","xml","1370","2025-06-08T21:11:05.2300732Z","C:\Program Files (x86)\Steam\steamapps\common\Barotrauma\Content\Characters\Husk_exosuit\Animations\Husk_exosuitRun.xml"
"Content/Characters/Husk_exosuit/Animations/Husk_exosuitSwimFast.xml","Husk_exosuitSwimFast.xml","xml","574","2025-06-08T21:11:05.2300732Z","C:\Program Files (x86)\Steam\steamapps\common\Barotrauma\Content\Characters\Husk_exosuit\Animations\Husk_exosuitSwimFast.xml"
"Content/Characters/Husk_exosuit/Animations/Husk_exosuitSwimSlow.xml","Husk_exosuitSwimSlow.xml","xml","579","2025-06-08T21:11:04.6429726Z","C:\Program Files (x86)\Steam\steamapps\common\Barotrauma\Content\Characters\Husk_exosuit\Animations\Husk_exosuitSwimSlow.xml"
"Content/Characters/Husk_exosuit/Animations/Husk_exosuitWalk.xml","Husk_exosuitWalk.xml","xml","1253","2025-06-08T21:11:04.6399709Z","C:\Program Files (x86)\Steam\steamapps\common\Barotrauma\Content\Characters\Husk_exosuit\Animations\Husk_exosuitWalk.xml"
"Content/Characters/Husk_exosuit/Husk_exosuit.png","Husk_exosuit.png","png","65050","2025-06-08T21:11:04.4651042Z","C:\Program Files (x86)\Steam\steamapps\common\Barotrauma\Content\Characters\Husk_exosuit\Husk_exosuit.png"
"Content/Characters/Husk_exosuit/Husk_exosuit.xml","Husk_exosuit.xml","xml","13435","2026-04-09T15:55:12.9901466Z","C:\Program Files (x86)\Steam\steamapps\common\Barotrauma\Content\Characters\Husk_exosuit\Husk_exosuit.xml"
"Content/Characters/Husk_exosuit/HUSKEXO_attack1.ogg","HUSKEXO_attack1.ogg","ogg","13633","2025-06-08T21:11:04.7703909Z","C:\Program Files (x86)\Steam\steamapps\common\Barotrauma\Content\Characters\Husk_exosuit\HUSKEXO_attack1.ogg"
"Content/Characters/Husk_exosuit/HUSKEXO_attack2.ogg","HUSKEXO_attack2.ogg","ogg","13294","2025-06-08T21:11:05.9937449Z","C:\Program Files (x86)\Steam\steamapps\common\Barotrauma\Content\Characters\Husk_exosuit\HUSKEXO_attack2.ogg"
"Content/Characters/Husk_exosuit/HUSKEXO_attack3.ogg","HUSKEXO_attack3.ogg","ogg","14800","2025-06-08T21:11:05.2860753Z","C:\Program Files (x86)\Steam\steamapps\common\Barotrauma\Content\Characters\Husk_exosuit\HUSKEXO_attack3.ogg"
"Content/Characters/Husk_exosuit/HUSKEXO_attack4.ogg","HUSKEXO_attack4.ogg","ogg","13526","2025-06-08T21:11:05.9927441Z","C:\Program Files (x86)\Steam\steamapps\common\Barotrauma\Content\Characters\Husk_exosuit\HUSKEXO_attack4.ogg"
"Content/Characters/Husk_exosuit/HUSKEXO_damage1.ogg","HUSKEXO_damage1.ogg","ogg","9766","2025-06-08T21:11:05.2820724Z","C:\Program Files (x86)\Steam\steamapps\common\Barotrauma\Content\Characters\Husk_exosuit\HUSKEXO_damage1.ogg"
"Content/Characters/Husk_exosuit/HUSKEXO_damage2.ogg","HUSKEXO_damage2.ogg","ogg","10249","2025-06-08T21:11:05.9927441Z","C:\Program Files (x86)\Steam\steamapps\common\Barotrauma\Content\Characters\Husk_exosuit\HUSKEXO_damage2.ogg"
"Content/Characters/Husk_exosuit/HUSKEXO_damage3.ogg","HUSKEXO_damage3.ogg","ogg","9904","2025-06-08T21:11:02.8147456Z","C:\Program Files (x86)\Steam\steamapps\common\Barotrauma\Content\Characters\Husk_exosuit\HUSKEXO_damage3.ogg"
"Content/Characters/Husk_exosuit/HUSKEXO_death1.ogg","HUSKEXO_death1.ogg","ogg","12369","2025-06-08T21:11:04.7703909Z","C:\Program Files (x86)\Steam\steamapps\common\Barotrauma\Content\Characters\Husk_exosuit\HUSKEXO_death1.ogg"
"Content/Characters/Husk_exosuit/HUSKEXO_death2.ogg","HUSKEXO_death2.ogg","ogg","11314","2025-06-08T21:11:04.7693905Z","C:\Program Files (x86)\Steam\steamapps\common\Barotrauma\Content\Characters\Husk_exosuit\HUSKEXO_death2.ogg"
"Content/Characters/Husk_exosuit/HUSKEXO_idle1.ogg","HUSKEXO_idle1.ogg","ogg","11387","2025-06-08T21:11:03.7633869Z","C:\Program Files (x86)\Steam\steamapps\common\Barotrauma\Content\Characters\Husk_exosuit\HUSKEXO_idle1.ogg"
"Content/Characters/Husk_exosuit/HUSKEXO_idle2.ogg","HUSKEXO_idle2.ogg","ogg","11993","2025-06-08T21:11:05.2840760Z","C:\Program Files (x86)\Steam\steamapps\common\Barotrauma\Content\Characters\Husk_exosuit\HUSKEXO_idle2.ogg"
"Content/Characters/Husk_exosuit/HUSKEXO_idle3.ogg","HUSKEXO_idle3.ogg","ogg","11020","2025-06-08T21:11:02.8177456Z","C:\Program Files (x86)\Steam\steamapps\common\Barotrauma\Content\Characters\Husk_exosuit\HUSKEXO_idle3.ogg"
"Content/Characters/Husk_exosuit/HUSKEXO_idle4.ogg","HUSKEXO_idle4.ogg","ogg","11162","2025-06-08T21:11:05.9927441Z","C:\Program Files (x86)\Steam\steamapps\common\Barotrauma\Content\Characters\Husk_exosuit\HUSKEXO_idle4.ogg"
"Content/Characters/Husk_exosuit/Ragdolls/Husk_exosuitRagdoll.xml","Husk_exosuitRagdoll.xml","xml","62666","2025-06-08T21:11:05.9845984Z","C:\Program Files (x86)\Steam\steamapps\common\Barotrauma\Content\Characters\Husk_exosuit\Ragdolls\Husk_exosuitRagdoll.xml"
"Content/Characters/Husk_prowler/Animations/Husk_prowlerRun.xml","Husk_prowlerRun.xml","xml","1494","2025-06-08T21:11:05.2830730Z","C:\Program Files (x86)\Steam\steamapps\common\Barotrauma\Content\Characters\Husk_prowler\Animations\Husk_prowlerRun.xml"
"Content/Characters/Husk_prowler/Animations/Husk_prowlerSwimFast.xml","Husk_prowlerSwimFast.xml","xml","888","2025-06-08T21:11:04.4660967Z","C:\Program Files (x86)\Steam\steamapps\common\Barotrauma\Content\Characters\Husk_prowler\Animations\Husk_prowlerSwimFast.xml"
"Content/Characters/Husk_prowler/Animations/Husk_prowlerSwimSlow.xml","Husk_prowlerSwimSlow.xml","xml","886","2025-06-08T21:11:04.4660967Z","C:\Program Files (x86)\Steam\steamapps\common\Barotrauma\Content\Characters\Husk_prowler\Animations\Husk_prowlerSwimSlow.xml"
"Content/Characters/Husk_prowler/Animations/Husk_prowlerWalk.xml","Husk_prowlerWalk.xml","xml","1517","2025-06-08T21:11:04.4670966Z","C:\Program Files (x86)\Steam\steamapps\common\Barotrauma\Content\Characters\Husk_prowler\Animations\Husk_prowlerWalk.xml"
"Content/Characters/Husk_prowler/Husk_prowler.png","Husk_prowler.png","png","50585","2025-06-08T21:11:04.7693905Z","C:\Program Files (x86)\Steam\steamapps\common\Barotrauma\Content\Characters\Husk_prowler\Husk_prowler.png"
"Content/Characters/Husk_prowler/Husk_prowler.xml","Husk_prowler.xml","xml","14571","2026-04-09T15:55:12.9881465Z","C:\Program Files (x86)\Steam\steamapps\common\Barotrauma\Content\Characters\Husk_prowler\Husk_prowler.xml"
"Content/Characters/Husk_prowler/HUSKPROWLER_attack1.ogg","HUSKPROWLER_attack1.ogg","ogg","14355","2025-06-08T21:11:05.2780736Z","C:\Program Files (x86)\Steam\steamapps\common\Barotrauma\Content\Characters\Husk_prowler\HUSKPROWLER_attack1.ogg"
"Content/Characters/Husk_prowler/HUSKPROWLER_attack2.ogg","HUSKPROWLER_attack2.ogg","ogg","12784","2025-06-08T21:11:05.2880754Z","C:\Program Files (x86)\Steam\steamapps\common\Barotrauma\Content\Characters\Husk_prowler\HUSKPROWLER_attack2.ogg"
"Content/Characters/Husk_prowler/HUSKPROWLER_attack3.ogg","HUSKPROWLER_attack3.ogg","ogg","14450","2025-06-08T21:11:05.2880754Z","C:\Program Files (x86)\Steam\steamapps\common\Barotrauma\Content\Characters\Husk_prowler\HUSKPROWLER_attack3.ogg"
"Content/Characters/Husk_prowler/HUSKPROWLER_attack4.ogg","HUSKPROWLER_attack4.ogg","ogg","13170","2025-06-08T21:11:02.8157456Z","C:\Program Files (x86)\Steam\steamapps\common\Barotrauma\Content\Characters\Husk_prowler\HUSKPROWLER_attack4.ogg"
"Content/Characters/Husk_prowler/HUSKPROWLER_damage1.ogg","HUSKPROWLER_damage1.ogg","ogg","9120","2025-06-08T21:11:03.7653867Z","C:\Program Files (x86)\Steam\steamapps\common\Barotrauma\Content\Characters\Husk_prowler\HUSKPROWLER_damage1.ogg"
"Content/Characters/Husk_prowler/HUSKPROWLER_damage2.ogg","HUSKPROWLER_damage2.ogg","ogg","10349","2025-06-08T21:11:05.9927441Z","C:\Program Files (x86)\Steam\steamapps\common\Barotrauma\Content\Characters\Husk_prowler\HUSKPROWLER_damage2.ogg"
"Content/Characters/Husk_prowler/HUSKPROWLER_damage3.ogg","HUSKPROWLER_damage3.ogg","ogg","9503","2025-06-08T21:11:04.4651042Z","C:\Program Files (x86)\Steam\steamapps\common\Barotrauma\Content\Characters\Husk_prowler\HUSKPROWLER_damage3.ogg"
"Content/Characters/Husk_prowler/HUSKPROWLER_death1.ogg","HUSKPROWLER_death1.ogg","ogg","12581","2025-06-08T21:11:05.9937449Z","C:\Program Files (x86)\Steam\steamapps\common\Barotrauma\Content\Characters\Husk_prowler\HUSKPROWLER_death1.ogg"
"Content/Characters/Husk_prowler/HUSKPROWLER_death2.ogg","HUSKPROWLER_death2.ogg","ogg","12379","2025-06-08T21:11:04.7683911Z","C:\Program Files (x86)\Steam\steamapps\common\Barotrauma\Content\Characters\Husk_prowler\HUSKPROWLER_death2.ogg"
"Content/Characters/Husk_prowler/HUSKPROWLER_idle1.ogg","HUSKPROWLER_idle1.ogg","ogg","11158","2025-06-08T21:11:05.2830730Z","C:\Program Files (x86)\Steam\steamapps\common\Barotrauma\Content\Characters\Husk_prowler\HUSKPROWLER_idle1.ogg"
"Content/Characters/Husk_prowler/HUSKPROWLER_idle2.ogg","HUSKPROWLER_idle2.ogg","ogg","11771","2025-06-08T21:11:02.8177456Z","C:\Program Files (x86)\Steam\steamapps\common\Barotrauma\Content\Characters\Husk_prowler\HUSKPROWLER_idle2.ogg"
"Content/Characters/Husk_prowler/HUSKPROWLER_idle3.ogg","HUSKPROWLER_idle3.ogg","ogg","11091","2025-06-08T21:11:04.4660967Z","C:\Program Files (x86)\Steam\steamapps\common\Barotrauma\Content\Characters\Husk_prowler\HUSKPROWLER_idle3.ogg"
"Content/Characters/Husk_prowler/HUSKPROWLER_idle4.ogg","HUSKPROWLER_idle4.ogg","ogg","11806","2025-06-08T21:11:04.7663907Z","C:\Program Files (x86)\Steam\steamapps\common\Barotrauma\Content\Characters\Husk_prowler\HUSKPROWLER_idle4.ogg"
"Content/Characters/Husk_prowler/Ragdolls/Husk_prowlerRagdoll.xml","Husk_prowlerRagdoll.xml","xml","50398","2025-06-08T21:11:02.8177456Z","C:\Program Files (x86)\Steam\steamapps\common\Barotrauma\Content\Characters\Husk_prowler\Ragdolls\Husk_prowlerRagdoll.xml"
"Content/Characters/Huskcontainer/Animations/HuskcontainerRun.xml","HuskcontainerRun.xml","xml","841","2025-06-08T21:11:04.6399709Z","C:\Program Files (x86)\Steam\steamapps\common\Barotrauma\Content\Characters\Huskcontainer\Animations\HuskcontainerRun.xml"
"Content/Characters/Huskcontainer/Animations/HuskcontainerSwimFast.xml","HuskcontainerSwimFast.xml","xml","601","2025-06-08T21:11:03.7683869Z","C:\Program Files (x86)\Steam\steamapps\common\Barotrauma\Content\Characters\Huskcontainer\Animations\HuskcontainerSwimFast.xml"
"Content/Characters/Huskcontainer/Animations/HuskcontainerSwimSlow.xml","HuskcontainerSwimSlow.xml","xml","608","2025-06-08T21:11:05.8094236Z","C:\Program Files (x86)\Steam\steamapps\common\Barotrauma\Content\Characters\Huskcontainer\Animations\HuskcontainerSwimSlow.xml"
"Content/Characters/Huskcontainer/Animations/HuskcontainerWalk.xml","HuskcontainerWalk.xml","xml","845","2025-06-08T21:11:04.6449727Z","C:\Program Files (x86)\Steam\steamapps\common\Barotrauma\Content\Characters\Huskcontainer\Animations\HuskcontainerWalk.xml"
"Content/Characters/Huskcontainer/Huskcontainer.xml","Huskcontainer.xml","xml","7606","2026-04-09T15:55:12.9871465Z","C:\Program Files (x86)\Steam\steamapps\common\Barotrauma\Content\Characters\Huskcontainer\Huskcontainer.xml"
"Content/Characters/Huskcontainer/Ragdolls/HuskcontainerDefaultRagdoll.xml","HuskcontainerDefaultRagdoll.xml","xml","16083","2026-04-09T15:55:13.0855776Z","C:\Program Files (x86)\Steam\steamapps\common\Barotrauma\Content\Characters\Huskcontainer\Ragdolls\HuskcontainerDefaultRagdoll.xml"
"Content/Characters/Jove/Animations/JoveSwimFast.xml","JoveSwimFast.xml","xml","579","2025-06-08T21:11:03.7693863Z","C:\Program Files (x86)\Steam\steamapps\common\Barotrauma\Content\Characters\Jove\Animations\JoveSwimFast.xml"
"Content/Characters/Jove/Animations/JoveSwimSlow.xml","JoveSwimSlow.xml","xml","583","2025-06-08T21:11:05.9917453Z","C:\Program Files (x86)\Steam\steamapps\common\Barotrauma\Content\Characters\Jove\Animations\JoveSwimSlow.xml"
"Content/Characters/Jove/Jove.png","Jove.png","png","1689470","2025-06-08T21:11:01.9052445Z","C:\Program Files (x86)\Steam\steamapps\common\Barotrauma\Content\Characters\Jove\Jove.png"
"Content/Characters/Jove/Jove.xml","Jove.xml","xml","8925","2025-06-08T21:11:05.9857422Z","C:\Program Files (x86)\Steam\steamapps\common\Barotrauma\Content\Characters\Jove\Jove.xml"
"Content/Characters/Jove/JOVE_collapse.ogg","JOVE_collapse.ogg","ogg","1793949","2025-06-08T21:11:01.9052445Z","C:\Program Files (x86)\Steam\steamapps\common\Barotrauma\Content\Characters\Jove\JOVE_collapse.ogg"
"Content/Characters/Jove/JOVE_damage1.ogg","JOVE_damage1.ogg","ogg","183374","2025-06-08T21:11:05.3410137Z","C:\Program Files (x86)\Steam\steamapps\common\Barotrauma\Content\Characters\Jove\JOVE_damage1.ogg"
"Content/Characters/Jove/JOVE_damage2.ogg","JOVE_damage2.ogg","ogg","153516","2025-06-08T21:11:05.0632626Z","C:\Program Files (x86)\Steam\steamapps\common\Barotrauma\Content\Characters\Jove\JOVE_damage2.ogg"
"Content/Characters/Jove/JOVE_damage3.ogg","JOVE_damage3.ogg","ogg","146613","2025-06-08T21:11:05.0652612Z","C:\Program Files (x86)\Steam\steamapps\common\Barotrauma\Content\Characters\Jove\JOVE_damage3.ogg"
"Content/Characters/Jove/JOVE_damage4.ogg","JOVE_damage4.ogg","ogg","153067","2025-06-08T21:11:02.8207454Z","C:\Program Files (x86)\Steam\steamapps\common\Barotrauma\Content\Characters\Jove\JOVE_damage4.ogg"
"Content/Characters/Jove/JOVE_damage5.ogg","JOVE_damage5.ogg","ogg","167422","2025-06-08T21:11:02.8187455Z","C:\Program Files (x86)\Steam\steamapps\common\Barotrauma\Content\Characters\Jove\JOVE_damage5.ogg"
"Content/Characters/Jove/JOVE_damage6.ogg","JOVE_damage6.ogg","ogg","189177","2025-06-08T21:11:03.7673866Z","C:\Program Files (x86)\Steam\steamapps\common\Barotrauma\Content\Characters\Jove\JOVE_damage6.ogg"
"Content/Characters/Jove/JOVE_dead1.ogg","JOVE_dead1.ogg","ogg","250596","2025-06-08T21:11:05.1210474Z","C:\Program Files (x86)\Steam\steamapps\common\Barotrauma\Content\Characters\Jove\JOVE_dead1.ogg"
"Content/Characters/Jove/JOVE_emp.ogg","JOVE_emp.ogg","ogg","179593","2025-06-08T21:11:03.7693863Z","C:\Program Files (x86)\Steam\steamapps\common\Barotrauma\Content\Characters\Jove\JOVE_emp.ogg"
"Content/Characters/Jove/JOVE_idle1.ogg","JOVE_idle1.ogg","ogg","227065","2025-06-08T21:11:03.8084096Z","C:\Program Files (x86)\Steam\steamapps\common\Barotrauma\Content\Characters\Jove\JOVE_idle1.ogg"
"Content/Characters/Jove/JOVE_idle2.ogg","JOVE_idle2.ogg","ogg","239990","2025-06-08T21:11:05.2820724Z","C:\Program Files (x86)\Steam\steamapps\common\Barotrauma\Content\Characters\Jove\JOVE_idle2.ogg"
"Content/Characters/Jove/JOVE_idle3.ogg","JOVE_idle3.ogg","ogg","197375","2025-06-08T21:11:06.6473334Z","C:\Program Files (x86)\Steam\steamapps\common\Barotrauma\Content\Characters\Jove\JOVE_idle3.ogg"
"Content/Characters/Jove/JOVE_idle4.ogg","JOVE_idle4.ogg","ogg","207338","2025-06-08T21:11:03.8084096Z","C:\Program Files (x86)\Steam\steamapps\common\Barotrauma\Content\Characters\Jove\JOVE_idle4.ogg"
"Content/Characters/Jove/JOVE_projectile1.ogg","JOVE_projectile1.ogg","ogg","114722","2025-06-08T21:11:05.2840760Z","C:\Program Files (x86)\Steam\steamapps\common\Barotrauma\Content\Characters\Jove\JOVE_projectile1.ogg"
"Content/Characters/Jove/JOVE_projectile2.ogg","JOVE_projectile2.ogg","ogg","186648","2025-06-08T21:11:05.4414497Z","C:\Program Files (x86)\Steam\steamapps\common\Barotrauma\Content\Characters\Jove\JOVE_projectile2.ogg"
"Content/Characters/Jove/JOVE_projectile3.ogg","JOVE_projectile3.ogg","ogg","188042","2025-06-08T21:11:02.8207454Z","C:\Program Files (x86)\Steam\steamapps\common\Barotrauma\Content\Characters\Jove\JOVE_projectile3.ogg"
"Content/Characters/Jove/JOVE_projectile4.ogg","JOVE_projectile4.ogg","ogg","149977","2025-06-08T21:11:03.8044092Z","C:\Program Files (x86)\Steam\steamapps\common\Barotrauma\Content\Characters\Jove\JOVE_projectile4.ogg"
"Content/Characters/Jove/JOVE_projectileLoop.ogg","JOVE_projectileLoop.ogg","ogg","320526","2025-06-08T21:11:01.9052445Z","C:\Program Files (x86)\Steam\steamapps\common\Barotrauma\Content\Characters\Jove\JOVE_projectileLoop.ogg"
"Content/Characters/Jove/JOVE_pylonDestroyed.ogg","JOVE_pylonDestroyed.ogg","ogg","203725","2025-06-08T21:11:06.6953475Z","C:\Program Files (x86)\Steam\steamapps\common\Barotrauma\Content\Characters\Jove\JOVE_pylonDestroyed.ogg"
"Content/Characters/Jove/JOVE_sleepingLoop.ogg","JOVE_sleepingLoop.ogg","ogg","334601","2025-06-08T21:11:01.9052445Z","C:\Program Files (x86)\Steam\steamapps\common\Barotrauma\Content\Characters\Jove\JOVE_sleepingLoop.ogg"
"Content/Characters/Jove/Ragdolls/JoveDefaultRagdoll.xml","JoveDefaultRagdoll.xml","xml","58713","2025-06-08T21:11:06.6953475Z","C:\Program Files (x86)\Steam\steamapps\common\Barotrauma\Content\Characters\Jove\Ragdolls\JoveDefaultRagdoll.xml"
"Content/Characters/Jove/Ragdolls/JoveDefaultRagdoll_nondeformed.xml","JoveDefaultRagdoll_nondeformed.xml","xml","55162","2025-06-08T21:11:05.2870754Z","C:\Program Files (x86)\Steam\steamapps\common\Barotrauma\Content\Characters\Jove\Ragdolls\JoveDefaultRagdoll_nondeformed.xml"
"Content/Characters/Latcher/ABYSSM_attack.ogg","ABYSSM_attack.ogg","ogg","112693","2025-06-08T21:11:06.8913279Z","C:\Program Files (x86)\Steam\steamapps\common\Barotrauma\Content\Characters\Latcher\ABYSSM_attack.ogg"
"Content/Characters/Latcher/ABYSSM_attack_1.ogg","ABYSSM_attack_1.ogg","ogg","60421","2025-06-08T21:11:03.8054094Z","C:\Program Files (x86)\Steam\steamapps\common\Barotrauma\Content\Characters\Latcher\ABYSSM_attack_1.ogg"
"Content/Characters/Latcher/ABYSSM_attack_2.ogg","ABYSSM_attack_2.ogg","ogg","67225","2025-06-08T21:11:03.8694486Z","C:\Program Files (x86)\Steam\steamapps\common\Barotrauma\Content\Characters\Latcher\ABYSSM_attack_2.ogg"
"Content/Characters/Latcher/ABYSSM_attack_3.ogg","ABYSSM_attack_3.ogg","ogg","86285","2025-06-08T21:11:05.2820724Z","C:\Program Files (x86)\Steam\steamapps\common\Barotrauma\Content\Characters\Latcher\ABYSSM_attack_3.ogg"
"Content/Characters/Latcher/ABYSSM_attack_4.ogg","ABYSSM_attack_4.ogg","ogg","80025","2025-06-08T21:11:03.8744507Z","C:\Program Files (x86)\Steam\steamapps\common\Barotrauma\Content\Characters\Latcher\ABYSSM_attack_4.ogg"
"Content/Characters/Latcher/ABYSSM_bite.ogg","ABYSSM_bite.ogg","ogg","62005","2025-06-08T21:11:02.8187455Z","C:\Program Files (x86)\Steam\steamapps\common\Barotrauma\Content\Characters\Latcher\ABYSSM_bite.ogg"
"Content/Characters/Latcher/ABYSSM_bite_1.ogg","ABYSSM_bite_1.ogg","ogg","66026","2025-06-08T21:11:02.8167457Z","C:\Program Files (x86)\Steam\steamapps\common\Barotrauma\Content\Characters\Latcher\ABYSSM_bite_1.ogg"
"Content/Characters/Latcher/ABYSSM_damage.ogg","ABYSSM_damage.ogg","ogg","73983","2025-06-08T21:11:05.4404505Z","C:\Program Files (x86)\Steam\steamapps\common\Barotrauma\Content\Characters\Latcher\ABYSSM_damage.ogg"
"Content/Characters/Latcher/ABYSSM_damage_1.ogg","ABYSSM_damage_1.ogg","ogg","84814","2025-06-08T21:11:03.8734494Z","C:\Program Files (x86)\Steam\steamapps\common\Barotrauma\Content\Characters\Latcher\ABYSSM_damage_1.ogg"
"Content/Characters/Latcher/ABYSSM_damage_2.ogg","ABYSSM_damage_2.ogg","ogg","46844","2025-06-08T21:11:02.8147456Z","C:\Program Files (x86)\Steam\steamapps\common\Barotrauma\Content\Characters\Latcher\ABYSSM_damage_2.ogg"
"Content/Characters/Latcher/ABYSSM_damage_3.ogg","ABYSSM_damage_3.ogg","ogg","74453","2025-06-08T21:11:02.8137459Z","C:\Program Files (x86)\Steam\steamapps\common\Barotrauma\Content\Characters\Latcher\ABYSSM_damage_3.ogg"
"Content/Characters/Latcher/ABYSSM_escape.ogg","ABYSSM_escape.ogg","ogg","167833","2025-06-08T21:11:05.3851160Z","C:\Program Files (x86)\Steam\steamapps\common\Barotrauma\Content\Characters\Latcher\ABYSSM_escape.ogg"
"Content/Characters/Latcher/ABYSSM_escape_1.ogg","ABYSSM_escape_1.ogg","ogg","134394","2025-06-08T21:11:05.5085485Z","C:\Program Files (x86)\Steam\steamapps\common\Barotrauma\Content\Characters\Latcher\ABYSSM_escape_1.ogg"
"Content/Characters/Latcher/ABYSSM_idle.ogg","ABYSSM_idle.ogg","ogg","142461","2025-06-08T21:11:02.8217453Z","C:\Program Files (x86)\Steam\steamapps\common\Barotrauma\Content\Characters\Latcher\ABYSSM_idle.ogg"
"Content/Characters/Latcher/ABYSSM_idle_1.ogg","ABYSSM_idle_1.ogg","ogg","144402","2025-06-08T21:11:03.9278834Z","C:\Program Files (x86)\Steam\steamapps\common\Barotrauma\Content\Characters\Latcher\ABYSSM_idle_1.ogg"
"Content/Characters/Latcher/ABYSSM_idle_2.ogg","ABYSSM_idle_2.ogg","ogg","155482","2025-06-08T21:11:05.5085485Z","C:\Program Files (x86)\Steam\steamapps\common\Barotrauma\Content\Characters\Latcher\ABYSSM_idle_2.ogg"
"Content/Characters/Latcher/ABYSSM_idle_3.ogg","ABYSSM_idle_3.ogg","ogg","185675","2025-06-08T21:11:03.9268829Z","C:\Program Files (x86)\Steam\steamapps\common\Barotrauma\Content\Characters\Latcher\ABYSSM_idle_3.ogg"
"Content/Characters/Latcher/ABYSSM_movingLoop.ogg","ABYSSM_movingLoop.ogg","ogg","450391","2025-06-08T21:11:01.9062443Z","C:\Program Files (x86)\Steam\steamapps\common\Barotrauma\Content\Characters\Latcher\ABYSSM_movingLoop.ogg"
"Content/Characters/Latcher/ABYSSM_swallow.ogg","ABYSSM_swallow.ogg","ogg","147298","2025-06-08T21:11:06.9510502Z","C:\Program Files (x86)\Steam\steamapps\common\Barotrauma\Content\Characters\Latcher\ABYSSM_swallow.ogg"
"Content/Characters/Latcher/ABYSSM_swallow_1.ogg","ABYSSM_swallow_1.ogg","ogg","115621","2025-06-08T21:11:03.9914471Z","C:\Program Files (x86)\Steam\steamapps\common\Barotrauma\Content\Characters\Latcher\ABYSSM_swallow_1.ogg"
"Content/Characters/Latcher/ABYSSM_teeth.ogg","ABYSSM_teeth.ogg","ogg","69958","2025-06-08T21:11:05.5672159Z","C:\Program Files (x86)\Steam\steamapps\common\Barotrauma\Content\Characters\Latcher\ABYSSM_teeth.ogg"
"Content/Characters/Latcher/ABYSSM_tongueHit.ogg","ABYSSM_tongueHit.ogg","ogg","78253","2025-06-08T21:11:05.5682156Z","C:\Program Files (x86)\Steam\steamapps\common\Barotrauma\Content\Characters\Latcher\ABYSSM_tongueHit.ogg"
"Content/Characters/Latcher/ABYSSM_tongueHit_1.ogg","ABYSSM_tongueHit_1.ogg","ogg","78638","2025-06-08T21:11:05.5642156Z","C:\Program Files (x86)\Steam\steamapps\common\Barotrauma\Content\Characters\Latcher\ABYSSM_tongueHit_1.ogg"
"Content/Characters/Latcher/ABYSSM_tongueMove.ogg","ABYSSM_tongueMove.ogg","ogg","49205","2025-06-08T21:11:05.5642156Z","C:\Program Files (x86)\Steam\steamapps\common\Barotrauma\Content\Characters\Latcher\ABYSSM_tongueMove.ogg"
"Content/Characters/Latcher/ABYSSM_tongueMove_1.ogg","ABYSSM_tongueMove_1.ogg","ogg","60567","2025-06-08T21:11:05.5662157Z","C:\Program Files (x86)\Steam\steamapps\common\Barotrauma\Content\Characters\Latcher\ABYSSM_tongueMove_1.ogg"
"Content/Characters/Latcher/Animations/LatcherSwimFast.xml","LatcherSwimFast.xml","xml","564","2025-06-08T21:11:05.5075409Z","C:\Program Files (x86)\Steam\steamapps\common\Barotrauma\Content\Characters\Latcher\Animations\LatcherSwimFast.xml"
"Content/Characters/Latcher/Animations/LatcherSwimSlow.xml","LatcherSwimSlow.xml","xml","560","2025-06-08T21:11:05.5065486Z","C:\Program Files (x86)\Steam\steamapps\common\Barotrauma\Content\Characters\Latcher\Animations\LatcherSwimSlow.xml"
"Content/Characters/Latcher/Latcher.png","Latcher.png","png","1701170","2025-06-08T21:11:01.9072448Z","C:\Program Files (x86)\Steam\steamapps\common\Barotrauma\Content\Characters\Latcher\Latcher.png"
"Content/Characters/Latcher/Latcher.xml","Latcher.xml","xml","9767","2025-06-19T20:07:27.4683913Z","C:\Program Files (x86)\Steam\steamapps\common\Barotrauma\Content\Characters\Latcher\Latcher.xml"
"Content/Characters/Latcher/Ragdolls/LatcherDefaultRagdoll.xml","LatcherDefaultRagdoll.xml","xml","115396","2025-06-08T21:11:02.8207454Z","C:\Program Files (x86)\Steam\steamapps\common\Barotrauma\Content\Characters\Latcher\Ragdolls\LatcherDefaultRagdoll.xml"
"Content/Characters/Legacycharybdis/Animations/LegacycharybdisSwimFast.xml","LegacycharybdisSwimFast.xml","xml","374","2025-06-08T21:11:06.0397948Z","C:\Program Files (x86)\Steam\steamapps\common\Barotrauma\Content\Characters\Legacycharybdis\Animations\LegacycharybdisSwimFast.xml"
"Content/Characters/Legacycharybdis/Animations/LegacycharybdisSwimSlow.xml","LegacycharybdisSwimSlow.xml","xml","374","2025-06-08T21:11:06.0387947Z","C:\Program Files (x86)\Steam\steamapps\common\Barotrauma\Content\Characters\Legacycharybdis\Animations\LegacycharybdisSwimSlow.xml"
"Content/Characters/Legacycharybdis/charybdis.png","charybdis.png","png","583065","2025-06-08T21:11:01.9082442Z","C:\Program Files (x86)\Steam\steamapps\common\Barotrauma\Content\Characters\Legacycharybdis\charybdis.png"
"Content/Characters/Legacycharybdis/charybdisattack.ogg","charybdisattack.ogg","ogg","77683","2025-06-08T21:11:02.8797389Z","C:\Program Files (x86)\Steam\steamapps\common\Barotrauma\Content\Characters\Legacycharybdis\charybdisattack.ogg"
"Content/Characters/Legacycharybdis/Legacycharybdis.xml","Legacycharybdis.xml","xml","1417","2025-06-08T21:11:05.5065486Z","C:\Program Files (x86)\Steam\steamapps\common\Barotrauma\Content\Characters\Legacycharybdis\Legacycharybdis.xml"
"Content/Characters/Legacycharybdis/Ragdolls/LegacycharybdisDefaultRagdoll.xml","LegacycharybdisDefaultRagdoll.xml","xml","2142","2025-06-08T21:11:05.5075409Z","C:\Program Files (x86)\Steam\steamapps\common\Barotrauma\Content\Characters\Legacycharybdis\Ragdolls\LegacycharybdisDefaultRagdoll.xml"
"Content/Characters/Legacycrawler/Animations/LegacycrawlerRun.xml","LegacycrawlerRun.xml","xml","513","2025-06-08T21:11:07.4688538Z","C:\Program Files (x86)\Steam\steamapps\common\Barotrauma\Content\Characters\Legacycrawler\Animations\LegacycrawlerRun.xml"
"Content/Characters/Legacycrawler/Animations/LegacycrawlerSwimFast.xml","LegacycrawlerSwimFast.xml","xml","454","2025-06-08T21:11:07.4688538Z","C:\Program Files (x86)\Steam\steamapps\common\Barotrauma\Content\Characters\Legacycrawler\Animations\LegacycrawlerSwimFast.xml"
"Content/Characters/Legacycrawler/Animations/LegacycrawlerSwimSlow.xml","LegacycrawlerSwimSlow.xml","xml","454","2025-06-08T21:11:05.5055486Z","C:\Program Files (x86)\Steam\steamapps\common\Barotrauma\Content\Characters\Legacycrawler\Animations\LegacycrawlerSwimSlow.xml"
"Content/Characters/Legacycrawler/Animations/LegacycrawlerWalk.xml","LegacycrawlerWalk.xml","xml","518","2025-06-08T21:11:06.0387947Z","C:\Program Files (x86)\Steam\steamapps\common\Barotrauma\Content\Characters\Legacycrawler\Animations\LegacycrawlerWalk.xml"
"Content/Characters/Legacycrawler/attack1.ogg","attack1.ogg","ogg","23445","2025-06-08T21:11:05.5682156Z","C:\Program Files (x86)\Steam\steamapps\common\Barotrauma\Content\Characters\Legacycrawler\attack1.ogg"
"Content/Characters/Legacycrawler/attack2.ogg","attack2.ogg","ogg","34437","2025-06-08T21:11:06.1003084Z","C:\Program Files (x86)\Steam\steamapps\common\Barotrauma\Content\Characters\Legacycrawler\attack2.ogg"
"Content/Characters/Legacycrawler/idle1.ogg","idle1.ogg","ogg","28449","2025-06-08T21:11:07.5246964Z","C:\Program Files (x86)\Steam\steamapps\common\Barotrauma\Content\Characters\Legacycrawler\idle1.ogg"
"Content/Characters/Legacycrawler/idle2.ogg","idle2.ogg","ogg","24074","2025-06-08T21:11:02.8747381Z","C:\Program Files (x86)\Steam\steamapps\common\Barotrauma\Content\Characters\Legacycrawler\idle2.ogg"
"Content/Characters/Legacycrawler/legacycrawler.png","legacycrawler.png","png","35975","2025-06-08T21:11:05.5662157Z","C:\Program Files (x86)\Steam\steamapps\common\Barotrauma\Content\Characters\Legacycrawler\legacycrawler.png"
"Content/Characters/Legacycrawler/Legacycrawler.xml","Legacycrawler.xml","xml","2587","2025-06-08T21:11:03.9278834Z","C:\Program Files (x86)\Steam\steamapps\common\Barotrauma\Content\Characters\Legacycrawler\Legacycrawler.xml"
"Content/Characters/Legacycrawler/Ragdolls/LegacycrawlerDefaultRagdoll.xml","LegacycrawlerDefaultRagdoll.xml","xml","7406","2025-06-08T21:11:05.5662157Z","C:\Program Files (x86)\Steam\steamapps\common\Barotrauma\Content\Characters\Legacycrawler\Ragdolls\LegacycrawlerDefaultRagdoll.xml"
"Content/Characters/Legacyendworm/Animations/LegacyendwormSwimFast.xml","LegacyendwormSwimFast.xml","xml","354","2025-06-08T21:11:02.8797389Z","C:\Program Files (x86)\Steam\steamapps\common\Barotrauma\Content\Characters\Legacyendworm\Animations\LegacyendwormSwimFast.xml"
"Content/Characters/Legacyendworm/Animations/LegacyendwormSwimSlow.xml","LegacyendwormSwimSlow.xml","xml","380","2025-06-08T21:11:05.5652157Z","C:\Program Files (x86)\Steam\steamapps\common\Barotrauma\Content\Characters\Legacyendworm\Animations\LegacyendwormSwimSlow.xml"
"Content/Characters/Legacyendworm/endworm.png","endworm.png","png","995308","2025-06-08T21:11:01.9102436Z","C:\Program Files (x86)\Steam\steamapps\common\Barotrauma\Content\Characters\Legacyendworm\endworm.png"
"Content/Characters/Legacyendworm/ENDWORM_attack1.ogg","ENDWORM_attack1.ogg","ogg","26557","2025-06-08T21:11:05.6235595Z","C:\Program Files (x86)\Steam\steamapps\common\Barotrauma\Content\Characters\Legacyendworm\ENDWORM_attack1.ogg"
"Content/Characters/Legacyendworm/ENDWORM_attack2.ogg","ENDWORM_attack2.ogg","ogg","27536","2025-06-08T21:11:05.6275593Z","C:\Program Files (x86)\Steam\steamapps\common\Barotrauma\Content\Characters\Legacyendworm\ENDWORM_attack2.ogg"
"Content/Characters/Legacyendworm/ENDWORM_attack3.ogg","ENDWORM_attack3.ogg","ogg","27506","2025-06-08T21:11:03.9894489Z","C:\Program Files (x86)\Steam\steamapps\common\Barotrauma\Content\Characters\Legacyendworm\ENDWORM_attack3.ogg"
"Content/Characters/Legacyendworm/ENDWORM_damage1.ogg","ENDWORM_damage1.ogg","ogg","15410","2025-06-08T21:11:03.9894489Z","C:\Program Files (x86)\Steam\steamapps\common\Barotrauma\Content\Characters\Legacyendworm\ENDWORM_damage1.ogg"
"Content/Characters/Legacyendworm/ENDWORM_damage2.ogg","ENDWORM_damage2.ogg","ogg","15852","2025-06-08T21:11:03.9924605Z","C:\Program Files (x86)\Steam\steamapps\common\Barotrauma\Content\Characters\Legacyendworm\ENDWORM_damage2.ogg"
"Content/Characters/Legacyendworm/ENDWORM_damage3.ogg","ENDWORM_damage3.ogg","ogg","17371","2025-06-08T21:11:03.9924605Z","C:\Program Files (x86)\Steam\steamapps\common\Barotrauma\Content\Characters\Legacyendworm\ENDWORM_damage3.ogg"
"Content/Characters/Legacyendworm/ENDWORM_death1.ogg","ENDWORM_death1.ogg","ogg","37174","2025-06-08T21:11:05.9927441Z","C:\Program Files (x86)\Steam\steamapps\common\Barotrauma\Content\Characters\Legacyendworm\ENDWORM_death1.ogg"
"Content/Characters/Legacyendworm/ENDWORM_idle1.ogg","ENDWORM_idle1.ogg","ogg","53997","2025-06-08T21:11:07.5765991Z","C:\Program Files (x86)\Steam\steamapps\common\Barotrauma\Content\Characters\Legacyendworm\ENDWORM_idle1.ogg"
"Content/Characters/Legacyendworm/ENDWORM_idle2.ogg","ENDWORM_idle2.ogg","ogg","57028","2025-06-08T21:11:06.1003084Z","C:\Program Files (x86)\Steam\steamapps\common\Barotrauma\Content\Characters\Legacyendworm\ENDWORM_idle2.ogg"
"Content/Characters/Legacyendworm/ENDWORM_idle3.ogg","ENDWORM_idle3.ogg","ogg","51794","2025-06-08T21:11:07.5775993Z","C:\Program Files (x86)\Steam\steamapps\common\Barotrauma\Content\Characters\Legacyendworm\ENDWORM_idle3.ogg"
"Content/Characters/Legacyendworm/Legacyendworm.xml","Legacyendworm.xml","xml","1825","2025-06-08T21:11:02.8807386Z","C:\Program Files (x86)\Steam\steamapps\common\Barotrauma\Content\Characters\Legacyendworm\Legacyendworm.xml"
"Content/Characters/Legacyendworm/Ragdolls/LegacyendwormDefaultRagdoll.xml","LegacyendwormDefaultRagdoll.xml","xml","3279","2025-06-08T21:11:06.0397948Z","C:\Program Files (x86)\Steam\steamapps\common\Barotrauma\Content\Characters\Legacyendworm\Ragdolls\LegacyendwormDefaultRagdoll.xml"
"Content/Characters/Legacyfractalguardian/Animations/LegacyfractalguardianSwimFast.xml","LegacyfractalguardianSwimFast.xml","xml","364","2025-06-08T21:11:05.7449274Z","C:\Program Files (x86)\Steam\steamapps\common\Barotrauma\Content\Characters\Legacyfractalguardian\Animations\LegacyfractalguardianSwimFast.xml"
"Content/Characters/Legacyfractalguardian/Animations/LegacyfractalguardianSwimSlow.xml","LegacyfractalguardianSwimSlow.xml","xml","362","2025-06-08T21:11:02.8807386Z","C:\Program Files (x86)\Steam\steamapps\common\Barotrauma\Content\Characters\Legacyfractalguardian\Animations\LegacyfractalguardianSwimSlow.xml"
"Content/Characters/Legacyfractalguardian/fractalguardian.png","fractalguardian.png","png","185431","2025-06-08T21:11:03.9914471Z","C:\Program Files (x86)\Steam\steamapps\common\Barotrauma\Content\Characters\Legacyfractalguardian\fractalguardian.png"
"Content/Characters/Legacyfractalguardian/FRACTALGUARDIAN1_attack1.ogg","FRACTALGUARDIAN1_attack1.ogg","ogg","54265","2025-06-08T21:11:05.8674225Z","C:\Program Files (x86)\Steam\steamapps\common\Barotrauma\Content\Characters\Legacyfractalguardian\FRACTALGUARDIAN1_attack1.ogg"
"Content/Characters/Legacyfractalguardian/FRACTALGUARDIAN1_attack2.ogg","FRACTALGUARDIAN1_attack2.ogg","ogg","55830","2025-06-08T21:11:06.2151149Z","C:\Program Files (x86)\Steam\steamapps\common\Barotrauma\Content\Characters\Legacyfractalguardian\FRACTALGUARDIAN1_attack2.ogg"
"Content/Characters/Legacyfractalguardian/FRACTALGUARDIAN1_attack3.ogg","FRACTALGUARDIAN1_attack3.ogg","ogg","51212","2025-06-08T21:11:04.0641914Z","C:\Program Files (x86)\Steam\steamapps\common\Barotrauma\Content\Characters\Legacyfractalguardian\FRACTALGUARDIAN1_attack3.ogg"
"Content/Characters/Legacyfractalguardian/FRACTALGUARDIAN1_attack4.ogg","FRACTALGUARDIAN1_attack4.ogg","ogg","57809","2025-06-08T21:11:05.8674225Z","C:\Program Files (x86)\Steam\steamapps\common\Barotrauma\Content\Characters\Legacyfractalguardian\FRACTALGUARDIAN1_attack4.ogg"
"Content/Characters/Legacyfractalguardian/FRACTALGUARDIAN1_attack5.ogg","FRACTALGUARDIAN1_attack5.ogg","ogg","52993","2025-06-08T21:11:06.2141186Z","C:\Program Files (x86)\Steam\steamapps\common\Barotrauma\Content\Characters\Legacyfractalguardian\FRACTALGUARDIAN1_attack5.ogg"
"Content/Characters/Legacyfractalguardian/FRACTALGUARDIAN1_damage1.ogg","FRACTALGUARDIAN1_damage1.ogg","ogg","30323","2025-06-08T21:11:02.8797389Z","C:\Program Files (x86)\Steam\steamapps\common\Barotrauma\Content\Characters\Legacyfractalguardian\FRACTALGUARDIAN1_damage1.ogg"
"Content/Characters/Legacyfractalguardian/FRACTALGUARDIAN1_damage2.ogg","FRACTALGUARDIAN1_damage2.ogg","ogg","33616","2025-06-08T21:11:05.8154237Z","C:\Program Files (x86)\Steam\steamapps\common\Barotrauma\Content\Characters\Legacyfractalguardian\FRACTALGUARDIAN1_damage2.ogg"
"Content/Characters/Legacyfractalguardian/FRACTALGUARDIAN1_damage3.ogg","FRACTALGUARDIAN1_damage3.ogg","ogg","34049","2025-06-08T21:11:07.6983753Z","C:\Program Files (x86)\Steam\steamapps\common\Barotrauma\Content\Characters\Legacyfractalguardian\FRACTALGUARDIAN1_damage3.ogg"
"Content/Characters/Legacyfractalguardian/FRACTALGUARDIAN1_damage4.ogg","FRACTALGUARDIAN1_damage4.ogg","ogg","31314","2025-06-08T21:11:05.8104237Z","C:\Program Files (x86)\Steam\steamapps\common\Barotrauma\Content\Characters\Legacyfractalguardian\FRACTALGUARDIAN1_damage4.ogg"
"Content/Characters/Legacyfractalguardian/FRACTALGUARDIAN1_damage5.ogg","FRACTALGUARDIAN1_damage5.ogg","ogg","29151","2025-06-08T21:11:04.0661908Z","C:\Program Files (x86)\Steam\steamapps\common\Barotrauma\Content\Characters\Legacyfractalguardian\FRACTALGUARDIAN1_damage5.ogg"
"Content/Characters/Legacyfractalguardian/FRACTALGUARDIAN1_death1.ogg","FRACTALGUARDIAN1_death1.ogg","ogg","52835","2025-06-08T21:11:07.7571263Z","C:\Program Files (x86)\Steam\steamapps\common\Barotrauma\Content\Characters\Legacyfractalguardian\FRACTALGUARDIAN1_death1.ogg"
"Content/Characters/Legacyfractalguardian/FRACTALGUARDIAN1_death2.ogg","FRACTALGUARDIAN1_death2.ogg","ogg","54002","2025-06-08T21:11:06.2151149Z","C:\Program Files (x86)\Steam\steamapps\common\Barotrauma\Content\Characters\Legacyfractalguardian\FRACTALGUARDIAN1_death2.ogg"
"Content/Characters/Legacyfractalguardian/FRACTALGUARDIAN1_death3.ogg","FRACTALGUARDIAN1_death3.ogg","ogg","48543","2025-06-08T21:11:06.2151149Z","C:\Program Files (x86)\Steam\steamapps\common\Barotrauma\Content\Characters\Legacyfractalguardian\FRACTALGUARDIAN1_death3.ogg"
"Content/Characters/Legacyfractalguardian/FRACTALGUARDIAN1_death4.ogg","FRACTALGUARDIAN1_death4.ogg","ogg","53846","2025-06-08T21:11:06.2081154Z","C:\Program Files (x86)\Steam\steamapps\common\Barotrauma\Content\Characters\Legacyfractalguardian\FRACTALGUARDIAN1_death4.ogg"
"Content/Characters/Legacyfractalguardian/FRACTALGUARDIAN1_idle1.ogg","FRACTALGUARDIAN1_idle1.ogg","ogg","145052","2025-06-08T21:11:04.0661908Z","C:\Program Files (x86)\Steam\steamapps\common\Barotrauma\Content\Characters\Legacyfractalguardian\FRACTALGUARDIAN1_idle1.ogg"
"Content/Characters/Legacyfractalguardian/FRACTALGUARDIAN1_idle2.ogg","FRACTALGUARDIAN1_idle2.ogg","ogg","147416","2025-06-08T21:11:06.2161162Z","C:\Program Files (x86)\Steam\steamapps\common\Barotrauma\Content\Characters\Legacyfractalguardian\FRACTALGUARDIAN1_idle2.ogg"
"Content/Characters/Legacyfractalguardian/Legacyfractalguardian.xml","Legacyfractalguardian.xml","xml","2430","2025-06-08T21:11:07.7540918Z","C:\Program Files (x86)\Steam\steamapps\common\Barotrauma\Content\Characters\Legacyfractalguardian\Legacyfractalguardian.xml"
"Content/Characters/Legacyfractalguardian/Ragdolls/LegacyfractalguardianDefaultRagdoll.xml","LegacyfractalguardianDefaultRagdoll.xml","xml","2705","2025-06-08T21:11:04.0641914Z","C:\Program Files (x86)\Steam\steamapps\common\Barotrauma\Content\Characters\Legacyfractalguardian\Ragdolls\LegacyfractalguardianDefaultRagdoll.xml"
"Content/Characters/Legacyfractalguardian2/Animations/Legacyfractalguardian2SwimFast.xml","Legacyfractalguardian2SwimFast.xml","xml","363","2025-06-08T21:11:07.5246964Z","C:\Program Files (x86)\Steam\steamapps\common\Barotrauma\Content\Characters\Legacyfractalguardian2\Animations\Legacyfractalguardian2SwimFast.xml"
"Content/Characters/Legacyfractalguardian2/Animations/Legacyfractalguardian2SwimSlow.xml","Legacyfractalguardian2SwimSlow.xml","xml","361","2025-06-08T21:11:07.5256968Z","C:\Program Files (x86)\Steam\steamapps\common\Barotrauma\Content\Characters\Legacyfractalguardian2\Animations\Legacyfractalguardian2SwimSlow.xml"
"Content/Characters/Legacyfractalguardian2/FRACTALGUARDIAN2_attack1.ogg","FRACTALGUARDIAN2_attack1.ogg","ogg","48282","2025-06-08T21:11:07.5775993Z","C:\Program Files (x86)\Steam\steamapps\common\Barotrauma\Content\Characters\Legacyfractalguardian2\FRACTALGUARDIAN2_attack1.ogg"
"Content/Characters/Legacyfractalguardian2/FRACTALGUARDIAN2_attack2.ogg","FRACTALGUARDIAN2_attack2.ogg","ogg","50087","2025-06-08T21:11:02.8797389Z","C:\Program Files (x86)\Steam\steamapps\common\Barotrauma\Content\Characters\Legacyfractalguardian2\FRACTALGUARDIAN2_attack2.ogg"
"Content/Characters/Legacyfractalguardian2/FRACTALGUARDIAN2_attack3.ogg","FRACTALGUARDIAN2_attack3.ogg","ogg","41745","2025-06-08T21:11:05.6295606Z","C:\Program Files (x86)\Steam\steamapps\common\Barotrauma\Content\Characters\Legacyfractalguardian2\FRACTALGUARDIAN2_attack3.ogg"
"Content/Characters/Legacyfractalguardian2/FRACTALGUARDIAN2_attack4.ogg","FRACTALGUARDIAN2_attack4.ogg","ogg","51713","2025-06-08T21:11:07.6415532Z","C:\Program Files (x86)\Steam\steamapps\common\Barotrauma\Content\Characters\Legacyfractalguardian2\FRACTALGUARDIAN2_attack4.ogg"
"Content/Characters/Legacyfractalguardian2/FRACTALGUARDIAN2_attack5.ogg","FRACTALGUARDIAN2_attack5.ogg","ogg","49049","2025-06-08T21:11:03.9884472Z","C:\Program Files (x86)\Steam\steamapps\common\Barotrauma\Content\Characters\Legacyfractalguardian2\FRACTALGUARDIAN2_attack5.ogg"
"Content/Characters/Legacyfractalguardian2/FRACTALGUARDIAN2_damage1.ogg","FRACTALGUARDIAN2_damage1.ogg","ogg","33506","2025-06-08T21:11:07.6355624Z","C:\Program Files (x86)\Steam\steamapps\common\Barotrauma\Content\Characters\Legacyfractalguardian2\FRACTALGUARDIAN2_damage1.ogg"
"Content/Characters/Legacyfractalguardian2/FRACTALGUARDIAN2_damage2.ogg","FRACTALGUARDIAN2_damage2.ogg","ogg","36741","2025-06-08T21:11:05.6245588Z","C:\Program Files (x86)\Steam\steamapps\common\Barotrauma\Content\Characters\Legacyfractalguardian2\FRACTALGUARDIAN2_damage2.ogg"
"Content/Characters/Legacyfractalguardian2/FRACTALGUARDIAN2_damage3.ogg","FRACTALGUARDIAN2_damage3.ogg","ogg","37474","2025-06-08T21:11:03.9924605Z","C:\Program Files (x86)\Steam\steamapps\common\Barotrauma\Content\Characters\Legacyfractalguardian2\FRACTALGUARDIAN2_damage3.ogg"
"Content/Characters/Legacyfractalguardian2/FRACTALGUARDIAN2_damage4.ogg","FRACTALGUARDIAN2_damage4.ogg","ogg","43179","2025-06-08T21:11:07.6425535Z","C:\Program Files (x86)\Steam\steamapps\common\Barotrauma\Content\Characters\Legacyfractalguardian2\FRACTALGUARDIAN2_damage4.ogg"
"Content/Characters/Legacyfractalguardian2/FRACTALGUARDIAN2_damage5.ogg","FRACTALGUARDIAN2_damage5.ogg","ogg","43329","2025-06-08T21:11:05.6285597Z","C:\Program Files (x86)\Steam\steamapps\common\Barotrauma\Content\Characters\Legacyfractalguardian2\FRACTALGUARDIAN2_damage5.ogg"
"Content/Characters/Legacyfractalguardian2/FRACTALGUARDIAN2_death1.ogg","FRACTALGUARDIAN2_death1.ogg","ogg","49178","2025-06-08T21:11:02.8817424Z","C:\Program Files (x86)\Steam\steamapps\common\Barotrauma\Content\Characters\Legacyfractalguardian2\FRACTALGUARDIAN2_death1.ogg"
"Content/Characters/Legacyfractalguardian2/FRACTALGUARDIAN2_death2.ogg","FRACTALGUARDIAN2_death2.ogg","ogg","51890","2025-06-08T21:11:06.2081154Z","C:\Program Files (x86)\Steam\steamapps\common\Barotrauma\Content\Characters\Legacyfractalguardian2\FRACTALGUARDIAN2_death2.ogg"
"Content/Characters/Legacyfractalguardian2/FRACTALGUARDIAN2_death3.ogg","FRACTALGUARDIAN2_death3.ogg","ogg","55192","2025-06-08T21:11:03.9924605Z","C:\Program Files (x86)\Steam\steamapps\common\Barotrauma\Content\Characters\Legacyfractalguardian2\FRACTALGUARDIAN2_death3.ogg"
"Content/Characters/Legacyfractalguardian2/FRACTALGUARDIAN2_idle1.ogg","FRACTALGUARDIAN2_idle1.ogg","ogg","118877","2025-06-08T21:11:05.6826953Z","C:\Program Files (x86)\Steam\steamapps\common\Barotrauma\Content\Characters\Legacyfractalguardian2\FRACTALGUARDIAN2_idle1.ogg"
"Content/Characters/Legacyfractalguardian2/FRACTALGUARDIAN2_idle2.ogg","FRACTALGUARDIAN2_idle2.ogg","ogg","130289","2025-06-08T21:11:07.6998780Z","C:\Program Files (x86)\Steam\steamapps\common\Barotrauma\Content\Characters\Legacyfractalguardian2\FRACTALGUARDIAN2_idle2.ogg"
"Content/Characters/Legacyfractalguardian2/FRACTALGUARDIAN2_idle3.ogg","FRACTALGUARDIAN2_idle3.ogg","ogg","132991","2025-06-08T21:11:05.7449274Z","C:\Program Files (x86)\Steam\steamapps\common\Barotrauma\Content\Characters\Legacyfractalguardian2\FRACTALGUARDIAN2_idle3.ogg"
"Content/Characters/Legacyfractalguardian2/FRACTALGUARDIAN2_idle4.ogg","FRACTALGUARDIAN2_idle4.ogg","ogg","133687","2025-06-08T21:11:04.6459724Z","C:\Program Files (x86)\Steam\steamapps\common\Barotrauma\Content\Characters\Legacyfractalguardian2\FRACTALGUARDIAN2_idle4.ogg"
"Content/Characters/Legacyfractalguardian2/Legacyfractalguardian2.xml","Legacyfractalguardian2.xml","xml","2557","2025-06-08T21:11:02.8807386Z","C:\Program Files (x86)\Steam\steamapps\common\Barotrauma\Content\Characters\Legacyfractalguardian2\Legacyfractalguardian2.xml"
"Content/Characters/Legacyfractalguardian2/Ragdolls/Legacyfractalguardian2DefaultRagdoll.xml","Legacyfractalguardian2DefaultRagdoll.xml","xml","2469","2025-06-08T21:11:02.8787383Z","C:\Program Files (x86)\Steam\steamapps\common\Barotrauma\Content\Characters\Legacyfractalguardian2\Ragdolls\Legacyfractalguardian2DefaultRagdoll.xml"
"Content/Characters/Legacyhusk/Animations/LegacyhuskCrouch.xml","LegacyhuskCrouch.xml","xml","893","2025-06-08T21:11:07.7551264Z","C:\Program Files (x86)\Steam\steamapps\common\Barotrauma\Content\Characters\Legacyhusk\Animations\LegacyhuskCrouch.xml"
"Content/Characters/Legacyhusk/Animations/LegacyhuskRun.xml","LegacyhuskRun.xml","xml","731","2025-06-08T21:11:07.7571263Z","C:\Program Files (x86)\Steam\steamapps\common\Barotrauma\Content\Characters\Legacyhusk\Animations\LegacyhuskRun.xml"
"Content/Characters/Legacyhusk/Animations/LegacyhuskSwimFast.xml","LegacyhuskSwimFast.xml","xml","324","2025-06-08T21:11:05.8094236Z","C:\Program Files (x86)\Steam\steamapps\common\Barotrauma\Content\Characters\Legacyhusk\Animations\LegacyhuskSwimFast.xml"
"Content/Characters/Legacyhusk/Animations/LegacyhuskSwimSlow.xml","LegacyhuskSwimSlow.xml","xml","344","2025-06-08T21:11:06.2081154Z","C:\Program Files (x86)\Steam\steamapps\common\Barotrauma\Content\Characters\Legacyhusk\Animations\LegacyhuskSwimSlow.xml"
"Content/Characters/Legacyhusk/Animations/LegacyhuskWalk.xml","LegacyhuskWalk.xml","xml","737","2025-06-08T21:11:05.8154237Z","C:\Program Files (x86)\Steam\steamapps\common\Barotrauma\Content\Characters\Legacyhusk\Animations\LegacyhuskWalk.xml"
"Content/Characters/Legacyhusk/DivingSuit.png","DivingSuit.png","png","21780","2025-06-08T21:11:02.8827980Z","C:\Program Files (x86)\Steam\steamapps\common\Barotrauma\Content\Characters\Legacyhusk\DivingSuit.png"
"Content/Characters/Legacyhusk/Husk1.ogg","Husk1.ogg","ogg","59017","2025-06-08T21:11:02.8858062Z","C:\Program Files (x86)\Steam\steamapps\common\Barotrauma\Content\Characters\Legacyhusk\Husk1.ogg"
"Content/Characters/Legacyhusk/Husk2.ogg","Husk2.ogg","ogg","44813","2025-06-08T21:11:04.0641914Z","C:\Program Files (x86)\Steam\steamapps\common\Barotrauma\Content\Characters\Legacyhusk\Husk2.ogg"
"Content/Characters/Legacyhusk/Husk3.ogg","Husk3.ogg","ogg","22525","2025-06-08T21:11:06.2161162Z","C:\Program Files (x86)\Steam\steamapps\common\Barotrauma\Content\Characters\Legacyhusk\Husk3.ogg"
"Content/Characters/Legacyhusk/Legacyhusk.xml","Legacyhusk.xml","xml","1618","2025-06-08T21:11:04.0531902Z","C:\Program Files (x86)\Steam\steamapps\common\Barotrauma\Content\Characters\Legacyhusk\Legacyhusk.xml"
"Content/Characters/Legacyhusk/legs.png","legs.png","png","7474","2025-06-08T21:11:02.8797389Z","C:\Program Files (x86)\Steam\steamapps\common\Barotrauma\Content\Characters\Legacyhusk\legs.png"
"Content/Characters/Legacyhusk/Ragdolls/LegacyhuskDefaultRagdoll.xml","LegacyhuskDefaultRagdoll.xml","xml","9931","2025-06-08T21:11:06.2081154Z","C:\Program Files (x86)\Steam\steamapps\common\Barotrauma\Content\Characters\Legacyhusk\Ragdolls\LegacyhuskDefaultRagdoll.xml"
"Content/Characters/Legacymantis/Animations/LegacymantisRun.xml","LegacymantisRun.xml","xml","497","2025-06-08T21:11:07.7571263Z","C:\Program Files (x86)\Steam\steamapps\common\Barotrauma\Content\Characters\Legacymantis\Animations\LegacymantisRun.xml"
"Content/Characters/Legacymantis/Animations/LegacymantisSwimFast.xml","LegacymantisSwimFast.xml","xml","428","2025-06-08T21:11:05.8154237Z","C:\Program Files (x86)\Steam\steamapps\common\Barotrauma\Content\Characters\Legacymantis\Animations\LegacymantisSwimFast.xml"
"Content/Characters/Legacymantis/Animations/LegacymantisSwimSlow.xml","LegacymantisSwimSlow.xml","xml","431","2025-06-08T21:11:02.8797389Z","C:\Program Files (x86)\Steam\steamapps\common\Barotrauma\Content\Characters\Legacymantis\Animations\LegacymantisSwimSlow.xml"
"Content/Characters/Legacymantis/Animations/LegacymantisWalk.xml","LegacymantisWalk.xml","xml","532","2025-06-08T21:11:06.2081154Z","C:\Program Files (x86)\Steam\steamapps\common\Barotrauma\Content\Characters\Legacymantis\Animations\LegacymantisWalk.xml"
"Content/Characters/Legacymantis/attack1.ogg","attack1.ogg","ogg","65747","2025-06-08T21:11:02.8807386Z","C:\Program Files (x86)\Steam\steamapps\common\Barotrauma\Content\Characters\Legacymantis\attack1.ogg"
"Content/Characters/Legacymantis/attack2.ogg","attack2.ogg","ogg","75609","2025-06-08T21:11:07.7580397Z","C:\Program Files (x86)\Steam\steamapps\common\Barotrauma\Content\Characters\Legacymantis\attack2.ogg"
"Content/Characters/Legacymantis/idle1.ogg","idle1.ogg","ogg","85983","2025-06-08T21:11:06.2151149Z","C:\Program Files (x86)\Steam\steamapps\common\Barotrauma\Content\Characters\Legacymantis\idle1.ogg"
"Content/Characters/Legacymantis/idle2.ogg","idle2.ogg","ogg","53950","2025-06-08T21:11:04.0661908Z","C:\Program Files (x86)\Steam\steamapps\common\Barotrauma\Content\Characters\Legacymantis\idle2.ogg"
"Content/Characters/Legacymantis/idle3.ogg","idle3.ogg","ogg","64453","2025-06-08T21:11:04.0651904Z","C:\Program Files (x86)\Steam\steamapps\common\Barotrauma\Content\Characters\Legacymantis\idle3.ogg"
"Content/Characters/Legacymantis/Legacymantis.xml","Legacymantis.xml","xml","1865","2025-12-10T00:32:43.5224776Z","C:\Program Files (x86)\Steam\steamapps\common\Barotrauma\Content\Characters\Legacymantis\Legacymantis.xml"
"Content/Characters/Legacymantis/mantis.png","mantis.png","png","79270","2025-06-08T21:11:05.8724301Z","C:\Program Files (x86)\Steam\steamapps\common\Barotrauma\Content\Characters\Legacymantis\mantis.png"
"Content/Characters/Legacymantis/Ragdolls/LegacymantisDefaultRagdoll.xml","LegacymantisDefaultRagdoll.xml","xml","12592","2025-06-08T21:11:07.7551264Z","C:\Program Files (x86)\Steam\steamapps\common\Barotrauma\Content\Characters\Legacymantis\Ragdolls\LegacymantisDefaultRagdoll.xml"
"Content/Characters/Legacymoloch/Animations/LegacymolochSwimFast.xml","LegacymolochSwimFast.xml","xml","286","2025-06-08T21:11:06.2081154Z","C:\Program Files (x86)\Steam\steamapps\common\Barotrauma\Content\Characters\Legacymoloch\Animations\LegacymolochSwimFast.xml"
"Content/Characters/Legacymoloch/Animations/LegacymolochSwimSlow.xml","LegacymolochSwimSlow.xml","xml","286","2025-06-08T21:11:05.8174234Z","C:\Program Files (x86)\Steam\steamapps\common\Barotrauma\Content\Characters\Legacymoloch\Animations\LegacymolochSwimSlow.xml"
"Content/Characters/Legacymoloch/attack1.ogg","attack1.ogg","ogg","44883","2025-06-08T21:11:02.8827980Z","C:\Program Files (x86)\Steam\steamapps\common\Barotrauma\Content\Characters\Legacymoloch\attack1.ogg"
"Content/Characters/Legacymoloch/attack2.ogg","attack2.ogg","ogg","40461","2025-06-08T21:11:06.2131157Z","C:\Program Files (x86)\Steam\steamapps\common\Barotrauma\Content\Characters\Legacymoloch\attack2.ogg"
"Content/Characters/Legacymoloch/idle1.ogg","idle1.ogg","ogg","34737","2025-06-08T21:11:06.2151149Z","C:\Program Files (x86)\Steam\steamapps\common\Barotrauma\Content\Characters\Legacymoloch\idle1.ogg"
"Content/Characters/Legacymoloch/idle2.ogg","idle2.ogg","ogg","49197","2025-06-08T21:11:04.1170300Z","C:\Program Files (x86)\Steam\steamapps\common\Barotrauma\Content\Characters\Legacymoloch\idle2.ogg"
"Content/Characters/Legacymoloch/legacymoloch.png","legacymoloch.png","png","964028","2025-06-08T21:11:01.9152878Z","C:\Program Files (x86)\Steam\steamapps\common\Barotrauma\Content\Characters\Legacymoloch\legacymoloch.png"
"Content/Characters/Legacymoloch/Legacymoloch.xml","Legacymoloch.xml","xml","1239","2025-06-08T21:11:06.2081154Z","C:\Program Files (x86)\Steam\steamapps\common\Barotrauma\Content\Characters\Legacymoloch\Legacymoloch.xml"
"Content/Characters/Legacymoloch/Ragdolls/LegacymolochDefaultRagdoll.xml","LegacymolochDefaultRagdoll.xml","xml","3740","2025-06-08T21:11:07.7561189Z","C:\Program Files (x86)\Steam\steamapps\common\Barotrauma\Content\Characters\Legacymoloch\Ragdolls\LegacymolochDefaultRagdoll.xml"
"Content/Characters/Legacytigerthresher/Animations/LegacytigerthresherSwimFast.xml","LegacytigerthresherSwimFast.xml","xml","361","2025-06-08T21:11:02.8858062Z","C:\Program Files (x86)\Steam\steamapps\common\Barotrauma\Content\Characters\Legacytigerthresher\Animations\LegacytigerthresherSwimFast.xml"
"Content/Characters/Legacytigerthresher/Animations/LegacytigerthresherSwimSlow.xml","LegacytigerthresherSwimSlow.xml","xml","361","2025-06-08T21:11:04.2293725Z","C:\Program Files (x86)\Steam\steamapps\common\Barotrauma\Content\Characters\Legacytigerthresher\Animations\LegacytigerthresherSwimSlow.xml"
"Content/Characters/Legacytigerthresher/damagedtigerthresher.png","damagedtigerthresher.png","png","86550","2025-06-08T21:11:02.8827980Z","C:\Program Files (x86)\Steam\steamapps\common\Barotrauma\Content\Characters\Legacytigerthresher\damagedtigerthresher.png"
"Content/Characters/Legacytigerthresher/Legacytigerthresher.png","Legacytigerthresher.png","png","232781","2025-06-08T21:11:05.8674225Z","C:\Program Files (x86)\Steam\steamapps\common\Barotrauma\Content\Characters\Legacytigerthresher\Legacytigerthresher.png"
"Content/Characters/Legacytigerthresher/Legacytigerthresher.xml","Legacytigerthresher.xml","xml","1580","2025-06-08T21:11:02.8807386Z","C:\Program Files (x86)\Steam\steamapps\common\Barotrauma\Content\Characters\Legacytigerthresher\Legacytigerthresher.xml"
"Content/Characters/Legacytigerthresher/Ragdolls/LegacytigerthresherDefaultRagdoll.xml","LegacytigerthresherDefaultRagdoll.xml","xml","6180","2025-06-08T21:11:06.2081154Z","C:\Program Files (x86)\Steam\steamapps\common\Barotrauma\Content\Characters\Legacytigerthresher\Ragdolls\LegacytigerthresherDefaultRagdoll.xml"
"Content/Characters/Legacytigerthresher/thresherattack1.ogg","thresherattack1.ogg","ogg","17867","2025-06-08T21:11:06.2081154Z","C:\Program Files (x86)\Steam\steamapps\common\Barotrauma\Content\Characters\Legacytigerthresher\thresherattack1.ogg"
"Content/Characters/Legacytigerthresher/thresheridle1.ogg","thresheridle1.ogg","ogg","44870","2025-06-08T21:11:04.2293725Z","C:\Program Files (x86)\Steam\steamapps\common\Barotrauma\Content\Characters\Legacytigerthresher\thresheridle1.ogg"
"Content/Characters/Legacytigerthresher/thresheridle2.ogg","thresheridle2.ogg","ogg","22815","2025-06-08T21:11:06.2131157Z","C:\Program Files (x86)\Steam\steamapps\common\Barotrauma\Content\Characters\Legacytigerthresher\thresheridle2.ogg"
"Content/Characters/Legacywatcher/Animations/LegacywatcherSwimFast.xml","LegacywatcherSwimFast.xml","xml","312","2025-06-08T21:11:04.2303728Z","C:\Program Files (x86)\Steam\steamapps\common\Barotrauma\Content\Characters\Legacywatcher\Animations\LegacywatcherSwimFast.xml"
"Content/Characters/Legacywatcher/Animations/LegacywatcherSwimSlow.xml","LegacywatcherSwimSlow.xml","xml","312","2025-06-08T21:11:06.2171152Z","C:\Program Files (x86)\Steam\steamapps\common\Barotrauma\Content\Characters\Legacywatcher\Animations\LegacywatcherSwimSlow.xml"
"Content/Characters/Legacywatcher/attack1.ogg","attack1.ogg","ogg","17650","2025-06-08T21:11:05.9857422Z","C:\Program Files (x86)\Steam\steamapps\common\Barotrauma\Content\Characters\Legacywatcher\attack1.ogg"
"Content/Characters/Legacywatcher/attack2.ogg","attack2.ogg","ogg","24606","2025-06-08T21:11:02.8797389Z","C:\Program Files (x86)\Steam\steamapps\common\Barotrauma\Content\Characters\Legacywatcher\attack2.ogg"
"Content/Characters/Legacywatcher/attack3.ogg","attack3.ogg","ogg","30366","2025-06-08T21:11:02.8787383Z","C:\Program Files (x86)\Steam\steamapps\common\Barotrauma\Content\Characters\Legacywatcher\attack3.ogg"
"Content/Characters/Legacywatcher/Legacywatcher.xml","Legacywatcher.xml","xml","1961","2025-06-08T21:11:06.2081154Z","C:\Program Files (x86)\Steam\steamapps\common\Barotrauma\Content\Characters\Legacywatcher\Legacywatcher.xml"
"Content/Characters/Legacywatcher/Ragdolls/LegacywatcherDefaultRagdoll.xml","LegacywatcherDefaultRagdoll.xml","xml","1714","2025-06-08T21:11:04.2323722Z","C:\Program Files (x86)\Steam\steamapps\common\Barotrauma\Content\Characters\Legacywatcher\Ragdolls\LegacywatcherDefaultRagdoll.xml"
"Content/Characters/Legacywatcher/watch1.ogg","watch1.ogg","ogg","19226","2025-06-08T21:11:06.2101156Z","C:\Program Files (x86)\Steam\steamapps\common\Barotrauma\Content\Characters\Legacywatcher\watch1.ogg"
"Content/Characters/Legacywatcher/watch2.ogg","watch2.ogg","ogg","22434","2025-06-08T21:11:05.9917453Z","C:\Program Files (x86)\Steam\steamapps\common\Barotrauma\Content\Characters\Legacywatcher\watch2.ogg"
"Content/Characters/Legacywatcher/watch3.ogg","watch3.ogg","ogg","23469","2025-06-08T21:11:06.2101156Z","C:\Program Files (x86)\Steam\steamapps\common\Barotrauma\Content\Characters\Legacywatcher\watch3.ogg"
"Content/Characters/Legacywatcher/watch4.ogg","watch4.ogg","ogg","21810","2025-06-08T21:11:06.2151149Z","C:\Program Files (x86)\Steam\steamapps\common\Barotrauma\Content\Characters\Legacywatcher\watch4.ogg"
"Content/Characters/Legacywatcher/watch5.ogg","watch5.ogg","ogg","19539","2025-06-08T21:11:06.1003084Z","C:\Program Files (x86)\Steam\steamapps\common\Barotrauma\Content\Characters\Legacywatcher\watch5.ogg"
"Content/Characters/Legacywatcher/watch6.ogg","watch6.ogg","ogg","21987","2025-06-08T21:11:02.8807386Z","C:\Program Files (x86)\Steam\steamapps\common\Barotrauma\Content\Characters\Legacywatcher\watch6.ogg"
"Content/Characters/Legacywatcher/watcher.png","watcher.png","png","220968","2025-06-08T21:11:06.2581147Z","C:\Program Files (x86)\Steam\steamapps\common\Barotrauma\Content\Characters\Legacywatcher\watcher.png"
"Content/Characters/Leucocyte/Animations/LeucocyteSwimFast.xml","LeucocyteSwimFast.xml","xml","420","2025-06-08T21:11:04.2293725Z","C:\Program Files (x86)\Steam\steamapps\common\Barotrauma\Content\Characters\Leucocyte\Animations\LeucocyteSwimFast.xml"
"Content/Characters/Leucocyte/Animations/LeucocyteSwimSlow.xml","LeucocyteSwimSlow.xml","xml","426","2025-06-08T21:11:02.8817424Z","C:\Program Files (x86)\Steam\steamapps\common\Barotrauma\Content\Characters\Leucocyte\Animations\LeucocyteSwimSlow.xml"
"Content/Characters/Leucocyte/CARRIER_cellAttack1.ogg","CARRIER_cellAttack1.ogg","ogg","79100","2025-06-08T21:11:06.2601161Z","C:\Program Files (x86)\Steam\steamapps\common\Barotrauma\Content\Characters\Leucocyte\CARRIER_cellAttack1.ogg"
"Content/Characters/Leucocyte/CARRIER_cellAttack2.ogg","CARRIER_cellAttack2.ogg","ogg","82802","2025-06-08T21:11:04.2323722Z","C:\Program Files (x86)\Steam\steamapps\common\Barotrauma\Content\Characters\Leucocyte\CARRIER_cellAttack2.ogg"
"Content/Characters/Leucocyte/CARRIER_cellAttack3.ogg","CARRIER_cellAttack3.ogg","ogg","70673","2025-06-08T21:11:06.1003084Z","C:\Program Files (x86)\Steam\steamapps\common\Barotrauma\Content\Characters\Leucocyte\CARRIER_cellAttack3.ogg"
"Content/Characters/Leucocyte/CARRIER_cellDamage1.ogg","CARRIER_cellDamage1.ogg","ogg","83756","2025-06-08T21:11:06.2601161Z","C:\Program Files (x86)\Steam\steamapps\common\Barotrauma\Content\Characters\Leucocyte\CARRIER_cellDamage1.ogg"
"Content/Characters/Leucocyte/CARRIER_cellDamage2.ogg","CARRIER_cellDamage2.ogg","ogg","128293","2025-06-08T21:11:06.2141186Z","C:\Program Files (x86)\Steam\steamapps\common\Barotrauma\Content\Characters\Leucocyte\CARRIER_cellDamage2.ogg"
"Content/Characters/Leucocyte/CARRIER_cellDamage3.ogg","CARRIER_cellDamage3.ogg","ogg","78056","2025-06-08T21:11:02.8807386Z","C:\Program Files (x86)\Steam\steamapps\common\Barotrauma\Content\Characters\Leucocyte\CARRIER_cellDamage3.ogg"
"Content/Characters/Leucocyte/CARRIER_cellDeath1.ogg","CARRIER_cellDeath1.ogg","ogg","17314","2025-06-08T21:11:06.2071161Z","C:\Program Files (x86)\Steam\steamapps\common\Barotrauma\Content\Characters\Leucocyte\CARRIER_cellDeath1.ogg"
"Content/Characters/Leucocyte/CARRIER_cellDeath2.ogg","CARRIER_cellDeath2.ogg","ogg","19354","2025-06-08T21:11:06.1003084Z","C:\Program Files (x86)\Steam\steamapps\common\Barotrauma\Content\Characters\Leucocyte\CARRIER_cellDeath2.ogg"
"Content/Characters/Leucocyte/CARRIER_cellDeath3.ogg","CARRIER_cellDeath3.ogg","ogg","16813","2025-06-08T21:11:04.2303728Z","C:\Program Files (x86)\Steam\steamapps\common\Barotrauma\Content\Characters\Leucocyte\CARRIER_cellDeath3.ogg"
"Content/Characters/Leucocyte/CARRIER_cellIdle1.ogg","CARRIER_cellIdle1.ogg","ogg","92876","2025-06-08T21:11:02.9248078Z","C:\Program Files (x86)\Steam\steamapps\common\Barotrauma\Content\Characters\Leucocyte\CARRIER_cellIdle1.ogg"
"Content/Characters/Leucocyte/CARRIER_cellIdle2.ogg","CARRIER_cellIdle2.ogg","ogg","94689","2025-06-08T21:11:02.9308008Z","C:\Program Files (x86)\Steam\steamapps\common\Barotrauma\Content\Characters\Leucocyte\CARRIER_cellIdle2.ogg"
"Content/Characters/Leucocyte/CARRIER_cellIdle3.ogg","CARRIER_cellIdle3.ogg","ogg","59910","2025-06-08T21:11:06.2571146Z","C:\Program Files (x86)\Steam\steamapps\common\Barotrauma\Content\Characters\Leucocyte\CARRIER_cellIdle3.ogg"
"Content/Characters/Leucocyte/CARRIER_cellIdle4.ogg","CARRIER_cellIdle4.ogg","ogg","121108","2025-06-08T21:11:06.2161162Z","C:\Program Files (x86)\Steam\steamapps\common\Barotrauma\Content\Characters\Leucocyte\CARRIER_cellIdle4.ogg"
"Content/Characters/Leucocyte/CARRIER_cellIdle5.ogg","CARRIER_cellIdle5.ogg","ogg","103620","2025-06-08T21:11:02.9308008Z","C:\Program Files (x86)\Steam\steamapps\common\Barotrauma\Content\Characters\Leucocyte\CARRIER_cellIdle5.ogg"
"Content/Characters/Leucocyte/Leucocyte.xml","Leucocyte.xml","xml","3881","2025-06-08T21:11:06.2141186Z","C:\Program Files (x86)\Steam\steamapps\common\Barotrauma\Content\Characters\Leucocyte\Leucocyte.xml"
"Content/Characters/Leucocyte/Ragdolls/LeucocyteDefaultRagdoll.xml","LeucocyteDefaultRagdoll.xml","xml","7978","2025-06-08T21:11:07.7580397Z","C:\Program Files (x86)\Steam\steamapps\common\Barotrauma\Content\Characters\Leucocyte\Ragdolls\LeucocyteDefaultRagdoll.xml"
"Content/Characters/Mantis/Animations/MantisRun.xml","MantisRun.xml","xml","767","2025-06-08T21:11:02.9248078Z","C:\Program Files (x86)\Steam\steamapps\common\Barotrauma\Content\Characters\Mantis\Animations\MantisRun.xml"
"Content/Characters/Mantis/Animations/MantisSwimFast.xml","MantisSwimFast.xml","xml","670","2025-06-08T21:11:02.9268080Z","C:\Program Files (x86)\Steam\steamapps\common\Barotrauma\Content\Characters\Mantis\Animations\MantisSwimFast.xml"
"Content/Characters/Mantis/Animations/MantisSwimSlow.xml","MantisSwimSlow.xml","xml","665","2025-06-08T21:11:04.2303728Z","C:\Program Files (x86)\Steam\steamapps\common\Barotrauma\Content\Characters\Mantis\Animations\MantisSwimSlow.xml"
"Content/Characters/Mantis/Animations/MantisWalk.xml","MantisWalk.xml","xml","762","2025-06-08T21:11:06.2571146Z","C:\Program Files (x86)\Steam\steamapps\common\Barotrauma\Content\Characters\Mantis\Animations\MantisWalk.xml"
"Content/Characters/Mantis/mantis.png","mantis.png","png","160147","2025-06-08T21:11:06.3122329Z","C:\Program Files (x86)\Steam\steamapps\common\Barotrauma\Content\Characters\Mantis\mantis.png"
"Content/Characters/Mantis/Mantis.xml","Mantis.xml","xml","11364","2026-04-09T15:55:13.0174279Z","C:\Program Files (x86)\Steam\steamapps\common\Barotrauma\Content\Characters\Mantis\Mantis.xml"
"Content/Characters/Mantis/MANTIS_attack1.ogg","MANTIS_attack1.ogg","ogg","21102","2025-06-08T21:11:04.2323722Z","C:\Program Files (x86)\Steam\steamapps\common\Barotrauma\Content\Characters\Mantis\MANTIS_attack1.ogg"
"Content/Characters/Mantis/MANTIS_attack2.ogg","MANTIS_attack2.ogg","ogg","21283","2025-06-08T21:11:07.7561189Z","C:\Program Files (x86)\Steam\steamapps\common\Barotrauma\Content\Characters\Mantis\MANTIS_attack2.ogg"
"Content/Characters/Mantis/MANTIS_attack3.ogg","MANTIS_attack3.ogg","ogg","21586","2025-06-08T21:11:06.3142345Z","C:\Program Files (x86)\Steam\steamapps\common\Barotrauma\Content\Characters\Mantis\MANTIS_attack3.ogg"
"Content/Characters/Mantis/MANTIS_death1.ogg","MANTIS_death1.ogg","ogg","30564","2025-06-08T21:11:02.9277998Z","C:\Program Files (x86)\Steam\steamapps\common\Barotrauma\Content\Characters\Mantis\MANTIS_death1.ogg"
"Content/Characters/Mantis/MANTIS_death2.ogg","MANTIS_death2.ogg","ogg","30722","2025-06-08T21:11:04.2869377Z","C:\Program Files (x86)\Steam\steamapps\common\Barotrauma\Content\Characters\Mantis\MANTIS_death2.ogg"
"Content/Characters/Mantis/Ragdolls/MantisDefaultRagdoll.xml","MantisDefaultRagdoll.xml","xml","48934","2025-06-08T21:11:07.7571263Z","C:\Program Files (x86)\Steam\steamapps\common\Barotrauma\Content\Characters\Mantis\Ragdolls\MantisDefaultRagdoll.xml"
"Content/Characters/Moloch/Animations/MolochSwimFast.xml","MolochSwimFast.xml","xml","487","2025-06-08T21:11:06.4217861Z","C:\Program Files (x86)\Steam\steamapps\common\Barotrauma\Content\Characters\Moloch\Animations\MolochSwimFast.xml"
"Content/Characters/Moloch/Animations/MolochSwimSlow.xml","MolochSwimSlow.xml","xml","479","2025-06-08T21:11:05.0652612Z","C:\Program Files (x86)\Steam\steamapps\common\Barotrauma\Content\Characters\Moloch\Animations\MolochSwimSlow.xml"
"Content/Characters/Moloch/Moloch.png","Moloch.png","png","1307408","2025-06-08T21:11:01.9212877Z","C:\Program Files (x86)\Steam\steamapps\common\Barotrauma\Content\Characters\Moloch\Moloch.png"
"Content/Characters/Moloch/Moloch.xml","Moloch.xml","xml","6121","2025-06-19T20:07:27.4725185Z","C:\Program Files (x86)\Steam\steamapps\common\Barotrauma\Content\Characters\Moloch\Moloch.xml"
"Content/Characters/Moloch/MOLOCH_attack1.ogg","MOLOCH_attack1.ogg","ogg","142582","2025-06-08T21:11:07.9106860Z","C:\Program Files (x86)\Steam\steamapps\common\Barotrauma\Content\Characters\Moloch\MOLOCH_attack1.ogg"
"Content/Characters/Moloch/MOLOCH_attack2.ogg","MOLOCH_attack2.ogg","ogg","152992","2025-06-08T21:11:04.7019742Z","C:\Program Files (x86)\Steam\steamapps\common\Barotrauma\Content\Characters\Moloch\MOLOCH_attack2.ogg"
"Content/Characters/Moloch/MOLOCH_attack3.ogg","MOLOCH_attack3.ogg","ogg","149781","2025-06-08T21:11:04.7039737Z","C:\Program Files (x86)\Steam\steamapps\common\Barotrauma\Content\Characters\Moloch\MOLOCH_attack3.ogg"
"Content/Characters/Moloch/MOLOCH_attack4.ogg","MOLOCH_attack4.ogg","ogg","148651","2025-06-08T21:11:07.9586477Z","C:\Program Files (x86)\Steam\steamapps\common\Barotrauma\Content\Characters\Moloch\MOLOCH_attack4.ogg"
"Content/Characters/Moloch/MOLOCH_attack5.ogg","MOLOCH_attack5.ogg","ogg","128925","2025-06-08T21:11:08.0183587Z","C:\Program Files (x86)\Steam\steamapps\common\Barotrauma\Content\Characters\Moloch\MOLOCH_attack5.ogg"
"Content/Characters/Moloch/MOLOCH_attack6.ogg","MOLOCH_attack6.ogg","ogg","133057","2025-06-08T21:11:08.1293721Z","C:\Program Files (x86)\Steam\steamapps\common\Barotrauma\Content\Characters\Moloch\MOLOCH_attack6.ogg"
"Content/Characters/Moloch/MOLOCH_bumpAttack.ogg","MOLOCH_bumpAttack.ogg","ogg","161337","2025-06-08T21:11:03.4650226Z","C:\Program Files (x86)\Steam\steamapps\common\Barotrauma\Content\Characters\Moloch\MOLOCH_bumpAttack.ogg"
"Content/Characters/Moloch/MOLOCH_damage1.ogg","MOLOCH_damage1.ogg","ogg","116721","2025-06-08T21:11:04.7653908Z","C:\Program Files (x86)\Steam\steamapps\common\Barotrauma\Content\Characters\Moloch\MOLOCH_damage1.ogg"
"Content/Characters/Moloch/MOLOCH_damage2.ogg","MOLOCH_damage2.ogg","ogg","130522","2025-06-08T21:11:04.7683911Z","C:\Program Files (x86)\Steam\steamapps\common\Barotrauma\Content\Characters\Moloch\MOLOCH_damage2.ogg"
"Content/Characters/Moloch/MOLOCH_damage3.ogg","MOLOCH_damage3.ogg","ogg","119575","2025-06-08T21:11:04.8253211Z","C:\Program Files (x86)\Steam\steamapps\common\Barotrauma\Content\Characters\Moloch\MOLOCH_damage3.ogg"
"Content/Characters/Moloch/MOLOCH_death1.ogg","MOLOCH_death1.ogg","ogg","146823","2025-06-08T21:11:04.8283222Z","C:\Program Files (x86)\Steam\steamapps\common\Barotrauma\Content\Characters\Moloch\MOLOCH_death1.ogg"
"Content/Characters/Moloch/MOLOCH_death2.ogg","MOLOCH_death2.ogg","ogg","141822","2025-06-08T21:11:06.4187857Z","C:\Program Files (x86)\Steam\steamapps\common\Barotrauma\Content\Characters\Moloch\MOLOCH_death2.ogg"
"Content/Characters/Moloch/MOLOCH_idle1.ogg","MOLOCH_idle1.ogg","ogg","209806","2025-06-08T21:11:06.4810725Z","C:\Program Files (x86)\Steam\steamapps\common\Barotrauma\Content\Characters\Moloch\MOLOCH_idle1.ogg"
"Content/Characters/Moloch/MOLOCH_idle2.ogg","MOLOCH_idle2.ogg","ogg","193619","2025-06-08T21:11:06.5439052Z","C:\Program Files (x86)\Steam\steamapps\common\Barotrauma\Content\Characters\Moloch\MOLOCH_idle2.ogg"
"Content/Characters/Moloch/MOLOCH_idle3.ogg","MOLOCH_idle3.ogg","ogg","212857","2025-06-08T21:11:06.4840747Z","C:\Program Files (x86)\Steam\steamapps\common\Barotrauma\Content\Characters\Moloch\MOLOCH_idle3.ogg"
"Content/Characters/Moloch/MOLOCH_idle4.ogg","MOLOCH_idle4.ogg","ogg","184440","2025-06-08T21:11:06.6483410Z","C:\Program Files (x86)\Steam\steamapps\common\Barotrauma\Content\Characters\Moloch\MOLOCH_idle4.ogg"
"Content/Characters/Moloch/MOLOCH_idle5.ogg","MOLOCH_idle5.ogg","ogg","192697","2025-06-08T21:11:05.3841161Z","C:\Program Files (x86)\Steam\steamapps\common\Barotrauma\Content\Characters\Moloch\MOLOCH_idle5.ogg"
"Content/Characters/Moloch/MOLOCH_moving.ogg","MOLOCH_moving.ogg","ogg","299954","2025-06-08T21:11:01.9222879Z","C:\Program Files (x86)\Steam\steamapps\common\Barotrauma\Content\Characters\Moloch\MOLOCH_moving.ogg"
"Content/Characters/Moloch/Ragdolls/MolochDefaultRagdoll.xml","MolochDefaultRagdoll.xml","xml","95503","2025-06-08T21:11:06.4810725Z","C:\Program Files (x86)\Steam\steamapps\common\Barotrauma\Content\Characters\Moloch\Ragdolls\MolochDefaultRagdoll.xml"
"Content/Characters/Molochbaby/Animations/MolochbabySwimFast.xml","MolochbabySwimFast.xml","xml","480","2025-06-08T21:11:04.2839367Z","C:\Program Files (x86)\Steam\steamapps\common\Barotrauma\Content\Characters\Molochbaby\Animations\MolochbabySwimFast.xml"
"Content/Characters/Molochbaby/Animations/MolochbabySwimSlow.xml","MolochbabySwimSlow.xml","xml","482","2025-06-08T21:11:06.3112289Z","C:\Program Files (x86)\Steam\steamapps\common\Barotrauma\Content\Characters\Molochbaby\Animations\MolochbabySwimSlow.xml"
"Content/Characters/Molochbaby/BABYMOLOCH_alarm1.ogg","BABYMOLOCH_alarm1.ogg","ogg","132463","2025-06-08T21:11:02.9298002Z","C:\Program Files (x86)\Steam\steamapps\common\Barotrauma\Content\Characters\Molochbaby\BABYMOLOCH_alarm1.ogg"
"Content/Characters/Molochbaby/BABYMOLOCH_alarm2.ogg","BABYMOLOCH_alarm2.ogg","ogg","143473","2025-06-08T21:11:06.2581147Z","C:\Program Files (x86)\Steam\steamapps\common\Barotrauma\Content\Characters\Molochbaby\BABYMOLOCH_alarm2.ogg"
"Content/Characters/Molochbaby/BABYMOLOCH_alarm3.ogg","BABYMOLOCH_alarm3.ogg","ogg","140210","2025-06-08T21:11:06.3652295Z","C:\Program Files (x86)\Steam\steamapps\common\Barotrauma\Content\Characters\Molochbaby\BABYMOLOCH_alarm3.ogg"
"Content/Characters/Molochbaby/BABYMOLOCH_alarm4.ogg","BABYMOLOCH_alarm4.ogg","ogg","156717","2025-06-08T21:11:06.2601161Z","C:\Program Files (x86)\Steam\steamapps\common\Barotrauma\Content\Characters\Molochbaby\BABYMOLOCH_alarm4.ogg"
"Content/Characters/Molochbaby/BABYMOLOCH_alarm5.ogg","BABYMOLOCH_alarm5.ogg","ogg","138813","2025-06-08T21:11:02.9288007Z","C:\Program Files (x86)\Steam\steamapps\common\Barotrauma\Content\Characters\Molochbaby\BABYMOLOCH_alarm5.ogg"
"Content/Characters/Molochbaby/BABYMOLOCH_damage1.ogg","BABYMOLOCH_damage1.ogg","ogg","68351","2025-06-08T21:11:07.8200528Z","C:\Program Files (x86)\Steam\steamapps\common\Barotrauma\Content\Characters\Molochbaby\BABYMOLOCH_damage1.ogg"
"Content/Characters/Molochbaby/BABYMOLOCH_damage2.ogg","BABYMOLOCH_damage2.ogg","ogg","84230","2025-06-08T21:11:02.9820697Z","C:\Program Files (x86)\Steam\steamapps\common\Barotrauma\Content\Characters\Molochbaby\BABYMOLOCH_damage2.ogg"
"Content/Characters/Molochbaby/BABYMOLOCH_damage3.ogg","BABYMOLOCH_damage3.ogg","ogg","64280","2025-06-08T21:11:07.8180605Z","C:\Program Files (x86)\Steam\steamapps\common\Barotrauma\Content\Characters\Molochbaby\BABYMOLOCH_damage3.ogg"
"Content/Characters/Molochbaby/BABYMOLOCH_damage4.ogg","BABYMOLOCH_damage4.ogg","ogg","68745","2025-06-08T21:11:06.3152297Z","C:\Program Files (x86)\Steam\steamapps\common\Barotrauma\Content\Characters\Molochbaby\BABYMOLOCH_damage4.ogg"
"Content/Characters/Molochbaby/BABYMOLOCH_damage5.ogg","BABYMOLOCH_damage5.ogg","ogg","64115","2025-06-08T21:11:06.3642292Z","C:\Program Files (x86)\Steam\steamapps\common\Barotrauma\Content\Characters\Molochbaby\BABYMOLOCH_damage5.ogg"
"Content/Characters/Molochbaby/BABYMOLOCH_dead1.ogg","BABYMOLOCH_dead1.ogg","ogg","106019","2025-06-08T21:11:06.2601161Z","C:\Program Files (x86)\Steam\steamapps\common\Barotrauma\Content\Characters\Molochbaby\BABYMOLOCH_dead1.ogg"
"Content/Characters/Molochbaby/BABYMOLOCH_dead2.ogg","BABYMOLOCH_dead2.ogg","ogg","101940","2025-06-08T21:11:02.9830624Z","C:\Program Files (x86)\Steam\steamapps\common\Barotrauma\Content\Characters\Molochbaby\BABYMOLOCH_dead2.ogg"
"Content/Characters/Molochbaby/BABYMOLOCH_dead3.ogg","BABYMOLOCH_dead3.ogg","ogg","126292","2025-06-08T21:11:06.2601161Z","C:\Program Files (x86)\Steam\steamapps\common\Barotrauma\Content\Characters\Molochbaby\BABYMOLOCH_dead3.ogg"
"Content/Characters/Molochbaby/BABYMOLOCH_dead4.ogg","BABYMOLOCH_dead4.ogg","ogg","119314","2025-06-08T21:11:05.0652612Z","C:\Program Files (x86)\Steam\steamapps\common\Barotrauma\Content\Characters\Molochbaby\BABYMOLOCH_dead4.ogg"
"Content/Characters/Molochbaby/BABYMOLOCH_idle1.ogg","BABYMOLOCH_idle1.ogg","ogg","107679","2025-06-08T21:11:06.3692295Z","C:\Program Files (x86)\Steam\steamapps\common\Barotrauma\Content\Characters\Molochbaby\BABYMOLOCH_idle1.ogg"
"Content/Characters/Molochbaby/BABYMOLOCH_idle2.ogg","BABYMOLOCH_idle2.ogg","ogg","106896","2025-06-08T21:11:02.9870620Z","C:\Program Files (x86)\Steam\steamapps\common\Barotrauma\Content\Characters\Molochbaby\BABYMOLOCH_idle2.ogg"
"Content/Characters/Molochbaby/BABYMOLOCH_idle3.ogg","BABYMOLOCH_idle3.ogg","ogg","159222","2025-06-08T21:11:07.8621449Z","C:\Program Files (x86)\Steam\steamapps\common\Barotrauma\Content\Characters\Molochbaby\BABYMOLOCH_idle3.ogg"
"Content/Characters/Molochbaby/BABYMOLOCH_idle4.ogg","BABYMOLOCH_idle4.ogg","ogg","97421","2025-06-08T21:11:05.7459272Z","C:\Program Files (x86)\Steam\steamapps\common\Barotrauma\Content\Characters\Molochbaby\BABYMOLOCH_idle4.ogg"
"Content/Characters/Molochbaby/BABYMOLOCH_idle5.ogg","BABYMOLOCH_idle5.ogg","ogg","88255","2025-06-08T21:11:06.4187857Z","C:\Program Files (x86)\Steam\steamapps\common\Barotrauma\Content\Characters\Molochbaby\BABYMOLOCH_idle5.ogg"
"Content/Characters/Molochbaby/BABYMOLOCH_idle6.ogg","BABYMOLOCH_idle6.ogg","ogg","150209","2025-06-08T21:11:05.9917453Z","C:\Program Files (x86)\Steam\steamapps\common\Barotrauma\Content\Characters\Molochbaby\BABYMOLOCH_idle6.ogg"
"Content/Characters/Molochbaby/molochbaby.png","molochbaby.png","png","146609","2025-06-08T21:11:02.9880627Z","C:\Program Files (x86)\Steam\steamapps\common\Barotrauma\Content\Characters\Molochbaby\molochbaby.png"
"Content/Characters/Molochbaby/Molochbaby.xml","Molochbaby.xml","xml","7699","2025-06-08T21:11:02.9840621Z","C:\Program Files (x86)\Steam\steamapps\common\Barotrauma\Content\Characters\Molochbaby\Molochbaby.xml"
"Content/Characters/Molochbaby/Ragdolls/MolochbabyDefaultRagdoll.xml","MolochbabyDefaultRagdoll.xml","xml","4196","2025-06-08T21:11:04.2839367Z","C:\Program Files (x86)\Steam\steamapps\common\Barotrauma\Content\Characters\Molochbaby\Ragdolls\MolochbabyDefaultRagdoll.xml"
"Content/Characters/Molochblack/Animations/MolochblackSwimFast.xml","MolochblackSwimFast.xml","xml","492","2025-06-08T21:11:04.2889387Z","C:\Program Files (x86)\Steam\steamapps\common\Barotrauma\Content\Characters\Molochblack\Animations\MolochblackSwimFast.xml"
"Content/Characters/Molochblack/Animations/MolochblackSwimSlow.xml","MolochblackSwimSlow.xml","xml","484","2025-06-08T21:11:04.2869377Z","C:\Program Files (x86)\Steam\steamapps\common\Barotrauma\Content\Characters\Molochblack\Animations\MolochblackSwimSlow.xml"
"Content/Characters/Molochblack/BLACKMOLOCH_EMPHit.ogg","BLACKMOLOCH_EMPHit.ogg","ogg","71214","2025-06-08T21:11:07.8621449Z","C:\Program Files (x86)\Steam\steamapps\common\Barotrauma\Content\Characters\Molochblack\BLACKMOLOCH_EMPHit.ogg"
"Content/Characters/Molochblack/Molochblack.png","Molochblack.png","png","1581894","2025-06-08T21:11:01.9212877Z","C:\Program Files (x86)\Steam\steamapps\common\Barotrauma\Content\Characters\Molochblack\Molochblack.png"
"Content/Characters/Molochblack/Molochblack.xml","Molochblack.xml","xml","6213","2025-06-08T21:11:02.9870620Z","C:\Program Files (x86)\Steam\steamapps\common\Barotrauma\Content\Characters\Molochblack\Molochblack.xml"
"Content/Characters/Molochblack/Ragdolls/MolochblackDefaultRagdoll.xml","MolochblackDefaultRagdoll.xml","xml","96156","2025-06-08T21:11:07.8611456Z","C:\Program Files (x86)\Steam\steamapps\common\Barotrauma\Content\Characters\Molochblack\Ragdolls\MolochblackDefaultRagdoll.xml"
"Content/Characters/Mudraptor/Animations/MudraptorRun.xml","MudraptorRun.xml","xml","730","2025-06-08T21:11:08.2997283Z","C:\Program Files (x86)\Steam\steamapps\common\Barotrauma\Content\Characters\Mudraptor\Animations\MudraptorRun.xml"
"Content/Characters/Mudraptor/Animations/MudraptorSwimFast.xml","MudraptorSwimFast.xml","xml","591","2025-06-08T21:11:05.0602580Z","C:\Program Files (x86)\Steam\steamapps\common\Barotrauma\Content\Characters\Mudraptor\Animations\MudraptorSwimFast.xml"
"Content/Characters/Mudraptor/Animations/MudraptorSwimSlow.xml","MudraptorSwimSlow.xml","xml","590","2025-06-08T21:11:06.9470513Z","C:\Program Files (x86)\Steam\steamapps\common\Barotrauma\Content\Characters\Mudraptor\Animations\MudraptorSwimSlow.xml"
"Content/Characters/Mudraptor/Animations/MudraptorWalk.xml","MudraptorWalk.xml","xml","712","2025-06-08T21:11:05.3390140Z","C:\Program Files (x86)\Steam\steamapps\common\Barotrauma\Content\Characters\Mudraptor\Animations\MudraptorWalk.xml"
"Content/Characters/Mudraptor/Mudraptor.png","Mudraptor.png","png","161051","2025-06-08T21:11:06.5428900Z","C:\Program Files (x86)\Steam\steamapps\common\Barotrauma\Content\Characters\Mudraptor\Mudraptor.png"
"Content/Characters/Mudraptor/Mudraptor.xml","Mudraptor.xml","xml","6607","2026-04-09T15:55:13.0921049Z","C:\Program Files (x86)\Steam\steamapps\common\Barotrauma\Content\Characters\Mudraptor\Mudraptor.xml"
"Content/Characters/Mudraptor/MUDRAPTOR_attack1.ogg","MUDRAPTOR_attack1.ogg","ogg","49824","2025-06-08T21:11:04.8553214Z","C:\Program Files (x86)\Steam\steamapps\common\Barotrauma\Content\Characters\Mudraptor\MUDRAPTOR_attack1.ogg"
"Content/Characters/Mudraptor/MUDRAPTOR_attack2.ogg","MUDRAPTOR_attack2.ogg","ogg","39946","2025-06-08T21:11:06.6493336Z","C:\Program Files (x86)\Steam\steamapps\common\Barotrauma\Content\Characters\Mudraptor\MUDRAPTOR_attack2.ogg"
"Content/Characters/Mudraptor/MUDRAPTOR_attack3.ogg","MUDRAPTOR_attack3.ogg","ogg","33822","2025-06-08T21:11:06.6493336Z","C:\Program Files (x86)\Steam\steamapps\common\Barotrauma\Content\Characters\Mudraptor\MUDRAPTOR_attack3.ogg"
"Content/Characters/Mudraptor/MUDRAPTOR_damage1.ogg","MUDRAPTOR_damage1.ogg","ogg","33874","2025-06-08T21:11:05.5065486Z","C:\Program Files (x86)\Steam\steamapps\common\Barotrauma\Content\Characters\Mudraptor\MUDRAPTOR_damage1.ogg"
"Content/Characters/Mudraptor/MUDRAPTOR_damage2.ogg","MUDRAPTOR_damage2.ogg","ogg","41709","2025-06-08T21:11:05.5065486Z","C:\Program Files (x86)\Steam\steamapps\common\Barotrauma\Content\Characters\Mudraptor\MUDRAPTOR_damage2.ogg"
"Content/Characters/Mudraptor/MUDRAPTOR_damage3.ogg","MUDRAPTOR_damage3.ogg","ogg","43509","2025-06-08T21:11:08.6558956Z","C:\Program Files (x86)\Steam\steamapps\common\Barotrauma\Content\Characters\Mudraptor\MUDRAPTOR_damage3.ogg"
"Content/Characters/Mudraptor/MUDRAPTOR_death1.ogg","MUDRAPTOR_death1.ogg","ogg","32976","2025-06-08T21:11:04.8293226Z","C:\Program Files (x86)\Steam\steamapps\common\Barotrauma\Content\Characters\Mudraptor\MUDRAPTOR_death1.ogg"
"Content/Characters/Mudraptor/MUDRAPTOR_death2.ogg","MUDRAPTOR_death2.ogg","ogg","28845","2025-06-08T21:11:06.6503347Z","C:\Program Files (x86)\Steam\steamapps\common\Barotrauma\Content\Characters\Mudraptor\MUDRAPTOR_death2.ogg"
"Content/Characters/Mudraptor/MUDRAPTOR_idle1.ogg","MUDRAPTOR_idle1.ogg","ogg","41086","2025-06-08T21:11:06.5398985Z","C:\Program Files (x86)\Steam\steamapps\common\Barotrauma\Content\Characters\Mudraptor\MUDRAPTOR_idle1.ogg"
"Content/Characters/Mudraptor/MUDRAPTOR_idle2.ogg","MUDRAPTOR_idle2.ogg","ogg","43515","2025-06-08T21:11:03.4065664Z","C:\Program Files (x86)\Steam\steamapps\common\Barotrauma\Content\Characters\Mudraptor\MUDRAPTOR_idle2.ogg"
"Content/Characters/Mudraptor/MUDRAPTOR_idle3.ogg","MUDRAPTOR_idle3.ogg","ogg","44488","2025-06-08T21:11:06.6493336Z","C:\Program Files (x86)\Steam\steamapps\common\Barotrauma\Content\Characters\Mudraptor\MUDRAPTOR_idle3.ogg"
"Content/Characters/Mudraptor/MUDRAPTOR_idle4.ogg","MUDRAPTOR_idle4.ogg","ogg","44213","2025-06-08T21:11:06.6513417Z","C:\Program Files (x86)\Steam\steamapps\common\Barotrauma\Content\Characters\Mudraptor\MUDRAPTOR_idle4.ogg"
"Content/Characters/Mudraptor/Ragdolls/MudraptorDefaultRagdoll.xml","MudraptorDefaultRagdoll.xml","xml","58815","2026-04-09T15:55:13.0891050Z","C:\Program Files (x86)\Steam\steamapps\common\Barotrauma\Content\Characters\Mudraptor\Ragdolls\MudraptorDefaultRagdoll.xml"
"Content/Characters/Mudraptor_unarmored/Animations/Mudraptor_unarmoredRun.xml","Mudraptor_unarmoredRun.xml","xml","750","2025-06-08T21:11:04.8273643Z","C:\Program Files (x86)\Steam\steamapps\common\Barotrauma\Content\Characters\Mudraptor_unarmored\Animations\Mudraptor_unarmoredRun.xml"
"Content/Characters/Mudraptor_unarmored/Animations/Mudraptor_unarmoredSwimFast.xml","Mudraptor_unarmoredSwimFast.xml","xml","620","2025-06-08T21:11:08.6568954Z","C:\Program Files (x86)\Steam\steamapps\common\Barotrauma\Content\Characters\Mudraptor_unarmored\Animations\Mudraptor_unarmoredSwimFast.xml"
"Content/Characters/Mudraptor_unarmored/Animations/Mudraptor_unarmoredSwimSlow.xml","Mudraptor_unarmoredSwimSlow.xml","xml","619","2025-06-08T21:11:05.5065486Z","C:\Program Files (x86)\Steam\steamapps\common\Barotrauma\Content\Characters\Mudraptor_unarmored\Animations\Mudraptor_unarmoredSwimSlow.xml"
"Content/Characters/Mudraptor_unarmored/Animations/Mudraptor_unarmoredWalk.xml","Mudraptor_unarmoredWalk.xml","xml","732","2025-06-08T21:11:06.6483410Z","C:\Program Files (x86)\Steam\steamapps\common\Barotrauma\Content\Characters\Mudraptor_unarmored\Animations\Mudraptor_unarmoredWalk.xml"
"Content/Characters/Mudraptor_unarmored/Mudraptor_unarmored.xml","Mudraptor_unarmored.xml","xml","6330","2026-04-09T15:55:13.0083503Z","C:\Program Files (x86)\Steam\steamapps\common\Barotrauma\Content\Characters\Mudraptor_unarmored\Mudraptor_unarmored.xml"
"Content/Characters/Mudraptor_unarmored/Ragdolls/Mudraptor_unarmoredDefaultRagdoll.xml","Mudraptor_unarmoredDefaultRagdoll.xml","xml","41014","2026-04-09T15:55:13.0713145Z","C:\Program Files (x86)\Steam\steamapps\common\Barotrauma\Content\Characters\Mudraptor_unarmored\Ragdolls\Mudraptor_unarmoredDefaultRagdoll.xml"
"Content/Characters/Orangeboy/Animations/OrangeboyRun.xml","OrangeboyRun.xml","xml","783","2025-06-19T20:07:27.7381226Z","C:\Program Files (x86)\Steam\steamapps\common\Barotrauma\Content\Characters\Orangeboy\Animations\OrangeboyRun.xml"
"Content/Characters/Orangeboy/Animations/OrangeboySwimFast.xml","OrangeboySwimFast.xml","xml","645","2025-06-19T20:07:27.9202488Z","C:\Program Files (x86)\Steam\steamapps\common\Barotrauma\Content\Characters\Orangeboy\Animations\OrangeboySwimFast.xml"
"Content/Characters/Orangeboy/Animations/OrangeboySwimSlow.xml","OrangeboySwimSlow.xml","xml","543","2025-06-08T21:11:03.4065664Z","C:\Program Files (x86)\Steam\steamapps\common\Barotrauma\Content\Characters\Orangeboy\Animations\OrangeboySwimSlow.xml"
"Content/Characters/Orangeboy/Animations/OrangeboyWalk.xml","OrangeboyWalk.xml","xml","788","2025-06-19T20:07:27.9202488Z","C:\Program Files (x86)\Steam\steamapps\common\Barotrauma\Content\Characters\Orangeboy\Animations\OrangeboyWalk.xml"
"Content/Characters/Orangeboy/Orangeboy.xml","Orangeboy.xml","xml","4970","2026-04-09T15:55:13.0184274Z","C:\Program Files (x86)\Steam\steamapps\common\Barotrauma\Content\Characters\Orangeboy\Orangeboy.xml"
"Content/Characters/Orangeboy/ORANGEBOY_idle1.ogg","ORANGEBOY_idle1.ogg","ogg","39221","2025-06-08T21:11:06.6493336Z","C:\Program Files (x86)\Steam\steamapps\common\Barotrauma\Content\Characters\Orangeboy\ORANGEBOY_idle1.ogg"
"Content/Characters/Orangeboy/ORANGEBOY_idle2.ogg","ORANGEBOY_idle2.ogg","ogg","50375","2025-06-08T21:11:05.5672159Z","C:\Program Files (x86)\Steam\steamapps\common\Barotrauma\Content\Characters\Orangeboy\ORANGEBOY_idle2.ogg"
"Content/Characters/Orangeboy/ORANGEBOY_idle3.ogg","ORANGEBOY_idle3.ogg","ogg","36572","2025-06-08T21:11:03.4075790Z","C:\Program Files (x86)\Steam\steamapps\common\Barotrauma\Content\Characters\Orangeboy\ORANGEBOY_idle3.ogg"
"Content/Characters/Orangeboy/ORANGEBOY_negative.ogg","ORANGEBOY_negative.ogg","ogg","20353","2025-06-08T21:11:04.8293226Z","C:\Program Files (x86)\Steam\steamapps\common\Barotrauma\Content\Characters\Orangeboy\ORANGEBOY_negative.ogg"
"Content/Characters/Orangeboy/ORANGEBOY_positive.ogg","ORANGEBOY_positive.ogg","ogg","21539","2025-06-08T21:11:03.4055681Z","C:\Program Files (x86)\Steam\steamapps\common\Barotrauma\Content\Characters\Orangeboy\ORANGEBOY_positive.ogg"
"Content/Characters/Orangeboy/ORANGEBOY_takeDamage1.ogg","ORANGEBOY_takeDamage1.ogg","ogg","22919","2025-06-08T21:11:04.8923520Z","C:\Program Files (x86)\Steam\steamapps\common\Barotrauma\Content\Characters\Orangeboy\ORANGEBOY_takeDamage1.ogg"
"Content/Characters/Orangeboy/ORANGEBOY_takeDamage2.ogg","ORANGEBOY_takeDamage2.ogg","ogg","24601","2025-06-08T21:11:06.6443335Z","C:\Program Files (x86)\Steam\steamapps\common\Barotrauma\Content\Characters\Orangeboy\ORANGEBOY_takeDamage2.ogg"
"Content/Characters/Orangeboy/Ragdolls/OrangeboyDefaultRagdoll.xml","OrangeboyDefaultRagdoll.xml","xml","11949","2026-04-09T15:55:13.0184274Z","C:\Program Files (x86)\Steam\steamapps\common\Barotrauma\Content\Characters\Orangeboy\Ragdolls\OrangeboyDefaultRagdoll.xml"
"Content/Characters/Peanut/Animations/PeanutRun.xml","PeanutRun.xml","xml","805","2025-06-19T20:07:27.9212456Z","C:\Program Files (x86)\Steam\steamapps\common\Barotrauma\Content\Characters\Peanut\Animations\PeanutRun.xml"
"Content/Characters/Peanut/Animations/PeanutSwimFast.xml","PeanutSwimFast.xml","xml","556","2025-06-08T21:11:06.6493336Z","C:\Program Files (x86)\Steam\steamapps\common\Barotrauma\Content\Characters\Peanut\Animations\PeanutSwimFast.xml"
"Content/Characters/Peanut/Animations/PeanutSwimSlow.xml","PeanutSwimSlow.xml","xml","555","2025-06-08T21:11:06.6483410Z","C:\Program Files (x86)\Steam\steamapps\common\Barotrauma\Content\Characters\Peanut\Animations\PeanutSwimSlow.xml"
"Content/Characters/Peanut/Animations/PeanutWalk.xml","PeanutWalk.xml","xml","799","2025-06-19T20:07:27.7401230Z","C:\Program Files (x86)\Steam\steamapps\common\Barotrauma\Content\Characters\Peanut\Animations\PeanutWalk.xml"
"Content/Characters/Peanut/Peanut.xml","Peanut.xml","xml","4574","2026-04-09T15:55:13.0103511Z","C:\Program Files (x86)\Steam\steamapps\common\Barotrauma\Content\Characters\Peanut\Peanut.xml"
"Content/Characters/Peanut/PEANUT_idle1.ogg","PEANUT_idle1.ogg","ogg","43834","2025-06-08T21:11:04.9528691Z","C:\Program Files (x86)\Steam\steamapps\common\Barotrauma\Content\Characters\Peanut\PEANUT_idle1.ogg"
"Content/Characters/Peanut/PEANUT_idle2.ogg","PEANUT_idle2.ogg","ogg","68218","2025-06-08T21:11:06.2571146Z","C:\Program Files (x86)\Steam\steamapps\common\Barotrauma\Content\Characters\Peanut\PEANUT_idle2.ogg"
"Content/Characters/Peanut/PEANUT_negative.ogg","PEANUT_negative.ogg","ogg","20435","2025-06-08T21:11:04.8883518Z","C:\Program Files (x86)\Steam\steamapps\common\Barotrauma\Content\Characters\Peanut\PEANUT_negative.ogg"
"Content/Characters/Peanut/PEANUT_positive.ogg","PEANUT_positive.ogg","ogg","20426","2025-06-08T21:11:04.9468692Z","C:\Program Files (x86)\Steam\steamapps\common\Barotrauma\Content\Characters\Peanut\PEANUT_positive.ogg"
"Content/Characters/Peanut/PEANUT_takeDamage1.ogg","PEANUT_takeDamage1.ogg","ogg","19286","2025-06-08T21:11:06.2591153Z","C:\Program Files (x86)\Steam\steamapps\common\Barotrauma\Content\Characters\Peanut\PEANUT_takeDamage1.ogg"
"Content/Characters/Peanut/PEANUT_takeDamage2.ogg","PEANUT_takeDamage2.ogg","ogg","21279","2025-06-08T21:11:06.6493336Z","C:\Program Files (x86)\Steam\steamapps\common\Barotrauma\Content\Characters\Peanut\PEANUT_takeDamage2.ogg"
"Content/Characters/Peanut/Ragdolls/PeanutDefaultRagdoll.xml","PeanutDefaultRagdoll.xml","xml","15031","2026-04-09T15:55:13.0713145Z","C:\Program Files (x86)\Steam\steamapps\common\Barotrauma\Content\Characters\Peanut\Ragdolls\PeanutDefaultRagdoll.xml"
"Content/Characters/PetEggs.xml","PetEggs.xml","xml","13007","2025-06-19T20:07:30.0254996Z","C:\Program Files (x86)\Steam\steamapps\common\Barotrauma\Content\Characters\PetEggs.xml"
"Content/Characters/Pets/pets.png","pets.png","png","229440","2025-06-19T20:07:27.9202488Z","C:\Program Files (x86)\Steam\steamapps\common\Barotrauma\Content\Characters\Pets\pets.png"
"Content/Characters/Pets/pets_event.png","pets_event.png","png","208287","2025-06-08T21:11:06.4800716Z","C:\Program Files (x86)\Steam\steamapps\common\Barotrauma\Content\Characters\Pets\pets_event.png"
"Content/Characters/Portalguardian/Animations/PortalguardianSwimFast.xml","PortalguardianSwimFast.xml","xml","585","2025-06-08T21:11:06.4800716Z","C:\Program Files (x86)\Steam\steamapps\common\Barotrauma\Content\Characters\Portalguardian\Animations\PortalguardianSwimFast.xml"
"Content/Characters/Portalguardian/Animations/PortalguardianSwimSlow.xml","PortalguardianSwimSlow.xml","xml","583","2025-06-08T21:11:06.4840747Z","C:\Program Files (x86)\Steam\steamapps\common\Barotrauma\Content\Characters\Portalguardian\Animations\PortalguardianSwimSlow.xml"
"Content/Characters/Portalguardian/Portalguardian.xml","Portalguardian.xml","xml","12055","2025-09-18T02:31:38.9273154Z","C:\Program Files (x86)\Steam\steamapps\common\Barotrauma\Content\Characters\Portalguardian\Portalguardian.xml"
"Content/Characters/Portalguardian/Ragdolls/PortalguardianDefaultRagdoll.xml","PortalguardianDefaultRagdoll.xml","xml","33348","2025-06-08T21:11:04.8913534Z","C:\Program Files (x86)\Steam\steamapps\common\Barotrauma\Content\Characters\Portalguardian\Ragdolls\PortalguardianDefaultRagdoll.xml"
"Content/Characters/Psilotoad/Animations/PsilotoadRun.xml","PsilotoadRun.xml","xml","749","2025-06-19T20:07:27.9192447Z","C:\Program Files (x86)\Steam\steamapps\common\Barotrauma\Content\Characters\Psilotoad\Animations\PsilotoadRun.xml"
"Content/Characters/Psilotoad/Animations/PsilotoadSwimFast.xml","PsilotoadSwimFast.xml","xml","560","2025-06-19T20:07:30.3162214Z","C:\Program Files (x86)\Steam\steamapps\common\Barotrauma\Content\Characters\Psilotoad\Animations\PsilotoadSwimFast.xml"
"Content/Characters/Psilotoad/Animations/PsilotoadSwimSlow.xml","PsilotoadSwimSlow.xml","xml","562","2025-06-08T21:11:06.4840747Z","C:\Program Files (x86)\Steam\steamapps\common\Barotrauma\Content\Characters\Psilotoad\Animations\PsilotoadSwimSlow.xml"
"Content/Characters/Psilotoad/Animations/PsilotoadWalk.xml","PsilotoadWalk.xml","xml","748","2025-06-19T20:07:27.9192447Z","C:\Program Files (x86)\Steam\steamapps\common\Barotrauma\Content\Characters\Psilotoad\Animations\PsilotoadWalk.xml"
"Content/Characters/Psilotoad/Psilotoad.xml","Psilotoad.xml","xml","4870","2026-04-09T15:55:13.0855776Z","C:\Program Files (x86)\Steam\steamapps\common\Barotrauma\Content\Characters\Psilotoad\Psilotoad.xml"
"Content/Characters/Psilotoad/PSILOTOAD_idle1.ogg","PSILOTOAD_idle1.ogg","ogg","23207","2025-06-08T21:11:06.6443335Z","C:\Program Files (x86)\Steam\steamapps\common\Barotrauma\Content\Characters\Psilotoad\PSILOTOAD_idle1.ogg"
"Content/Characters/Psilotoad/PSILOTOAD_idle2.ogg","PSILOTOAD_idle2.ogg","ogg","22462","2025-06-08T21:11:08.6568954Z","C:\Program Files (x86)\Steam\steamapps\common\Barotrauma\Content\Characters\Psilotoad\PSILOTOAD_idle2.ogg"
"Content/Characters/Psilotoad/PSILOTOAD_negative.ogg","PSILOTOAD_negative.ogg","ogg","22314","2025-06-08T21:11:04.9528691Z","C:\Program Files (x86)\Steam\steamapps\common\Barotrauma\Content\Characters\Psilotoad\PSILOTOAD_negative.ogg"
"Content/Characters/Psilotoad/PSILOTOAD_positive.ogg","PSILOTOAD_positive.ogg","ogg","19705","2025-06-08T21:11:04.9478689Z","C:\Program Files (x86)\Steam\steamapps\common\Barotrauma\Content\Characters\Psilotoad\PSILOTOAD_positive.ogg"
"Content/Characters/Psilotoad/PSILOTOAD_takeDamage1.ogg","PSILOTOAD_takeDamage1.ogg","ogg","24102","2025-06-08T21:11:04.9528691Z","C:\Program Files (x86)\Steam\steamapps\common\Barotrauma\Content\Characters\Psilotoad\PSILOTOAD_takeDamage1.ogg"
"Content/Characters/Psilotoad/PSILOTOAD_takeDamage2.ogg","PSILOTOAD_takeDamage2.ogg","ogg","26296","2025-06-08T21:11:03.4075790Z","C:\Program Files (x86)\Steam\steamapps\common\Barotrauma\Content\Characters\Psilotoad\PSILOTOAD_takeDamage2.ogg"
"Content/Characters/Psilotoad/Ragdolls/PsilotoadDefaultRagdoll.xml","PsilotoadDefaultRagdoll.xml","xml","7778","2025-06-19T20:07:27.4683913Z","C:\Program Files (x86)\Steam\steamapps\common\Barotrauma\Content\Characters\Psilotoad\Ragdolls\PsilotoadDefaultRagdoll.xml"
"Content/Characters/Spineling/Animations/SpinelingSwimFast.xml","SpinelingSwimFast.xml","xml","524","2025-06-08T21:11:06.4800716Z","C:\Program Files (x86)\Steam\steamapps\common\Barotrauma\Content\Characters\Spineling\Animations\SpinelingSwimFast.xml"
"Content/Characters/Spineling/Animations/SpinelingSwimSlow.xml","SpinelingSwimSlow.xml","xml","515","2025-06-08T21:11:04.8903523Z","C:\Program Files (x86)\Steam\steamapps\common\Barotrauma\Content\Characters\Spineling\Animations\SpinelingSwimSlow.xml"
"Content/Characters/Spineling/Ragdolls/SpinelingDefaultRagdoll.xml","SpinelingDefaultRagdoll.xml","xml","47408","2025-06-08T21:11:08.6568954Z","C:\Program Files (x86)\Steam\steamapps\common\Barotrauma\Content\Characters\Spineling\Ragdolls\SpinelingDefaultRagdoll.xml"
"Content/Characters/Spineling/Spineling.png","Spineling.png","png","66548","2025-06-08T21:11:06.6973464Z","C:\Program Files (x86)\Steam\steamapps\common\Barotrauma\Content\Characters\Spineling\Spineling.png"
"Content/Characters/Spineling/Spineling.xml","Spineling.xml","xml","8089","2026-04-09T15:55:13.0870947Z","C:\Program Files (x86)\Steam\steamapps\common\Barotrauma\Content\Characters\Spineling\Spineling.xml"
"Content/Characters/Spineling/SPINELING_attackProjectile1.ogg","SPINELING_attackProjectile1.ogg","ogg","42491","2025-06-08T21:11:08.6578957Z","C:\Program Files (x86)\Steam\steamapps\common\Barotrauma\Content\Characters\Spineling\SPINELING_attackProjectile1.ogg"
"Content/Characters/Spineling/SPINELING_attackProjectile2.ogg","SPINELING_attackProjectile2.ogg","ogg","39103","2025-06-08T21:11:06.6973464Z","C:\Program Files (x86)\Steam\steamapps\common\Barotrauma\Content\Characters\Spineling\SPINELING_attackProjectile2.ogg"
"Content/Characters/Spineling/SPINELING_attackProjectile3.ogg","SPINELING_attackProjectile3.ogg","ogg","43973","2025-06-08T21:11:06.6493336Z","C:\Program Files (x86)\Steam\steamapps\common\Barotrauma\Content\Characters\Spineling\SPINELING_attackProjectile3.ogg"
"Content/Characters/Spineling/SPINELING_damage1.ogg","SPINELING_damage1.ogg","ogg","52747","2025-06-08T21:11:06.6503347Z","C:\Program Files (x86)\Steam\steamapps\common\Barotrauma\Content\Characters\Spineling\SPINELING_damage1.ogg"
"Content/Characters/Spineling/SPINELING_damage2.ogg","SPINELING_damage2.ogg","ogg","50200","2025-06-08T21:11:03.4650226Z","C:\Program Files (x86)\Steam\steamapps\common\Barotrauma\Content\Characters\Spineling\SPINELING_damage2.ogg"
"Content/Characters/Spineling/SPINELING_damage3.ogg","SPINELING_damage3.ogg","ogg","43092","2025-06-08T21:11:08.6588963Z","C:\Program Files (x86)\Steam\steamapps\common\Barotrauma\Content\Characters\Spineling\SPINELING_damage3.ogg"
"Content/Characters/Spineling/SPINELING_damage4.ogg","SPINELING_damage4.ogg","ogg","44592","2025-06-08T21:11:06.5398985Z","C:\Program Files (x86)\Steam\steamapps\common\Barotrauma\Content\Characters\Spineling\SPINELING_damage4.ogg"
"Content/Characters/Spineling/SPINELING_damage5.ogg","SPINELING_damage5.ogg","ogg","43726","2025-06-08T21:11:03.4630229Z","C:\Program Files (x86)\Steam\steamapps\common\Barotrauma\Content\Characters\Spineling\SPINELING_damage5.ogg"
"Content/Characters/Spineling/SPINELING_damage6.ogg","SPINELING_damage6.ogg","ogg","44387","2025-06-08T21:11:06.6493336Z","C:\Program Files (x86)\Steam\steamapps\common\Barotrauma\Content\Characters\Spineling\SPINELING_damage6.ogg"
"Content/Characters/Spineling/SPINELING_dead1.ogg","SPINELING_dead1.ogg","ogg","72152","2025-06-08T21:11:06.6513417Z","C:\Program Files (x86)\Steam\steamapps\common\Barotrauma\Content\Characters\Spineling\SPINELING_dead1.ogg"
"Content/Characters/Spineling/SPINELING_dead2.ogg","SPINELING_dead2.ogg","ogg","77314","2025-06-08T21:11:06.6493336Z","C:\Program Files (x86)\Steam\steamapps\common\Barotrauma\Content\Characters\Spineling\SPINELING_dead2.ogg"
"Content/Characters/Spineling/SPINELING_dead3.ogg","SPINELING_dead3.ogg","ogg","57552","2025-06-08T21:11:06.9460510Z","C:\Program Files (x86)\Steam\steamapps\common\Barotrauma\Content\Characters\Spineling\SPINELING_dead3.ogg"
"Content/Characters/Spineling/SPINELING_dead4.ogg","SPINELING_dead4.ogg","ogg","58062","2025-06-08T21:11:03.4680220Z","C:\Program Files (x86)\Steam\steamapps\common\Barotrauma\Content\Characters\Spineling\SPINELING_dead4.ogg"
"Content/Characters/Spineling/SPINELING_idle1.ogg","SPINELING_idle1.ogg","ogg","144792","2025-06-08T21:11:04.9478689Z","C:\Program Files (x86)\Steam\steamapps\common\Barotrauma\Content\Characters\Spineling\SPINELING_idle1.ogg"
"Content/Characters/Spineling/SPINELING_idle2.ogg","SPINELING_idle2.ogg","ogg","138250","2025-06-08T21:11:06.6973464Z","C:\Program Files (x86)\Steam\steamapps\common\Barotrauma\Content\Characters\Spineling\SPINELING_idle2.ogg"
"Content/Characters/Spineling/SPINELING_idle3.ogg","SPINELING_idle3.ogg","ogg","173250","2025-06-08T21:11:03.4670225Z","C:\Program Files (x86)\Steam\steamapps\common\Barotrauma\Content\Characters\Spineling\SPINELING_idle3.ogg"
"Content/Characters/Spineling/SPINELING_idle4.ogg","SPINELING_idle4.ogg","ogg","122968","2025-06-08T21:11:06.9510502Z","C:\Program Files (x86)\Steam\steamapps\common\Barotrauma\Content\Characters\Spineling\SPINELING_idle4.ogg"
"Content/Characters/Spineling_giant/Animations/Spineling_giantSwimFast.xml","Spineling_giantSwimFast.xml","xml","598","2025-06-08T21:11:04.8903523Z","C:\Program Files (x86)\Steam\steamapps\common\Barotrauma\Content\Characters\Spineling_giant\Animations\Spineling_giantSwimFast.xml"
"Content/Characters/Spineling_giant/Animations/Spineling_giantSwimSlow.xml","Spineling_giantSwimSlow.xml","xml","591","2025-06-08T21:11:03.4640227Z","C:\Program Files (x86)\Steam\steamapps\common\Barotrauma\Content\Characters\Spineling_giant\Animations\Spineling_giantSwimSlow.xml"
"Content/Characters/Spineling_giant/Ragdolls/Spineling_giantDefaultRagdoll.xml","Spineling_giantDefaultRagdoll.xml","xml","49726","2025-06-08T21:11:06.6943464Z","C:\Program Files (x86)\Steam\steamapps\common\Barotrauma\Content\Characters\Spineling_giant\Ragdolls\Spineling_giantDefaultRagdoll.xml"
"Content/Characters/Spineling_giant/Spineling_giant.png","Spineling_giant.png","png","391845","2025-06-08T21:11:01.9322883Z","C:\Program Files (x86)\Steam\steamapps\common\Barotrauma\Content\Characters\Spineling_giant\Spineling_giant.png"
"Content/Characters/Spineling_giant/Spineling_giant.xml","Spineling_giant.xml","xml","10560","2025-06-19T20:07:27.4703924Z","C:\Program Files (x86)\Steam\steamapps\common\Barotrauma\Content\Characters\Spineling_giant\Spineling_giant.xml"
"Content/Characters/Spineling_giant/SPINELINGGIANT_attackProjectile1.ogg","SPINELINGGIANT_attackProjectile1.ogg","ogg","76213","2025-06-08T21:11:03.4650226Z","C:\Program Files (x86)\Steam\steamapps\common\Barotrauma\Content\Characters\Spineling_giant\SPINELINGGIANT_attackProjectile1.ogg"
"Content/Characters/Spineling_giant/SPINELINGGIANT_attackProjectile2.ogg","SPINELINGGIANT_attackProjectile2.ogg","ogg","79933","2025-06-08T21:11:03.4660222Z","C:\Program Files (x86)\Steam\steamapps\common\Barotrauma\Content\Characters\Spineling_giant\SPINELINGGIANT_attackProjectile2.ogg"
"Content/Characters/Spineling_giant/SPINELINGGIANT_attackProjectile3.ogg","SPINELINGGIANT_attackProjectile3.ogg","ogg","74825","2025-06-08T21:11:08.6598965Z","C:\Program Files (x86)\Steam\steamapps\common\Barotrauma\Content\Characters\Spineling_giant\SPINELINGGIANT_attackProjectile3.ogg"
"Content/Characters/Spineling_giant/SPINELINGGIANT_damage1.ogg","SPINELINGGIANT_damage1.ogg","ogg","57240","2025-06-08T21:11:03.4670225Z","C:\Program Files (x86)\Steam\steamapps\common\Barotrauma\Content\Characters\Spineling_giant\SPINELINGGIANT_damage1.ogg"
"Content/Characters/Spineling_giant/SPINELINGGIANT_damage2.ogg","SPINELINGGIANT_damage2.ogg","ogg","64313","2025-06-08T21:11:06.8923281Z","C:\Program Files (x86)\Steam\steamapps\common\Barotrauma\Content\Characters\Spineling_giant\SPINELINGGIANT_damage2.ogg"
"Content/Characters/Spineling_giant/SPINELINGGIANT_damage3.ogg","SPINELINGGIANT_damage3.ogg","ogg","71509","2025-06-08T21:11:08.6578957Z","C:\Program Files (x86)\Steam\steamapps\common\Barotrauma\Content\Characters\Spineling_giant\SPINELINGGIANT_damage3.ogg"
"Content/Characters/Spineling_giant/SPINELINGGIANT_damage4.ogg","SPINELINGGIANT_damage4.ogg","ogg","66040","2025-06-08T21:11:04.9518691Z","C:\Program Files (x86)\Steam\steamapps\common\Barotrauma\Content\Characters\Spineling_giant\SPINELINGGIANT_damage4.ogg"
"Content/Characters/Spineling_giant/SPINELINGGIANT_damage5.ogg","SPINELINGGIANT_damage5.ogg","ogg","67941","2025-06-08T21:11:06.9520502Z","C:\Program Files (x86)\Steam\steamapps\common\Barotrauma\Content\Characters\Spineling_giant\SPINELINGGIANT_damage5.ogg"
"Content/Characters/Spineling_giant/SPINELINGGIANT_damage6.ogg","SPINELINGGIANT_damage6.ogg","ogg","67195","2025-06-08T21:11:08.7231441Z","C:\Program Files (x86)\Steam\steamapps\common\Barotrauma\Content\Characters\Spineling_giant\SPINELINGGIANT_damage6.ogg"
"Content/Characters/Spineling_giant/SPINELINGGIANT_dead1.ogg","SPINELINGGIANT_dead1.ogg","ogg","70815","2025-06-08T21:11:08.7231441Z","C:\Program Files (x86)\Steam\steamapps\common\Barotrauma\Content\Characters\Spineling_giant\SPINELINGGIANT_dead1.ogg"
"Content/Characters/Spineling_giant/SPINELINGGIANT_dead2.ogg","SPINELINGGIANT_dead2.ogg","ogg","76699","2025-06-08T21:11:03.4670225Z","C:\Program Files (x86)\Steam\steamapps\common\Barotrauma\Content\Characters\Spineling_giant\SPINELINGGIANT_dead2.ogg"
"Content/Characters/Spineling_giant/SPINELINGGIANT_dead3.ogg","SPINELINGGIANT_dead3.ogg","ogg","74511","2025-06-08T21:11:04.9528691Z","C:\Program Files (x86)\Steam\steamapps\common\Barotrauma\Content\Characters\Spineling_giant\SPINELINGGIANT_dead3.ogg"
"Content/Characters/Spineling_giant/SPINELINGGIANT_dead4.ogg","SPINELINGGIANT_dead4.ogg","ogg","75826","2025-06-08T21:11:04.9478689Z","C:\Program Files (x86)\Steam\steamapps\common\Barotrauma\Content\Characters\Spineling_giant\SPINELINGGIANT_dead4.ogg"
"Content/Characters/Spineling_giant/SPINELINGGIANT_idle1.ogg","SPINELINGGIANT_idle1.ogg","ogg","65632","2025-06-08T21:11:06.8923281Z","C:\Program Files (x86)\Steam\steamapps\common\Barotrauma\Content\Characters\Spineling_giant\SPINELINGGIANT_idle1.ogg"
"Content/Characters/Spineling_giant/SPINELINGGIANT_idle2.ogg","SPINELINGGIANT_idle2.ogg","ogg","70463","2025-06-08T21:11:08.7231441Z","C:\Program Files (x86)\Steam\steamapps\common\Barotrauma\Content\Characters\Spineling_giant\SPINELINGGIANT_idle2.ogg"
"Content/Characters/Spineling_giant/SPINELINGGIANT_idle3.ogg","SPINELINGGIANT_idle3.ogg","ogg","86973","2025-06-08T21:11:06.9470513Z","C:\Program Files (x86)\Steam\steamapps\common\Barotrauma\Content\Characters\Spineling_giant\SPINELINGGIANT_idle3.ogg"
"Content/Characters/Spineling_giant/SPINELINGGIANT_idle4.ogg","SPINELINGGIANT_idle4.ogg","ogg","73856","2025-06-08T21:11:08.7231441Z","C:\Program Files (x86)\Steam\steamapps\common\Barotrauma\Content\Characters\Spineling_giant\SPINELINGGIANT_idle4.ogg"
"Content/Characters/Spineling_morbusine/Spineling_morbusine.png","Spineling_morbusine.png","png","44432","2025-06-08T21:11:08.7201450Z","C:\Program Files (x86)\Steam\steamapps\common\Barotrauma\Content\Characters\Spineling_morbusine\Spineling_morbusine.png"
"Content/Characters/Spineling_morbusine/Spineling_morbusine.xml","Spineling_morbusine.xml","xml","13293","2026-04-09T15:55:13.1014484Z","C:\Program Files (x86)\Steam\steamapps\common\Barotrauma\Content\Characters\Spineling_morbusine\Spineling_morbusine.xml"
"Content/Characters/Spineling_morbusine/Spineling_morbusine_ragdoll.xml","Spineling_morbusine_ragdoll.xml","xml","57495","2025-06-08T21:11:04.9488696Z","C:\Program Files (x86)\Steam\steamapps\common\Barotrauma\Content\Characters\Spineling_morbusine\Spineling_morbusine_ragdoll.xml"
"Content/Characters/Swarmfeeder/Animations/SwarmfeederRun.xml","SwarmfeederRun.xml","xml","717","2025-06-08T21:11:06.8913279Z","C:\Program Files (x86)\Steam\steamapps\common\Barotrauma\Content\Characters\Swarmfeeder\Animations\SwarmfeederRun.xml"
"Content/Characters/Swarmfeeder/Animations/SwarmfeederSwimFast.xml","SwarmfeederSwimFast.xml","xml","572","2025-06-08T21:11:06.9500501Z","C:\Program Files (x86)\Steam\steamapps\common\Barotrauma\Content\Characters\Swarmfeeder\Animations\SwarmfeederSwimFast.xml"
"Content/Characters/Swarmfeeder/Animations/SwarmfeederSwimSlow.xml","SwarmfeederSwimSlow.xml","xml","574","2025-06-08T21:11:08.7191445Z","C:\Program Files (x86)\Steam\steamapps\common\Barotrauma\Content\Characters\Swarmfeeder\Animations\SwarmfeederSwimSlow.xml"
"Content/Characters/Swarmfeeder/Animations/SwarmfeederWalk.xml","SwarmfeederWalk.xml","xml","701","2025-06-08T21:11:04.9528691Z","C:\Program Files (x86)\Steam\steamapps\common\Barotrauma\Content\Characters\Swarmfeeder\Animations\SwarmfeederWalk.xml"
"Content/Characters/Swarmfeeder/Ragdolls/SwarmfeederDefaultRagdoll.xml","SwarmfeederDefaultRagdoll.xml","xml","11084","2025-06-08T21:11:04.9488696Z","C:\Program Files (x86)\Steam\steamapps\common\Barotrauma\Content\Characters\Swarmfeeder\Ragdolls\SwarmfeederDefaultRagdoll.xml"
"Content/Characters/Swarmfeeder/SWARMENEMY_death1.ogg","SWARMENEMY_death1.ogg","ogg","44213","2025-06-08T21:11:04.9648695Z","C:\Program Files (x86)\Steam\steamapps\common\Barotrauma\Content\Characters\Swarmfeeder\SWARMENEMY_death1.ogg"
"Content/Characters/Swarmfeeder/SWARMENEMY_death2.ogg","SWARMENEMY_death2.ogg","ogg","38548","2025-06-08T21:11:06.6963474Z","C:\Program Files (x86)\Steam\steamapps\common\Barotrauma\Content\Characters\Swarmfeeder\SWARMENEMY_death2.ogg"
"Content/Characters/Swarmfeeder/SWARMENEMY_death3.ogg","SWARMENEMY_death3.ogg","ogg","43432","2025-06-08T21:11:06.6953475Z","C:\Program Files (x86)\Steam\steamapps\common\Barotrauma\Content\Characters\Swarmfeeder\SWARMENEMY_death3.ogg"
"Content/Characters/Swarmfeeder/SWARMENEMY_death4.ogg","SWARMENEMY_death4.ogg","ogg","41832","2025-06-08T21:11:04.9488696Z","C:\Program Files (x86)\Steam\steamapps\common\Barotrauma\Content\Characters\Swarmfeeder\SWARMENEMY_death4.ogg"
"Content/Characters/Swarmfeeder/SWARMENEMY_Hit1Loop.ogg","SWARMENEMY_Hit1Loop.ogg","ogg","80275","2025-06-08T21:11:06.9500501Z","C:\Program Files (x86)\Steam\steamapps\common\Barotrauma\Content\Characters\Swarmfeeder\SWARMENEMY_Hit1Loop.ogg"
"Content/Characters/Swarmfeeder/SWARMENEMY_Hit2Loop.ogg","SWARMENEMY_Hit2Loop.ogg","ogg","73664","2025-06-08T21:11:03.4670225Z","C:\Program Files (x86)\Steam\steamapps\common\Barotrauma\Content\Characters\Swarmfeeder\SWARMENEMY_Hit2Loop.ogg"
"Content/Characters/Swarmfeeder/SWARMENEMY_idle1Loop.ogg","SWARMENEMY_idle1Loop.ogg","ogg","111129","2025-06-08T21:11:04.9648695Z","C:\Program Files (x86)\Steam\steamapps\common\Barotrauma\Content\Characters\Swarmfeeder\SWARMENEMY_idle1Loop.ogg"
"Content/Characters/Swarmfeeder/SWARMENEMY_idle2Loop.ogg","SWARMENEMY_idle2Loop.ogg","ogg","110794","2025-06-08T21:11:06.9510502Z","C:\Program Files (x86)\Steam\steamapps\common\Barotrauma\Content\Characters\Swarmfeeder\SWARMENEMY_idle2Loop.ogg"
"Content/Characters/Swarmfeeder/Swarmfeeder.png","Swarmfeeder.png","png","5944","2025-06-08T21:11:06.9550507Z","C:\Program Files (x86)\Steam\steamapps\common\Barotrauma\Content\Characters\Swarmfeeder\Swarmfeeder.png"
"Content/Characters/Swarmfeeder/Swarmfeeder.xml","Swarmfeeder.xml","xml","8397","2025-06-08T21:11:08.7201450Z","C:\Program Files (x86)\Steam\steamapps\common\Barotrauma\Content\Characters\Swarmfeeder\Swarmfeeder.xml"
"Content/Characters/Terminalcell/Animations/TerminalcellSwimFast.xml","TerminalcellSwimFast.xml","xml","446","2025-06-08T21:11:03.4680220Z","C:\Program Files (x86)\Steam\steamapps\common\Barotrauma\Content\Characters\Terminalcell\Animations\TerminalcellSwimFast.xml"
"Content/Characters/Terminalcell/Animations/TerminalcellSwimSlow.xml","TerminalcellSwimSlow.xml","xml","452","2025-06-08T21:11:08.7191445Z","C:\Program Files (x86)\Steam\steamapps\common\Barotrauma\Content\Characters\Terminalcell\Animations\TerminalcellSwimSlow.xml"
"Content/Characters/Terminalcell/Ragdolls/TerminalcellDefaultRagdoll.xml","TerminalcellDefaultRagdoll.xml","xml","6758","2025-06-08T21:11:06.9540497Z","C:\Program Files (x86)\Steam\steamapps\common\Barotrauma\Content\Characters\Terminalcell\Ragdolls\TerminalcellDefaultRagdoll.xml"
"Content/Characters/Terminalcell/Terminalcell.xml","Terminalcell.xml","xml","4318","2025-06-08T21:11:06.8893356Z","C:\Program Files (x86)\Steam\steamapps\common\Barotrauma\Content\Characters\Terminalcell\Terminalcell.xml"
"Content/Characters/Tigerthresher/Animations/TigerthresherSwimFast.xml","TigerthresherSwimFast.xml","xml","502","2025-06-08T21:11:08.7241447Z","C:\Program Files (x86)\Steam\steamapps\common\Barotrauma\Content\Characters\Tigerthresher\Animations\TigerthresherSwimFast.xml"
"Content/Characters/Tigerthresher/Animations/TigerthresherSwimSlow.xml","TigerthresherSwimSlow.xml","xml","501","2025-06-08T21:11:03.4660222Z","C:\Program Files (x86)\Steam\steamapps\common\Barotrauma\Content\Characters\Tigerthresher\Animations\TigerthresherSwimSlow.xml"
"Content/Characters/Tigerthresher/Ragdolls/TigerthresherDefaultRagdoll.xml","TigerthresherDefaultRagdoll.xml","xml","25307","2025-06-08T21:11:06.9500501Z","C:\Program Files (x86)\Steam\steamapps\common\Barotrauma\Content\Characters\Tigerthresher\Ragdolls\TigerthresherDefaultRagdoll.xml"
"Content/Characters/Tigerthresher/Tigerthresher.png","Tigerthresher.png","png","117894","2025-06-08T21:11:08.9547983Z","C:\Program Files (x86)\Steam\steamapps\common\Barotrauma\Content\Characters\Tigerthresher\Tigerthresher.png"
"Content/Characters/Tigerthresher/Tigerthresher.xml","Tigerthresher.xml","xml","6646","2026-04-09T15:55:13.0174279Z","C:\Program Files (x86)\Steam\steamapps\common\Barotrauma\Content\Characters\Tigerthresher\Tigerthresher.xml"
"Content/Characters/Tigerthresher/TIGERTRESHER_attack1.ogg","TIGERTRESHER_attack1.ogg","ogg","116799","2025-06-08T21:11:06.9550507Z","C:\Program Files (x86)\Steam\steamapps\common\Barotrauma\Content\Characters\Tigerthresher\TIGERTRESHER_attack1.ogg"
"Content/Characters/Tigerthresher/TIGERTRESHER_attack2.ogg","TIGERTRESHER_attack2.ogg","ogg","118304","2025-06-08T21:11:03.4680220Z","C:\Program Files (x86)\Steam\steamapps\common\Barotrauma\Content\Characters\Tigerthresher\TIGERTRESHER_attack2.ogg"
"Content/Characters/Tigerthresher/TIGERTRESHER_damage1.ogg","TIGERTRESHER_damage1.ogg","ogg","68487","2025-06-08T21:11:08.9537981Z","C:\Program Files (x86)\Steam\steamapps\common\Barotrauma\Content\Characters\Tigerthresher\TIGERTRESHER_damage1.ogg"
"Content/Characters/Tigerthresher/TIGERTRESHER_damage2.ogg","TIGERTRESHER_damage2.ogg","ogg","117495","2025-06-08T21:11:08.9557976Z","C:\Program Files (x86)\Steam\steamapps\common\Barotrauma\Content\Characters\Tigerthresher\TIGERTRESHER_damage2.ogg"
"Content/Characters/Tigerthresher/TIGERTRESHER_death1.ogg","TIGERTRESHER_death1.ogg","ogg","108195","2025-06-08T21:11:04.9498693Z","C:\Program Files (x86)\Steam\steamapps\common\Barotrauma\Content\Characters\Tigerthresher\TIGERTRESHER_death1.ogg"
"Content/Characters/Tigerthresher/TIGERTRESHER_death2.ogg","TIGERTRESHER_death2.ogg","ogg","144922","2025-06-08T21:11:04.9488696Z","C:\Program Files (x86)\Steam\steamapps\common\Barotrauma\Content\Characters\Tigerthresher\TIGERTRESHER_death2.ogg"
"Content/Characters/Tigerthresher/TIGERTRESHER_idle1.ogg","TIGERTRESHER_idle1.ogg","ogg","84534","2025-06-08T21:11:06.9490497Z","C:\Program Files (x86)\Steam\steamapps\common\Barotrauma\Content\Characters\Tigerthresher\TIGERTRESHER_idle1.ogg"
"Content/Characters/Tigerthresher/TIGERTRESHER_idle2.ogg","TIGERTRESHER_idle2.ogg","ogg","102098","2025-06-08T21:11:05.0612587Z","C:\Program Files (x86)\Steam\steamapps\common\Barotrauma\Content\Characters\Tigerthresher\TIGERTRESHER_idle2.ogg"
"Content/Characters/Variants/Crawler_hatchling/Animations/Crawler_hatchlingRun.xml","Crawler_hatchlingRun.xml","xml","713","2025-06-08T21:11:06.9470513Z","C:\Program Files (x86)\Steam\steamapps\common\Barotrauma\Content\Characters\Variants\Crawler_hatchling\Animations\Crawler_hatchlingRun.xml"
"Content/Characters/Variants/Crawler_hatchling/Animations/Crawler_hatchlingSwimFast.xml","Crawler_hatchlingSwimFast.xml","xml","549","2025-06-08T21:11:06.9550507Z","C:\Program Files (x86)\Steam\steamapps\common\Barotrauma\Content\Characters\Variants\Crawler_hatchling\Animations\Crawler_hatchlingSwimFast.xml"
"Content/Characters/Variants/Crawler_hatchling/Animations/Crawler_hatchlingSwimSlow.xml","Crawler_hatchlingSwimSlow.xml","xml","554","2025-06-08T21:11:08.8933488Z","C:\Program Files (x86)\Steam\steamapps\common\Barotrauma\Content\Characters\Variants\Crawler_hatchling\Animations\Crawler_hatchlingSwimSlow.xml"
"Content/Characters/Variants/Crawler_hatchling/Animations/Crawler_hatchlingWalk.xml","Crawler_hatchlingWalk.xml","xml","732","2025-06-08T21:11:06.9510502Z","C:\Program Files (x86)\Steam\steamapps\common\Barotrauma\Content\Characters\Variants\Crawler_hatchling\Animations\Crawler_hatchlingWalk.xml"
"Content/Characters/Variants/Crawler_hatchling/Crawler_hatchling.xml","Crawler_hatchling.xml","xml","1183","2026-04-09T15:55:13.0184274Z","C:\Program Files (x86)\Steam\steamapps\common\Barotrauma\Content\Characters\Variants\Crawler_hatchling\Crawler_hatchling.xml"
"Content/Characters/Variants/Crawler_hatchling/crawlerhatchling.png","crawlerhatchling.png","png","36042","2025-06-08T21:11:03.4620219Z","C:\Program Files (x86)\Steam\steamapps\common\Barotrauma\Content\Characters\Variants\Crawler_hatchling\crawlerhatchling.png"
"Content/Characters/Variants/Crawler_large.xml","Crawler_large.xml","xml","463","2025-06-08T21:11:05.0602580Z","C:\Program Files (x86)\Steam\steamapps\common\Barotrauma\Content\Characters\Variants\Crawler_large.xml"
"Content/Characters/Variants/Crawlerbroodmother_m.xml","Crawlerbroodmother_m.xml","xml","175","2025-06-08T21:11:08.8923488Z","C:\Program Files (x86)\Steam\steamapps\common\Barotrauma\Content\Characters\Variants\Crawlerbroodmother_m.xml"
"Content/Characters/Variants/Doomworm.xml","Doomworm.xml","xml","349","2025-06-08T21:11:03.4680220Z","C:\Program Files (x86)\Steam\steamapps\common\Barotrauma\Content\Characters\Variants\Doomworm.xml"
"Content/Characters/Variants/Fractalguardian3.xml","Fractalguardian3.xml","xml","2136","2025-06-08T21:11:06.8933290Z","C:\Program Files (x86)\Steam\steamapps\common\Barotrauma\Content\Characters\Variants\Fractalguardian3.xml"
"Content/Characters/Variants/Hammerhead_m.xml","Hammerhead_m.xml","xml","173","2025-06-08T21:11:06.9470513Z","C:\Program Files (x86)\Steam\steamapps\common\Barotrauma\Content\Characters\Variants\Hammerhead_m.xml"
"Content/Characters/Variants/Hammerhead_mNamed.xml","Hammerhead_mNamed.xml","xml","319","2025-06-08T21:11:03.4620219Z","C:\Program Files (x86)\Steam\steamapps\common\Barotrauma\Content\Characters\Variants\Hammerhead_mNamed.xml"
"Content/Characters/Variants/Hammerheadgold_m.xml","Hammerheadgold_m.xml","xml","185","2025-06-08T21:11:05.0632626Z","C:\Program Files (x86)\Steam\steamapps\common\Barotrauma\Content\Characters\Variants\Hammerheadgold_m.xml"
"Content/Characters/Variants/Moloch_m.xml","Moloch_m.xml","xml","342","2025-06-08T21:11:06.8933290Z","C:\Program Files (x86)\Steam\steamapps\common\Barotrauma\Content\Characters\Variants\Moloch_m.xml"
"Content/Characters/Variants/Molochblack_m.xml","Molochblack_m.xml","xml","357","2025-06-08T21:11:08.8923488Z","C:\Program Files (x86)\Steam\steamapps\common\Barotrauma\Content\Characters\Variants\Molochblack_m.xml"
"Content/Characters/Variants/Mopingjack.png","Mopingjack.png","png","320313","2026-06-16T13:01:19.4979204Z","C:\Program Files (x86)\Steam\steamapps\common\Barotrauma\Content\Characters\Variants\Mopingjack.png"
"Content/Characters/Variants/Mudraptor_hatchling/Animations/Mudraptor_hatchlingRun.xml","Mudraptor_hatchlingRun.xml","xml","749","2025-06-08T21:11:07.1912344Z","C:\Program Files (x86)\Steam\steamapps\common\Barotrauma\Content\Characters\Variants\Mudraptor_hatchling\Animations\Mudraptor_hatchlingRun.xml"
"Content/Characters/Variants/Mudraptor_hatchling/Animations/Mudraptor_hatchlingSwimFast.xml","Mudraptor_hatchlingSwimFast.xml","xml","627","2025-06-08T21:11:06.8923281Z","C:\Program Files (x86)\Steam\steamapps\common\Barotrauma\Content\Characters\Variants\Mudraptor_hatchling\Animations\Mudraptor_hatchlingSwimFast.xml"
"Content/Characters/Variants/Mudraptor_hatchling/Animations/Mudraptor_hatchlingSwimSlow.xml","Mudraptor_hatchlingSwimSlow.xml","xml","619","2025-06-08T21:11:07.2052771Z","C:\Program Files (x86)\Steam\steamapps\common\Barotrauma\Content\Characters\Variants\Mudraptor_hatchling\Animations\Mudraptor_hatchlingSwimSlow.xml"
"Content/Characters/Variants/Mudraptor_hatchling/Animations/Mudraptor_hatchlingWalk.xml","Mudraptor_hatchlingWalk.xml","xml","737","2025-06-08T21:11:05.0662582Z","C:\Program Files (x86)\Steam\steamapps\common\Barotrauma\Content\Characters\Variants\Mudraptor_hatchling\Animations\Mudraptor_hatchlingWalk.xml"
"Content/Characters/Variants/Mudraptor_hatchling/Mudraptor_hatchling.xml","Mudraptor_hatchling.xml","xml","842","2026-04-09T15:55:17.2059478Z","C:\Program Files (x86)\Steam\steamapps\common\Barotrauma\Content\Characters\Variants\Mudraptor_hatchling\Mudraptor_hatchling.xml"
"Content/Characters/Variants/Mudraptor_hatchling/Mudraptorhatchling.png","Mudraptorhatchling.png","png","91243","2025-06-08T21:11:06.9580497Z","C:\Program Files (x86)\Steam\steamapps\common\Barotrauma\Content\Characters\Variants\Mudraptor_hatchling\Mudraptorhatchling.png"
"Content/Characters/Variants/Mudraptor_passive.xml","Mudraptor_passive.xml","xml","361","2025-06-08T21:11:05.0642583Z","C:\Program Files (x86)\Steam\steamapps\common\Barotrauma\Content\Characters\Variants\Mudraptor_passive.xml"
"Content/Characters/Variants/Mudraptor_pet/Animations/Mudraptor_petRun.xml","Mudraptor_petRun.xml","xml","772","2025-06-08T21:11:06.9460510Z","C:\Program Files (x86)\Steam\steamapps\common\Barotrauma\Content\Characters\Variants\Mudraptor_pet\Animations\Mudraptor_petRun.xml"
"Content/Characters/Variants/Mudraptor_pet/Animations/Mudraptor_petSwimFast.xml","Mudraptor_petSwimFast.xml","xml","653","2025-06-08T21:11:07.1902334Z","C:\Program Files (x86)\Steam\steamapps\common\Barotrauma\Content\Characters\Variants\Mudraptor_pet\Animations\Mudraptor_petSwimFast.xml"
"Content/Characters/Variants/Mudraptor_pet/Animations/Mudraptor_petSwimSlow.xml","Mudraptor_petSwimSlow.xml","xml","663","2025-06-08T21:11:05.0642583Z","C:\Program Files (x86)\Steam\steamapps\common\Barotrauma\Content\Characters\Variants\Mudraptor_pet\Animations\Mudraptor_petSwimSlow.xml"
"Content/Characters/Variants/Mudraptor_pet/Animations/Mudraptor_petWalk.xml","Mudraptor_petWalk.xml","xml","774","2025-06-08T21:11:05.0622586Z","C:\Program Files (x86)\Steam\steamapps\common\Barotrauma\Content\Characters\Variants\Mudraptor_pet\Animations\Mudraptor_petWalk.xml"
"Content/Characters/Variants/Mudraptor_pet/Mudraptor_pet.xml","Mudraptor_pet.xml","xml","4409","2026-04-09T15:55:13.0870947Z","C:\Program Files (x86)\Steam\steamapps\common\Barotrauma\Content\Characters\Variants\Mudraptor_pet\Mudraptor_pet.xml"
"Content/Characters/Variants/Mudraptor_pet/MUDRAPTOR_petHappy1.ogg","MUDRAPTOR_petHappy1.ogg","ogg","78928","2025-06-08T21:11:06.9500501Z","C:\Program Files (x86)\Steam\steamapps\common\Barotrauma\Content\Characters\Variants\Mudraptor_pet\MUDRAPTOR_petHappy1.ogg"
"Content/Characters/Variants/Mudraptor_pet/MUDRAPTOR_petHappy2.ogg","MUDRAPTOR_petHappy2.ogg","ogg","41342","2025-06-08T21:11:03.4650226Z","C:\Program Files (x86)\Steam\steamapps\common\Barotrauma\Content\Characters\Variants\Mudraptor_pet\MUDRAPTOR_petHappy2.ogg"
"Content/Characters/Variants/Mudraptor_pet/MUDRAPTOR_petHappy3.ogg","MUDRAPTOR_petHappy3.ogg","ogg","92537","2025-06-08T21:11:05.0622586Z","C:\Program Files (x86)\Steam\steamapps\common\Barotrauma\Content\Characters\Variants\Mudraptor_pet\MUDRAPTOR_petHappy3.ogg"
"Content/Characters/Variants/Mudraptor_pet/MUDRAPTOR_petHappy4.ogg","MUDRAPTOR_petHappy4.ogg","ogg","177058","2025-06-08T21:11:07.0693489Z","C:\Program Files (x86)\Steam\steamapps\common\Barotrauma\Content\Characters\Variants\Mudraptor_pet\MUDRAPTOR_petHappy4.ogg"
"Content/Characters/Variants/Mudraptor_pet/MUDRAPTOR_petHappy5.ogg","MUDRAPTOR_petHappy5.ogg","ogg","93073","2025-06-08T21:11:07.1340051Z","C:\Program Files (x86)\Steam\steamapps\common\Barotrauma\Content\Characters\Variants\Mudraptor_pet\MUDRAPTOR_petHappy5.ogg"
"Content/Characters/Variants/Mudraptor_pet/MUDRAPTOR_petHungry1.ogg","MUDRAPTOR_petHungry1.ogg","ogg","205186","2025-06-08T21:11:07.2927655Z","C:\Program Files (x86)\Steam\steamapps\common\Barotrauma\Content\Characters\Variants\Mudraptor_pet\MUDRAPTOR_petHungry1.ogg"
"Content/Characters/Variants/Mudraptor_pet/MUDRAPTOR_petHungry2.ogg","MUDRAPTOR_petHungry2.ogg","ogg","218845","2025-06-08T21:11:07.2937661Z","C:\Program Files (x86)\Steam\steamapps\common\Barotrauma\Content\Characters\Variants\Mudraptor_pet\MUDRAPTOR_petHungry2.ogg"
"Content/Characters/Variants/Mudraptor_pet/MUDRAPTOR_petHungry3.ogg","MUDRAPTOR_petHungry3.ogg","ogg","216328","2025-06-08T21:11:05.0642583Z","C:\Program Files (x86)\Steam\steamapps\common\Barotrauma\Content\Characters\Variants\Mudraptor_pet\MUDRAPTOR_petHungry3.ogg"
"Content/Characters/Variants/Mudraptor_pet/Mudraptorpet.png","Mudraptorpet.png","png","161691","2025-06-08T21:11:08.9557976Z","C:\Program Files (x86)\Steam\steamapps\common\Barotrauma\Content\Characters\Variants\Mudraptor_pet\Mudraptorpet.png"
"Content/Characters/Variants/Mudraptor_veteran/Animations/Mudraptor_veteranRun.xml","Mudraptor_veteranRun.xml","xml","768","2025-06-08T21:11:07.0733494Z","C:\Program Files (x86)\Steam\steamapps\common\Barotrauma\Content\Characters\Variants\Mudraptor_veteran\Animations\Mudraptor_veteranRun.xml"
"Content/Characters/Variants/Mudraptor_veteran/Animations/Mudraptor_veteranSwimFast.xml","Mudraptor_veteranSwimFast.xml","xml","591","2025-06-08T21:11:05.0662582Z","C:\Program Files (x86)\Steam\steamapps\common\Barotrauma\Content\Characters\Variants\Mudraptor_veteran\Animations\Mudraptor_veteranSwimFast.xml"
"Content/Characters/Variants/Mudraptor_veteran/Animations/Mudraptor_veteranSwimSlow.xml","Mudraptor_veteranSwimSlow.xml","xml","590","2025-06-08T21:11:06.9500501Z","C:\Program Files (x86)\Steam\steamapps\common\Barotrauma\Content\Characters\Variants\Mudraptor_veteran\Animations\Mudraptor_veteranSwimSlow.xml"
"Content/Characters/Variants/Mudraptor_veteran/Animations/Mudraptor_veteranWalk.xml","Mudraptor_veteranWalk.xml","xml","760","2025-06-08T21:11:03.4650226Z","C:\Program Files (x86)\Steam\steamapps\common\Barotrauma\Content\Characters\Variants\Mudraptor_veteran\Animations\Mudraptor_veteranWalk.xml"
"Content/Characters/Variants/Mudraptor_veteran/Mudraptor_veteran.png","Mudraptor_veteran.png","png","171779","2025-06-08T21:11:05.0632626Z","C:\Program Files (x86)\Steam\steamapps\common\Barotrauma\Content\Characters\Variants\Mudraptor_veteran\Mudraptor_veteran.png"
"Content/Characters/Variants/Mudraptor_veteran/Mudraptor_veteran.xml","Mudraptor_veteran.xml","xml","682","2025-06-08T21:11:07.0723494Z","C:\Program Files (x86)\Steam\steamapps\common\Barotrauma\Content\Characters\Variants\Mudraptor_veteran\Mudraptor_veteran.xml"
"Content/Characters/Variants/Tigerthresher_hatchling/Animations/Tigerthresher_hatchlingSwimFast.xml","Tigerthresher_hatchlingSwimFast.xml","xml","515","2025-06-08T21:11:08.8943591Z","C:\Program Files (x86)\Steam\steamapps\common\Barotrauma\Content\Characters\Variants\Tigerthresher_hatchling\Animations\Tigerthresher_hatchlingSwimFast.xml"
"Content/Characters/Variants/Tigerthresher_hatchling/Animations/Tigerthresher_hatchlingSwimSlow.xml","Tigerthresher_hatchlingSwimSlow.xml","xml","514","2025-06-08T21:11:08.8933488Z","C:\Program Files (x86)\Steam\steamapps\common\Barotrauma\Content\Characters\Variants\Tigerthresher_hatchling\Animations\Tigerthresher_hatchlingSwimSlow.xml"
"Content/Characters/Variants/Tigerthresher_hatchling/Tigerthresher_hatchling.xml","Tigerthresher_hatchling.xml","xml","555","2025-06-08T21:11:07.0703496Z","C:\Program Files (x86)\Steam\steamapps\common\Barotrauma\Content\Characters\Variants\Tigerthresher_hatchling\Tigerthresher_hatchling.xml"
"Content/Characters/Variants/Tigerthresher_hatchling/Tigerthresherhatchling.png","Tigerthresherhatchling.png","png","34350","2025-06-08T21:11:07.2947669Z","C:\Program Files (x86)\Steam\steamapps\common\Barotrauma\Content\Characters\Variants\Tigerthresher_hatchling\Tigerthresherhatchling.png"
"Content/Characters/Watcher/Animations/WatcherSwimFast.xml","WatcherSwimFast.xml","xml","506","2025-06-08T21:11:05.0612587Z","C:\Program Files (x86)\Steam\steamapps\common\Barotrauma\Content\Characters\Watcher\Animations\WatcherSwimFast.xml"
"Content/Characters/Watcher/Animations/WatcherSwimSlow.xml","WatcherSwimSlow.xml","xml","510","2025-06-08T21:11:05.0642583Z","C:\Program Files (x86)\Steam\steamapps\common\Barotrauma\Content\Characters\Watcher\Animations\WatcherSwimSlow.xml"
"Content/Characters/Watcher/gazerage.png","gazerage.png","png","27926","2025-06-08T21:11:07.0723494Z","C:\Program Files (x86)\Steam\steamapps\common\Barotrauma\Content\Characters\Watcher\gazerage.png"
"Content/Characters/Watcher/Ragdolls/WatcherDefaultRagdoll.xml","WatcherDefaultRagdoll.xml","xml","57485","2025-06-08T21:11:03.4680220Z","C:\Program Files (x86)\Steam\steamapps\common\Barotrauma\Content\Characters\Watcher\Ragdolls\WatcherDefaultRagdoll.xml"
"Content/Characters/Watcher/Watcher.png","Watcher.png","png","687574","2025-06-08T21:11:01.9359178Z","C:\Program Files (x86)\Steam\steamapps\common\Barotrauma\Content\Characters\Watcher\Watcher.png"
"Content/Characters/Watcher/Watcher.xml","Watcher.xml","xml","11113","2025-12-10T00:32:43.5224776Z","C:\Program Files (x86)\Steam\steamapps\common\Barotrauma\Content\Characters\Watcher\Watcher.xml"
"Content/Characters/Watcher/WATCHER_burst1.ogg","WATCHER_burst1.ogg","ogg","13931","2025-06-08T21:11:07.0713495Z","C:\Program Files (x86)\Steam\steamapps\common\Barotrauma\Content\Characters\Watcher\WATCHER_burst1.ogg"
"Content/Characters/Watcher/WATCHER_burst2.ogg","WATCHER_burst2.ogg","ogg","12439","2025-06-08T21:11:03.4620219Z","C:\Program Files (x86)\Steam\steamapps\common\Barotrauma\Content\Characters\Watcher\WATCHER_burst2.ogg"
"Content/Characters/Watcher/WATCHER_burst3.ogg","WATCHER_burst3.ogg","ogg","13903","2025-06-08T21:11:07.1290064Z","C:\Program Files (x86)\Steam\steamapps\common\Barotrauma\Content\Characters\Watcher\WATCHER_burst3.ogg"
"Content/Characters/Watcher/WATCHER_burst4.ogg","WATCHER_burst4.ogg","ogg","14233","2025-06-08T21:11:05.0632626Z","C:\Program Files (x86)\Steam\steamapps\common\Barotrauma\Content\Characters\Watcher\WATCHER_burst4.ogg"
"Content/Characters/Watcher/WATCHER_burst5.ogg","WATCHER_burst5.ogg","ogg","13786","2025-06-08T21:11:05.0622586Z","C:\Program Files (x86)\Steam\steamapps\common\Barotrauma\Content\Characters\Watcher\WATCHER_burst5.ogg"
"Content/Characters/Watcher/WATCHER_burst6.ogg","WATCHER_burst6.ogg","ogg","12661","2025-06-08T21:11:07.1280057Z","C:\Program Files (x86)\Steam\steamapps\common\Barotrauma\Content\Characters\Watcher\WATCHER_burst6.ogg"
"Content/Characters/Watcher/WATCHER_burst7.ogg","WATCHER_burst7.ogg","ogg","14462","2025-06-08T21:11:07.4688538Z","C:\Program Files (x86)\Steam\steamapps\common\Barotrauma\Content\Characters\Watcher\WATCHER_burst7.ogg"
"Content/Characters/Watcher/WATCHER_burst8.ogg","WATCHER_burst8.ogg","ogg","13897","2025-06-08T21:11:03.4680220Z","C:\Program Files (x86)\Steam\steamapps\common\Barotrauma\Content\Characters\Watcher\WATCHER_burst8.ogg"
"Content/Characters/Watcher/WATCHER_death1.ogg","WATCHER_death1.ogg","ogg","175777","2025-06-08T21:11:08.9607972Z","C:\Program Files (x86)\Steam\steamapps\common\Barotrauma\Content\Characters\Watcher\WATCHER_death1.ogg"
"Content/Characters/Watcher/WATCHER_death2.ogg","WATCHER_death2.ogg","ogg","182647","2025-06-08T21:11:07.5236966Z","C:\Program Files (x86)\Steam\steamapps\common\Barotrauma\Content\Characters\Watcher\WATCHER_death2.ogg"
"Content/Characters/Watcher/WATCHER_idleLoop.ogg","WATCHER_idleLoop.ogg","ogg","1837449","2025-06-08T21:11:01.9359178Z","C:\Program Files (x86)\Steam\steamapps\common\Barotrauma\Content\Characters\Watcher\WATCHER_idleLoop.ogg"
"Content/Characters/Watcher/WATCHER_takeDamage1.ogg","WATCHER_takeDamage1.ogg","ogg","161235","2025-06-08T21:11:09.1892716Z","C:\Program Files (x86)\Steam\steamapps\common\Barotrauma\Content\Characters\Watcher\WATCHER_takeDamage1.ogg"
"Content/Characters/Watcher/WATCHER_takeDamage2.ogg","WATCHER_takeDamage2.ogg","ogg","141843","2025-06-08T21:11:07.5745988Z","C:\Program Files (x86)\Steam\steamapps\common\Barotrauma\Content\Characters\Watcher\WATCHER_takeDamage2.ogg"
"Content/Characters/Watcher/WATCHER_takeDamage3.ogg","WATCHER_takeDamage3.ogg","ogg","138942","2025-06-08T21:11:03.7703939Z","C:\Program Files (x86)\Steam\steamapps\common\Barotrauma\Content\Characters\Watcher\WATCHER_takeDamage3.ogg"
"Content/Characters/Watcher/WATCHER_takeDamage4.ogg","WATCHER_takeDamage4.ogg","ogg","164675","2025-06-08T21:11:07.2927655Z","C:\Program Files (x86)\Steam\steamapps\common\Barotrauma\Content\Characters\Watcher\WATCHER_takeDamage4.ogg"
"Content/CodeWords.txt","CodeWords.txt","txt","615","2025-06-08T21:11:03.7026158Z","C:\Program Files (x86)\Steam\steamapps\common\Barotrauma\Content\CodeWords.txt"
"Content/ContainerTags.xml","ContainerTags.xml","xml","8241","2025-06-08T21:11:07.5256968Z","C:\Program Files (x86)\Steam\steamapps\common\Barotrauma\Content\ContainerTags.xml"
"Content/ContentPackages/Vanilla.xml","Vanilla.xml","xml","38735","2026-06-18T17:04:43.2694243Z","C:\Program Files (x86)\Steam\steamapps\common\Barotrauma\Content\ContentPackages\Vanilla.xml"
"Content/DefaultWorkshopPreviewImage.png","DefaultWorkshopPreviewImage.png","png","378778","2025-06-08T21:11:01.9359178Z","C:\Program Files (x86)\Steam\steamapps\common\Barotrauma\Content\DefaultWorkshopPreviewImage.png"
"Content/disembarkperks.xml","disembarkperks.xml","xml","13243","2025-06-08T21:11:05.0602580Z","C:\Program Files (x86)\Steam\steamapps\common\Barotrauma\Content\disembarkperks.xml"
"Content/Effects/blueprintshader.xnb","blueprintshader.xnb","xnb","2462","2025-06-08T21:11:05.0622586Z","C:\Program Files (x86)\Steam\steamapps\common\Barotrauma\Content\Effects\blueprintshader.xnb"
"Content/Effects/blueprintshader_opengl.xnb","blueprintshader_opengl.xnb","xnb","2010","2025-06-08T21:11:09.0770352Z","C:\Program Files (x86)\Steam\steamapps\common\Barotrauma\Content\Effects\blueprintshader_opengl.xnb"
"Content/Effects/blurshader.xnb","blurshader.xnb","xnb","2186","2025-06-08T21:11:07.5246964Z","C:\Program Files (x86)\Steam\steamapps\common\Barotrauma\Content\Effects\blurshader.xnb"
"Content/Effects/blurshader_opengl.xnb","blurshader_opengl.xnb","xnb","3933","2025-06-08T21:11:03.7036144Z","C:\Program Files (x86)\Steam\steamapps\common\Barotrauma\Content\Effects\blurshader_opengl.xnb"
"Content/Effects/damageshader.xnb","damageshader.xnb","xnb","2341","2025-06-08T21:11:07.4668538Z","C:\Program Files (x86)\Steam\steamapps\common\Barotrauma\Content\Effects\damageshader.xnb"
"Content/Effects/damageshader_opengl.xnb","damageshader_opengl.xnb","xnb","2274","2025-06-08T21:11:07.5256968Z","C:\Program Files (x86)\Steam\steamapps\common\Barotrauma\Content\Effects\damageshader_opengl.xnb"
"Content/Effects/deformshader.xnb","deformshader.xnb","xnb","8781","2025-06-08T21:11:09.0780349Z","C:\Program Files (x86)\Steam\steamapps\common\Barotrauma\Content\Effects\deformshader.xnb"
"Content/Effects/deformshader_opengl.xnb","deformshader_opengl.xnb","xnb","8871","2025-06-08T21:11:07.5236966Z","C:\Program Files (x86)\Steam\steamapps\common\Barotrauma\Content\Effects\deformshader_opengl.xnb"
"Content/Effects/distortnormals.png","distortnormals.png","png","403607","2025-06-08T21:11:01.9369163Z","C:\Program Files (x86)\Steam\steamapps\common\Barotrauma\Content\Effects\distortnormals.png"
"Content/Effects/gradientshader.xnb","gradientshader.xnb","xnb","1174","2025-06-08T21:11:03.7036144Z","C:\Program Files (x86)\Steam\steamapps\common\Barotrauma\Content\Effects\gradientshader.xnb"
"Content/Effects/gradientshader_opengl.xnb","gradientshader_opengl.xnb","xnb","1125","2025-06-08T21:11:09.0760345Z","C:\Program Files (x86)\Steam\steamapps\common\Barotrauma\Content\Effects\gradientshader_opengl.xnb"
"Content/Effects/grainshader.xnb","grainshader.xnb","xnb","1249","2025-06-08T21:11:07.7008812Z","C:\Program Files (x86)\Steam\steamapps\common\Barotrauma\Content\Effects\grainshader.xnb"
"Content/Effects/grainshader_opengl.xnb","grainshader_opengl.xnb","xnb","1215","2025-06-08T21:11:03.7026158Z","C:\Program Files (x86)\Steam\steamapps\common\Barotrauma\Content\Effects\grainshader_opengl.xnb"
"Content/Effects/losshader.xnb","losshader.xnb","xnb","1962","2025-06-08T21:11:05.0622586Z","C:\Program Files (x86)\Steam\steamapps\common\Barotrauma\Content\Effects\losshader.xnb"
"Content/Effects/losshader_opengl.xnb","losshader_opengl.xnb","xnb","1901","2025-06-08T21:11:03.7026158Z","C:\Program Files (x86)\Steam\steamapps\common\Barotrauma\Content\Effects\losshader_opengl.xnb"
"Content/Effects/postprocess.xnb","postprocess.xnb","xnb","13222","2025-06-08T21:11:09.0770352Z","C:\Program Files (x86)\Steam\steamapps\common\Barotrauma\Content\Effects\postprocess.xnb"
"Content/Effects/postprocess_opengl.xnb","postprocess_opengl.xnb","xnb","10634","2025-06-08T21:11:07.6998780Z","C:\Program Files (x86)\Steam\steamapps\common\Barotrauma\Content\Effects\postprocess_opengl.xnb"
"Content/Effects/solidcolor.xnb","solidcolor.xnb","xnb","2429","2025-06-08T21:11:03.7046146Z","C:\Program Files (x86)\Steam\steamapps\common\Barotrauma\Content\Effects\solidcolor.xnb"
"Content/Effects/solidcolor_opengl.xnb","solidcolor_opengl.xnb","xnb","1890","2025-06-08T21:11:07.1902334Z","C:\Program Files (x86)\Steam\steamapps\common\Barotrauma\Content\Effects\solidcolor_opengl.xnb"
"Content/Effects/thresholdtint.xnb","thresholdtint.xnb","xnb","1501","2025-06-08T21:11:07.6983753Z","C:\Program Files (x86)\Steam\steamapps\common\Barotrauma\Content\Effects\thresholdtint.xnb"
"Content/Effects/thresholdtint_opengl.xnb","thresholdtint_opengl.xnb","xnb","1394","2025-06-08T21:11:07.7008812Z","C:\Program Files (x86)\Steam\steamapps\common\Barotrauma\Content\Effects\thresholdtint_opengl.xnb"
"Content/Effects/waterbump.png","waterbump.png","png","452781","2025-06-08T21:11:01.9369163Z","C:\Program Files (x86)\Steam\steamapps\common\Barotrauma\Content\Effects\waterbump.png"
"Content/Effects/watershader.xnb","watershader.xnb","xnb","6673","2025-06-08T21:11:07.6405536Z","C:\Program Files (x86)\Steam\steamapps\common\Barotrauma\Content\Effects\watershader.xnb"
"Content/Effects/watershader_opengl.xnb","watershader_opengl.xnb","xnb","6373","2025-06-08T21:11:07.7008812Z","C:\Program Files (x86)\Steam\steamapps\common\Barotrauma\Content\Effects\watershader_opengl.xnb"
"Content/Effects/wearableclip.xnb","wearableclip.xnb","xnb","2416","2025-06-08T21:11:03.6996146Z","C:\Program Files (x86)\Steam\steamapps\common\Barotrauma\Content\Effects\wearableclip.xnb"
"Content/Effects/wearableclip_opengl.xnb","wearableclip_opengl.xnb","xnb","2380","2025-06-08T21:11:03.7046146Z","C:\Program Files (x86)\Steam\steamapps\common\Barotrauma\Content\Effects\wearableclip_opengl.xnb"
"Content/EventManagerSettings.xml","EventManagerSettings.xml","xml","2263","2025-06-08T21:11:03.7026158Z","C:\Program Files (x86)\Steam\steamapps\common\Barotrauma\Content\EventManagerSettings.xml"
"Content/Events/ChainingEvents.xml","ChainingEvents.xml","xml","64792","2026-04-09T15:55:13.0881054Z","C:\Program Files (x86)\Steam\steamapps\common\Barotrauma\Content\Events\ChainingEvents.xml"
"Content/Events/EventSets.xml","EventSets.xml","xml","41240","2026-04-09T15:55:13.1014484Z","C:\Program Files (x86)\Steam\steamapps\common\Barotrauma\Content\Events\EventSets.xml"
"Content/Events/FactionEvents.xml","FactionEvents.xml","xml","184989","2026-06-16T13:01:38.5282784Z","C:\Program Files (x86)\Steam\steamapps\common\Barotrauma\Content\Events\FactionEvents.xml"
"Content/Events/MainStoryEvents.xml","MainStoryEvents.xml","xml","44590","2026-04-09T15:55:13.1014484Z","C:\Program Files (x86)\Steam\steamapps\common\Barotrauma\Content\Events\MainStoryEvents.xml"
"Content/Events/MissionEvents.xml","MissionEvents.xml","xml","19177","2026-04-09T15:55:13.0870947Z","C:\Program Files (x86)\Steam\steamapps\common\Barotrauma\Content\Events\MissionEvents.xml"
"Content/Events/OutpostEvents.xml","OutpostEvents.xml","xml","157149","2026-06-16T13:01:41.3581084Z","C:\Program Files (x86)\Steam\steamapps\common\Barotrauma\Content\Events\OutpostEvents.xml"
"Content/Events/OutpostEventsLegacy.xml","OutpostEventsLegacy.xml","xml","1515","2025-06-08T21:11:07.1922335Z","C:\Program Files (x86)\Steam\steamapps\common\Barotrauma\Content\Events\OutpostEventsLegacy.xml"
"Content/Events/PvPEvents.xml","PvPEvents.xml","xml","23630","2025-06-08T21:11:07.7008812Z","C:\Program Files (x86)\Steam\steamapps\common\Barotrauma\Content\Events\PvPEvents.xml"
"Content/Events/TraitorEvents.xml","TraitorEvents.xml","xml","176383","2026-04-09T15:55:13.1024476Z","C:\Program Files (x86)\Steam\steamapps\common\Barotrauma\Content\Events\TraitorEvents.xml"
"Content/Fonts/BebasNeue-Regular.otf","BebasNeue-Regular.otf","otf","42200","2025-06-08T21:11:03.7623872Z","C:\Program Files (x86)\Steam\steamapps\common\Barotrauma\Content\Fonts\BebasNeue-Regular.otf"
"Content/Fonts/Code Pro Bold.otf","Code Pro Bold.otf","otf","92140","2025-06-08T21:11:03.7703939Z","C:\Program Files (x86)\Steam\steamapps\common\Barotrauma\Content\Fonts\Code Pro Bold.otf"
"Content/Fonts/Exo2-Black.otf","Exo2-Black.otf","otf","65076","2025-06-08T21:11:09.1892716Z","C:\Program Files (x86)\Steam\steamapps\common\Barotrauma\Content\Fonts\Exo2-Black.otf"
"Content/Fonts/Exo2-Black.ttf","Exo2-Black.ttf","ttf","159528","2025-06-08T21:11:05.0622586Z","C:\Program Files (x86)\Steam\steamapps\common\Barotrauma\Content\Fonts\Exo2-Black.ttf"
"Content/Fonts/Exo2-Bold.ttf","Exo2-Bold.ttf","ttf","162808","2025-06-08T21:11:03.7703939Z","C:\Program Files (x86)\Steam\steamapps\common\Barotrauma\Content\Fonts\Exo2-Bold.ttf"
"Content/Fonts/Exo2-Light.otf","Exo2-Light.otf","otf","65156","2025-06-08T21:11:07.2907667Z","C:\Program Files (x86)\Steam\steamapps\common\Barotrauma\Content\Fonts\Exo2-Light.otf"
"Content/Fonts/Exo2-Medium.otf","Exo2-Medium.otf","otf","65720","2025-06-08T21:11:03.7663877Z","C:\Program Files (x86)\Steam\steamapps\common\Barotrauma\Content\Fonts\Exo2-Medium.otf"
"Content/Fonts/Exo2-SemiBold.otf","Exo2-SemiBold.otf","otf","68732","2025-06-08T21:11:07.6963733Z","C:\Program Files (x86)\Steam\steamapps\common\Barotrauma\Content\Fonts\Exo2-SemiBold.otf"
"Content/Fonts/NotoSans/LICENSE_OFL.txt","LICENSE_OFL.txt","txt","4393","2025-06-08T21:11:07.6998780Z","C:\Program Files (x86)\Steam\steamapps\common\Barotrauma\Content\Fonts\NotoSans\LICENSE_OFL.txt"
"Content/Fonts/NotoSans/NotoSans-Black.ttf","NotoSans-Black.ttf","ttf","469760","2025-06-08T21:11:01.9369163Z","C:\Program Files (x86)\Steam\steamapps\common\Barotrauma\Content\Fonts\NotoSans\NotoSans-Black.ttf"
"Content/Fonts/NotoSans/NotoSans-Bold.ttf","NotoSans-Bold.ttf","ttf","455164","2025-06-08T21:11:01.9369163Z","C:\Program Files (x86)\Steam\steamapps\common\Barotrauma\Content\Fonts\NotoSans\NotoSans-Bold.ttf"
"Content/Fonts/NotoSans/NotoSansCJKsc-Bold.otf","NotoSansCJKsc-Bold.otf","otf","16983244","2025-06-08T21:11:01.9379160Z","C:\Program Files (x86)\Steam\steamapps\common\Barotrauma\Content\Fonts\NotoSans\NotoSansCJKsc-Bold.otf"
"Content/Fonts/NotoSans/NotoSansCJKsc-Medium.otf","NotoSansCJKsc-Medium.otf","otf","16489616","2025-06-08T21:11:01.9379160Z","C:\Program Files (x86)\Steam\steamapps\common\Barotrauma\Content\Fonts\NotoSans\NotoSansCJKsc-Medium.otf"
"Content/Fonts/NotoSans/NotoSans-ExtraBold.ttf","NotoSans-ExtraBold.ttf","ttf","456596","2025-06-08T21:11:01.9379160Z","C:\Program Files (x86)\Steam\steamapps\common\Barotrauma\Content\Fonts\NotoSans\NotoSans-ExtraBold.ttf"
"Content/Fonts/NotoSans/NotoSansJP-Bold.otf","NotoSansJP-Bold.otf","otf","4691408","2025-06-08T21:11:01.9379160Z","C:\Program Files (x86)\Steam\steamapps\common\Barotrauma\Content\Fonts\NotoSans\NotoSansJP-Bold.otf"
"Content/Fonts/NotoSans/NotoSansJP-Medium.otf","NotoSansJP-Medium.otf","otf","4564460","2025-06-08T21:11:01.9389169Z","C:\Program Files (x86)\Steam\steamapps\common\Barotrauma\Content\Fonts\NotoSans\NotoSansJP-Medium.otf"
"Content/Fonts/NotoSans/NotoSans-Medium.ttf","NotoSans-Medium.ttf","ttf","452608","2025-06-08T21:11:01.9379160Z","C:\Program Files (x86)\Steam\steamapps\common\Barotrauma\Content\Fonts\NotoSans\NotoSans-Medium.ttf"
"Content/Fonts/NotoSans/NotoSans-Regular.ttf","NotoSans-Regular.ttf","ttf","455188","2025-06-08T21:11:01.9379160Z","C:\Program Files (x86)\Steam\steamapps\common\Barotrauma\Content\Fonts\NotoSans\NotoSans-Regular.ttf"
"Content/Fonts/NotoSans/NotoSans-SemiBold.ttf","NotoSans-SemiBold.ttf","ttf","456228","2025-06-08T21:11:01.9379160Z","C:\Program Files (x86)\Steam\steamapps\common\Barotrauma\Content\Fonts\NotoSans\NotoSans-SemiBold.ttf"
"Content/Fonts/NotoSans/NotoSansTC-Bold.otf","NotoSansTC-Bold.otf","otf","5814200","2025-06-08T21:11:01.9389169Z","C:\Program Files (x86)\Steam\steamapps\common\Barotrauma\Content\Fonts\NotoSans\NotoSansTC-Bold.otf"
"Content/Fonts/NotoSans/NotoSansTC-Medium.otf","NotoSansTC-Medium.otf","otf","5661060","2025-06-08T21:11:01.9389169Z","C:\Program Files (x86)\Steam\steamapps\common\Barotrauma\Content\Fonts\NotoSans\NotoSansTC-Medium.otf"
"Content/Fonts/OFL.txt","OFL.txt","txt","4488","2025-06-08T21:11:14.1414447Z","C:\Program Files (x86)\Steam\steamapps\common\Barotrauma\Content\Fonts\OFL.txt"
"Content/Fonts/Oswald-Bold.ttf","Oswald-Bold.ttf","ttf","91680","2025-06-08T21:11:10.5494501Z","C:\Program Files (x86)\Steam\steamapps\common\Barotrauma\Content\Fonts\Oswald-Bold.ttf"
"Content/Fonts/Roboto/LICENSE.txt","LICENSE.txt","txt","11560","2025-06-08T21:11:06.1003084Z","C:\Program Files (x86)\Steam\steamapps\common\Barotrauma\Content\Fonts\Roboto\LICENSE.txt"
"Content/Fonts/Roboto/Roboto-Black.ttf","Roboto-Black.ttf","ttf","171480","2025-06-08T21:11:06.2131157Z","C:\Program Files (x86)\Steam\steamapps\common\Barotrauma\Content\Fonts\Roboto\Roboto-Black.ttf"
"Content/Fonts/Roboto/Roboto-BlackItalic.ttf","Roboto-BlackItalic.ttf","ttf","177552","2025-06-08T21:11:10.5494501Z","C:\Program Files (x86)\Steam\steamapps\common\Barotrauma\Content\Fonts\Roboto\Roboto-BlackItalic.ttf"
"Content/Fonts/Roboto/Roboto-Bold.ttf","Roboto-Bold.ttf","ttf","170760","2025-06-08T21:11:05.5075409Z","C:\Program Files (x86)\Steam\steamapps\common\Barotrauma\Content\Fonts\Roboto\Roboto-Bold.ttf"
"Content/Fonts/Roboto/Roboto-BoldItalic.ttf","Roboto-BoldItalic.ttf","ttf","174952","2025-06-08T21:11:10.4379534Z","C:\Program Files (x86)\Steam\steamapps\common\Barotrauma\Content\Fonts\Roboto\Roboto-BoldItalic.ttf"
"Content/Fonts/Roboto/Roboto-Italic.ttf","Roboto-Italic.ttf","ttf","173932","2025-06-08T21:11:05.5055486Z","C:\Program Files (x86)\Steam\steamapps\common\Barotrauma\Content\Fonts\Roboto\Roboto-Italic.ttf"
"Content/Fonts/Roboto/Roboto-Light.ttf","Roboto-Light.ttf","ttf","170420","2025-06-08T21:11:06.2081154Z","C:\Program Files (x86)\Steam\steamapps\common\Barotrauma\Content\Fonts\Roboto\Roboto-Light.ttf"
"Content/Fonts/Roboto/Roboto-LightItalic.ttf","Roboto-LightItalic.ttf","ttf","176616","2025-06-08T21:11:14.1414447Z","C:\Program Files (x86)\Steam\steamapps\common\Barotrauma\Content\Fonts\Roboto\Roboto-LightItalic.ttf"
"Content/Fonts/Roboto/Roboto-Medium.ttf","Roboto-Medium.ttf","ttf","172064","2025-06-08T21:11:10.5484502Z","C:\Program Files (x86)\Steam\steamapps\common\Barotrauma\Content\Fonts\Roboto\Roboto-Medium.ttf"
"Content/Fonts/Roboto/Roboto-MediumItalic.ttf","Roboto-MediumItalic.ttf","ttf","176864","2025-06-08T21:11:10.6025218Z","C:\Program Files (x86)\Steam\steamapps\common\Barotrauma\Content\Fonts\Roboto\Roboto-MediumItalic.ttf"
"Content/Fonts/Roboto/Roboto-Regular.ttf","Roboto-Regular.ttf","ttf","171676","2025-06-08T21:11:10.6014527Z","C:\Program Files (x86)\Steam\steamapps\common\Barotrauma\Content\Fonts\Roboto\Roboto-Regular.ttf"
"Content/Fonts/Roboto/Roboto-Thin.ttf","Roboto-Thin.ttf","ttf","171904","2025-06-08T21:11:10.6025218Z","C:\Program Files (x86)\Steam\steamapps\common\Barotrauma\Content\Fonts\Roboto\Roboto-Thin.ttf"
"Content/Fonts/Roboto/Roboto-ThinItalic.ttf","Roboto-ThinItalic.ttf","ttf","176300","2025-06-08T21:11:05.5702152Z","C:\Program Files (x86)\Steam\steamapps\common\Barotrauma\Content\Fonts\Roboto\Roboto-ThinItalic.ttf"
"Content/Fonts/Segment7Standard.otf","Segment7Standard.otf","otf","10572","2025-06-08T21:11:10.4349534Z","C:\Program Files (x86)\Steam\steamapps\common\Barotrauma\Content\Fonts\Segment7Standard.otf"
"Content/Fonts/SourceCodePro-Semibold.otf","SourceCodePro-Semibold.otf","otf","133404","2025-06-08T21:11:05.5662157Z","C:\Program Files (x86)\Steam\steamapps\common\Barotrauma\Content\Fonts\SourceCodePro-Semibold.otf"
"Content/Fonts/SourceCodePro-Semibold.ttf","SourceCodePro-Semibold.ttf","ttf","103500","2025-06-08T21:11:10.6045215Z","C:\Program Files (x86)\Steam\steamapps\common\Barotrauma\Content\Fonts\SourceCodePro-Semibold.ttf"
"Content/Fonts/WorkSans/OFL.txt","OFL.txt","txt","4459","2025-06-08T21:11:09.9930176Z","C:\Program Files (x86)\Steam\steamapps\common\Barotrauma\Content\Fonts\WorkSans\OFL.txt"
"Content/Fonts/WorkSans/WorkSans-Black.ttf","WorkSans-Black.ttf","ttf","134588","2025-06-08T21:11:05.6295606Z","C:\Program Files (x86)\Steam\steamapps\common\Barotrauma\Content\Fonts\WorkSans\WorkSans-Black.ttf"
"Content/Fonts/WorkSans/WorkSans-Bold.ttf","WorkSans-Bold.ttf","ttf","138652","2025-06-08T21:11:05.6285597Z","C:\Program Files (x86)\Steam\steamapps\common\Barotrauma\Content\Fonts\WorkSans\WorkSans-Bold.ttf"
"Content/Fonts/WorkSans/WorkSans-ExtraBold.ttf","WorkSans-ExtraBold.ttf","ttf","141000","2025-06-08T21:11:05.6285597Z","C:\Program Files (x86)\Steam\steamapps\common\Barotrauma\Content\Fonts\WorkSans\WorkSans-ExtraBold.ttf"
"Content/Fonts/WorkSans/WorkSans-ExtraLight.ttf","WorkSans-ExtraLight.ttf","ttf","130540","2025-06-08T21:11:10.4379534Z","C:\Program Files (x86)\Steam\steamapps\common\Barotrauma\Content\Fonts\WorkSans\WorkSans-ExtraLight.ttf"
"Content/Fonts/WorkSans/WorkSans-Light.ttf","WorkSans-Light.ttf","ttf","131960","2025-06-08T21:11:14.1987534Z","C:\Program Files (x86)\Steam\steamapps\common\Barotrauma\Content\Fonts\WorkSans\WorkSans-Light.ttf"
"Content/Fonts/WorkSans/WorkSans-Medium.ttf","WorkSans-Medium.ttf","ttf","137900","2025-06-08T21:11:05.6265590Z","C:\Program Files (x86)\Steam\steamapps\common\Barotrauma\Content\Fonts\WorkSans\WorkSans-Medium.ttf"
"Content/Fonts/WorkSans/WorkSans-Regular.ttf","WorkSans-Regular.ttf","ttf","131204","2025-06-08T21:11:05.6245588Z","C:\Program Files (x86)\Steam\steamapps\common\Barotrauma\Content\Fonts\WorkSans\WorkSans-Regular.ttf"
"Content/Fonts/WorkSans/WorkSans-SemiBold.ttf","WorkSans-SemiBold.ttf","ttf","137396","2025-06-08T21:11:10.6661219Z","C:\Program Files (x86)\Steam\steamapps\common\Barotrauma\Content\Fonts\WorkSans\WorkSans-SemiBold.ttf"
"Content/Fonts/WorkSans/WorkSans-Thin.ttf","WorkSans-Thin.ttf","ttf","130212","2025-06-08T21:11:05.6275593Z","C:\Program Files (x86)\Steam\steamapps\common\Barotrauma\Content\Fonts\WorkSans\WorkSans-Thin.ttf"
"Content/Items/AlarmBuzzerLoop.ogg","AlarmBuzzerLoop.ogg","ogg","102634","2025-06-08T21:11:14.2755386Z","C:\Program Files (x86)\Steam\steamapps\common\Barotrauma\Content\Items\AlarmBuzzerLoop.ogg"
"Content/Items/AlarmDivingLoop.ogg","AlarmDivingLoop.ogg","ogg","50806","2025-06-08T21:11:10.4359544Z","C:\Program Files (x86)\Steam\steamapps\common\Barotrauma\Content\Items\AlarmDivingLoop.ogg"
"Content/Items/Alien/ALIEN_artifactHolderLoop.ogg","ALIEN_artifactHolderLoop.ogg","ogg","84212","2025-06-08T21:11:11.1414343Z","C:\Program Files (x86)\Steam\steamapps\common\Barotrauma\Content\Items\Alien\ALIEN_artifactHolderLoop.ogg"
"Content/Items/Alien/ALIEN_gravitySphereLoop.ogg","ALIEN_gravitySphereLoop.ogg","ogg","274496","2025-06-08T21:11:01.9399170Z","C:\Program Files (x86)\Steam\steamapps\common\Barotrauma\Content\Items\Alien\ALIEN_gravitySphereLoop.ogg"
"Content/Items/Alien/ALIEN_guardianPodLoop.ogg","ALIEN_guardianPodLoop.ogg","ogg","190419","2025-06-08T21:11:11.2529543Z","C:\Program Files (x86)\Steam\steamapps\common\Barotrauma\Content\Items\Alien\ALIEN_guardianPodLoop.ogg"
"Content/Items/Alien/ALIEN_researchStationLoop.ogg","ALIEN_researchStationLoop.ogg","ogg","276989","2025-06-08T21:11:01.9399170Z","C:\Program Files (x86)\Steam\steamapps\common\Barotrauma\Content\Items\Alien\ALIEN_researchStationLoop.ogg"
"Content/Items/Alien/ALIEN_ruinsLoop.ogg","ALIEN_ruinsLoop.ogg","ogg","5794377","2025-06-08T21:11:01.9409163Z","C:\Program Files (x86)\Steam\steamapps\common\Barotrauma\Content\Items\Alien\ALIEN_ruinsLoop.ogg"
"Content/Items/Alien/AlienArtifactLoop1.ogg","AlienArtifactLoop1.ogg","ogg","415399","2025-06-08T21:11:01.9399170Z","C:\Program Files (x86)\Steam\steamapps\common\Barotrauma\Content\Items\Alien\AlienArtifactLoop1.ogg"
"Content/Items/Alien/AlienButton.ogg","AlienButton.ogg","ogg","33855","2025-06-08T21:11:10.0487125Z","C:\Program Files (x86)\Steam\steamapps\common\Barotrauma\Content\Items\Alien\AlienButton.ogg"
"Content/Items/Alien/AlienCoil1.ogg","AlienCoil1.ogg","ogg","35152","2025-06-08T21:11:10.5504509Z","C:\Program Files (x86)\Steam\steamapps\common\Barotrauma\Content\Items\Alien\AlienCoil1.ogg"
"Content/Items/Alien/AlienCoil2.ogg","AlienCoil2.ogg","ogg","39199","2025-06-08T21:11:14.2765378Z","C:\Program Files (x86)\Steam\steamapps\common\Barotrauma\Content\Items\Alien\AlienCoil2.ogg"
"Content/Items/Alien/AlienCoil3.ogg","AlienCoil3.ogg","ogg","37436","2025-06-08T21:11:14.3307463Z","C:\Program Files (x86)\Steam\steamapps\common\Barotrauma\Content\Items\Alien\AlienCoil3.ogg"
"Content/Items/Alien/AlienDoorClose1.ogg","AlienDoorClose1.ogg","ogg","49095","2025-06-08T21:11:10.6631191Z","C:\Program Files (x86)\Steam\steamapps\common\Barotrauma\Content\Items\Alien\AlienDoorClose1.ogg"
"Content/Items/Alien/AlienDoorOpen1.ogg","AlienDoorOpen1.ogg","ogg","98004","2025-06-08T21:11:06.2141186Z","C:\Program Files (x86)\Steam\steamapps\common\Barotrauma\Content\Items\Alien\AlienDoorOpen1.ogg"
"Content/Items/Alien/alienitems.xml","alienitems.xml","xml","239503","2026-06-16T13:01:40.7437997Z","C:\Program Files (x86)\Steam\steamapps\common\Barotrauma\Content\Items\Alien\alienitems.xml"
"Content/Items/Alien/AlienMaterials.png","AlienMaterials.png","png","64497","2025-06-08T21:11:14.3317455Z","C:\Program Files (x86)\Steam\steamapps\common\Barotrauma\Content\Items\Alien\AlienMaterials.png"
"Content/Items/Alien/AlienPump.ogg","AlienPump.ogg","ogg","356710","2025-06-08T21:11:01.9399170Z","C:\Program Files (x86)\Steam\steamapps\common\Barotrauma\Content\Items\Alien\AlienPump.ogg"
"Content/Items/Alien/AlienRuins_Items.png","AlienRuins_Items.png","png","3524256","2025-06-08T21:11:01.9399170Z","C:\Program Files (x86)\Steam\steamapps\common\Barotrauma\Content\Items\Alien\AlienRuins_Items.png"
"Content/Items/Alien/AlienRuins_Items_02.png","AlienRuins_Items_02.png","png","3903043","2025-09-18T02:31:38.7704426Z","C:\Program Files (x86)\Steam\steamapps\common\Barotrauma\Content\Items\Alien\AlienRuins_Items_02.png"
"Content/Items/Alien/AlienRuins_Items_03.png","AlienRuins_Items_03.png","png","190723","2025-06-08T21:11:15.0019804Z","C:\Program Files (x86)\Steam\steamapps\common\Barotrauma\Content\Items\Alien\AlienRuins_Items_03.png"
"Content/Items/Alien/AlienRuins_Items_04.png","AlienRuins_Items_04.png","png","431262","2025-06-08T21:11:01.9399170Z","C:\Program Files (x86)\Steam\steamapps\common\Barotrauma\Content\Items\Alien\AlienRuins_Items_04.png"
"Content/Items/Alien/AlienRuins_Items_Destroyed.png","AlienRuins_Items_Destroyed.png","png","213738","2025-06-08T21:11:06.6483410Z","C:\Program Files (x86)\Steam\steamapps\common\Barotrauma\Content\Items\Alien\AlienRuins_Items_Destroyed.png"
"Content/Items/Alien/AlienTurret.png","AlienTurret.png","png","136715","2025-06-08T21:11:06.6953475Z","C:\Program Files (x86)\Steam\steamapps\common\Barotrauma\Content\Items\Alien\AlienTurret.png"
"Content/Items/Alien/AlienTurret1.ogg","AlienTurret1.ogg","ogg","98016","2025-06-08T21:11:11.1394339Z","C:\Program Files (x86)\Steam\steamapps\common\Barotrauma\Content\Items\Alien\AlienTurret1.ogg"
"Content/Items/Alien/AlienTurret2.ogg","AlienTurret2.ogg","ogg","99313","2025-06-08T21:11:15.0019804Z","C:\Program Files (x86)\Steam\steamapps\common\Barotrauma\Content\Items\Alien\AlienTurret2.ogg"
"Content/Items/Alien/alienweapon.ogg","alienweapon.ogg","ogg","463116","2025-06-08T21:11:01.9399170Z","C:\Program Files (x86)\Steam\steamapps\common\Barotrauma\Content\Items\Alien\alienweapon.ogg"
"Content/Items/Alien/DAMAGE_guardianPodImpact1.ogg","DAMAGE_guardianPodImpact1.ogg","ogg","12511","2025-06-08T21:11:06.6963474Z","C:\Program Files (x86)\Steam\steamapps\common\Barotrauma\Content\Items\Alien\DAMAGE_guardianPodImpact1.ogg"
"Content/Items/Alien/DAMAGE_guardianPodImpact2.ogg","DAMAGE_guardianPodImpact2.ogg","ogg","13196","2025-06-08T21:11:05.6275593Z","C:\Program Files (x86)\Steam\steamapps\common\Barotrauma\Content\Items\Alien\DAMAGE_guardianPodImpact2.ogg"
"Content/Items/Alien/DAMAGE_guardianPodImpact3.ogg","DAMAGE_guardianPodImpact3.ogg","ogg","13499","2025-06-08T21:11:11.4269905Z","C:\Program Files (x86)\Steam\steamapps\common\Barotrauma\Content\Items\Alien\DAMAGE_guardianPodImpact3.ogg"
"Content/Items/Alien/DAMAGE_guardianPodImpact4.ogg","DAMAGE_guardianPodImpact4.ogg","ogg","12954","2025-06-08T21:11:11.1404340Z","C:\Program Files (x86)\Steam\steamapps\common\Barotrauma\Content\Items\Alien\DAMAGE_guardianPodImpact4.ogg"
"Content/Items/Alien/DAMAGE_guardianPodImpact5.ogg","DAMAGE_guardianPodImpact5.ogg","ogg","13641","2025-06-08T21:11:11.1404340Z","C:\Program Files (x86)\Steam\steamapps\common\Barotrauma\Content\Items\Alien\DAMAGE_guardianPodImpact5.ogg"
"Content/Items/Alien/EndRuin_Items.png","EndRuin_Items.png","png","867713","2025-06-08T21:11:01.9409163Z","C:\Program Files (x86)\Steam\steamapps\common\Barotrauma\Content\Items\Alien\EndRuin_Items.png"
"Content/Items/Alien/guardianpod.png","guardianpod.png","png","231474","2025-06-08T21:11:11.8211861Z","C:\Program Files (x86)\Steam\steamapps\common\Barotrauma\Content\Items\Alien\guardianpod.png"
"Content/Items/Alien/Legacy/AlienRuin_Legacy.png","AlienRuin_Legacy.png","png","275734","2025-06-08T21:11:01.9409163Z","C:\Program Files (x86)\Steam\steamapps\common\Barotrauma\Content\Items\Alien\Legacy\AlienRuin_Legacy.png"
"Content/Items/Alien/Legacy/AlienRuin_Legacy2.png","AlienRuin_Legacy2.png","png","282138","2025-06-08T21:11:01.9409163Z","C:\Program Files (x86)\Steam\steamapps\common\Barotrauma\Content\Items\Alien\Legacy\AlienRuin_Legacy2.png"
"Content/Items/Alien/Legacy/AlienRuins.png","AlienRuins.png","png","975687","2025-06-08T21:11:01.9409163Z","C:\Program Files (x86)\Steam\steamapps\common\Barotrauma\Content\Items\Alien\Legacy\AlienRuins.png"
"Content/Items/Assemblies/AdvancedDuctBlock.xml","AdvancedDuctBlock.xml","xml","14714","2026-04-09T15:55:16.7170718Z","C:\Program Files (x86)\Steam\steamapps\common\Barotrauma\Content\Items\Assemblies\AdvancedDuctBlock.xml"
"Content/Items/Assemblies/AirlockPump.xml","AirlockPump.xml","xml","11505","2026-04-09T15:55:13.0693201Z","C:\Program Files (x86)\Steam\steamapps\common\Barotrauma\Content\Items\Assemblies\AirlockPump.xml"
"Content/Items/Assemblies/Alien/AlienAssemblyDevice.xml","AlienAssemblyDevice.xml","xml","1288","2025-06-08T21:11:05.6285597Z","C:\Program Files (x86)\Steam\steamapps\common\Barotrauma\Content\Items\Assemblies\Alien\AlienAssemblyDevice.xml"
"Content/Items/Assemblies/Alien/AlienCellBottom.xml","AlienCellBottom.xml","xml","4071","2025-06-08T21:11:11.6503475Z","C:\Program Files (x86)\Steam\steamapps\common\Barotrauma\Content\Items\Assemblies\Alien\AlienCellBottom.xml"
"Content/Items/Assemblies/Alien/AlienCellTop.xml","AlienCellTop.xml","xml","4086","2025-06-08T21:11:15.0556825Z","C:\Program Files (x86)\Steam\steamapps\common\Barotrauma\Content\Items\Assemblies\Alien\AlienCellTop.xml"
"Content/Items/Assemblies/Alien/AlienChestLarge.xml","AlienChestLarge.xml","xml","1597","2025-06-08T21:11:11.1394339Z","C:\Program Files (x86)\Steam\steamapps\common\Barotrauma\Content\Items\Assemblies\Alien\AlienChestLarge.xml"
"Content/Items/Assemblies/Alien/AlienChestSmall.xml","AlienChestSmall.xml","xml","1596","2025-06-08T21:11:05.6696931Z","C:\Program Files (x86)\Steam\steamapps\common\Barotrauma\Content\Items\Assemblies\Alien\AlienChestSmall.xml"
"Content/Items/Assemblies/Alien/AlienCoilAssembly.xml","AlienCoilAssembly.xml","xml","16496","2025-06-08T21:11:15.0526906Z","C:\Program Files (x86)\Steam\steamapps\common\Barotrauma\Content\Items\Assemblies\Alien\AlienCoilAssembly.xml"
"Content/Items/Assemblies/Alien/AlienDoorAssembly1.xml","AlienDoorAssembly1.xml","xml","3771","2025-06-08T21:11:11.6493470Z","C:\Program Files (x86)\Steam\steamapps\common\Barotrauma\Content\Items\Assemblies\Alien\AlienDoorAssembly1.xml"
"Content/Items/Assemblies/Alien/AlienDoorAssembly2.xml","AlienDoorAssembly2.xml","xml","39212","2025-06-08T21:11:05.6696931Z","C:\Program Files (x86)\Steam\steamapps\common\Barotrauma\Content\Items\Assemblies\Alien\AlienDoorAssembly2.xml"
"Content/Items/Assemblies/Alien/AlienDoorAssembly5.xml","AlienDoorAssembly5.xml","xml","18332","2025-06-08T21:11:11.6483470Z","C:\Program Files (x86)\Steam\steamapps\common\Barotrauma\Content\Items\Assemblies\Alien\AlienDoorAssembly5.xml"
"Content/Items/Assemblies/Alien/AlienDoorw2Terminals.xml","AlienDoorw2Terminals.xml","xml","12739","2025-06-08T21:11:06.6973464Z","C:\Program Files (x86)\Steam\steamapps\common\Barotrauma\Content\Items\Assemblies\Alien\AlienDoorw2Terminals.xml"
"Content/Items/Assemblies/Alien/AlienDoorwTerminal.xml","AlienDoorwTerminal.xml","xml","11046","2025-06-08T21:11:11.6493470Z","C:\Program Files (x86)\Steam\steamapps\common\Barotrauma\Content\Items\Assemblies\Alien\AlienDoorwTerminal.xml"
"Content/Items/Assemblies/Alien/AlienFractalSpawnpoint.xml","AlienFractalSpawnpoint.xml","xml","190","2025-06-08T21:11:11.1444338Z","C:\Program Files (x86)\Steam\steamapps\common\Barotrauma\Content\Items\Assemblies\Alien\AlienFractalSpawnpoint.xml"
"Content/Items/Assemblies/Alien/AlienGeneratorCharged.xml","AlienGeneratorCharged.xml","xml","2213","2025-06-08T21:11:15.0566905Z","C:\Program Files (x86)\Steam\steamapps\common\Barotrauma\Content\Items\Assemblies\Alien\AlienGeneratorCharged.xml"
"Content/Items/Assemblies/Alien/AlienHatchAssembly.xml","AlienHatchAssembly.xml","xml","4605","2025-06-08T21:11:15.0566905Z","C:\Program Files (x86)\Steam\steamapps\common\Barotrauma\Content\Items\Assemblies\Alien\AlienHatchAssembly.xml"
"Content/Items/Assemblies/Alien/AlienHatchAssembly2.xml","AlienHatchAssembly2.xml","xml","16583","2025-06-08T21:11:11.7790926Z","C:\Program Files (x86)\Steam\steamapps\common\Barotrauma\Content\Items\Assemblies\Alien\AlienHatchAssembly2.xml"
"Content/Items/Assemblies/Alien/AlienHatchw2Terminals.xml","AlienHatchw2Terminals.xml","xml","12763","2025-06-08T21:11:05.6235595Z","C:\Program Files (x86)\Steam\steamapps\common\Barotrauma\Content\Items\Assemblies\Alien\AlienHatchw2Terminals.xml"
"Content/Items/Assemblies/Alien/AlienHatchwTerminal.xml","AlienHatchwTerminal.xml","xml","11059","2025-06-08T21:11:11.1434344Z","C:\Program Files (x86)\Steam\steamapps\common\Barotrauma\Content\Items\Assemblies\Alien\AlienHatchwTerminal.xml"
"Content/Items/Assemblies/Alien/AlienPumpAssembly.xml","AlienPumpAssembly.xml","xml","4387","2025-06-08T21:11:11.7790926Z","C:\Program Files (x86)\Steam\steamapps\common\Barotrauma\Content\Items\Assemblies\Alien\AlienPumpAssembly.xml"
"Content/Items/Assemblies/Alien/AlienPumpAssembly1.xml","AlienPumpAssembly1.xml","xml","18986","2025-06-08T21:11:11.1404340Z","C:\Program Files (x86)\Steam\steamapps\common\Barotrauma\Content\Items\Assemblies\Alien\AlienPumpAssembly1.xml"
"Content/Items/Assemblies/Alien/AlienPumpAssembly2.xml","AlienPumpAssembly2.xml","xml","18125","2025-06-08T21:11:11.1444338Z","C:\Program Files (x86)\Steam\steamapps\common\Barotrauma\Content\Items\Assemblies\Alien\AlienPumpAssembly2.xml"
"Content/Items/Assemblies/Alien/AlienTurretAssembly.xml","AlienTurretAssembly.xml","xml","14413","2025-06-08T21:11:11.1374340Z","C:\Program Files (x86)\Steam\steamapps\common\Barotrauma\Content\Items\Assemblies\Alien\AlienTurretAssembly.xml"
"Content/Items/Assemblies/Alien/CurrentGeneratorAssembly.xml","CurrentGeneratorAssembly.xml","xml","10930","2025-06-08T21:11:05.6275593Z","C:\Program Files (x86)\Steam\steamapps\common\Barotrauma\Content\Items\Assemblies\Alien\CurrentGeneratorAssembly.xml"
"Content/Items/Assemblies/Alien/GasCloudVent.xml","GasCloudVent.xml","xml","1025","2025-06-08T21:11:11.6493470Z","C:\Program Files (x86)\Steam\steamapps\common\Barotrauma\Content\Items\Assemblies\Alien\GasCloudVent.xml"
"Content/Items/Assemblies/Alien/GravitySphereAssembly.xml","GravitySphereAssembly.xml","xml","10897","2025-06-08T21:11:11.1434344Z","C:\Program Files (x86)\Steam\steamapps\common\Barotrauma\Content\Items\Assemblies\Alien\GravitySphereAssembly.xml"
"Content/Items/Assemblies/Alien/GravitySphereAssembly2Terminals.xml","GravitySphereAssembly2Terminals.xml","xml","12633","2025-06-08T21:11:06.6973464Z","C:\Program Files (x86)\Steam\steamapps\common\Barotrauma\Content\Items\Assemblies\Alien\GravitySphereAssembly2Terminals.xml"
"Content/Items/Assemblies/Alien/GuardianPodAssembly.xml","GuardianPodAssembly.xml","xml","10923","2025-06-08T21:11:15.0566905Z","C:\Program Files (x86)\Steam\steamapps\common\Barotrauma\Content\Items\Assemblies\Alien\GuardianPodAssembly.xml"
"Content/Items/Assemblies/Alien/RuinAutoDoor.xml","RuinAutoDoor.xml","xml","11431","2025-06-08T21:11:11.7790926Z","C:\Program Files (x86)\Steam\steamapps\common\Barotrauma\Content\Items\Assemblies\Alien\RuinAutoDoor.xml"
"Content/Items/Assemblies/Alien/RuinAutoHatch.xml","RuinAutoHatch.xml","xml","11410","2025-06-08T21:11:06.6963474Z","C:\Program Files (x86)\Steam\steamapps\common\Barotrauma\Content\Items\Assemblies\Alien\RuinAutoHatch.xml"
"Content/Items/Assemblies/Alien/ToxinsGeneratorAssembly.xml","ToxinsGeneratorAssembly.xml","xml","20957","2025-06-08T21:11:11.6503475Z","C:\Program Files (x86)\Steam\steamapps\common\Barotrauma\Content\Items\Assemblies\Alien\ToxinsGeneratorAssembly.xml"
"Content/Items/Assemblies/AutoClosingDoor.xml","AutoClosingDoor.xml","xml","8407","2026-04-09T15:55:17.5772232Z","C:\Program Files (x86)\Steam\steamapps\common\Barotrauma\Content\Items\Assemblies\AutoClosingDoor.xml"
"Content/Items/Assemblies/AutoClosingHatch.xml","AutoClosingHatch.xml","xml","10715","2026-04-09T15:55:17.3300573Z","C:\Program Files (x86)\Steam\steamapps\common\Barotrauma\Content\Items\Assemblies\AutoClosingHatch.xml"
"Content/Items/Assemblies/AutoClosingWindowedDoor.xml","AutoClosingWindowedDoor.xml","xml","8432","2026-04-09T15:55:14.6197135Z","C:\Program Files (x86)\Steam\steamapps\common\Barotrauma\Content\Items\Assemblies\AutoClosingWindowedDoor.xml"
"Content/Items/Assemblies/AutomaticDuctBlock.xml","AutomaticDuctBlock.xml","xml","7607","2026-04-09T15:55:16.7180747Z","C:\Program Files (x86)\Steam\steamapps\common\Barotrauma\Content\Items\Assemblies\AutomaticDuctBlock.xml"
"Content/Items/Assemblies/AutomaticHorizontalAirlock.xml","AutomaticHorizontalAirlock.xml","xml","30182","2026-04-09T15:55:17.4558133Z","C:\Program Files (x86)\Steam\steamapps\common\Barotrauma\Content\Items\Assemblies\AutomaticHorizontalAirlock.xml"
"Content/Items/Assemblies/AutomaticVerticalAirlock.xml","AutomaticVerticalAirlock.xml","xml","31286","2026-04-09T15:55:16.7180747Z","C:\Program Files (x86)\Steam\steamapps\common\Barotrauma\Content\Items\Assemblies\AutomaticVerticalAirlock.xml"
"Content/Items/Assemblies/AutoOpeningDoor.xml","AutoOpeningDoor.xml","xml","6793","2026-04-09T15:55:14.9313491Z","C:\Program Files (x86)\Steam\steamapps\common\Barotrauma\Content\Items\Assemblies\AutoOpeningDoor.xml"
"Content/Items/Assemblies/AutoOpeningHatch.xml","AutoOpeningHatch.xml","xml","7174","2026-04-09T15:55:16.7170718Z","C:\Program Files (x86)\Steam\steamapps\common\Barotrauma\Content\Items\Assemblies\AutoOpeningHatch.xml"
"Content/Items/Assemblies/AutoOpeningWindowedDoor.xml","AutoOpeningWindowedDoor.xml","xml","6822","2026-04-09T15:55:17.3300573Z","C:\Program Files (x86)\Steam\steamapps\common\Barotrauma\Content\Items\Assemblies\AutoOpeningWindowedDoor.xml"
"Content/Items/Assemblies/BackupPowerSetup.xml","BackupPowerSetup.xml","xml","15071","2026-04-09T15:55:17.4558133Z","C:\Program Files (x86)\Steam\steamapps\common\Barotrauma\Content\Items\Assemblies\BackupPowerSetup.xml"
"Content/Items/Assemblies/BilgePump.xml","BilgePump.xml","xml","5486","2026-04-09T15:55:15.0563602Z","C:\Program Files (x86)\Steam\steamapps\common\Barotrauma\Content\Items\Assemblies\BilgePump.xml"
"Content/Items/Assemblies/DivingSuitLocker.xml","DivingSuitLocker.xml","xml","3452","2026-04-09T15:55:13.0103511Z","C:\Program Files (x86)\Steam\steamapps\common\Barotrauma\Content\Items\Assemblies\DivingSuitLocker.xml"
"Content/Items/Assemblies/DivingSuitLockerFilled.xml","DivingSuitLockerFilled.xml","xml","10438","2026-04-09T15:55:16.7180747Z","C:\Program Files (x86)\Steam\steamapps\common\Barotrauma\Content\Items\Assemblies\DivingSuitLockerFilled.xml"
"Content/Items/Assemblies/DivingSuitLockersWired.xml","DivingSuitLockersWired.xml","xml","15023","2026-04-09T15:55:15.1165161Z","C:\Program Files (x86)\Steam\steamapps\common\Barotrauma\Content\Items\Assemblies\DivingSuitLockersWired.xml"
"Content/Items/Assemblies/DockingHatchDelayed.xml","DockingHatchDelayed.xml","xml","53153","2026-04-09T15:55:17.4558133Z","C:\Program Files (x86)\Steam\steamapps\common\Barotrauma\Content\Items\Assemblies\DockingHatchDelayed.xml"
"Content/Items/Assemblies/DockingHatchSimple.xml","DockingHatchSimple.xml","xml","8334","2026-04-09T15:55:15.4754020Z","C:\Program Files (x86)\Steam\steamapps\common\Barotrauma\Content\Items\Assemblies\DockingHatchSimple.xml"
"Content/Items/Assemblies/OutpostPump.xml","OutpostPump.xml","xml","9635","2026-04-09T15:55:16.7190746Z","C:\Program Files (x86)\Steam\steamapps\common\Barotrauma\Content\Items\Assemblies\OutpostPump.xml"
"Content/Items/Assemblies/WallPipeWeakpoint.xml","WallPipeWeakpoint.xml","xml","4030","2026-04-09T15:55:13.0093506Z","C:\Program Files (x86)\Steam\steamapps\common\Barotrauma\Content\Items\Assemblies\WallPipeWeakpoint.xml"
"Content/Items/Assemblies/WeakPipeHorizontal.xml","WeakPipeHorizontal.xml","xml","7025","2026-04-21T10:32:04.8323422Z","C:\Program Files (x86)\Steam\steamapps\common\Barotrauma\Content\Items\Assemblies\WeakPipeHorizontal.xml"
"Content/Items/Assemblies/WeakPipeVertical.xml","WeakPipeVertical.xml","xml","7078","2026-04-21T10:32:04.8323422Z","C:\Program Files (x86)\Steam\steamapps\common\Barotrauma\Content\Items\Assemblies\WeakPipeVertical.xml"
"Content/Items/Assemblies/WiredSurveillanceSystem.xml","WiredSurveillanceSystem.xml","xml","18085","2026-04-09T15:55:13.1014484Z","C:\Program Files (x86)\Steam\steamapps\common\Barotrauma\Content\Items\Assemblies\WiredSurveillanceSystem.xml"
"Content/Items/Button/Button.ogg","Button.ogg","ogg","14540","2025-06-08T21:11:05.6275593Z","C:\Program Files (x86)\Steam\steamapps\common\Barotrauma\Content\Items\Button\Button.ogg"
"Content/Items/Button/button.png","button.png","png","13751","2025-06-08T21:11:06.6953475Z","C:\Program Files (x86)\Steam\steamapps\common\Barotrauma\Content\Items\Button\button.png"
"Content/Items/Button/button.xml","button.xml","xml","11470","2026-06-16T13:01:41.8523290Z","C:\Program Files (x86)\Steam\steamapps\common\Barotrauma\Content\Items\Button\button.xml"
"Content/Items/Button/Switch1.ogg","Switch1.ogg","ogg","9905","2025-06-08T21:11:15.0576946Z","C:\Program Files (x86)\Steam\steamapps\common\Barotrauma\Content\Items\Button\Switch1.ogg"
"Content/Items/Button/Switch2.ogg","Switch2.ogg","ogg","10049","2025-06-08T21:11:06.6963474Z","C:\Program Files (x86)\Steam\steamapps\common\Barotrauma\Content\Items\Button\Switch2.ogg"
"Content/Items/Command/command.xml","command.xml","xml","36480","2026-04-09T15:55:13.1034476Z","C:\Program Files (x86)\Steam\steamapps\common\Barotrauma\Content\Items\Command\command.xml"
"Content/Items/Command/CommandDevices.png","CommandDevices.png","png","430205","2025-06-08T21:11:01.9419161Z","C:\Program Files (x86)\Steam\steamapps\common\Barotrauma\Content\Items\Command\CommandDevices.png"
"Content/Items/Command/directionalPingBackground.png","directionalPingBackground.png","png","184944","2025-06-08T21:11:11.1414343Z","C:\Program Files (x86)\Steam\steamapps\common\Barotrauma\Content\Items\Command\directionalPingBackground.png"
"Content/Items/Command/directionalPingButton.png","directionalPingButton.png","png","36525","2025-06-08T21:11:05.6836982Z","C:\Program Files (x86)\Steam\steamapps\common\Barotrauma\Content\Items\Command\directionalPingButton.png"
"Content/Items/Command/directionalPingCircle.png","directionalPingCircle.png","png","22464","2025-06-08T21:11:06.6973464Z","C:\Program Files (x86)\Steam\steamapps\common\Barotrauma\Content\Items\Command\directionalPingCircle.png"
"Content/Items/Command/navigatorLights.png","navigatorLights.png","png","127825","2025-06-08T21:11:11.2509532Z","C:\Program Files (x86)\Steam\steamapps\common\Barotrauma\Content\Items\Command\navigatorLights.png"
"Content/Items/Command/navigatorLightsBlinking.png","navigatorLightsBlinking.png","png","30067","2025-06-08T21:11:06.6973464Z","C:\Program Files (x86)\Steam\steamapps\common\Barotrauma\Content\Items\Command\navigatorLightsBlinking.png"
"Content/Items/Command/NavUI.png","NavUI.png","png","9940","2025-06-08T21:11:06.6973464Z","C:\Program Files (x86)\Steam\steamapps\common\Barotrauma\Content\Items\Command\NavUI.png"
"Content/Items/Command/pingCircle.png","pingCircle.png","png","242462","2025-06-08T21:11:11.2519532Z","C:\Program Files (x86)\Steam\steamapps\common\Barotrauma\Content\Items\Command\pingCircle.png"
"Content/Items/Command/sonarBackground.png","sonarBackground.png","png","301084","2025-06-08T21:11:01.9419161Z","C:\Program Files (x86)\Steam\steamapps\common\Barotrauma\Content\Items\Command\sonarBackground.png"
"Content/Items/Command/sonarBlip.png","sonarBlip.png","png","1873","2025-06-08T21:11:11.7730912Z","C:\Program Files (x86)\Steam\steamapps\common\Barotrauma\Content\Items\Command\sonarBlip.png"
"Content/Items/Command/sonarOverlay.png","sonarOverlay.png","png","332924","2025-06-08T21:11:01.9419161Z","C:\Program Files (x86)\Steam\steamapps\common\Barotrauma\Content\Items\Command\sonarOverlay.png"
"Content/Items/Command/SonarPing.ogg","SonarPing.ogg","ogg","34590","2025-06-08T21:11:15.6338005Z","C:\Program Files (x86)\Steam\steamapps\common\Barotrauma\Content\Items\Command\SonarPing.ogg"
"Content/Items/Command/SonarPing2.ogg","SonarPing2.ogg","ogg","34999","2025-06-08T21:11:05.6846982Z","C:\Program Files (x86)\Steam\steamapps\common\Barotrauma\Content\Items\Command\SonarPing2.ogg"
"Content/Items/Command/SonarPingFar.ogg","SonarPingFar.ogg","ogg","74391","2025-06-08T21:11:05.6877053Z","C:\Program Files (x86)\Steam\steamapps\common\Barotrauma\Content\Items\Command\SonarPingFar.ogg"
"Content/Items/Command/SonarPingFar2.ogg","SonarPingFar2.ogg","ogg","73131","2025-06-08T21:11:11.8211861Z","C:\Program Files (x86)\Steam\steamapps\common\Barotrauma\Content\Items\Command\SonarPingFar2.ogg"
"Content/Items/Command/sonarTransducer_emission.png","sonarTransducer_emission.png","png","1403","2025-06-08T21:11:15.6328009Z","C:\Program Files (x86)\Steam\steamapps\common\Barotrauma\Content\Items\Command\sonarTransducer_emission.png"
"Content/Items/connectionpanel.png","connectionpanel.png","png","144400","2025-06-08T21:11:11.7098387Z","C:\Program Files (x86)\Steam\steamapps\common\Barotrauma\Content\Items\connectionpanel.png"
"Content/Items/connector.png","connector.png","png","2132","2025-06-08T21:11:11.8201865Z","C:\Program Files (x86)\Steam\steamapps\common\Barotrauma\Content\Items\connector.png"
"Content/Items/Containers/containers.png","containers.png","png","904656","2025-06-08T21:11:01.9429167Z","C:\Program Files (x86)\Steam\steamapps\common\Barotrauma\Content\Items\Containers\containers.png"
"Content/Items/Containers/containers.xml","containers.xml","xml","40687","2025-09-18T02:31:39.0014025Z","C:\Program Files (x86)\Steam\steamapps\common\Barotrauma\Content\Items\Containers\containers.xml"
"Content/Items/Containers/containers2.png","containers2.png","png","106463","2025-06-08T21:11:07.0723494Z","C:\Program Files (x86)\Steam\steamapps\common\Barotrauma\Content\Items\Containers\containers2.png"
"Content/Items/Containers/containers2a.png","containers2a.png","png","90030","2025-06-08T21:11:07.0733494Z","C:\Program Files (x86)\Steam\steamapps\common\Barotrauma\Content\Items\Containers\containers2a.png"
"Content/Items/Containers/DivingSuitLocker.png","DivingSuitLocker.png","png","82150","2025-06-08T21:11:11.7740912Z","C:\Program Files (x86)\Steam\steamapps\common\Barotrauma\Content\Items\Containers\DivingSuitLocker.png"
"Content/Items/Containers/Lockers.png","Lockers.png","png","288299","2025-06-08T21:11:01.9429167Z","C:\Program Files (x86)\Steam\steamapps\common\Barotrauma\Content\Items\Containers\Lockers.png"
"Content/Items/Containers/UnitLoadDevice.png","UnitLoadDevice.png","png","471903","2025-06-08T21:11:01.9429167Z","C:\Program Files (x86)\Steam\steamapps\common\Barotrauma\Content\Items\Containers\UnitLoadDevice.png"
"Content/Items/CreatureLoot/CreatureLoot.png","CreatureLoot.png","png","415712","2025-06-08T21:11:01.9429167Z","C:\Program Files (x86)\Steam\steamapps\common\Barotrauma\Content\Items\CreatureLoot\CreatureLoot.png"
"Content/Items/CreatureLoot/creatureloot.xml","creatureloot.xml","xml","50591","2026-06-16T13:01:38.6517994Z","C:\Program Files (x86)\Steam\steamapps\common\Barotrauma\Content\Items\CreatureLoot\creatureloot.xml"
"Content/Items/Diving/Abyss_DivingSuit.png","Abyss_DivingSuit.png","png","31266","2025-06-08T21:11:12.1657705Z","C:\Program Files (x86)\Steam\steamapps\common\Barotrauma\Content\Items\Diving\Abyss_DivingSuit.png"
"Content/Items/Diving/Abyss_DivingSuit_Items.png","Abyss_DivingSuit_Items.png","png","90337","2025-06-08T21:11:05.7439261Z","C:\Program Files (x86)\Steam\steamapps\common\Barotrauma\Content\Items\Diving\Abyss_DivingSuit_Items.png"
"Content/Items/Diving/Broken_DivingSuit.png","Broken_DivingSuit.png","png","48359","2025-06-08T21:11:11.3094139Z","C:\Program Files (x86)\Steam\steamapps\common\Barotrauma\Content\Items\Diving\Broken_DivingSuit.png"
"Content/Items/Diving/Broken_DivingSuit_contained.png","Broken_DivingSuit_contained.png","png","145827","2025-06-08T21:11:07.0713495Z","C:\Program Files (x86)\Steam\steamapps\common\Barotrauma\Content\Items\Diving\Broken_DivingSuit_contained.png"
"Content/Items/Diving/combat_DivingSuit.png","combat_DivingSuit.png","png","33487","2025-06-08T21:11:11.3084139Z","C:\Program Files (x86)\Steam\steamapps\common\Barotrauma\Content\Items\Diving\combat_DivingSuit.png"
"Content/Items/Diving/Combat_DivingSuit_Items.png","Combat_DivingSuit_Items.png","png","87750","2025-06-08T21:11:12.3429660Z","C:\Program Files (x86)\Steam\steamapps\common\Barotrauma\Content\Items\Diving\Combat_DivingSuit_Items.png"
"Content/Items/Diving/divinggear.xml","divinggear.xml","xml","62757","2025-06-08T21:11:07.0733494Z","C:\Program Files (x86)\Steam\steamapps\common\Barotrauma\Content\Items\Diving\divinggear.xml"
"Content/Items/Diving/DivingSuit_Item.png","DivingSuit_Item.png","png","94252","2025-06-08T21:11:05.8094236Z","C:\Program Files (x86)\Steam\steamapps\common\Barotrauma\Content\Items\Diving\DivingSuit_Item.png"
"Content/Items/Diving/DivingSuitLoop1.ogg","DivingSuitLoop1.ogg","ogg","352108","2025-06-08T21:11:01.9439162Z","C:\Program Files (x86)\Steam\steamapps\common\Barotrauma\Content\Items\Diving\DivingSuitLoop1.ogg"
"Content/Items/Diving/DivingSuitLoop2.ogg","DivingSuitLoop2.ogg","ogg","458482","2025-06-08T21:11:01.9439162Z","C:\Program Files (x86)\Steam\steamapps\common\Barotrauma\Content\Items\Diving\DivingSuitLoop2.ogg"
"Content/Items/Diving/ITEMS_divingSuitOxygenLeakLoop.ogg","ITEMS_divingSuitOxygenLeakLoop.ogg","ogg","600705","2025-06-08T21:11:01.9439162Z","C:\Program Files (x86)\Steam\steamapps\common\Barotrauma\Content\Items\Diving\ITEMS_divingSuitOxygenLeakLoop.ogg"
"Content/Items/Diving/MakeshiftArmor.png","MakeshiftArmor.png","png","97481","2025-06-08T21:11:12.3429660Z","C:\Program Files (x86)\Steam\steamapps\common\Barotrauma\Content\Items\Diving\MakeshiftArmor.png"
"Content/Items/Diving/Old/Abyss_DivingSuit_Legs.png","Abyss_DivingSuit_Legs.png","png","71316","2025-06-08T21:11:12.1657705Z","C:\Program Files (x86)\Steam\steamapps\common\Barotrauma\Content\Items\Diving\Old\Abyss_DivingSuit_Legs.png"
"Content/Items/Diving/Old/Abyss_DivingSuit_Torso.png","Abyss_DivingSuit_Torso.png","png","104878","2025-06-08T21:11:12.1657705Z","C:\Program Files (x86)\Steam\steamapps\common\Barotrauma\Content\Items\Diving\Old\Abyss_DivingSuit_Torso.png"
"Content/Items/Diving/Old/Combat_DivingSuit_Legs.png","Combat_DivingSuit_Legs.png","png","113255","2025-06-08T21:11:17.3484025Z","C:\Program Files (x86)\Steam\steamapps\common\Barotrauma\Content\Items\Diving\Old\Combat_DivingSuit_Legs.png"
"Content/Items/Diving/Old/Combat_DivingSuit_Torso.png","Combat_DivingSuit_Torso.png","png","131194","2025-06-08T21:11:14.5732605Z","C:\Program Files (x86)\Steam\steamapps\common\Barotrauma\Content\Items\Diving\Old\Combat_DivingSuit_Torso.png"
"Content/Items/Diving/Old/DivingSuit_Legs.png","DivingSuit_Legs.png","png","102194","2025-06-08T21:11:12.3399658Z","C:\Program Files (x86)\Steam\steamapps\common\Barotrauma\Content\Items\Diving\Old\DivingSuit_Legs.png"
"Content/Items/Diving/Old/DivingSuit_Torso.png","DivingSuit_Torso.png","png","94758","2025-06-08T21:11:11.5378885Z","C:\Program Files (x86)\Steam\steamapps\common\Barotrauma\Content\Items\Diving\Old\DivingSuit_Torso.png"
"Content/Items/Diving/reg_DivingSuit.png","reg_DivingSuit.png","png","34246","2025-06-08T21:11:12.3409662Z","C:\Program Files (x86)\Steam\steamapps\common\Barotrauma\Content\Items\Diving\reg_DivingSuit.png"
"Content/Items/Diving/RespawnSuit.png","RespawnSuit.png","png","36473","2025-06-08T21:11:05.8164236Z","C:\Program Files (x86)\Steam\steamapps\common\Barotrauma\Content\Items\Diving\RespawnSuit.png"
"Content/Items/Diving/RespawnSuit_Items.png","RespawnSuit_Items.png","png","99312","2025-06-08T21:11:05.8104237Z","C:\Program Files (x86)\Steam\steamapps\common\Barotrauma\Content\Items\Diving\RespawnSuit_Items.png"
"Content/Items/Diving/Scooter.png","Scooter.png","png","28766","2025-06-08T21:11:12.1117119Z","C:\Program Files (x86)\Steam\steamapps\common\Barotrauma\Content\Items\Diving\Scooter.png"
"Content/Items/Diving/ScooterLoop.ogg","ScooterLoop.ogg","ogg","275550","2025-06-08T21:11:01.9439162Z","C:\Program Files (x86)\Steam\steamapps\common\Barotrauma\Content\Items\Diving\ScooterLoop.ogg"
"Content/Items/Door/dockingport.png","dockingport.png","png","127273","2025-06-08T21:11:07.0713495Z","C:\Program Files (x86)\Steam\steamapps\common\Barotrauma\Content\Items\Door\dockingport.png"
"Content/Items/Door/DockingPort1.ogg","DockingPort1.ogg","ogg","78949","2025-06-08T21:11:07.0743490Z","C:\Program Files (x86)\Steam\steamapps\common\Barotrauma\Content\Items\Door\DockingPort1.ogg"
"Content/Items/Door/DockingPort2.ogg","DockingPort2.ogg","ogg","78006","2025-06-08T21:11:05.8684307Z","C:\Program Files (x86)\Steam\steamapps\common\Barotrauma\Content\Items\Door\DockingPort2.ogg"
"Content/Items/Door/dockingportlights.png","dockingportlights.png","png","12367","2025-06-08T21:11:05.8094236Z","C:\Program Files (x86)\Steam\steamapps\common\Barotrauma\Content\Items\Door\dockingportlights.png"
"Content/Items/Door/door.png","door.png","png","286245","2025-06-08T21:11:01.9449180Z","C:\Program Files (x86)\Steam\steamapps\common\Barotrauma\Content\Items\Door\door.png"
"Content/Items/Door/Door1.ogg","Door1.ogg","ogg","40895","2025-06-08T21:11:07.0743490Z","C:\Program Files (x86)\Steam\steamapps\common\Barotrauma\Content\Items\Door\Door1.ogg"
"Content/Items/Door/Door2.ogg","Door2.ogg","ogg","46734","2025-06-08T21:11:07.0743490Z","C:\Program Files (x86)\Steam\steamapps\common\Barotrauma\Content\Items\Door\Door2.ogg"
"Content/Items/Door/Door3.ogg","Door3.ogg","ogg","41091","2025-06-08T21:11:12.3399658Z","C:\Program Files (x86)\Steam\steamapps\common\Barotrauma\Content\Items\Door\Door3.ogg"
"Content/Items/Door/Door4.ogg","Door4.ogg","ogg","42460","2025-06-08T21:11:16.1447315Z","C:\Program Files (x86)\Steam\steamapps\common\Barotrauma\Content\Items\Door\Door4.ogg"
"Content/Items/Door/DoorBreak1.ogg","DoorBreak1.ogg","ogg","42027","2025-06-08T21:11:12.3389664Z","C:\Program Files (x86)\Steam\steamapps\common\Barotrauma\Content\Items\Door\DoorBreak1.ogg"
"Content/Items/Door/DoorBreak2.ogg","DoorBreak2.ogg","ogg","32475","2025-06-08T21:11:11.5378885Z","C:\Program Files (x86)\Steam\steamapps\common\Barotrauma\Content\Items\Door\DoorBreak2.ogg"
"Content/Items/Door/doors.xml","doors.xml","xml","34893","2025-06-08T21:11:11.5358887Z","C:\Program Files (x86)\Steam\steamapps\common\Barotrauma\Content\Items\Door\doors.xml"
"Content/Items/Door/Duct1.ogg","Duct1.ogg","ogg","20254","2025-06-08T21:11:05.8114241Z","C:\Program Files (x86)\Steam\steamapps\common\Barotrauma\Content\Items\Door\Duct1.ogg"
"Content/Items/Door/Duct2.ogg","Duct2.ogg","ogg","18379","2025-06-08T21:11:11.5388993Z","C:\Program Files (x86)\Steam\steamapps\common\Barotrauma\Content\Items\Door\Duct2.ogg"
"Content/Items/Door/DuctBreak.ogg","DuctBreak.ogg","ogg","22894","2025-06-08T21:11:11.5388993Z","C:\Program Files (x86)\Steam\steamapps\common\Barotrauma\Content\Items\Door\DuctBreak.ogg"
"Content/Items/Door/hatch.png","hatch.png","png","55975","2025-06-08T21:11:16.2076614Z","C:\Program Files (x86)\Steam\steamapps\common\Barotrauma\Content\Items\Door\hatch.png"
"Content/Items/Electricity/detectors.png","detectors.png","png","67417","2025-06-08T21:11:12.3429660Z","C:\Program Files (x86)\Steam\steamapps\common\Barotrauma\Content\Items\Electricity\detectors.png"
"Content/Items/Electricity/lamp.png","lamp.png","png","4184","2025-06-08T21:11:12.3409662Z","C:\Program Files (x86)\Steam\steamapps\common\Barotrauma\Content\Items\Electricity\lamp.png"
"Content/Items/Electricity/lights.xml","lights.xml","xml","44510","2025-06-08T21:11:05.8114241Z","C:\Program Files (x86)\Steam\steamapps\common\Barotrauma\Content\Items\Electricity\lights.xml"
"Content/Items/Electricity/lightsprite.png","lightsprite.png","png","2576","2025-06-08T21:11:12.2819017Z","C:\Program Files (x86)\Steam\steamapps\common\Barotrauma\Content\Items\Electricity\lightsprite.png"
"Content/Items/Electricity/PowerDistributor.png","PowerDistributor.png","png","112120","2025-06-19T20:07:27.9212456Z","C:\Program Files (x86)\Steam\steamapps\common\Barotrauma\Content\Items\Electricity\PowerDistributor.png"
"Content/Items/Electricity/poweritems.xml","poweritems.xml","xml","41656","2026-06-18T17:04:43.2684244Z","C:\Program Files (x86)\Steam\steamapps\common\Barotrauma\Content\Items\Electricity\poweritems.xml"
"Content/Items/Electricity/signalcomp.png","signalcomp.png","png","219143","2025-06-08T21:11:12.3419660Z","C:\Program Files (x86)\Steam\steamapps\common\Barotrauma\Content\Items\Electricity\signalcomp.png"
"Content/Items/Electricity/signalitems.xml","signalitems.xml","xml","136316","2025-12-10T00:32:43.5194708Z","C:\Program Files (x86)\Steam\steamapps\common\Barotrauma\Content\Items\Electricity\signalitems.xml"
"Content/Items/Electricity/wire.png","wire.png","png","719","2025-06-08T21:11:07.0733494Z","C:\Program Files (x86)\Steam\steamapps\common\Barotrauma\Content\Items\Electricity\wire.png"
"Content/Items/Electricity/wire2.png","wire2.png","png","731","2025-06-08T21:11:12.3409662Z","C:\Program Files (x86)\Steam\steamapps\common\Barotrauma\Content\Items\Electricity\wire2.png"
"Content/Items/Electricity/Zap1.ogg","Zap1.ogg","ogg","12687","2025-06-08T21:11:11.5378885Z","C:\Program Files (x86)\Steam\steamapps\common\Barotrauma\Content\Items\Electricity\Zap1.ogg"
"Content/Items/Electricity/Zap2.ogg","Zap2.ogg","ogg","9620","2025-06-08T21:11:12.3409662Z","C:\Program Files (x86)\Steam\steamapps\common\Barotrauma\Content\Items\Electricity\Zap2.ogg"
"Content/Items/Electricity/Zap3.ogg","Zap3.ogg","ogg","19500","2025-06-08T21:11:07.0723494Z","C:\Program Files (x86)\Steam\steamapps\common\Barotrauma\Content\Items\Electricity\Zap3.ogg"
"Content/Items/Electricity/Zap4.ogg","Zap4.ogg","ogg","10183","2025-06-08T21:11:16.2076614Z","C:\Program Files (x86)\Steam\steamapps\common\Barotrauma\Content\Items\Electricity\Zap4.ogg"
"Content/Items/Electricity/Zap5.ogg","Zap5.ogg","ogg","10747","2025-06-08T21:11:07.0743490Z","C:\Program Files (x86)\Steam\steamapps\common\Barotrauma\Content\Items\Electricity\Zap5.ogg"
"Content/Items/Engine/Engine.ogg","Engine.ogg","ogg","338876","2025-06-08T21:11:01.9449180Z","C:\Program Files (x86)\Steam\steamapps\common\Barotrauma\Content\Items\Engine\Engine.ogg"
"Content/Items/Engine/engine.xml","engine.xml","xml","17693","2025-06-08T21:11:12.3409662Z","C:\Program Files (x86)\Steam\steamapps\common\Barotrauma\Content\Items\Engine\engine.xml"
"Content/Items/Engine/EngineBroken.ogg","EngineBroken.ogg","ogg","411984","2025-06-08T21:11:01.9449180Z","C:\Program Files (x86)\Steam\steamapps\common\Barotrauma\Content\Items\Engine\EngineBroken.ogg"
"Content/Items/Engine/Engines.png","Engines.png","png","1344961","2025-06-08T21:11:01.9459168Z","C:\Program Files (x86)\Steam\steamapps\common\Barotrauma\Content\Items\Engine\Engines.png"
"Content/Items/Fabricators/Deconstructor.ogg","Deconstructor.ogg","ogg","108672","2025-06-08T21:11:12.3903114Z","C:\Program Files (x86)\Steam\steamapps\common\Barotrauma\Content\Items\Fabricators\Deconstructor.ogg"
"Content/Items/Fabricators/Fabricator.ogg","Fabricator.ogg","ogg","615324","2025-06-08T21:11:01.9459168Z","C:\Program Files (x86)\Steam\steamapps\common\Barotrauma\Content\Items\Fabricators\Fabricator.ogg"
"Content/Items/Fabricators/fabricators.xml","fabricators.xml","xml","19837","2026-04-09T15:55:13.0743133Z","C:\Program Files (x86)\Steam\steamapps\common\Barotrauma\Content\Items\Fabricators\fabricators.xml"
"Content/Items/Fabricators/FabricatorsAndDeconstructors.png","FabricatorsAndDeconstructors.png","png","432102","2025-06-08T21:11:01.9459168Z","C:\Program Files (x86)\Steam\steamapps\common\Barotrauma\Content\Items\Fabricators\FabricatorsAndDeconstructors.png"
"Content/Items/Gardening/ballastflora.png","ballastflora.png","png","213025","2025-06-08T21:11:05.8684307Z","C:\Program Files (x86)\Steam\steamapps\common\Barotrauma\Content\Items\Gardening\ballastflora.png"
"Content/Items/Gardening/ballastflora.xml","ballastflora.xml","xml","4454","2025-06-08T21:11:12.3409662Z","C:\Program Files (x86)\Steam\steamapps\common\Barotrauma\Content\Items\Gardening\ballastflora.xml"
"Content/Items/Gardening/ballastflorabranches.png","ballastflorabranches.png","png","81551","2025-06-08T21:11:11.8211861Z","C:\Program Files (x86)\Steam\steamapps\common\Barotrauma\Content\Items\Gardening\ballastflorabranches.png"
"Content/Items/Gardening/ballastflorabranches_burned.png","ballastflorabranches_burned.png","png","83031","2025-06-08T21:11:12.3893118Z","C:\Program Files (x86)\Steam\steamapps\common\Barotrauma\Content\Items\Gardening\ballastflorabranches_burned.png"
"Content/Items/Gardening/branches.png","branches.png","png","829982","2025-06-08T21:11:01.9459168Z","C:\Program Files (x86)\Steam\steamapps\common\Barotrauma\Content\Items\Gardening\branches.png"
"Content/Items/Gardening/branches_overlay.png","branches_overlay.png","png","322432","2025-06-08T21:11:01.9459168Z","C:\Program Files (x86)\Steam\steamapps\common\Barotrauma\Content\Items\Gardening\branches_overlay.png"
"Content/Items/Gardening/gardeningtools.xml","gardeningtools.xml","xml","7984","2025-12-10T00:32:43.5526683Z","C:\Program Files (x86)\Steam\steamapps\common\Barotrauma\Content\Items\Gardening\gardeningtools.xml"
"Content/Items/Gardening/growableplants.xml","growableplants.xml","xml","20320","2025-06-08T21:11:05.8104237Z","C:\Program Files (x86)\Steam\steamapps\common\Barotrauma\Content\Items\Gardening\growableplants.xml"
"Content/Items/Gardening/GrowablePlants_Temp.png","GrowablePlants_Temp.png","png","185442","2025-06-08T21:11:12.6213729Z","C:\Program Files (x86)\Steam\steamapps\common\Barotrauma\Content\Items\Gardening\GrowablePlants_Temp.png"
"Content/Items/Gardening/plantproducts.xml","plantproducts.xml","xml","15026","2025-06-19T20:07:27.5035409Z","C:\Program Files (x86)\Steam\steamapps\common\Barotrauma\Content\Items\Gardening\plantproducts.xml"
"Content/Items/Genetic/Genetic.png","Genetic.png","png","44800","2025-06-08T21:11:07.0713495Z","C:\Program Files (x86)\Steam\steamapps\common\Barotrauma\Content\Items\Genetic\Genetic.png"
"Content/Items/Genetic/genetic.xml","genetic.xml","xml","30169","2026-04-09T15:55:13.0164285Z","C:\Program Files (x86)\Steam\steamapps\common\Barotrauma\Content\Items\Genetic\genetic.xml"
"Content/Items/idcard.png","idcard.png","png","720","2025-06-08T21:11:12.5617883Z","C:\Program Files (x86)\Steam\steamapps\common\Barotrauma\Content\Items\idcard.png"
"Content/Items/idcard.xml","idcard.xml","xml","1457","2025-09-18T02:31:38.9283155Z","C:\Program Files (x86)\Steam\steamapps\common\Barotrauma\Content\Items\idcard.xml"
"Content/Items/InventoryIconAtlas.png","InventoryIconAtlas.png","png","1041370","2025-06-08T21:11:01.9459168Z","C:\Program Files (x86)\Steam\steamapps\common\Barotrauma\Content\Items\InventoryIconAtlas.png"
"Content/Items/InventoryIconAtlas2.png","InventoryIconAtlas2.png","png","537637","2026-04-09T15:55:12.9174596Z","C:\Program Files (x86)\Steam\steamapps\common\Barotrauma\Content\Items\InventoryIconAtlas2.png"
"Content/Items/Jobgear/AlienGear.png","AlienGear.png","png","16333","2025-06-08T21:11:12.5617883Z","C:\Program Files (x86)\Steam\steamapps\common\Barotrauma\Content\Items\Jobgear\AlienGear.png"
"Content/Items/Jobgear/Assistant/Assistant.png","Assistant.png","png","71531","2025-06-08T21:11:07.1340051Z","C:\Program Files (x86)\Steam\steamapps\common\Barotrauma\Content\Items\Jobgear\Assistant\Assistant.png"
"Content/Items/Jobgear/Assistant/assistant_gear.xml","assistant_gear.xml","xml","4442","2025-06-08T21:11:12.9011625Z","C:\Program Files (x86)\Steam\steamapps\common\Barotrauma\Content\Items\Jobgear\Assistant\assistant_gear.xml"
"Content/Items/Jobgear/Assistant/assistant_talent_items.xml","assistant_talent_items.xml","xml","15149","2026-04-21T10:32:04.9656643Z","C:\Program Files (x86)\Steam\steamapps\common\Barotrauma\Content\Items\Jobgear\Assistant\assistant_talent_items.xml"
"Content/Items/Jobgear/Assistant/OLD/assistant_legs_female_1.png","assistant_legs_female_1.png","png","60791","2025-06-08T21:11:07.1922335Z","C:\Program Files (x86)\Steam\steamapps\common\Barotrauma\Content\Items\Jobgear\Assistant\OLD\assistant_legs_female_1.png"
"Content/Items/Jobgear/Assistant/OLD/assistant_legs_male_1.png","assistant_legs_male_1.png","png","60791","2025-06-08T21:11:07.1902334Z","C:\Program Files (x86)\Steam\steamapps\common\Barotrauma\Content\Items\Jobgear\Assistant\OLD\assistant_legs_male_1.png"
"Content/Items/Jobgear/Assistant/OLD/assistant_torso_female_1.png","assistant_torso_female_1.png","png","49245","2025-06-08T21:11:07.1922335Z","C:\Program Files (x86)\Steam\steamapps\common\Barotrauma\Content\Items\Jobgear\Assistant\OLD\assistant_torso_female_1.png"
"Content/Items/Jobgear/Assistant/OLD/assistant_torso_male_1.png","assistant_torso_male_1.png","png","51870","2025-06-08T21:11:12.8991627Z","C:\Program Files (x86)\Steam\steamapps\common\Barotrauma\Content\Items\Jobgear\Assistant\OLD\assistant_torso_male_1.png"
"Content/Items/Jobgear/Captain/captain_1.png","captain_1.png","png","85301","2025-06-08T21:11:05.9917453Z","C:\Program Files (x86)\Steam\steamapps\common\Barotrauma\Content\Items\Jobgear\Captain\captain_1.png"
"Content/Items/Jobgear/Captain/captain_2.png","captain_2.png","png","77015","2025-06-08T21:11:12.6203719Z","C:\Program Files (x86)\Steam\steamapps\common\Barotrauma\Content\Items\Jobgear\Captain\captain_2.png"
"Content/Items/Jobgear/Captain/captain_3.png","captain_3.png","png","65421","2025-06-08T21:11:07.1872353Z","C:\Program Files (x86)\Steam\steamapps\common\Barotrauma\Content\Items\Jobgear\Captain\captain_3.png"
"Content/Items/Jobgear/Captain/captain_gear.xml","captain_gear.xml","xml","32820","2025-06-08T21:11:07.1912344Z","C:\Program Files (x86)\Steam\steamapps\common\Barotrauma\Content\Items\Jobgear\Captain\captain_gear.xml"
"Content/Items/Jobgear/Captain/captain_separatist_1.png","captain_separatist_1.png","png","76518","2025-06-08T21:11:16.9548825Z","C:\Program Files (x86)\Steam\steamapps\common\Barotrauma\Content\Items\Jobgear\Captain\captain_separatist_1.png"
"Content/Items/Jobgear/Captain/captain_separatist_2.png","captain_separatist_2.png","png","91996","2025-06-08T21:11:07.1912344Z","C:\Program Files (x86)\Steam\steamapps\common\Barotrauma\Content\Items\Jobgear\Captain\captain_separatist_2.png"
"Content/Items/Jobgear/Captain/captain_separatist_3.png","captain_separatist_3.png","png","83442","2025-06-08T21:11:12.9550765Z","C:\Program Files (x86)\Steam\steamapps\common\Barotrauma\Content\Items\Jobgear\Captain\captain_separatist_3.png"
"Content/Items/Jobgear/Captain/captain_talent_items.xml","captain_talent_items.xml","xml","17395","2025-06-19T20:07:27.5013588Z","C:\Program Files (x86)\Steam\steamapps\common\Barotrauma\Content\Items\Jobgear\Captain\captain_talent_items.xml"
"Content/Items/Jobgear/Captain/old/captain_legs_female_1.png","captain_legs_female_1.png","png","60466","2025-06-08T21:11:06.0367943Z","C:\Program Files (x86)\Steam\steamapps\common\Barotrauma\Content\Items\Jobgear\Captain\old\captain_legs_female_1.png"
"Content/Items/Jobgear/Captain/old/captain_legs_female_2.png","captain_legs_female_2.png","png","58341","2025-06-08T21:11:13.0125853Z","C:\Program Files (x86)\Steam\steamapps\common\Barotrauma\Content\Items\Jobgear\Captain\old\captain_legs_female_2.png"
"Content/Items/Jobgear/Captain/old/captain_legs_female_3.png","captain_legs_female_3.png","png","86838","2025-06-08T21:11:07.1872353Z","C:\Program Files (x86)\Steam\steamapps\common\Barotrauma\Content\Items\Jobgear\Captain\old\captain_legs_female_3.png"
"Content/Items/Jobgear/Captain/old/captain_legs_male_1.png","captain_legs_male_1.png","png","60466","2025-06-08T21:11:06.0367943Z","C:\Program Files (x86)\Steam\steamapps\common\Barotrauma\Content\Items\Jobgear\Captain\old\captain_legs_male_1.png"
"Content/Items/Jobgear/Captain/old/captain_legs_male_2.png","captain_legs_male_2.png","png","58888","2025-06-08T21:11:12.6213729Z","C:\Program Files (x86)\Steam\steamapps\common\Barotrauma\Content\Items\Jobgear\Captain\old\captain_legs_male_2.png"
"Content/Items/Jobgear/Captain/old/captain_legs_male_3.png","captain_legs_male_3.png","png","82712","2025-06-08T21:11:13.0125853Z","C:\Program Files (x86)\Steam\steamapps\common\Barotrauma\Content\Items\Jobgear\Captain\old\captain_legs_male_3.png"
"Content/Items/Jobgear/Captain/old/captain_torso_female_1.png","captain_torso_female_1.png","png","70035","2025-06-08T21:11:12.6233723Z","C:\Program Files (x86)\Steam\steamapps\common\Barotrauma\Content\Items\Jobgear\Captain\old\captain_torso_female_1.png"
"Content/Items/Jobgear/Captain/old/captain_torso_female_2.png","captain_torso_female_2.png","png","61544","2025-06-08T21:11:12.6223726Z","C:\Program Files (x86)\Steam\steamapps\common\Barotrauma\Content\Items\Jobgear\Captain\old\captain_torso_female_2.png"
"Content/Items/Jobgear/Captain/old/captain_torso_female_3.png","captain_torso_female_3.png","png","85675","2025-06-08T21:11:17.0638464Z","C:\Program Files (x86)\Steam\steamapps\common\Barotrauma\Content\Items\Jobgear\Captain\old\captain_torso_female_3.png"
"Content/Items/Jobgear/Captain/old/captain_torso_male_1.png","captain_torso_male_1.png","png","70389","2025-06-08T21:11:07.1902334Z","C:\Program Files (x86)\Steam\steamapps\common\Barotrauma\Content\Items\Jobgear\Captain\old\captain_torso_male_1.png"
"Content/Items/Jobgear/Captain/old/captain_torso_male_2.png","captain_torso_male_2.png","png","66009","2025-06-08T21:11:17.0598463Z","C:\Program Files (x86)\Steam\steamapps\common\Barotrauma\Content\Items\Jobgear\Captain\old\captain_torso_male_2.png"
"Content/Items/Jobgear/Captain/old/captain_torso_male_3.png","captain_torso_male_3.png","png","76386","2025-06-08T21:11:13.0742884Z","C:\Program Files (x86)\Steam\steamapps\common\Barotrauma\Content\Items\Jobgear\Captain\old\captain_torso_male_3.png"
"Content/Items/Jobgear/Captain/WEAPONS_handCannon.ogg","WEAPONS_handCannon.ogg","ogg","19659","2025-06-08T21:11:07.1922335Z","C:\Program Files (x86)\Steam\steamapps\common\Barotrauma\Content\Items\Jobgear\Captain\WEAPONS_handCannon.ogg"
"Content/Items/Jobgear/Captain/WEAPONS_handCannon_1.ogg","WEAPONS_handCannon_1.ogg","ogg","18168","2025-06-08T21:11:12.5638664Z","C:\Program Files (x86)\Steam\steamapps\common\Barotrauma\Content\Items\Jobgear\Captain\WEAPONS_handCannon_1.ogg"
"Content/Items/Jobgear/Captain/WEAPONS_handCannon_2.ogg","WEAPONS_handCannon_2.ogg","ogg","18406","2025-06-08T21:11:06.0377947Z","C:\Program Files (x86)\Steam\steamapps\common\Barotrauma\Content\Items\Jobgear\Captain\WEAPONS_handCannon_2.ogg"
"Content/Items/Jobgear/Captain/WEAPONS_handCannon_3.ogg","WEAPONS_handCannon_3.ogg","ogg","18855","2025-06-08T21:11:07.1922335Z","C:\Program Files (x86)\Steam\steamapps\common\Barotrauma\Content\Items\Jobgear\Captain\WEAPONS_handCannon_3.ogg"
"Content/Items/Jobgear/Captain/WEAPONS_handCannon_4.ogg","WEAPONS_handCannon_4.ogg","ogg","18988","2025-06-08T21:11:13.0732880Z","C:\Program Files (x86)\Steam\steamapps\common\Barotrauma\Content\Items\Jobgear\Captain\WEAPONS_handCannon_4.ogg"
"Content/Items/Jobgear/Captain/WEAPONS_handCannon_5.ogg","WEAPONS_handCannon_5.ogg","ogg","19643","2025-06-08T21:11:17.0648480Z","C:\Program Files (x86)\Steam\steamapps\common\Barotrauma\Content\Items\Jobgear\Captain\WEAPONS_handCannon_5.ogg"
"Content/Items/Jobgear/Clown/clown.png","clown.png","png","71425","2025-06-08T21:11:12.8991627Z","C:\Program Files (x86)\Steam\steamapps\common\Barotrauma\Content\Items\Jobgear\Clown\clown.png"
"Content/Items/Jobgear/Clown/clown.xml","clown.xml","xml","44603","2026-04-09T15:55:13.1024476Z","C:\Program Files (x86)\Steam\steamapps\common\Barotrauma\Content\Items\Jobgear\Clown\clown.xml"
"Content/Items/Jobgear/Clown/clown_rare.png","clown_rare.png","png","30443","2025-06-08T21:11:12.5617883Z","C:\Program Files (x86)\Steam\steamapps\common\Barotrauma\Content\Items\Jobgear\Clown\clown_rare.png"
"Content/Items/Jobgear/Clown/ClownExoSuit.png","ClownExoSuit.png","png","216220","2025-06-08T21:11:13.1912956Z","C:\Program Files (x86)\Steam\steamapps\common\Barotrauma\Content\Items\Jobgear\Clown\ClownExoSuit.png"
"Content/Items/Jobgear/Clown/ClownExosuitHorn.ogg","ClownExosuitHorn.ogg","ogg","48282","2025-06-08T21:11:12.6203719Z","C:\Program Files (x86)\Steam\steamapps\common\Barotrauma\Content\Items\Jobgear\Clown\ClownExosuitHorn.ogg"
"Content/Items/Jobgear/Clown/ITEM_bananaSlip1.ogg","ITEM_bananaSlip1.ogg","ogg","70340","2025-06-08T21:11:13.2388221Z","C:\Program Files (x86)\Steam\steamapps\common\Barotrauma\Content\Items\Jobgear\Clown\ITEM_bananaSlip1.ogg"
"Content/Items/Jobgear/Clown/ITEM_bananaSlip2.ogg","ITEM_bananaSlip2.ogg","ogg","67643","2025-06-08T21:11:13.2398297Z","C:\Program Files (x86)\Steam\steamapps\common\Barotrauma\Content\Items\Jobgear\Clown\ITEM_bananaSlip2.ogg"
"Content/Items/Jobgear/Clown/ITEM_bananaSlip3.ogg","ITEM_bananaSlip3.ogg","ogg","65113","2025-06-08T21:11:13.2958359Z","C:\Program Files (x86)\Steam\steamapps\common\Barotrauma\Content\Items\Jobgear\Clown\ITEM_bananaSlip3.ogg"
"Content/Items/Jobgear/Clown/ITEM_bananaSlip4.ogg","ITEM_bananaSlip4.ogg","ogg","64584","2025-06-08T21:11:07.1882348Z","C:\Program Files (x86)\Steam\steamapps\common\Barotrauma\Content\Items\Jobgear\Clown\ITEM_bananaSlip4.ogg"
"Content/Items/Jobgear/Clown/ITEM_cymbalMono.ogg","ITEM_cymbalMono.ogg","ogg","427131","2025-06-08T21:11:01.9479171Z","C:\Program Files (x86)\Steam\steamapps\common\Barotrauma\Content\Items\Jobgear\Clown\ITEM_cymbalMono.ogg"
"Content/Items/Jobgear/Clown/ITEM_cymbalStereo.ogg","ITEM_cymbalStereo.ogg","ogg","543512","2025-06-08T21:11:01.9479171Z","C:\Program Files (x86)\Steam\steamapps\common\Barotrauma\Content\Items\Jobgear\Clown\ITEM_cymbalStereo.ogg"
"Content/Items/Jobgear/Clown/old/clown_legs_female.png","clown_legs_female.png","png","42331","2025-06-08T21:11:12.9610867Z","C:\Program Files (x86)\Steam\steamapps\common\Barotrauma\Content\Items\Jobgear\Clown\old\clown_legs_female.png"
"Content/Items/Jobgear/Clown/old/clown_legs_male.png","clown_legs_male.png","png","42331","2025-06-08T21:11:12.9620856Z","C:\Program Files (x86)\Steam\steamapps\common\Barotrauma\Content\Items\Jobgear\Clown\old\clown_legs_male.png"
"Content/Items/Jobgear/Clown/old/clown_torso_female.png","clown_torso_female.png","png","80712","2025-06-08T21:11:07.2937661Z","C:\Program Files (x86)\Steam\steamapps\common\Barotrauma\Content\Items\Jobgear\Clown\old\clown_torso_female.png"
"Content/Items/Jobgear/Clown/old/clown_torso_male.png","clown_torso_male.png","png","80545","2025-06-08T21:11:07.2887659Z","C:\Program Files (x86)\Steam\steamapps\common\Barotrauma\Content\Items\Jobgear\Clown\old\clown_torso_male.png"
"Content/Items/Jobgear/Clown/old/rareclown_legs_female.png","rareclown_legs_female.png","png","53348","2025-06-08T21:11:12.9620856Z","C:\Program Files (x86)\Steam\steamapps\common\Barotrauma\Content\Items\Jobgear\Clown\old\rareclown_legs_female.png"
"Content/Items/Jobgear/Clown/old/rareclown_legs_male.png","rareclown_legs_male.png","png","62984","2025-06-08T21:11:17.0628468Z","C:\Program Files (x86)\Steam\steamapps\common\Barotrauma\Content\Items\Jobgear\Clown\old\rareclown_legs_male.png"
"Content/Items/Jobgear/Clown/old/rareclown_torso_female.png","rareclown_torso_female.png","png","64173","2025-06-08T21:11:12.6223726Z","C:\Program Files (x86)\Steam\steamapps\common\Barotrauma\Content\Items\Jobgear\Clown\old\rareclown_torso_female.png"
"Content/Items/Jobgear/Clown/old/rareclown_torso_male.png","rareclown_torso_male.png","png","64065","2025-06-08T21:11:13.6260918Z","C:\Program Files (x86)\Steam\steamapps\common\Barotrauma\Content\Items\Jobgear\Clown\old\rareclown_torso_male.png"
"Content/Items/Jobgear/Commoner/administrator.png","administrator.png","png","62057","2025-06-08T21:11:13.0156887Z","C:\Program Files (x86)\Steam\steamapps\common\Barotrauma\Content\Items\Jobgear\Commoner\administrator.png"
"Content/Items/Jobgear/Commoner/bandit_1.png","bandit_1.png","png","80073","2025-06-08T21:11:13.6300906Z","C:\Program Files (x86)\Steam\steamapps\common\Barotrauma\Content\Items\Jobgear\Commoner\bandit_1.png"
"Content/Items/Jobgear/Commoner/bandit_2.png","bandit_2.png","png","78912","2025-06-08T21:11:13.6290904Z","C:\Program Files (x86)\Steam\steamapps\common\Barotrauma\Content\Items\Jobgear\Commoner\bandit_2.png"
"Content/Items/Jobgear/Commoner/commoner_5.png","commoner_5.png","png","80305","2025-06-08T21:11:13.0125853Z","C:\Program Files (x86)\Steam\steamapps\common\Barotrauma\Content\Items\Jobgear\Commoner\commoner_5.png"
"Content/Items/Jobgear/Commoner/commoner_gear.xml","commoner_gear.xml","xml","72542","2025-06-08T21:11:12.5607873Z","C:\Program Files (x86)\Steam\steamapps\common\Barotrauma\Content\Items\Jobgear\Commoner\commoner_gear.xml"
"Content/Items/Jobgear/Commoner/Commoner1.png","Commoner1.png","png","98515","2025-06-08T21:11:07.2907667Z","C:\Program Files (x86)\Steam\steamapps\common\Barotrauma\Content\Items\Jobgear\Commoner\Commoner1.png"
"Content/Items/Jobgear/Commoner/Commoner2.png","Commoner2.png","png","67220","2025-06-08T21:11:13.6878616Z","C:\Program Files (x86)\Steam\steamapps\common\Barotrauma\Content\Items\Jobgear\Commoner\Commoner2.png"
"Content/Items/Jobgear/Commoner/Commoner3.png","Commoner3.png","png","101360","2025-06-08T21:11:07.2927655Z","C:\Program Files (x86)\Steam\steamapps\common\Barotrauma\Content\Items\Jobgear\Commoner\Commoner3.png"
"Content/Items/Jobgear/Commoner/Commoner4.png","Commoner4.png","png","100546","2025-06-08T21:11:13.0146970Z","C:\Program Files (x86)\Steam\steamapps\common\Barotrauma\Content\Items\Jobgear\Commoner\Commoner4.png"
"Content/Items/Jobgear/Commoner/crewchief.png","crewchief.png","png","77958","2025-06-08T21:11:07.2937661Z","C:\Program Files (x86)\Steam\steamapps\common\Barotrauma\Content\Items\Jobgear\Commoner\crewchief.png"
"Content/Items/Jobgear/Commoner/MedicalOfficer.png","MedicalOfficer.png","png","88666","2025-06-08T21:11:13.7446200Z","C:\Program Files (x86)\Steam\steamapps\common\Barotrauma\Content\Items\Jobgear\Commoner\MedicalOfficer.png"
"Content/Items/Jobgear/Commoner/miner.png","miner.png","png","79937","2025-06-08T21:11:12.6213729Z","C:\Program Files (x86)\Steam\steamapps\common\Barotrauma\Content\Items\Jobgear\Commoner\miner.png"
"Content/Items/Jobgear/Commoner/Old/administrator_legs_female.png","administrator_legs_female.png","png","92399","2025-06-08T21:11:12.6223726Z","C:\Program Files (x86)\Steam\steamapps\common\Barotrauma\Content\Items\Jobgear\Commoner\Old\administrator_legs_female.png"
"Content/Items/Jobgear/Commoner/Old/administrator_legs_male.png","administrator_legs_male.png","png","92399","2025-06-08T21:11:13.7486201Z","C:\Program Files (x86)\Steam\steamapps\common\Barotrauma\Content\Items\Jobgear\Commoner\Old\administrator_legs_male.png"
"Content/Items/Jobgear/Commoner/Old/administrator_torso_female.png","administrator_torso_female.png","png","75786","2025-06-08T21:11:12.6856363Z","C:\Program Files (x86)\Steam\steamapps\common\Barotrauma\Content\Items\Jobgear\Commoner\Old\administrator_torso_female.png"
"Content/Items/Jobgear/Commoner/Old/administrator_torso_male.png","administrator_torso_male.png","png","76167","2025-06-08T21:11:13.0125853Z","C:\Program Files (x86)\Steam\steamapps\common\Barotrauma\Content\Items\Jobgear\Commoner\Old\administrator_torso_male.png"
"Content/Items/Jobgear/Commoner/Old/bandit_legs_1.png","bandit_legs_1.png","png","120663","2025-06-08T21:11:13.0742884Z","C:\Program Files (x86)\Steam\steamapps\common\Barotrauma\Content\Items\Jobgear\Commoner\Old\bandit_legs_1.png"
"Content/Items/Jobgear/Commoner/Old/bandit_legs_2.png","bandit_legs_2.png","png","120663","2025-06-08T21:11:12.6856363Z","C:\Program Files (x86)\Steam\steamapps\common\Barotrauma\Content\Items\Jobgear\Commoner\Old\bandit_legs_2.png"
"Content/Items/Jobgear/Commoner/Old/bandit_torso_1.png","bandit_torso_1.png","png","138434","2025-06-08T21:11:12.7383753Z","C:\Program Files (x86)\Steam\steamapps\common\Barotrauma\Content\Items\Jobgear\Commoner\Old\bandit_torso_1.png"
"Content/Items/Jobgear/Commoner/Old/bandit_torso_2.png","bandit_torso_2.png","png","160681","2025-06-08T21:11:12.7383753Z","C:\Program Files (x86)\Steam\steamapps\common\Barotrauma\Content\Items\Jobgear\Commoner\Old\bandit_torso_2.png"
"Content/Items/Jobgear/Commoner/Old/commoner_legs_female_1.png","commoner_legs_female_1.png","png","76648","2025-06-08T21:11:12.7373823Z","C:\Program Files (x86)\Steam\steamapps\common\Barotrauma\Content\Items\Jobgear\Commoner\Old\commoner_legs_female_1.png"
"Content/Items/Jobgear/Commoner/Old/commoner_legs_female_2.png","commoner_legs_female_2.png","png","67262","2025-06-08T21:11:13.0752886Z","C:\Program Files (x86)\Steam\steamapps\common\Barotrauma\Content\Items\Jobgear\Commoner\Old\commoner_legs_female_2.png"
"Content/Items/Jobgear/Commoner/Old/commoner_legs_female_3.png","commoner_legs_female_3.png","png","65593","2025-06-08T21:11:07.3456311Z","C:\Program Files (x86)\Steam\steamapps\common\Barotrauma\Content\Items\Jobgear\Commoner\Old\commoner_legs_female_3.png"
"Content/Items/Jobgear/Commoner/Old/commoner_legs_female_4.png","commoner_legs_female_4.png","png","63303","2025-06-08T21:11:12.7938140Z","C:\Program Files (x86)\Steam\steamapps\common\Barotrauma\Content\Items\Jobgear\Commoner\Old\commoner_legs_female_4.png"
"Content/Items/Jobgear/Commoner/Old/commoner_legs_male_1.png","commoner_legs_male_1.png","png","76648","2025-06-08T21:11:07.3456311Z","C:\Program Files (x86)\Steam\steamapps\common\Barotrauma\Content\Items\Jobgear\Commoner\Old\commoner_legs_male_1.png"
"Content/Items/Jobgear/Commoner/Old/commoner_legs_male_2.png","commoner_legs_male_2.png","png","67262","2025-06-08T21:11:17.1251303Z","C:\Program Files (x86)\Steam\steamapps\common\Barotrauma\Content\Items\Jobgear\Commoner\Old\commoner_legs_male_2.png"
"Content/Items/Jobgear/Commoner/Old/commoner_legs_male_3.png","commoner_legs_male_3.png","png","65593","2025-06-08T21:11:17.1261302Z","C:\Program Files (x86)\Steam\steamapps\common\Barotrauma\Content\Items\Jobgear\Commoner\Old\commoner_legs_male_3.png"
"Content/Items/Jobgear/Commoner/Old/commoner_legs_male_4.png","commoner_legs_male_4.png","png","63303","2025-06-08T21:11:12.7938140Z","C:\Program Files (x86)\Steam\steamapps\common\Barotrauma\Content\Items\Jobgear\Commoner\Old\commoner_legs_male_4.png"
"Content/Items/Jobgear/Commoner/Old/commoner_torso_female_1.png","commoner_torso_female_1.png","png","70585","2025-06-08T21:11:13.0752886Z","C:\Program Files (x86)\Steam\steamapps\common\Barotrauma\Content\Items\Jobgear\Commoner\Old\commoner_torso_female_1.png"
"Content/Items/Jobgear/Commoner/Old/commoner_torso_female_2.png","commoner_torso_female_2.png","png","70869","2025-06-08T21:11:13.8540115Z","C:\Program Files (x86)\Steam\steamapps\common\Barotrauma\Content\Items\Jobgear\Commoner\Old\commoner_torso_female_2.png"
"Content/Items/Jobgear/Commoner/Old/commoner_torso_female_3.png","commoner_torso_female_3.png","png","60381","2025-06-08T21:11:06.0407948Z","C:\Program Files (x86)\Steam\steamapps\common\Barotrauma\Content\Items\Jobgear\Commoner\Old\commoner_torso_female_3.png"
"Content/Items/Jobgear/Commoner/Old/commoner_torso_female_4.png","commoner_torso_female_4.png","png","60199","2025-06-08T21:11:13.1329758Z","C:\Program Files (x86)\Steam\steamapps\common\Barotrauma\Content\Items\Jobgear\Commoner\Old\commoner_torso_female_4.png"
"Content/Items/Jobgear/Commoner/Old/commoner_torso_male_1.png","commoner_torso_male_1.png","png","73490","2025-06-08T21:11:06.0377947Z","C:\Program Files (x86)\Steam\steamapps\common\Barotrauma\Content\Items\Jobgear\Commoner\Old\commoner_torso_male_1.png"
"Content/Items/Jobgear/Commoner/Old/commoner_torso_male_2.png","commoner_torso_male_2.png","png","71408","2025-06-08T21:11:13.1329758Z","C:\Program Files (x86)\Steam\steamapps\common\Barotrauma\Content\Items\Jobgear\Commoner\Old\commoner_torso_male_2.png"
"Content/Items/Jobgear/Commoner/Old/commoner_torso_male_3.png","commoner_torso_male_3.png","png","61589","2025-06-08T21:11:13.8570114Z","C:\Program Files (x86)\Steam\steamapps\common\Barotrauma\Content\Items\Jobgear\Commoner\Old\commoner_torso_male_3.png"
"Content/Items/Jobgear/Commoner/Old/commoner_torso_male_4.png","commoner_torso_male_4.png","png","60799","2025-06-08T21:11:13.8570114Z","C:\Program Files (x86)\Steam\steamapps\common\Barotrauma\Content\Items\Jobgear\Commoner\Old\commoner_torso_male_4.png"
"Content/Items/Jobgear/Commoner/Old/crewchief_legs_female.png","crewchief_legs_female.png","png","95547","2025-06-08T21:11:07.3456311Z","C:\Program Files (x86)\Steam\steamapps\common\Barotrauma\Content\Items\Jobgear\Commoner\Old\crewchief_legs_female.png"
"Content/Items/Jobgear/Commoner/Old/crewchief_legs_male.png","crewchief_legs_male.png","png","95547","2025-06-08T21:11:12.8468498Z","C:\Program Files (x86)\Steam\steamapps\common\Barotrauma\Content\Items\Jobgear\Commoner\Old\crewchief_legs_male.png"
"Content/Items/Jobgear/Commoner/Old/crewchief_torso_female.png","crewchief_torso_female.png","png","74068","2025-06-08T21:11:13.9697114Z","C:\Program Files (x86)\Steam\steamapps\common\Barotrauma\Content\Items\Jobgear\Commoner\Old\crewchief_torso_female.png"
"Content/Items/Jobgear/Commoner/Old/crewchief_torso_male.png","crewchief_torso_male.png","png","74829","2025-06-08T21:11:13.9707113Z","C:\Program Files (x86)\Steam\steamapps\common\Barotrauma\Content\Items\Jobgear\Commoner\Old\crewchief_torso_male.png"
"Content/Items/Jobgear/Commoner/Old/medicalofficer_legs_female.png","medicalofficer_legs_female.png","png","73702","2025-06-08T21:11:12.8468498Z","C:\Program Files (x86)\Steam\steamapps\common\Barotrauma\Content\Items\Jobgear\Commoner\Old\medicalofficer_legs_female.png"
"Content/Items/Jobgear/Commoner/Old/medicalofficer_legs_male.png","medicalofficer_legs_male.png","png","73882","2025-06-08T21:11:13.1339766Z","C:\Program Files (x86)\Steam\steamapps\common\Barotrauma\Content\Items\Jobgear\Commoner\Old\medicalofficer_legs_male.png"
"Content/Items/Jobgear/Commoner/Old/medicalofficer_torso_female.png","medicalofficer_torso_female.png","png","84227","2025-06-08T21:11:13.9707113Z","C:\Program Files (x86)\Steam\steamapps\common\Barotrauma\Content\Items\Jobgear\Commoner\Old\medicalofficer_torso_female.png"
"Content/Items/Jobgear/Commoner/Old/medicalofficer_torso_male.png","medicalofficer_torso_male.png","png","83930","2025-06-08T21:11:06.0668019Z","C:\Program Files (x86)\Steam\steamapps\common\Barotrauma\Content\Items\Jobgear\Commoner\Old\medicalofficer_torso_male.png"
"Content/Items/Jobgear/Commoner/Old/miner_legs_female.png","miner_legs_female.png","png","87867","2025-06-08T21:11:07.4097652Z","C:\Program Files (x86)\Steam\steamapps\common\Barotrauma\Content\Items\Jobgear\Commoner\Old\miner_legs_female.png"
"Content/Items/Jobgear/Commoner/Old/miner_legs_male.png","miner_legs_male.png","png","87867","2025-06-08T21:11:17.2425015Z","C:\Program Files (x86)\Steam\steamapps\common\Barotrauma\Content\Items\Jobgear\Commoner\Old\miner_legs_male.png"
"Content/Items/Jobgear/Commoner/Old/miner_torso_female.png","miner_torso_female.png","png","83881","2025-06-08T21:11:12.8468498Z","C:\Program Files (x86)\Steam\steamapps\common\Barotrauma\Content\Items\Jobgear\Commoner\Old\miner_torso_female.png"
"Content/Items/Jobgear/Commoner/Old/miner_torso_male.png","miner_torso_male.png","png","85588","2025-06-08T21:11:13.1922940Z","C:\Program Files (x86)\Steam\steamapps\common\Barotrauma\Content\Items\Jobgear\Commoner\Old\miner_torso_male.png"
"Content/Items/Jobgear/Commoner/Old/pirate_legs.png","pirate_legs.png","png","150318","2025-06-08T21:11:12.8468498Z","C:\Program Files (x86)\Steam\steamapps\common\Barotrauma\Content\Items\Jobgear\Commoner\Old\pirate_legs.png"
"Content/Items/Jobgear/Commoner/Old/pirate_torso.png","pirate_torso.png","png","97056","2025-06-08T21:11:17.2445022Z","C:\Program Files (x86)\Steam\steamapps\common\Barotrauma\Content\Items\Jobgear\Commoner\Old\pirate_torso.png"
"Content/Items/Jobgear/Commoner/Old/pirate_torso_2.png","pirate_torso_2.png","png","84939","2025-06-08T21:11:12.8458501Z","C:\Program Files (x86)\Steam\steamapps\common\Barotrauma\Content\Items\Jobgear\Commoner\Old\pirate_torso_2.png"
"Content/Items/Jobgear/Commoner/Old/pirate_torso_3.png","pirate_torso_3.png","png","98589","2025-06-08T21:11:14.0264819Z","C:\Program Files (x86)\Steam\steamapps\common\Barotrauma\Content\Items\Jobgear\Commoner\Old\pirate_torso_3.png"
"Content/Items/Jobgear/Commoner/Old/prisoner_legs_female.png","prisoner_legs_female.png","png","56479","2025-06-08T21:11:17.2435011Z","C:\Program Files (x86)\Steam\steamapps\common\Barotrauma\Content\Items\Jobgear\Commoner\Old\prisoner_legs_female.png"
"Content/Items/Jobgear/Commoner/Old/prisoner_legs_male.png","prisoner_legs_male.png","png","56479","2025-06-08T21:11:12.9011625Z","C:\Program Files (x86)\Steam\steamapps\common\Barotrauma\Content\Items\Jobgear\Commoner\Old\prisoner_legs_male.png"
"Content/Items/Jobgear/Commoner/Old/prisoner_torso_female.png","prisoner_torso_female.png","png","52896","2025-06-08T21:11:17.2435011Z","C:\Program Files (x86)\Steam\steamapps\common\Barotrauma\Content\Items\Jobgear\Commoner\Old\prisoner_torso_female.png"
"Content/Items/Jobgear/Commoner/Old/prisoner_torso_male.png","prisoner_torso_male.png","png","53630","2025-06-08T21:11:14.0264819Z","C:\Program Files (x86)\Steam\steamapps\common\Barotrauma\Content\Items\Jobgear\Commoner\Old\prisoner_torso_male.png"
"Content/Items/Jobgear/Commoner/Old/quartermaster_legs_female.png","quartermaster_legs_female.png","png","85678","2025-06-08T21:11:06.0668019Z","C:\Program Files (x86)\Steam\steamapps\common\Barotrauma\Content\Items\Jobgear\Commoner\Old\quartermaster_legs_female.png"
"Content/Items/Jobgear/Commoner/Old/quartermaster_legs_male.png","quartermaster_legs_male.png","png","85620","2025-06-08T21:11:12.9021627Z","C:\Program Files (x86)\Steam\steamapps\common\Barotrauma\Content\Items\Jobgear\Commoner\Old\quartermaster_legs_male.png"
"Content/Items/Jobgear/Commoner/Old/quartermaster_torso_female.png","quartermaster_torso_female.png","png","59795","2025-06-08T21:11:06.0668019Z","C:\Program Files (x86)\Steam\steamapps\common\Barotrauma\Content\Items\Jobgear\Commoner\Old\quartermaster_torso_female.png"
"Content/Items/Jobgear/Commoner/Old/quartermaster_torso_male.png","quartermaster_torso_male.png","png","60147","2025-06-08T21:11:14.0919263Z","C:\Program Files (x86)\Steam\steamapps\common\Barotrauma\Content\Items\Jobgear\Commoner\Old\quartermaster_torso_male.png"
"Content/Items/Jobgear/Commoner/Old/researcher_legs_female.png","researcher_legs_female.png","png","85095","2025-06-08T21:11:14.1404573Z","C:\Program Files (x86)\Steam\steamapps\common\Barotrauma\Content\Items\Jobgear\Commoner\Old\researcher_legs_female.png"
"Content/Items/Jobgear/Commoner/Old/researcher_legs_male.png","researcher_legs_male.png","png","85095","2025-06-08T21:11:17.2445022Z","C:\Program Files (x86)\Steam\steamapps\common\Barotrauma\Content\Items\Jobgear\Commoner\Old\researcher_legs_male.png"
"Content/Items/Jobgear/Commoner/Old/researcher_torso_female.png","researcher_torso_female.png","png","83121","2025-06-08T21:11:12.9630845Z","C:\Program Files (x86)\Steam\steamapps\common\Barotrauma\Content\Items\Jobgear\Commoner\Old\researcher_torso_female.png"
"Content/Items/Jobgear/Commoner/Old/researcher_torso_male.png","researcher_torso_male.png","png","82893","2025-06-08T21:11:07.4117658Z","C:\Program Files (x86)\Steam\steamapps\common\Barotrauma\Content\Items\Jobgear\Commoner\Old\researcher_torso_male.png"
"Content/Items/Jobgear/Commoner/Old/securitypatrol_legs_female.png","securitypatrol_legs_female.png","png","90004","2025-06-08T21:11:07.4117658Z","C:\Program Files (x86)\Steam\steamapps\common\Barotrauma\Content\Items\Jobgear\Commoner\Old\securitypatrol_legs_female.png"
"Content/Items/Jobgear/Commoner/Old/securitypatrol_legs_male.png","securitypatrol_legs_male.png","png","90004","2025-06-08T21:11:13.1893922Z","C:\Program Files (x86)\Steam\steamapps\common\Barotrauma\Content\Items\Jobgear\Commoner\Old\securitypatrol_legs_male.png"
"Content/Items/Jobgear/Commoner/Old/securitypatrol_torso_female.png","securitypatrol_torso_female.png","png","86921","2025-06-08T21:11:07.4127665Z","C:\Program Files (x86)\Steam\steamapps\common\Barotrauma\Content\Items\Jobgear\Commoner\Old\securitypatrol_torso_female.png"
"Content/Items/Jobgear/Commoner/Old/securitypatrol_torso_male.png","securitypatrol_torso_male.png","png","87337","2025-06-08T21:11:06.0397948Z","C:\Program Files (x86)\Steam\steamapps\common\Barotrauma\Content\Items\Jobgear\Commoner\Old\securitypatrol_torso_male.png"
"Content/Items/Jobgear/Commoner/Old/vip_legs_1.png","vip_legs_1.png","png","23363","2025-06-08T21:11:17.2445022Z","C:\Program Files (x86)\Steam\steamapps\common\Barotrauma\Content\Items\Jobgear\Commoner\Old\vip_legs_1.png"
"Content/Items/Jobgear/Commoner/Old/vip_legs_2.png","vip_legs_2.png","png","22093","2025-06-08T21:11:12.9620856Z","C:\Program Files (x86)\Steam\steamapps\common\Barotrauma\Content\Items\Jobgear\Commoner\Old\vip_legs_2.png"
"Content/Items/Jobgear/Commoner/Old/vip_legs_3.png","vip_legs_3.png","png","22444","2025-06-08T21:11:07.4127665Z","C:\Program Files (x86)\Steam\steamapps\common\Barotrauma\Content\Items\Jobgear\Commoner\Old\vip_legs_3.png"
"Content/Items/Jobgear/Commoner/Old/vip_torso_1.png","vip_torso_1.png","png","20469","2025-06-08T21:11:12.9630845Z","C:\Program Files (x86)\Steam\steamapps\common\Barotrauma\Content\Items\Jobgear\Commoner\Old\vip_torso_1.png"
"Content/Items/Jobgear/Commoner/Old/vip_torso_2.png","vip_torso_2.png","png","22717","2025-06-08T21:11:12.9630845Z","C:\Program Files (x86)\Steam\steamapps\common\Barotrauma\Content\Items\Jobgear\Commoner\Old\vip_torso_2.png"
"Content/Items/Jobgear/Commoner/Old/vip_torso_3.png","vip_torso_3.png","png","20867","2025-06-08T21:11:17.2435011Z","C:\Program Files (x86)\Steam\steamapps\common\Barotrauma\Content\Items\Jobgear\Commoner\Old\vip_torso_3.png"
"Content/Items/Jobgear/Commoner/Prisoner.png","Prisoner.png","png","80526","2025-06-08T21:11:07.4678537Z","C:\Program Files (x86)\Steam\steamapps\common\Barotrauma\Content\Items\Jobgear\Commoner\Prisoner.png"
"Content/Items/Jobgear/Commoner/quartermaster.png","quartermaster.png","png","73819","2025-06-08T21:11:13.1922940Z","C:\Program Files (x86)\Steam\steamapps\common\Barotrauma\Content\Items\Jobgear\Commoner\quartermaster.png"
"Content/Items/Jobgear/Commoner/researcher.png","researcher.png","png","66675","2025-06-08T21:11:17.2997218Z","C:\Program Files (x86)\Steam\steamapps\common\Barotrauma\Content\Items\Jobgear\Commoner\researcher.png"
"Content/Items/Jobgear/Commoner/securitypatrol.png","securitypatrol.png","png","82402","2025-06-08T21:11:12.9620856Z","C:\Program Files (x86)\Steam\steamapps\common\Barotrauma\Content\Items\Jobgear\Commoner\securitypatrol.png"
"Content/Items/Jobgear/Commoner/VIP1.png","VIP1.png","png","67444","2025-06-08T21:11:13.1912956Z","C:\Program Files (x86)\Steam\steamapps\common\Barotrauma\Content\Items\Jobgear\Commoner\VIP1.png"
"Content/Items/Jobgear/Commoner/VIP2.png","VIP2.png","png","74329","2025-06-08T21:11:07.4678537Z","C:\Program Files (x86)\Steam\steamapps\common\Barotrauma\Content\Items\Jobgear\Commoner\VIP2.png"
"Content/Items/Jobgear/Commoner/VIP3.png","VIP3.png","png","76049","2025-06-08T21:11:13.2368300Z","C:\Program Files (x86)\Steam\steamapps\common\Barotrauma\Content\Items\Jobgear\Commoner\VIP3.png"
"Content/Items/Jobgear/Cultist/cultist.png","cultist.png","png","78921","2025-06-08T21:11:14.1414447Z","C:\Program Files (x86)\Steam\steamapps\common\Barotrauma\Content\Items\Jobgear\Cultist\cultist.png"
"Content/Items/Jobgear/Cultist/cultist_gear.xml","cultist_gear.xml","xml","14071","2025-09-18T02:31:38.9354067Z","C:\Program Files (x86)\Steam\steamapps\common\Barotrauma\Content\Items\Jobgear\Cultist\cultist_gear.xml"
"Content/Items/Jobgear/Cultist/cultist2.png","cultist2.png","png","83882","2025-06-08T21:11:07.4678537Z","C:\Program Files (x86)\Steam\steamapps\common\Barotrauma\Content\Items\Jobgear\Cultist\cultist2.png"
"Content/Items/Jobgear/devcap.png","devcap.png","png","4628","2025-06-08T21:11:06.0367943Z","C:\Program Files (x86)\Steam\steamapps\common\Barotrauma\Content\Items\Jobgear\devcap.png"
"Content/Items/Jobgear/Engineer/engineer_1.png","engineer_1.png","png","78258","2025-06-08T21:11:14.1987534Z","C:\Program Files (x86)\Steam\steamapps\common\Barotrauma\Content\Items\Jobgear\Engineer\engineer_1.png"
"Content/Items/Jobgear/Engineer/engineer_2.png","engineer_2.png","png","77481","2025-06-08T21:11:13.2388221Z","C:\Program Files (x86)\Steam\steamapps\common\Barotrauma\Content\Items\Jobgear\Engineer\engineer_2.png"
"Content/Items/Jobgear/Engineer/engineer_gear.xml","engineer_gear.xml","xml","17105","2025-06-08T21:11:13.2378297Z","C:\Program Files (x86)\Steam\steamapps\common\Barotrauma\Content\Items\Jobgear\Engineer\engineer_gear.xml"
"Content/Items/Jobgear/Engineer/engineer_separatist_1.png","engineer_separatist_1.png","png","35620","2025-06-08T21:11:12.9550765Z","C:\Program Files (x86)\Steam\steamapps\common\Barotrauma\Content\Items\Jobgear\Engineer\engineer_separatist_1.png"
"Content/Items/Jobgear/Engineer/engineer_separatist_2.png","engineer_separatist_2.png","png","84615","2025-06-08T21:11:13.2388221Z","C:\Program Files (x86)\Steam\steamapps\common\Barotrauma\Content\Items\Jobgear\Engineer\engineer_separatist_2.png"
"Content/Items/Jobgear/Engineer/engineer_talent_items.xml","engineer_talent_items.xml","xml","57649","2026-06-16T13:01:41.9123287Z","C:\Program Files (x86)\Steam\steamapps\common\Barotrauma\Content\Items\Jobgear\Engineer\engineer_talent_items.xml"
"Content/Items/Jobgear/Engineer/old/engineer_legs_female_1.png","engineer_legs_female_1.png","png","80716","2025-06-08T21:11:06.0387947Z","C:\Program Files (x86)\Steam\steamapps\common\Barotrauma\Content\Items\Jobgear\Engineer\old\engineer_legs_female_1.png"
"Content/Items/Jobgear/Engineer/old/engineer_legs_female_2.png","engineer_legs_female_2.png","png","85378","2025-06-08T21:11:14.2805379Z","C:\Program Files (x86)\Steam\steamapps\common\Barotrauma\Content\Items\Jobgear\Engineer\old\engineer_legs_female_2.png"
"Content/Items/Jobgear/Engineer/old/engineer_legs_female_3.png","engineer_legs_female_3.png","png","82235","2025-06-08T21:11:13.2968361Z","C:\Program Files (x86)\Steam\steamapps\common\Barotrauma\Content\Items\Jobgear\Engineer\old\engineer_legs_female_3.png"
"Content/Items/Jobgear/Engineer/old/engineer_legs_male_1.png","engineer_legs_male_1.png","png","80716","2025-06-08T21:11:06.0397948Z","C:\Program Files (x86)\Steam\steamapps\common\Barotrauma\Content\Items\Jobgear\Engineer\old\engineer_legs_male_1.png"
"Content/Items/Jobgear/Engineer/old/engineer_legs_male_2.png","engineer_legs_male_2.png","png","85378","2025-06-08T21:11:14.2805379Z","C:\Program Files (x86)\Steam\steamapps\common\Barotrauma\Content\Items\Jobgear\Engineer\old\engineer_legs_male_2.png"
"Content/Items/Jobgear/Engineer/old/engineer_legs_male_3.png","engineer_legs_male_3.png","png","86611","2025-06-08T21:11:13.2928402Z","C:\Program Files (x86)\Steam\steamapps\common\Barotrauma\Content\Items\Jobgear\Engineer\old\engineer_legs_male_3.png"
"Content/Items/Jobgear/Engineer/old/engineer_torso_female_1.png","engineer_torso_female_1.png","png","63009","2025-06-08T21:11:14.2805379Z","C:\Program Files (x86)\Steam\steamapps\common\Barotrauma\Content\Items\Jobgear\Engineer\old\engineer_torso_female_1.png"
"Content/Items/Jobgear/Engineer/old/engineer_torso_female_2.png","engineer_torso_female_2.png","png","72223","2025-06-08T21:11:14.3327463Z","C:\Program Files (x86)\Steam\steamapps\common\Barotrauma\Content\Items\Jobgear\Engineer\old\engineer_torso_female_2.png"
"Content/Items/Jobgear/Engineer/old/engineer_torso_female_3.png","engineer_torso_female_3.png","png","90221","2025-06-08T21:11:13.2978352Z","C:\Program Files (x86)\Steam\steamapps\common\Barotrauma\Content\Items\Jobgear\Engineer\old\engineer_torso_female_3.png"
"Content/Items/Jobgear/Engineer/old/engineer_torso_male_1.png","engineer_torso_male_1.png","png","64228","2025-06-08T21:11:14.3327463Z","C:\Program Files (x86)\Steam\steamapps\common\Barotrauma\Content\Items\Jobgear\Engineer\old\engineer_torso_male_1.png"
"Content/Items/Jobgear/Engineer/old/engineer_torso_male_2.png","engineer_torso_male_2.png","png","72516","2025-06-08T21:11:13.0125853Z","C:\Program Files (x86)\Steam\steamapps\common\Barotrauma\Content\Items\Jobgear\Engineer\old\engineer_torso_male_2.png"
"Content/Items/Jobgear/Engineer/old/engineer_torso_male_3.png","engineer_torso_male_3.png","png","85433","2025-06-08T21:11:06.0677955Z","C:\Program Files (x86)\Steam\steamapps\common\Barotrauma\Content\Items\Jobgear\Engineer\old\engineer_torso_male_3.png"
"Content/Items/Jobgear/Engineer/old/PUCS_Legs.png","PUCS_Legs.png","png","113255","2025-06-08T21:11:17.3494044Z","C:\Program Files (x86)\Steam\steamapps\common\Barotrauma\Content\Items\Jobgear\Engineer\old\PUCS_Legs.png"
"Content/Items/Jobgear/Engineer/old/PUCS_Torso.png","PUCS_Torso.png","png","131194","2025-06-08T21:11:14.5712600Z","C:\Program Files (x86)\Steam\steamapps\common\Barotrauma\Content\Items\Jobgear\Engineer\old\PUCS_Torso.png"
"Content/Items/Jobgear/Engineer/pucs.png","pucs.png","png","40329","2025-06-08T21:11:07.4678537Z","C:\Program Files (x86)\Steam\steamapps\common\Barotrauma\Content\Items\Jobgear\Engineer\pucs.png"
"Content/Items/Jobgear/Engineer/PUCS_Items.png","PUCS_Items.png","png","90906","2025-06-08T21:11:06.0397948Z","C:\Program Files (x86)\Steam\steamapps\common\Barotrauma\Content\Items\Jobgear\Engineer\PUCS_Items.png"
"Content/Items/Jobgear/Engineer/WEAPONS_rapidFissileAccelerator.ogg","WEAPONS_rapidFissileAccelerator.ogg","ogg","46478","2025-06-08T21:11:13.0156887Z","C:\Program Files (x86)\Steam\steamapps\common\Barotrauma\Content\Items\Jobgear\Engineer\WEAPONS_rapidFissileAccelerator.ogg"
"Content/Items/Jobgear/Engineer/WEAPONS_rapidFissileAccelerator2.ogg","WEAPONS_rapidFissileAccelerator2.ogg","ogg","36674","2025-06-08T21:11:07.4688538Z","C:\Program Files (x86)\Steam\steamapps\common\Barotrauma\Content\Items\Jobgear\Engineer\WEAPONS_rapidFissileAccelerator2.ogg"
"Content/Items/Jobgear/Engineer/WEAPONS_rapidFissileAccelerator3.ogg","WEAPONS_rapidFissileAccelerator3.ogg","ogg","38761","2025-06-08T21:11:07.5256968Z","C:\Program Files (x86)\Steam\steamapps\common\Barotrauma\Content\Items\Jobgear\Engineer\WEAPONS_rapidFissileAccelerator3.ogg"
"Content/Items/Jobgear/Engineer/WEAPONS_rapidFissileAccelerator4.ogg","WEAPONS_rapidFissileAccelerator4.ogg","ogg","35783","2025-06-08T21:11:14.3307463Z","C:\Program Files (x86)\Steam\steamapps\common\Barotrauma\Content\Items\Jobgear\Engineer\WEAPONS_rapidFissileAccelerator4.ogg"
"Content/Items/Jobgear/Engineer/WEAPONS_rapidFissileAcceleratorStartLoop.ogg","WEAPONS_rapidFissileAcceleratorStartLoop.ogg","ogg","45736","2025-06-08T21:11:06.0387947Z","C:\Program Files (x86)\Steam\steamapps\common\Barotrauma\Content\Items\Jobgear\Engineer\WEAPONS_rapidFissileAcceleratorStartLoop.ogg"
"Content/Items/Jobgear/headgears.png","headgears.png","png","300411","2025-06-19T20:07:27.3241529Z","C:\Program Files (x86)\Steam\steamapps\common\Barotrauma\Content\Items\Jobgear\headgears.png"
"Content/Items/Jobgear/Mechanic/Exosuit.png","Exosuit.png","png","240755","2025-06-08T21:11:07.5246964Z","C:\Program Files (x86)\Steam\steamapps\common\Barotrauma\Content\Items\Jobgear\Mechanic\Exosuit.png"
"Content/Items/Jobgear/Mechanic/mechanic_1.png","mechanic_1.png","png","80966","2025-06-08T21:11:06.0677955Z","C:\Program Files (x86)\Steam\steamapps\common\Barotrauma\Content\Items\Jobgear\Mechanic\mechanic_1.png"
"Content/Items/Jobgear/Mechanic/mechanic_2.png","mechanic_2.png","png","77606","2025-06-08T21:11:07.5735991Z","C:\Program Files (x86)\Steam\steamapps\common\Barotrauma\Content\Items\Jobgear\Mechanic\mechanic_2.png"
"Content/Items/Jobgear/Mechanic/mechanic_gear.xml","mechanic_gear.xml","xml","18963","2025-06-08T21:11:17.5358767Z","C:\Program Files (x86)\Steam\steamapps\common\Barotrauma\Content\Items\Jobgear\Mechanic\mechanic_gear.xml"
"Content/Items/Jobgear/Mechanic/mechanic_separatist_1.png","mechanic_separatist_1.png","png","91508","2025-06-08T21:11:17.5956169Z","C:\Program Files (x86)\Steam\steamapps\common\Barotrauma\Content\Items\Jobgear\Mechanic\mechanic_separatist_1.png"
"Content/Items/Jobgear/Mechanic/mechanic_separatist_2.png","mechanic_separatist_2.png","png","83885","2025-06-08T21:11:13.0125853Z","C:\Program Files (x86)\Steam\steamapps\common\Barotrauma\Content\Items\Jobgear\Mechanic\mechanic_separatist_2.png"
"Content/Items/Jobgear/Mechanic/mechanic_talent_items.xml","mechanic_talent_items.xml","xml","57835","2026-06-16T13:01:41.3611087Z","C:\Program Files (x86)\Steam\steamapps\common\Barotrauma\Content\Items\Jobgear\Mechanic\mechanic_talent_items.xml"
"Content/Items/Jobgear/Mechanic/old/mechanic_legs_female_1.png","mechanic_legs_female_1.png","png","66836","2025-06-08T21:11:13.0712882Z","C:\Program Files (x86)\Steam\steamapps\common\Barotrauma\Content\Items\Jobgear\Mechanic\old\mechanic_legs_female_1.png"
"Content/Items/Jobgear/Mechanic/old/mechanic_legs_female_2.png","mechanic_legs_female_2.png","png","76541","2025-06-08T21:11:17.5956169Z","C:\Program Files (x86)\Steam\steamapps\common\Barotrauma\Content\Items\Jobgear\Mechanic\old\mechanic_legs_female_2.png"
"Content/Items/Jobgear/Mechanic/old/mechanic_legs_female_3.png","mechanic_legs_female_3.png","png","63946","2025-06-08T21:11:07.5755994Z","C:\Program Files (x86)\Steam\steamapps\common\Barotrauma\Content\Items\Jobgear\Mechanic\old\mechanic_legs_female_3.png"
"Content/Items/Jobgear/Mechanic/old/mechanic_legs_male_1.png","mechanic_legs_male_1.png","png","66836","2025-06-08T21:11:13.0742884Z","C:\Program Files (x86)\Steam\steamapps\common\Barotrauma\Content\Items\Jobgear\Mechanic\old\mechanic_legs_male_1.png"
"Content/Items/Jobgear/Mechanic/old/mechanic_legs_male_2.png","mechanic_legs_male_2.png","png","76541","2025-06-08T21:11:17.5956169Z","C:\Program Files (x86)\Steam\steamapps\common\Barotrauma\Content\Items\Jobgear\Mechanic\old\mechanic_legs_male_2.png"
"Content/Items/Jobgear/Mechanic/old/mechanic_legs_male_3.png","mechanic_legs_male_3.png","png","68924","2025-06-08T21:11:14.3957628Z","C:\Program Files (x86)\Steam\steamapps\common\Barotrauma\Content\Items\Jobgear\Mechanic\old\mechanic_legs_male_3.png"
"Content/Items/Jobgear/Mechanic/old/mechanic_torso_female_1.png","mechanic_torso_female_1.png","png","57826","2025-06-08T21:11:07.5755994Z","C:\Program Files (x86)\Steam\steamapps\common\Barotrauma\Content\Items\Jobgear\Mechanic\old\mechanic_torso_female_1.png"
"Content/Items/Jobgear/Mechanic/old/mechanic_torso_female_2.png","mechanic_torso_female_2.png","png","75956","2025-06-08T21:11:14.3957628Z","C:\Program Files (x86)\Steam\steamapps\common\Barotrauma\Content\Items\Jobgear\Mechanic\old\mechanic_torso_female_2.png"
"Content/Items/Jobgear/Mechanic/old/mechanic_torso_female_3.png","mechanic_torso_female_3.png","png","67580","2025-06-08T21:11:17.7136709Z","C:\Program Files (x86)\Steam\steamapps\common\Barotrauma\Content\Items\Jobgear\Mechanic\old\mechanic_torso_female_3.png"
"Content/Items/Jobgear/Mechanic/old/mechanic_torso_male_1.png","mechanic_torso_male_1.png","png","60292","2025-06-08T21:11:14.4585917Z","C:\Program Files (x86)\Steam\steamapps\common\Barotrauma\Content\Items\Jobgear\Mechanic\old\mechanic_torso_male_1.png"
"Content/Items/Jobgear/Mechanic/old/mechanic_torso_male_2.png","mechanic_torso_male_2.png","png","85345","2025-06-08T21:11:17.7146708Z","C:\Program Files (x86)\Steam\steamapps\common\Barotrauma\Content\Items\Jobgear\Mechanic\old\mechanic_torso_male_2.png"
"Content/Items/Jobgear/Mechanic/old/mechanic_torso_male_3.png","mechanic_torso_male_3.png","png","94984","2025-06-08T21:11:06.1003084Z","C:\Program Files (x86)\Steam\steamapps\common\Barotrauma\Content\Items\Jobgear\Mechanic\old\mechanic_torso_male_3.png"
"Content/Items/Jobgear/Mechanic/safetyharness.png","safetyharness.png","png","25454","2025-06-08T21:11:14.4565919Z","C:\Program Files (x86)\Steam\steamapps\common\Barotrauma\Content\Items\Jobgear\Mechanic\safetyharness.png"
"Content/Items/Jobgear/Mechanic/WEAPON_scrapCannonShot1.ogg","WEAPON_scrapCannonShot1.ogg","ogg","57225","2025-06-08T21:11:14.4585917Z","C:\Program Files (x86)\Steam\steamapps\common\Barotrauma\Content\Items\Jobgear\Mechanic\WEAPON_scrapCannonShot1.ogg"
"Content/Items/Jobgear/Mechanic/WEAPON_scrapCannonShot2.ogg","WEAPON_scrapCannonShot2.ogg","ogg","59247","2025-06-08T21:11:14.5622617Z","C:\Program Files (x86)\Steam\steamapps\common\Barotrauma\Content\Items\Jobgear\Mechanic\WEAPON_scrapCannonShot2.ogg"
"Content/Items/Jobgear/Mechanic/WEAPON_scrapCannonShot3.ogg","WEAPON_scrapCannonShot3.ogg","ogg","58192","2025-06-08T21:11:17.7146708Z","C:\Program Files (x86)\Steam\steamapps\common\Barotrauma\Content\Items\Jobgear\Mechanic\WEAPON_scrapCannonShot3.ogg"
"Content/Items/Jobgear/Medic/medic_gear.xml","medic_gear.xml","xml","18567","2025-06-08T21:11:07.5256968Z","C:\Program Files (x86)\Steam\steamapps\common\Barotrauma\Content\Items\Jobgear\Medic\medic_gear.xml"
"Content/Items/Jobgear/Medic/Medic_separatist_01.png","Medic_separatist_01.png","png","83056","2025-06-08T21:11:06.1003084Z","C:\Program Files (x86)\Steam\steamapps\common\Barotrauma\Content\Items\Jobgear\Medic\Medic_separatist_01.png"
"Content/Items/Jobgear/Medic/Medic_separatist_02.png","Medic_separatist_02.png","png","86455","2025-06-08T21:11:06.2171152Z","C:\Program Files (x86)\Steam\steamapps\common\Barotrauma\Content\Items\Jobgear\Medic\Medic_separatist_02.png"
"Content/Items/Jobgear/Medic/medic_talent_items.xml","medic_talent_items.xml","xml","34567","2025-09-18T02:31:39.0034025Z","C:\Program Files (x86)\Steam\steamapps\common\Barotrauma\Content\Items\Jobgear\Medic\medic_talent_items.xml"
"Content/Items/Jobgear/Medic/Medic1.png","Medic1.png","png","79605","2025-06-08T21:11:13.3478896Z","C:\Program Files (x86)\Steam\steamapps\common\Barotrauma\Content\Items\Jobgear\Medic\Medic1.png"
"Content/Items/Jobgear/Medic/Medic2.png","Medic2.png","png","71861","2025-06-08T21:11:13.0742884Z","C:\Program Files (x86)\Steam\steamapps\common\Barotrauma\Content\Items\Jobgear\Medic\Medic2.png"
"Content/Items/Jobgear/Medic/Old/medic_legs_female_1.png","medic_legs_female_1.png","png","61780","2025-06-08T21:11:07.5775993Z","C:\Program Files (x86)\Steam\steamapps\common\Barotrauma\Content\Items\Jobgear\Medic\Old\medic_legs_female_1.png"
"Content/Items/Jobgear/Medic/Old/medic_legs_female_2.png","medic_legs_female_2.png","png","83815","2025-06-08T21:11:13.1329758Z","C:\Program Files (x86)\Steam\steamapps\common\Barotrauma\Content\Items\Jobgear\Medic\Old\medic_legs_female_2.png"
"Content/Items/Jobgear/Medic/Old/medic_legs_female_3.png","medic_legs_female_3.png","png","74168","2025-06-08T21:11:07.5775993Z","C:\Program Files (x86)\Steam\steamapps\common\Barotrauma\Content\Items\Jobgear\Medic\Old\medic_legs_female_3.png"
"Content/Items/Jobgear/Medic/Old/medic_legs_male_1.png","medic_legs_male_1.png","png","61780","2025-06-08T21:11:07.5735991Z","C:\Program Files (x86)\Steam\steamapps\common\Barotrauma\Content\Items\Jobgear\Medic\Old\medic_legs_male_1.png"
"Content/Items/Jobgear/Medic/Old/medic_legs_male_2.png","medic_legs_male_2.png","png","83815","2025-06-08T21:11:13.1329758Z","C:\Program Files (x86)\Steam\steamapps\common\Barotrauma\Content\Items\Jobgear\Medic\Old\medic_legs_male_2.png"
"Content/Items/Jobgear/Medic/Old/medic_legs_male_3.png","medic_legs_male_3.png","png","74168","2025-06-08T21:11:07.5775993Z","C:\Program Files (x86)\Steam\steamapps\common\Barotrauma\Content\Items\Jobgear\Medic\Old\medic_legs_male_3.png"
"Content/Items/Jobgear/Medic/Old/medic_torso_female_1.png","medic_torso_female_1.png","png","85613","2025-06-08T21:11:17.7740090Z","C:\Program Files (x86)\Steam\steamapps\common\Barotrauma\Content\Items\Jobgear\Medic\Old\medic_torso_female_1.png"
"Content/Items/Jobgear/Medic/Old/medic_torso_female_2.png","medic_torso_female_2.png","png","74380","2025-06-08T21:11:06.2081154Z","C:\Program Files (x86)\Steam\steamapps\common\Barotrauma\Content\Items\Jobgear\Medic\Old\medic_torso_female_2.png"
"Content/Items/Jobgear/Medic/Old/medic_torso_female_3.png","medic_torso_female_3.png","png","97198","2025-06-08T21:11:17.7750090Z","C:\Program Files (x86)\Steam\steamapps\common\Barotrauma\Content\Items\Jobgear\Medic\Old\medic_torso_female_3.png"
"Content/Items/Jobgear/Medic/Old/medic_torso_male_1.png","medic_torso_male_1.png","png","86722","2025-06-08T21:11:17.8262258Z","C:\Program Files (x86)\Steam\steamapps\common\Barotrauma\Content\Items\Jobgear\Medic\Old\medic_torso_male_1.png"
"Content/Items/Jobgear/Medic/Old/medic_torso_male_2.png","medic_torso_male_2.png","png","78619","2025-06-08T21:11:07.6405536Z","C:\Program Files (x86)\Steam\steamapps\common\Barotrauma\Content\Items\Jobgear\Medic\Old\medic_torso_male_2.png"
"Content/Items/Jobgear/Medic/Old/medic_torso_male_3.png","medic_torso_male_3.png","png","116172","2025-06-08T21:11:13.1299761Z","C:\Program Files (x86)\Steam\steamapps\common\Barotrauma\Content\Items\Jobgear\Medic\Old\medic_torso_male_3.png"
"Content/Items/Jobgear/misc.xml","misc.xml","xml","4241","2025-06-19T20:07:27.4948534Z","C:\Program Files (x86)\Steam\steamapps\common\Barotrauma\Content\Items\Jobgear\misc.xml"
"Content/Items/Jobgear/MiscJobGear.png","MiscJobGear.png","png","514961","2025-06-08T21:11:01.9504596Z","C:\Program Files (x86)\Steam\steamapps\common\Barotrauma\Content\Items\Jobgear\MiscJobGear.png"
"Content/Items/Jobgear/Old/captainLegs.png","captainLegs.png","png","6608","2025-06-08T21:11:13.2978352Z","C:\Program Files (x86)\Steam\steamapps\common\Barotrauma\Content\Items\Jobgear\Old\captainLegs.png"
"Content/Items/Jobgear/Old/captainTorso.png","captainTorso.png","png","6107","2025-06-08T21:11:07.6415532Z","C:\Program Files (x86)\Steam\steamapps\common\Barotrauma\Content\Items\Jobgear\Old\captainTorso.png"
"Content/Items/Jobgear/Old/clownmask.png","clownmask.png","png","2090","2025-06-08T21:11:13.2988349Z","C:\Program Files (x86)\Steam\steamapps\common\Barotrauma\Content\Items\Jobgear\Old\clownmask.png"
"Content/Items/Jobgear/Old/clownpants.png","clownpants.png","png","5090","2025-06-08T21:11:13.3488872Z","C:\Program Files (x86)\Steam\steamapps\common\Barotrauma\Content\Items\Jobgear\Old\clownpants.png"
"Content/Items/Jobgear/Old/clownshirt.png","clownshirt.png","png","8125","2025-06-08T21:11:17.8252250Z","C:\Program Files (x86)\Steam\steamapps\common\Barotrauma\Content\Items\Jobgear\Old\clownshirt.png"
"Content/Items/Jobgear/Old/doctorgear.png","doctorgear.png","png","11647","2025-06-08T21:11:13.3458885Z","C:\Program Files (x86)\Steam\steamapps\common\Barotrauma\Content\Items\Jobgear\Old\doctorgear.png"
"Content/Items/Jobgear/Old/engigear.png","engigear.png","png","24116","2025-06-08T21:11:13.3499004Z","C:\Program Files (x86)\Steam\steamapps\common\Barotrauma\Content\Items\Jobgear\Old\engigear.png"
"Content/Items/Jobgear/Old/headset.png","headset.png","png","652","2025-06-08T21:11:13.2968361Z","C:\Program Files (x86)\Steam\steamapps\common\Barotrauma\Content\Items\Jobgear\Old\headset.png"
"Content/Items/Jobgear/OutfitIcons.png","OutfitIcons.png","png","520040","2025-06-08T21:11:01.9504596Z","C:\Program Files (x86)\Steam\steamapps\common\Barotrauma\Content\Items\Jobgear\OutfitIcons.png"
"Content/Items/Jobgear/Security/Old/securityofficer_legs_female_1.png","securityofficer_legs_female_1.png","png","67878","2025-06-08T21:11:13.2968361Z","C:\Program Files (x86)\Steam\steamapps\common\Barotrauma\Content\Items\Jobgear\Security\Old\securityofficer_legs_female_1.png"
"Content/Items/Jobgear/Security/Old/securityofficer_legs_female_2.png","securityofficer_legs_female_2.png","png","81968","2025-06-08T21:11:13.3499004Z","C:\Program Files (x86)\Steam\steamapps\common\Barotrauma\Content\Items\Jobgear\Security\Old\securityofficer_legs_female_2.png"
"Content/Items/Jobgear/Security/Old/securityofficer_legs_female_3.png","securityofficer_legs_female_3.png","png","102987","2025-06-08T21:11:13.3508876Z","C:\Program Files (x86)\Steam\steamapps\common\Barotrauma\Content\Items\Jobgear\Security\Old\securityofficer_legs_female_3.png"
"Content/Items/Jobgear/Security/Old/securityofficer_legs_male_1.png","securityofficer_legs_male_1.png","png","69601","2025-06-08T21:11:18.0538638Z","C:\Program Files (x86)\Steam\steamapps\common\Barotrauma\Content\Items\Jobgear\Security\Old\securityofficer_legs_male_1.png"
"Content/Items/Jobgear/Security/Old/securityofficer_legs_male_2.png","securityofficer_legs_male_2.png","png","81977","2025-06-08T21:11:18.1615214Z","C:\Program Files (x86)\Steam\steamapps\common\Barotrauma\Content\Items\Jobgear\Security\Old\securityofficer_legs_male_2.png"
"Content/Items/Jobgear/Security/Old/securityofficer_legs_male_3.png","securityofficer_legs_male_3.png","png","122766","2025-06-08T21:11:07.6425535Z","C:\Program Files (x86)\Steam\steamapps\common\Barotrauma\Content\Items\Jobgear\Security\Old\securityofficer_legs_male_3.png"
"Content/Items/Jobgear/Security/Old/securityofficer_torso_female_1.png","securityofficer_torso_female_1.png","png","58460","2025-06-08T21:11:13.3499004Z","C:\Program Files (x86)\Steam\steamapps\common\Barotrauma\Content\Items\Jobgear\Security\Old\securityofficer_torso_female_1.png"
"Content/Items/Jobgear/Security/Old/securityofficer_torso_female_2.png","securityofficer_torso_female_2.png","png","67392","2025-06-08T21:11:07.6405536Z","C:\Program Files (x86)\Steam\steamapps\common\Barotrauma\Content\Items\Jobgear\Security\Old\securityofficer_torso_female_2.png"
"Content/Items/Jobgear/Security/Old/securityofficer_torso_female_3.png","securityofficer_torso_female_3.png","png","89329","2025-06-08T21:11:18.1655206Z","C:\Program Files (x86)\Steam\steamapps\common\Barotrauma\Content\Items\Jobgear\Security\Old\securityofficer_torso_female_3.png"
"Content/Items/Jobgear/Security/Old/securityofficer_torso_male_1.png","securityofficer_torso_male_1.png","png","59936","2025-06-08T21:11:18.1655206Z","C:\Program Files (x86)\Steam\steamapps\common\Barotrauma\Content\Items\Jobgear\Security\Old\securityofficer_torso_male_1.png"
"Content/Items/Jobgear/Security/Old/securityofficer_torso_male_2.png","securityofficer_torso_male_2.png","png","68465","2025-06-08T21:11:06.1013079Z","C:\Program Files (x86)\Steam\steamapps\common\Barotrauma\Content\Items\Jobgear\Security\Old\securityofficer_torso_male_2.png"
"Content/Items/Jobgear/Security/Old/securityofficer_torso_male_3.png","securityofficer_torso_male_3.png","png","89189","2025-06-08T21:11:14.5732605Z","C:\Program Files (x86)\Steam\steamapps\common\Barotrauma\Content\Items\Jobgear\Security\Old\securityofficer_torso_male_3.png"
"Content/Items/Jobgear/Security/Old/Slipsuit_Legs.png","Slipsuit_Legs.png","png","108853","2025-06-08T21:11:13.3499004Z","C:\Program Files (x86)\Steam\steamapps\common\Barotrauma\Content\Items\Jobgear\Security\Old\Slipsuit_Legs.png"
"Content/Items/Jobgear/Security/Old/Slipsuit_Torso.png","Slipsuit_Torso.png","png","131194","2025-06-08T21:11:14.5712600Z","C:\Program Files (x86)\Steam\steamapps\common\Barotrauma\Content\Items\Jobgear\Security\Old\Slipsuit_Torso.png"
"Content/Items/Jobgear/Security/riotgear.png","riotgear.png","png","14104","2025-06-08T21:11:06.1023078Z","C:\Program Files (x86)\Steam\steamapps\common\Barotrauma\Content\Items\Jobgear\Security\riotgear.png"
"Content/Items/Jobgear/Security/securityofficer_gear.xml","securityofficer_gear.xml","xml","40604","2025-06-08T21:11:06.1023078Z","C:\Program Files (x86)\Steam\steamapps\common\Barotrauma\Content\Items\Jobgear\Security\securityofficer_gear.xml"
"Content/Items/Jobgear/Security/SecurityOfficer_separatist_1.png","SecurityOfficer_separatist_1.png","png","90686","2025-06-08T21:11:14.6197666Z","C:\Program Files (x86)\Steam\steamapps\common\Barotrauma\Content\Items\Jobgear\Security\SecurityOfficer_separatist_1.png"
"Content/Items/Jobgear/Security/SecurityOfficer_separatist_2.png","SecurityOfficer_separatist_2.png","png","82890","2025-06-08T21:11:07.6998780Z","C:\Program Files (x86)\Steam\steamapps\common\Barotrauma\Content\Items\Jobgear\Security\SecurityOfficer_separatist_2.png"
"Content/Items/Jobgear/Security/SecurityOfficer_separatist_3.png","SecurityOfficer_separatist_3.png","png","30132","2025-06-08T21:11:07.6983753Z","C:\Program Files (x86)\Steam\steamapps\common\Barotrauma\Content\Items\Jobgear\Security\SecurityOfficer_separatist_3.png"
"Content/Items/Jobgear/Security/securityofficer_talent_items.xml","securityofficer_talent_items.xml","xml","40670","2026-06-16T13:01:41.9133285Z","C:\Program Files (x86)\Steam\steamapps\common\Barotrauma\Content\Items\Jobgear\Security\securityofficer_talent_items.xml"
"Content/Items/Jobgear/Security/SecurityOfficer1.png","SecurityOfficer1.png","png","78809","2025-06-08T21:11:13.4121532Z","C:\Program Files (x86)\Steam\steamapps\common\Barotrauma\Content\Items\Jobgear\Security\SecurityOfficer1.png"
"Content/Items/Jobgear/Security/SecurityOfficer2.png","SecurityOfficer2.png","png","83512","2025-06-08T21:11:06.2171152Z","C:\Program Files (x86)\Steam\steamapps\common\Barotrauma\Content\Items\Jobgear\Security\SecurityOfficer2.png"
"Content/Items/Jobgear/Security/SecurityOfficer3.png","SecurityOfficer3.png","png","87005","2025-06-08T21:11:06.2081154Z","C:\Program Files (x86)\Steam\steamapps\common\Barotrauma\Content\Items\Jobgear\Security\SecurityOfficer3.png"
"Content/Items/Jobgear/Security/SecurityVest.png","SecurityVest.png","png","33798","2025-06-08T21:11:14.6217667Z","C:\Program Files (x86)\Steam\steamapps\common\Barotrauma\Content\Items\Jobgear\Security\SecurityVest.png"
"Content/Items/Jobgear/Security/slipsuit.png","slipsuit.png","png","38205","2025-06-08T21:11:14.6690957Z","C:\Program Files (x86)\Steam\steamapps\common\Barotrauma\Content\Items\Jobgear\Security\slipsuit.png"
"Content/Items/Jobgear/Security/Slipsuit_Items.png","Slipsuit_Items.png","png","76929","2025-06-08T21:11:14.7877100Z","C:\Program Files (x86)\Steam\steamapps\common\Barotrauma\Content\Items\Jobgear\Security\Slipsuit_Items.png"
"Content/Items/Jobgear/Security/WEAPON_hmgShot1.ogg","WEAPON_hmgShot1.ogg","ogg","51914","2025-06-08T21:11:07.7008812Z","C:\Program Files (x86)\Steam\steamapps\common\Barotrauma\Content\Items\Jobgear\Security\WEAPON_hmgShot1.ogg"
"Content/Items/Jobgear/Security/WEAPON_hmgShot2.ogg","WEAPON_hmgShot2.ogg","ogg","52201","2025-06-08T21:11:18.1665202Z","C:\Program Files (x86)\Steam\steamapps\common\Barotrauma\Content\Items\Jobgear\Security\WEAPON_hmgShot2.ogg"
"Content/Items/Jobgear/Security/WEAPON_hmgShot3.ogg","WEAPON_hmgShot3.ogg","ogg","51879","2025-06-08T21:11:06.2171152Z","C:\Program Files (x86)\Steam\steamapps\common\Barotrauma\Content\Items\Jobgear\Security\WEAPON_hmgShot3.ogg"
"Content/Items/Jobgear/Security/WEAPON_hmgShot4.ogg","WEAPON_hmgShot4.ogg","ogg","52585","2025-06-08T21:11:14.7877100Z","C:\Program Files (x86)\Steam\steamapps\common\Barotrauma\Content\Items\Jobgear\Security\WEAPON_hmgShot4.ogg"
"Content/Items/Jobgear/Security/WEAPON_hmgShot5.ogg","WEAPON_hmgShot5.ogg","ogg","52486","2025-06-08T21:11:18.2291566Z","C:\Program Files (x86)\Steam\steamapps\common\Barotrauma\Content\Items\Jobgear\Security\WEAPON_hmgShot5.ogg"
"Content/Items/Jobgear/Security/WEAPON_hmgShot6.ogg","WEAPON_hmgShot6.ogg","ogg","52545","2025-06-08T21:11:18.2291566Z","C:\Program Files (x86)\Steam\steamapps\common\Barotrauma\Content\Items\Jobgear\Security\WEAPON_hmgShot6.ogg"
"Content/Items/Jobgear/Security/WEAPONS_assaultRifle.ogg","WEAPONS_assaultRifle.ogg","ogg","17100","2025-06-08T21:11:07.7008812Z","C:\Program Files (x86)\Steam\steamapps\common\Barotrauma\Content\Items\Jobgear\Security\WEAPONS_assaultRifle.ogg"
"Content/Items/Jobgear/Security/WEAPONS_assaultRifle_1.ogg","WEAPONS_assaultRifle_1.ogg","ogg","16050","2025-06-08T21:11:07.7018805Z","C:\Program Files (x86)\Steam\steamapps\common\Barotrauma\Content\Items\Jobgear\Security\WEAPONS_assaultRifle_1.ogg"
"Content/Items/Jobgear/Security/WEAPONS_assaultRifle_2.ogg","WEAPONS_assaultRifle_2.ogg","ogg","18393","2025-06-08T21:11:14.7867104Z","C:\Program Files (x86)\Steam\steamapps\common\Barotrauma\Content\Items\Jobgear\Security\WEAPONS_assaultRifle_2.ogg"
"Content/Items/Jobgear/Security/WEAPONS_assaultRifle_3.ogg","WEAPONS_assaultRifle_3.ogg","ogg","17231","2025-06-08T21:11:06.1013079Z","C:\Program Files (x86)\Steam\steamapps\common\Barotrauma\Content\Items\Jobgear\Security\WEAPONS_assaultRifle_3.ogg"
"Content/Items/Jobgear/Security/WEAPONS_assaultRifle_4.ogg","WEAPONS_assaultRifle_4.ogg","ogg","15954","2025-06-08T21:11:13.4111541Z","C:\Program Files (x86)\Steam\steamapps\common\Barotrauma\Content\Items\Jobgear\Security\WEAPONS_assaultRifle_4.ogg"
"Content/Items/Jobgear/Security/WEAPONS_assaultRifle_5.ogg","WEAPONS_assaultRifle_5.ogg","ogg","18045","2025-06-08T21:11:13.3458885Z","C:\Program Files (x86)\Steam\steamapps\common\Barotrauma\Content\Items\Jobgear\Security\WEAPONS_assaultRifle_5.ogg"
"Content/Items/Jobgear/Security/WEAPONS_autoShotgun.ogg","WEAPONS_autoShotgun.ogg","ogg","18654","2025-06-08T21:11:18.1665202Z","C:\Program Files (x86)\Steam\steamapps\common\Barotrauma\Content\Items\Jobgear\Security\WEAPONS_autoShotgun.ogg"
"Content/Items/Jobgear/Security/WEAPONS_autoShotgun_1.ogg","WEAPONS_autoShotgun_1.ogg","ogg","18616","2025-06-08T21:11:13.3499004Z","C:\Program Files (x86)\Steam\steamapps\common\Barotrauma\Content\Items\Jobgear\Security\WEAPONS_autoShotgun_1.ogg"
"Content/Items/Jobgear/Security/WEAPONS_autoShotgun_2.ogg","WEAPONS_autoShotgun_2.ogg","ogg","18739","2025-06-08T21:11:13.3499004Z","C:\Program Files (x86)\Steam\steamapps\common\Barotrauma\Content\Items\Jobgear\Security\WEAPONS_autoShotgun_2.ogg"
"Content/Items/Jobgear/Security/WEAPONS_autoShotgun_3.ogg","WEAPONS_autoShotgun_3.ogg","ogg","18547","2025-06-08T21:11:18.1655206Z","C:\Program Files (x86)\Steam\steamapps\common\Barotrauma\Content\Items\Jobgear\Security\WEAPONS_autoShotgun_3.ogg"
"Content/Items/Jobgear/TalentGear.png","TalentGear.png","png","287767","2025-06-08T21:11:01.9514604Z","C:\Program Files (x86)\Steam\steamapps\common\Barotrauma\Content\Items\Jobgear\TalentGear.png"
"Content/Items/Jobgear/Watchman/old/watchman_legs_female_1.png","watchman_legs_female_1.png","png","81526","2025-06-08T21:11:14.8924627Z","C:\Program Files (x86)\Steam\steamapps\common\Barotrauma\Content\Items\Jobgear\Watchman\old\watchman_legs_female_1.png"
"Content/Items/Jobgear/Watchman/old/watchman_legs_female_2.png","watchman_legs_female_2.png","png","81756","2025-06-08T21:11:14.8924627Z","C:\Program Files (x86)\Steam\steamapps\common\Barotrauma\Content\Items\Jobgear\Watchman\old\watchman_legs_female_2.png"
"Content/Items/Jobgear/Watchman/old/watchman_legs_male_1.png","watchman_legs_male_1.png","png","81526","2025-06-08T21:11:14.8914617Z","C:\Program Files (x86)\Steam\steamapps\common\Barotrauma\Content\Items\Jobgear\Watchman\old\watchman_legs_male_1.png"
"Content/Items/Jobgear/Watchman/old/watchman_legs_male_2.png","watchman_legs_male_2.png","png","81756","2025-06-08T21:11:14.8924627Z","C:\Program Files (x86)\Steam\steamapps\common\Barotrauma\Content\Items\Jobgear\Watchman\old\watchman_legs_male_2.png"
"Content/Items/Jobgear/Watchman/old/watchman_torso_female_1.png","watchman_torso_female_1.png","png","65621","2025-06-08T21:11:06.2581147Z","C:\Program Files (x86)\Steam\steamapps\common\Barotrauma\Content\Items\Jobgear\Watchman\old\watchman_torso_female_1.png"
"Content/Items/Jobgear/Watchman/old/watchman_torso_female_2.png","watchman_torso_female_2.png","png","73462","2025-06-08T21:11:13.4111541Z","C:\Program Files (x86)\Steam\steamapps\common\Barotrauma\Content\Items\Jobgear\Watchman\old\watchman_torso_female_2.png"
"Content/Items/Jobgear/Watchman/old/watchman_torso_male_1.png","watchman_torso_male_1.png","png","68783","2025-06-08T21:11:14.8874589Z","C:\Program Files (x86)\Steam\steamapps\common\Barotrauma\Content\Items\Jobgear\Watchman\old\watchman_torso_male_1.png"
"Content/Items/Jobgear/Watchman/old/watchman_torso_male_2.png","watchman_torso_male_2.png","png","73241","2025-06-08T21:11:15.0009733Z","C:\Program Files (x86)\Steam\steamapps\common\Barotrauma\Content\Items\Jobgear\Watchman\old\watchman_torso_male_2.png"
"Content/Items/Jobgear/Watchman/watchman.png","watchman.png","png","33014","2025-06-08T21:11:13.4091529Z","C:\Program Files (x86)\Steam\steamapps\common\Barotrauma\Content\Items\Jobgear\Watchman\watchman.png"
"Content/Items/Jobgear/Watchman/watchman_gear.xml","watchman_gear.xml","xml","3453","2025-06-08T21:11:06.2601161Z","C:\Program Files (x86)\Steam\steamapps\common\Barotrauma\Content\Items\Jobgear\Watchman\watchman_gear.xml"
"Content/Items/Labels/labels.png","labels.png","png","22946","2025-06-08T21:11:18.2281567Z","C:\Program Files (x86)\Steam\steamapps\common\Barotrauma\Content\Items\Labels\labels.png"
"Content/Items/Labels/labels.xml","labels.xml","xml","3098","2025-06-08T21:11:18.2271569Z","C:\Program Files (x86)\Steam\steamapps\common\Barotrauma\Content\Items\Labels\labels.xml"
"Content/Items/Ladder/ladder.png","ladder.png","png","18003","2025-06-08T21:11:13.4101528Z","C:\Program Files (x86)\Steam\steamapps\common\Barotrauma\Content\Items\Ladder\ladder.png"
"Content/Items/Ladder/ladder.xml","ladder.xml","xml","610","2025-06-08T21:11:07.7580397Z","C:\Program Files (x86)\Steam\steamapps\common\Barotrauma\Content\Items\Ladder\ladder.xml"
"Content/Items/Legacy/cabinets.png","cabinets.png","png","22819","2025-06-08T21:11:15.0009733Z","C:\Program Files (x86)\Steam\steamapps\common\Barotrauma\Content\Items\Legacy\cabinets.png"
"Content/Items/Legacy/engine.png","engine.png","png","101615","2025-06-08T21:11:13.4131534Z","C:\Program Files (x86)\Steam\steamapps\common\Barotrauma\Content\Items\Legacy\engine.png"
"Content/Items/Legacy/junctionbox.png","junctionbox.png","png","30226","2025-06-08T21:11:18.2281567Z","C:\Program Files (x86)\Steam\steamapps\common\Barotrauma\Content\Items\Legacy\junctionbox.png"
"Content/Items/Legacy/legacycommand.xml","legacycommand.xml","xml","10043","2025-06-08T21:11:13.4131534Z","C:\Program Files (x86)\Steam\steamapps\common\Barotrauma\Content\Items\Legacy\legacycommand.xml"
"Content/Items/Legacy/legacycontainers.xml","legacycontainers.xml","xml","1815","2025-06-08T21:11:13.4121532Z","C:\Program Files (x86)\Steam\steamapps\common\Barotrauma\Content\Items\Legacy\legacycontainers.xml"
"Content/Items/Legacy/legacyengine.xml","legacyengine.xml","xml","3494","2025-06-08T21:11:13.4121532Z","C:\Program Files (x86)\Steam\steamapps\common\Barotrauma\Content\Items\Legacy\legacyengine.xml"
"Content/Items/Legacy/legacyfabricators.xml","legacyfabricators.xml","xml","8132","2025-06-08T21:11:07.7590389Z","C:\Program Files (x86)\Steam\steamapps\common\Barotrauma\Content\Items\Legacy\legacyfabricators.xml"
"Content/Items/Legacy/legacyoxygengenerator.xml","legacyoxygengenerator.xml","xml","2758","2026-06-16T13:01:48.7818460Z","C:\Program Files (x86)\Steam\steamapps\common\Barotrauma\Content\Items\Legacy\legacyoxygengenerator.xml"
"Content/Items/Legacy/legacypoweritems.xml","legacypoweritems.xml","xml","2449","2025-06-08T21:11:06.2591153Z","C:\Program Files (x86)\Steam\steamapps\common\Barotrauma\Content\Items\Legacy\legacypoweritems.xml"
"Content/Items/Legacy/legacypump.xml","legacypump.xml","xml","6996","2025-06-08T21:11:06.2601161Z","C:\Program Files (x86)\Steam\steamapps\common\Barotrauma\Content\Items\Legacy\legacypump.xml"
"Content/Items/Legacy/legacyrailgun.xml","legacyrailgun.xml","xml","16987","2025-06-08T21:11:15.0019804Z","C:\Program Files (x86)\Steam\steamapps\common\Barotrauma\Content\Items\Legacy\legacyrailgun.xml"
"Content/Items/Legacy/legacyrailgunbarrel.png","legacyrailgunbarrel.png","png","56559","2025-06-08T21:11:13.4141528Z","C:\Program Files (x86)\Steam\steamapps\common\Barotrauma\Content\Items\Legacy\legacyrailgunbarrel.png"
"Content/Items/Legacy/legacyrailgunbase.png","legacyrailgunbase.png","png","71727","2025-06-08T21:11:13.4141528Z","C:\Program Files (x86)\Steam\steamapps\common\Barotrauma\Content\Items\Legacy\legacyrailgunbase.png"
"Content/Items/Legacy/legacysearchlight.xml","legacysearchlight.xml","xml","1794","2025-06-08T21:11:13.4141528Z","C:\Program Files (x86)\Steam\steamapps\common\Barotrauma\Content\Items\Legacy\legacysearchlight.xml"
"Content/Items/Legacy/locker.png","locker.png","png","19843","2025-06-08T21:11:18.2281567Z","C:\Program Files (x86)\Steam\steamapps\common\Barotrauma\Content\Items\Legacy\locker.png"
"Content/Items/Legacy/machines.png","machines.png","png","73770","2025-06-08T21:11:15.0085756Z","C:\Program Files (x86)\Steam\steamapps\common\Barotrauma\Content\Items\Legacy\machines.png"
"Content/Items/Legacy/oxygengenerator.png","oxygengenerator.png","png","26590","2025-06-08T21:11:07.7561189Z","C:\Program Files (x86)\Steam\steamapps\common\Barotrauma\Content\Items\Legacy\oxygengenerator.png"
"Content/Items/Legacy/pump.png","pump.png","png","19118","2025-06-08T21:11:06.2591153Z","C:\Program Files (x86)\Steam\steamapps\common\Barotrauma\Content\Items\Legacy\pump.png"
"Content/Items/Legacy/SearchLight_legacy.png","SearchLight_legacy.png","png","3539","2025-06-08T21:11:13.4121532Z","C:\Program Files (x86)\Steam\steamapps\common\Barotrauma\Content\Items\Legacy\SearchLight_legacy.png"
"Content/Items/Legacy/SearchLightBase_legacy.png","SearchLightBase_legacy.png","png","5802","2025-06-08T21:11:15.0009733Z","C:\Program Files (x86)\Steam\steamapps\common\Barotrauma\Content\Items\Legacy\SearchLightBase_legacy.png"
"Content/Items/Legacy/smallpump.png","smallpump.png","png","5364","2025-06-08T21:11:06.2571146Z","C:\Program Files (x86)\Steam\steamapps\common\Barotrauma\Content\Items\Legacy\smallpump.png"
"Content/Items/MachineInterface.png","MachineInterface.png","png","234311","2025-06-08T21:11:06.2591153Z","C:\Program Files (x86)\Steam\steamapps\common\Barotrauma\Content\Items\MachineInterface.png"
"Content/Items/Materials/CraftingElements1.png","CraftingElements1.png","png","115700","2025-06-08T21:11:15.0019804Z","C:\Program Files (x86)\Steam\steamapps\common\Barotrauma\Content\Items\Materials\CraftingElements1.png"
"Content/Items/Materials/CraftingElements2.png","CraftingElements2.png","png","117783","2025-06-08T21:11:15.0019804Z","C:\Program Files (x86)\Steam\steamapps\common\Barotrauma\Content\Items\Materials\CraftingElements2.png"
"Content/Items/Materials/Crystal.png","Crystal.png","png","398292","2025-06-08T21:11:01.9524609Z","C:\Program Files (x86)\Steam\steamapps\common\Barotrauma\Content\Items\Materials\Crystal.png"
"Content/Items/Materials/LootablePlants.png","LootablePlants.png","png","101860","2025-06-08T21:11:13.4621525Z","C:\Program Files (x86)\Steam\steamapps\common\Barotrauma\Content\Items\Materials\LootablePlants.png"
"Content/Items/Materials/materials.xml","materials.xml","xml","62855","2025-06-19T20:07:27.4725185Z","C:\Program Files (x86)\Steam\steamapps\common\Barotrauma\Content\Items\Materials\materials.xml"
"Content/Items/Materials/medmaterials.xml","medmaterials.xml","xml","21479","2025-06-08T21:11:13.4631524Z","C:\Program Files (x86)\Steam\steamapps\common\Barotrauma\Content\Items\Materials\medmaterials.xml"
"Content/Items/Materials/MineralEnvironment.png","MineralEnvironment.png","png","1167990","2025-06-08T21:11:01.9524609Z","C:\Program Files (x86)\Steam\steamapps\common\Barotrauma\Content\Items\Materials\MineralEnvironment.png"
"Content/Items/Materials/Minerals.png","Minerals.png","png","907556","2025-06-08T21:11:01.9524609Z","C:\Program Files (x86)\Steam\steamapps\common\Barotrauma\Content\Items\Materials\Minerals.png"
"Content/Items/Materials/minerals.xml","minerals.xml","xml","113708","2025-12-10T00:32:43.5536678Z","C:\Program Files (x86)\Steam\steamapps\common\Barotrauma\Content\Items\Materials\minerals.xml"
"Content/Items/MechanicalRepairFail.ogg","MechanicalRepairFail.ogg","ogg","30577","2025-06-08T21:11:06.3692295Z","C:\Program Files (x86)\Steam\steamapps\common\Barotrauma\Content\Items\MechanicalRepairFail.ogg"
"Content/Items/Medical/Bandage1.ogg","Bandage1.ogg","ogg","26810","2025-06-08T21:11:15.0019804Z","C:\Program Files (x86)\Steam\steamapps\common\Barotrauma\Content\Items\Medical\Bandage1.ogg"
"Content/Items/Medical/Bandage2.ogg","Bandage2.ogg","ogg","30209","2025-06-08T21:11:11.2519532Z","C:\Program Files (x86)\Steam\steamapps\common\Barotrauma\Content\Items\Medical\Bandage2.ogg"
"Content/Items/Medical/buffs.xml","buffs.xml","xml","35311","2025-06-19T20:07:27.4973594Z","C:\Program Files (x86)\Steam\steamapps\common\Barotrauma\Content\Items\Medical\buffs.xml"
"Content/Items/Medical/ITEM_bananaEatingLoop.ogg","ITEM_bananaEatingLoop.ogg","ogg","64061","2025-06-08T21:11:08.0173586Z","C:\Program Files (x86)\Steam\steamapps\common\Barotrauma\Content\Items\Medical\ITEM_bananaEatingLoop.ogg"
"Content/Items/Medical/ITEM_bananaPeeling.ogg","ITEM_bananaPeeling.ogg","ogg","9729","2025-06-08T21:11:06.3622354Z","C:\Program Files (x86)\Steam\steamapps\common\Barotrauma\Content\Items\Medical\ITEM_bananaPeeling.ogg"
"Content/Items/Medical/ITEM_bottleOpen.ogg","ITEM_bottleOpen.ogg","ogg","14292","2025-06-08T21:11:08.0213590Z","C:\Program Files (x86)\Steam\steamapps\common\Barotrauma\Content\Items\Medical\ITEM_bottleOpen.ogg"
"Content/Items/Medical/ITEM_cigarette.ogg","ITEM_cigarette.ogg","ogg","64393","2025-06-08T21:11:13.4671524Z","C:\Program Files (x86)\Steam\steamapps\common\Barotrauma\Content\Items\Medical\ITEM_cigarette.ogg"
"Content/Items/Medical/ITEM_cigaretteExtended.ogg","ITEM_cigaretteExtended.ogg","ogg","24939","2025-06-08T21:11:13.4661524Z","C:\Program Files (x86)\Steam\steamapps\common\Barotrauma\Content\Items\Medical\ITEM_cigaretteExtended.ogg"
"Content/Items/Medical/ITEM_drinkingLoop.ogg","ITEM_drinkingLoop.ogg","ogg","38240","2025-06-08T21:11:18.2947543Z","C:\Program Files (x86)\Steam\steamapps\common\Barotrauma\Content\Items\Medical\ITEM_drinkingLoop.ogg"
"Content/Items/Medical/ITEM_drinkingQuick.ogg","ITEM_drinkingQuick.ogg","ogg","27048","2025-06-08T21:11:06.3632294Z","C:\Program Files (x86)\Steam\steamapps\common\Barotrauma\Content\Items\Medical\ITEM_drinkingQuick.ogg"
"Content/Items/Medical/ITEM_eatingBiteQuick.ogg","ITEM_eatingBiteQuick.ogg","ogg","10104","2025-06-08T21:11:18.2937538Z","C:\Program Files (x86)\Steam\steamapps\common\Barotrauma\Content\Items\Medical\ITEM_eatingBiteQuick.ogg"
"Content/Items/Medical/ITEM_eatingLoop.ogg","ITEM_eatingLoop.ogg","ogg","54958","2025-06-08T21:11:06.3632294Z","C:\Program Files (x86)\Steam\steamapps\common\Barotrauma\Content\Items\Medical\ITEM_eatingLoop.ogg"
"Content/Items/Medical/ITEM_liquid.ogg","ITEM_liquid.ogg","ogg","12536","2025-06-08T21:11:15.0085756Z","C:\Program Files (x86)\Steam\steamapps\common\Barotrauma\Content\Items\Medical\ITEM_liquid.ogg"
"Content/Items/Medical/ITEM_proteinBarOpen.ogg","ITEM_proteinBarOpen.ogg","ogg","14763","2025-06-08T21:11:08.0213590Z","C:\Program Files (x86)\Steam\steamapps\common\Barotrauma\Content\Items\Medical\ITEM_proteinBarOpen.ogg"
"Content/Items/Medical/medical.xml","medical.xml","xml","108814","2025-09-18T02:31:39.0014025Z","C:\Program Files (x86)\Steam\steamapps\common\Barotrauma\Content\Items\Medical\medical.xml"
"Content/Items/Medical/Medicines.png","Medicines.png","png","199532","2025-06-08T21:11:06.4228688Z","C:\Program Files (x86)\Steam\steamapps\common\Barotrauma\Content\Items\Medical\Medicines.png"
"Content/Items/Medical/poisons.xml","poisons.xml","xml","37463","2025-06-19T20:07:27.4983587Z","C:\Program Files (x86)\Steam\steamapps\common\Barotrauma\Content\Items\Medical\poisons.xml"
"Content/Items/Medical/Syringe.ogg","Syringe.ogg","ogg","30003","2025-06-08T21:11:18.2927513Z","C:\Program Files (x86)\Steam\steamapps\common\Barotrauma\Content\Items\Medical\Syringe.ogg"
"Content/Items/Misc/AccordionLoop.ogg","AccordionLoop.ogg","ogg","271669","2025-06-08T21:11:01.9524609Z","C:\Program Files (x86)\Steam\steamapps\common\Barotrauma\Content\Items\Misc\AccordionLoop.ogg"
"Content/Items/Misc/blueprints.xml","blueprints.xml","xml","21721","2026-06-16T13:01:40.9933404Z","C:\Program Files (x86)\Steam\steamapps\common\Barotrauma\Content\Items\Misc\blueprints.xml"
"Content/Items/Misc/Guitar1.ogg","Guitar1.ogg","ogg","156063","2025-06-08T21:11:08.1293721Z","C:\Program Files (x86)\Steam\steamapps\common\Barotrauma\Content\Items\Misc\Guitar1.ogg"
"Content/Items/Misc/Guitar2.ogg","Guitar2.ogg","ogg","118117","2025-06-08T21:11:13.4671524Z","C:\Program Files (x86)\Steam\steamapps\common\Barotrauma\Content\Items\Misc\Guitar2.ogg"
"Content/Items/Misc/Guitar3.ogg","Guitar3.ogg","ogg","187839","2025-06-08T21:11:13.5220737Z","C:\Program Files (x86)\Steam\steamapps\common\Barotrauma\Content\Items\Misc\Guitar3.ogg"
"Content/Items/Misc/GuitarClown.ogg","GuitarClown.ogg","ogg","246658","2025-06-08T21:11:15.1036073Z","C:\Program Files (x86)\Steam\steamapps\common\Barotrauma\Content\Items\Misc\GuitarClown.ogg"
"Content/Items/Misc/Harmonica1.ogg","Harmonica1.ogg","ogg","270352","2025-06-08T21:11:01.9524609Z","C:\Program Files (x86)\Steam\steamapps\common\Barotrauma\Content\Items\Misc\Harmonica1.ogg"
"Content/Items/Misc/Harmonica2.ogg","Harmonica2.ogg","ogg","307900","2025-06-08T21:11:01.9524609Z","C:\Program Files (x86)\Steam\steamapps\common\Barotrauma\Content\Items\Misc\Harmonica2.ogg"
"Content/Items/Misc/Misc.png","Misc.png","png","18915","2025-06-08T21:11:06.4187857Z","C:\Program Files (x86)\Steam\steamapps\common\Barotrauma\Content\Items\Misc\Misc.png"
"Content/Items/Misc/misc.xml","misc.xml","xml","13195","2025-06-08T21:11:13.6260918Z","C:\Program Files (x86)\Steam\steamapps\common\Barotrauma\Content\Items\Misc\misc.xml"
"Content/Items/Misc/pvp_items.xml","pvp_items.xml","xml","52130","2025-06-19T20:07:27.5013588Z","C:\Program Files (x86)\Steam\steamapps\common\Barotrauma\Content\Items\Misc\pvp_items.xml"
"Content/Items/Misc/scribble1.png","scribble1.png","png","520592","2025-06-08T21:11:01.9536150Z","C:\Program Files (x86)\Steam\steamapps\common\Barotrauma\Content\Items\Misc\scribble1.png"
"Content/Items/Misc/scribble2.png","scribble2.png","png","450783","2025-06-08T21:11:01.9536150Z","C:\Program Files (x86)\Steam\steamapps\common\Barotrauma\Content\Items\Misc\scribble2.png"
"Content/Items/Misc/traitor_items.xml","traitor_items.xml","xml","32470","2026-04-09T15:55:13.0194275Z","C:\Program Files (x86)\Steam\steamapps\common\Barotrauma\Content\Items\Misc\traitor_items.xml"
"Content/Items/OxygenGenerator/OxygenGenerator.ogg","OxygenGenerator.ogg","ogg","69393","2025-06-08T21:11:08.1293721Z","C:\Program Files (x86)\Steam\steamapps\common\Barotrauma\Content\Items\OxygenGenerator\OxygenGenerator.ogg"
"Content/Items/OxygenGenerator/oxygengenerator.png","oxygengenerator.png","png","795165","2025-06-08T21:11:01.9536150Z","C:\Program Files (x86)\Steam\steamapps\common\Barotrauma\Content\Items\OxygenGenerator\oxygengenerator.png"
"Content/Items/OxygenGenerator/oxygengenerator.xml","oxygengenerator.xml","xml","17100","2026-06-16T13:01:48.7828463Z","C:\Program Files (x86)\Steam\steamapps\common\Barotrauma\Content\Items\OxygenGenerator\oxygengenerator.xml"
"Content/Items/OxygenGenerator/Ventilation.ogg","Ventilation.ogg","ogg","61241","2025-09-18T02:31:39.3431407Z","C:\Program Files (x86)\Steam\steamapps\common\Barotrauma\Content\Items\OxygenGenerator\Ventilation.ogg"
"Content/Items/Pets/PetEggs.xml","PetEggs.xml","xml","10369","2025-06-08T21:11:08.0203589Z","C:\Program Files (x86)\Steam\steamapps\common\Barotrauma\Content\Items\Pets\PetEggs.xml"
"Content/Items/Pets/PetItems.xml","PetItems.xml","xml","7574","2025-09-18T02:31:39.0034025Z","C:\Program Files (x86)\Steam\steamapps\common\Barotrauma\Content\Items\Pets\PetItems.xml"
"Content/Items/PowerOnHeavy1.ogg","PowerOnHeavy1.ogg","ogg","225482","2025-06-08T21:11:13.6300906Z","C:\Program Files (x86)\Steam\steamapps\common\Barotrauma\Content\Items\PowerOnHeavy1.ogg"
"Content/Items/PowerOnHeavy2.ogg","PowerOnHeavy2.ogg","ogg","73407","2025-06-08T21:11:13.6290904Z","C:\Program Files (x86)\Steam\steamapps\common\Barotrauma\Content\Items\PowerOnHeavy2.ogg"
"Content/Items/PowerOnLight1.ogg","PowerOnLight1.ogg","ogg","75150","2025-06-08T21:11:13.5170753Z","C:\Program Files (x86)\Steam\steamapps\common\Barotrauma\Content\Items\PowerOnLight1.ogg"
"Content/Items/PowerOnLight2.ogg","PowerOnLight2.ogg","ogg","98585","2025-06-08T21:11:18.6880470Z","C:\Program Files (x86)\Steam\steamapps\common\Barotrauma\Content\Items\PowerOnLight2.ogg"
"Content/Items/PowerOnLight3.ogg","PowerOnLight3.ogg","ogg","83069","2025-06-08T21:11:18.6880470Z","C:\Program Files (x86)\Steam\steamapps\common\Barotrauma\Content\Items\PowerOnLight3.ogg"
"Content/Items/Pump/PipeDamageStreamLoop.ogg","PipeDamageStreamLoop.ogg","ogg","86897","2025-09-18T02:31:39.0502134Z","C:\Program Files (x86)\Steam\steamapps\common\Barotrauma\Content\Items\Pump\PipeDamageStreamLoop.ogg"
"Content/Items/Pump/Pump.ogg","Pump.ogg","ogg","104127","2025-06-08T21:11:13.5220737Z","C:\Program Files (x86)\Steam\steamapps\common\Barotrauma\Content\Items\Pump\Pump.ogg"
"Content/Items/Pump/pump.xml","pump.xml","xml","17201","2026-04-21T10:32:04.8323422Z","C:\Program Files (x86)\Steam\steamapps\common\Barotrauma\Content\Items\Pump\pump.xml"
"Content/Items/Pump/PumpBroken.ogg","PumpBroken.ogg","ogg","91978","2025-06-08T21:11:06.4228688Z","C:\Program Files (x86)\Steam\steamapps\common\Barotrauma\Content\Items\Pump\PumpBroken.ogg"
"Content/Items/Pump/Pumps.png","Pumps.png","png","208798","2025-06-08T21:11:15.4719508Z","C:\Program Files (x86)\Steam\steamapps\common\Barotrauma\Content\Items\Pump\Pumps.png"
"Content/Items/Pump/Pumps2.png","Pumps2.png","png","68034","2025-09-18T02:31:39.2047639Z","C:\Program Files (x86)\Steam\steamapps\common\Barotrauma\Content\Items\Pump\Pumps2.png"
"Content/Items/Pump/ValveClose1.ogg","ValveClose1.ogg","ogg","16823","2025-09-18T02:31:39.3431407Z","C:\Program Files (x86)\Steam\steamapps\common\Barotrauma\Content\Items\Pump\ValveClose1.ogg"
"Content/Items/Pump/ValveClose2.ogg","ValveClose2.ogg","ogg","16083","2025-09-18T02:31:39.1174196Z","C:\Program Files (x86)\Steam\steamapps\common\Barotrauma\Content\Items\Pump\ValveClose2.ogg"
"Content/Items/Pump/ValveOpen1.ogg","ValveOpen1.ogg","ogg","11895","2025-09-18T02:31:39.3431407Z","C:\Program Files (x86)\Steam\steamapps\common\Barotrauma\Content\Items\Pump\ValveOpen1.ogg"
"Content/Items/Pump/ValveOpen2.ogg","ValveOpen2.ogg","ogg","12276","2025-09-18T02:31:39.1164141Z","C:\Program Files (x86)\Steam\steamapps\common\Barotrauma\Content\Items\Pump\ValveOpen2.ogg"
"Content/Items/Reactor/graphLine.png","graphLine.png","png","310","2025-06-08T21:11:13.6868615Z","C:\Program Files (x86)\Steam\steamapps\common\Barotrauma\Content\Items\Reactor\graphLine.png"
"Content/Items/Reactor/Meter.png","Meter.png","png","39280","2025-06-08T21:11:15.4719508Z","C:\Program Files (x86)\Steam\steamapps\common\Barotrauma\Content\Items\Reactor\Meter.png"
"Content/Items/Reactor/Reactor.ogg","Reactor.ogg","ogg","70288","2025-06-08T21:11:15.4649512Z","C:\Program Files (x86)\Steam\steamapps\common\Barotrauma\Content\Items\Reactor\Reactor.ogg"
"Content/Items/Reactor/reactor.png","reactor.png","png","1043587","2025-06-08T21:11:01.9546182Z","C:\Program Files (x86)\Steam\steamapps\common\Barotrauma\Content\Items\Reactor\reactor.png"
"Content/Items/Reactor/reactor.xml","reactor.xml","xml","13054","2026-04-09T15:55:13.0164285Z","C:\Program Files (x86)\Steam\steamapps\common\Barotrauma\Content\Items\Reactor\reactor.xml"
"Content/Items/Reactor/ReactorOverheatAlarm.ogg","ReactorOverheatAlarm.ogg","ogg","84721","2025-06-08T21:11:08.1293721Z","C:\Program Files (x86)\Steam\steamapps\common\Barotrauma\Content\Items\Reactor\ReactorOverheatAlarm.ogg"
"Content/Items/Reactor/ReactorTemperatureBoostDown.ogg","ReactorTemperatureBoostDown.ogg","ogg","27522","2025-06-08T21:11:06.4840747Z","C:\Program Files (x86)\Steam\steamapps\common\Barotrauma\Content\Items\Reactor\ReactorTemperatureBoostDown.ogg"
"Content/Items/Reactor/ReactorTemperatureBoostUp.ogg","ReactorTemperatureBoostUp.ogg","ogg","27332","2025-06-08T21:11:06.4850747Z","C:\Program Files (x86)\Steam\steamapps\common\Barotrauma\Content\Items\Reactor\ReactorTemperatureBoostUp.ogg"
"Content/Items/Reactor/Sector.png","Sector.png","png","3134","2025-06-08T21:11:06.4800716Z","C:\Program Files (x86)\Steam\steamapps\common\Barotrauma\Content\Items\Reactor\Sector.png"
"Content/Items/SearchLight/searchlight.xml","searchlight.xml","xml","2060","2025-06-08T21:11:13.6868615Z","C:\Program Files (x86)\Steam\steamapps\common\Barotrauma\Content\Items\SearchLight\searchlight.xml"
"Content/Items/SearchLight/SearchLightBase.png","SearchLightBase.png","png","34987","2025-06-08T21:11:08.1253714Z","C:\Program Files (x86)\Steam\steamapps\common\Barotrauma\Content\Items\SearchLight\SearchLightBase.png"
"Content/Items/Shipwrecks/BackgroundStructuresWrecked.png","BackgroundStructuresWrecked.png","png","540741","2025-06-08T21:11:01.9546182Z","C:\Program Files (x86)\Steam\steamapps\common\Barotrauma\Content\Items\Shipwrecks\BackgroundStructuresWrecked.png"
"Content/Items/Shipwrecks/DecorativeVentilationWrecked.png","DecorativeVentilationWrecked.png","png","763450","2025-06-08T21:11:01.9546182Z","C:\Program Files (x86)\Steam\steamapps\common\Barotrauma\Content\Items\Shipwrecks\DecorativeVentilationWrecked.png"
"Content/Items/Shipwrecks/ExteriorWallsAWrecked.png","ExteriorWallsAWrecked.png","png","2135741","2025-06-08T21:11:01.9552816Z","C:\Program Files (x86)\Steam\steamapps\common\Barotrauma\Content\Items\Shipwrecks\ExteriorWallsAWrecked.png"
"Content/Items/Shipwrecks/FinsA_Wrecked.png","FinsA_Wrecked.png","png","1986046","2025-06-08T21:11:01.9552816Z","C:\Program Files (x86)\Steam\steamapps\common\Barotrauma\Content\Items\Shipwrecks\FinsA_Wrecked.png"
"Content/Items/Shipwrecks/MiscWrecked.png","MiscWrecked.png","png","3501874","2025-06-08T21:11:01.9552816Z","C:\Program Files (x86)\Steam\steamapps\common\Barotrauma\Content\Items\Shipwrecks\MiscWrecked.png"
"Content/Items/Shipwrecks/ShuttleWallsWrecked.png","ShuttleWallsWrecked.png","png","356928","2025-06-08T21:11:01.9552816Z","C:\Program Files (x86)\Steam\steamapps\common\Barotrauma\Content\Items\Shipwrecks\ShuttleWallsWrecked.png"
"Content/Items/Shipwrecks/ShuttleWallsWrecked2.png","ShuttleWallsWrecked2.png","png","2438579","2025-06-08T21:11:01.9552816Z","C:\Program Files (x86)\Steam\steamapps\common\Barotrauma\Content\Items\Shipwrecks\ShuttleWallsWrecked2.png"
"Content/Items/Shipwrecks/StructurePrefabsWrecked.xml","StructurePrefabsWrecked.xml","xml","157656","2025-06-08T21:11:13.6290904Z","C:\Program Files (x86)\Steam\steamapps\common\Barotrauma\Content\Items\Shipwrecks\StructurePrefabsWrecked.xml"
"Content/Items/Shipwrecks/TurretsWrecked.png","TurretsWrecked.png","png","2464643","2025-06-08T21:11:01.9552816Z","C:\Program Files (x86)\Steam\steamapps\common\Barotrauma\Content\Items\Shipwrecks\TurretsWrecked.png"
"Content/Items/Shipwrecks/Wall_C_wrecked.png","Wall_C_wrecked.png","png","587481","2025-06-08T21:11:01.9552816Z","C:\Program Files (x86)\Steam\steamapps\common\Barotrauma\Content\Items\Shipwrecks\Wall_C_wrecked.png"
"Content/Items/Shipwrecks/wreckeditems.xml","wreckeditems.xml","xml","65682","2025-06-08T21:11:06.8913279Z","C:\Program Files (x86)\Steam\steamapps\common\Barotrauma\Content\Items\Shipwrecks\wreckeditems.xml"
"Content/Items/StartItems.xml","StartItems.xml","xml","4222","2025-06-08T21:11:16.0408448Z","C:\Program Files (x86)\Steam\steamapps\common\Barotrauma\Content\Items\StartItems.xml"
"Content/Items/Tools/Crowbar.ogg","Crowbar.ogg","ogg","75028","2025-06-08T21:11:13.9727113Z","C:\Program Files (x86)\Steam\steamapps\common\Barotrauma\Content\Items\Tools\Crowbar.ogg"
"Content/Items/Tools/Extinguisher.ogg","Extinguisher.ogg","ogg","101744","2025-06-08T21:11:09.2471772Z","C:\Program Files (x86)\Steam\steamapps\common\Barotrauma\Content\Items\Tools\Extinguisher.ogg"
"Content/Items/Tools/FlareIgnite.ogg","FlareIgnite.ogg","ogg","65685","2025-06-08T21:11:06.8893356Z","C:\Program Files (x86)\Steam\steamapps\common\Barotrauma\Content\Items\Tools\FlareIgnite.ogg"
"Content/Items/Tools/FlareLoop.ogg","FlareLoop.ogg","ogg","178304","2025-06-08T21:11:21.4402285Z","C:\Program Files (x86)\Steam\steamapps\common\Barotrauma\Content\Items\Tools\FlareLoop.ogg"
"Content/Items/Tools/PlasmaCutterLoop.ogg","PlasmaCutterLoop.ogg","ogg","54788","2025-06-08T21:11:13.9717124Z","C:\Program Files (x86)\Steam\steamapps\common\Barotrauma\Content\Items\Tools\PlasmaCutterLoop.ogg"
"Content/Items/Tools/Sprayer.ogg","Sprayer.ogg","ogg","110320","2025-06-08T21:11:09.2521774Z","C:\Program Files (x86)\Steam\steamapps\common\Barotrauma\Content\Items\Tools\Sprayer.ogg"
"Content/Items/Tools/tools.png","tools.png","png","148669","2025-06-19T20:07:30.0814671Z","C:\Program Files (x86)\Steam\steamapps\common\Barotrauma\Content\Items\Tools\tools.png"
"Content/Items/Tools/tools.xml","tools.xml","xml","116482","2026-06-16T13:01:40.3140459Z","C:\Program Files (x86)\Steam\steamapps\common\Barotrauma\Content\Items\Tools\tools.xml"
"Content/Items/Tools/WeldingLoop.ogg","WeldingLoop.ogg","ogg","213237","2025-06-08T21:11:21.7175036Z","C:\Program Files (x86)\Steam\steamapps\common\Barotrauma\Content\Items\Tools\WeldingLoop.ogg"
"Content/Items/WarningBeep.ogg","WarningBeep.ogg","ogg","89633","2025-06-08T21:11:10.3283779Z","C:\Program Files (x86)\Steam\steamapps\common\Barotrauma\Content\Items\WarningBeep.ogg"
"Content/Items/WarningBeepSlow.ogg","WarningBeepSlow.ogg","ogg","9488","2025-06-08T21:11:09.1902720Z","C:\Program Files (x86)\Steam\steamapps\common\Barotrauma\Content\Items\WarningBeepSlow.ogg"
"Content/Items/WarningSiren.ogg","WarningSiren.ogg","ogg","70176","2025-06-08T21:11:06.8893356Z","C:\Program Files (x86)\Steam\steamapps\common\Barotrauma\Content\Items\WarningSiren.ogg"
"Content/Items/Weapons/chaingun.xml","chaingun.xml","xml","28623","2025-09-18T02:31:38.9364065Z","C:\Program Files (x86)\Steam\steamapps\common\Barotrauma\Content\Items\Weapons\chaingun.xml"
"Content/Items/Weapons/CHAINGUN_chargeUp_loop.ogg","CHAINGUN_chargeUp_loop.ogg","ogg","21294","2025-06-08T21:11:13.6310910Z","C:\Program Files (x86)\Steam\steamapps\common\Barotrauma\Content\Items\Weapons\CHAINGUN_chargeUp_loop.ogg"
"Content/Items/Weapons/coilgun.xml","coilgun.xml","xml","44207","2025-09-18T02:31:38.9303683Z","C:\Program Files (x86)\Steam\steamapps\common\Barotrauma\Content\Items\Weapons\coilgun.xml"
"Content/Items/Weapons/Coilgun1.ogg","Coilgun1.ogg","ogg","54454","2025-06-08T21:11:13.6310910Z","C:\Program Files (x86)\Steam\steamapps\common\Barotrauma\Content\Items\Weapons\Coilgun1.ogg"
"Content/Items/Weapons/Coilgun2.ogg","Coilgun2.ogg","ogg","63510","2025-06-08T21:11:07.0763491Z","C:\Program Files (x86)\Steam\steamapps\common\Barotrauma\Content\Items\Weapons\Coilgun2.ogg"
"Content/Items/Weapons/Coilgun3.ogg","Coilgun3.ogg","ogg","69933","2025-06-08T21:11:13.9707113Z","C:\Program Files (x86)\Steam\steamapps\common\Barotrauma\Content\Items\Weapons\Coilgun3.ogg"
"Content/Items/Weapons/Coilgun4.ogg","Coilgun4.ogg","ogg","73305","2025-06-08T21:11:21.6679431Z","C:\Program Files (x86)\Steam\steamapps\common\Barotrauma\Content\Items\Weapons\Coilgun4.ogg"
"Content/Items/Weapons/Coilgun5.ogg","Coilgun5.ogg","ogg","63899","2025-06-08T21:11:07.0743490Z","C:\Program Files (x86)\Steam\steamapps\common\Barotrauma\Content\Items\Weapons\Coilgun5.ogg"
"Content/Items/Weapons/Coilgun6.ogg","Coilgun6.ogg","ogg","75998","2025-06-08T21:11:13.9707113Z","C:\Program Files (x86)\Steam\steamapps\common\Barotrauma\Content\Items\Weapons\Coilgun6.ogg"
"Content/Items/Weapons/Crosshairs.png","Crosshairs.png","png","17375","2025-06-08T21:11:21.6669496Z","C:\Program Files (x86)\Steam\steamapps\common\Barotrauma\Content\Items\Weapons\Crosshairs.png"
"Content/Items/Weapons/depthcharge.xml","depthcharge.xml","xml","30889","2026-06-16T13:01:40.9923409Z","C:\Program Files (x86)\Steam\steamapps\common\Barotrauma\Content\Items\Weapons\depthcharge.xml"
"Content/Items/Weapons/dischargecoil.xml","dischargecoil.xml","xml","1726","2025-06-08T21:11:13.9697114Z","C:\Program Files (x86)\Steam\steamapps\common\Barotrauma\Content\Items\Weapons\dischargecoil.xml"
"Content/Items/Weapons/DoubleCoilgun1.ogg","DoubleCoilgun1.ogg","ogg","15431","2025-06-08T21:11:10.2758171Z","C:\Program Files (x86)\Steam\steamapps\common\Barotrauma\Content\Items\Weapons\DoubleCoilgun1.ogg"
"Content/Items/Weapons/DoubleCoilgun2.ogg","DoubleCoilgun2.ogg","ogg","17843","2025-06-08T21:11:10.2748167Z","C:\Program Files (x86)\Steam\steamapps\common\Barotrauma\Content\Items\Weapons\DoubleCoilgun2.ogg"
"Content/Items/Weapons/DoubleCoilgun3.ogg","DoubleCoilgun3.ogg","ogg","18857","2025-06-08T21:11:09.1882719Z","C:\Program Files (x86)\Steam\steamapps\common\Barotrauma\Content\Items\Weapons\DoubleCoilgun3.ogg"
"Content/Items/Weapons/ElectricalDischarger.ogg","ElectricalDischarger.ogg","ogg","70596","2025-06-08T21:11:07.0743490Z","C:\Program Files (x86)\Steam\steamapps\common\Barotrauma\Content\Items\Weapons\ElectricalDischarger.ogg"
"Content/Items/Weapons/Emp.ogg","Emp.ogg","ogg","70731","2025-06-08T21:11:06.4830716Z","C:\Program Files (x86)\Steam\steamapps\common\Barotrauma\Content\Items\Weapons\Emp.ogg"
"Content/Items/Weapons/ExplosionDebris1.ogg","ExplosionDebris1.ogg","ogg","106423","2025-06-08T21:11:06.6483410Z","C:\Program Files (x86)\Steam\steamapps\common\Barotrauma\Content\Items\Weapons\ExplosionDebris1.ogg"
"Content/Items/Weapons/ExplosionDebris2.ogg","ExplosionDebris2.ogg","ogg","118427","2025-06-08T21:11:07.0733494Z","C:\Program Files (x86)\Steam\steamapps\common\Barotrauma\Content\Items\Weapons\ExplosionDebris2.ogg"
"Content/Items/Weapons/ExplosionDebris3.ogg","ExplosionDebris3.ogg","ogg","88072","2025-06-08T21:11:06.8213803Z","C:\Program Files (x86)\Steam\steamapps\common\Barotrauma\Content\Items\Weapons\ExplosionDebris3.ogg"
"Content/Items/Weapons/ExplosionDebris4.ogg","ExplosionDebris4.ogg","ogg","110765","2025-06-08T21:11:13.6310910Z","C:\Program Files (x86)\Steam\steamapps\common\Barotrauma\Content\Items\Weapons\ExplosionDebris4.ogg"
"Content/Items/Weapons/ExplosionDebris5.ogg","ExplosionDebris5.ogg","ogg","111796","2025-06-08T21:11:06.9520502Z","C:\Program Files (x86)\Steam\steamapps\common\Barotrauma\Content\Items\Weapons\ExplosionDebris5.ogg"
"Content/Items/Weapons/ExplosionLarge1.ogg","ExplosionLarge1.ogg","ogg","225749","2025-06-08T21:11:07.0753495Z","C:\Program Files (x86)\Steam\steamapps\common\Barotrauma\Content\Items\Weapons\ExplosionLarge1.ogg"
"Content/Items/Weapons/ExplosionLarge2.ogg","ExplosionLarge2.ogg","ogg","228242","2025-06-08T21:11:13.9717124Z","C:\Program Files (x86)\Steam\steamapps\common\Barotrauma\Content\Items\Weapons\ExplosionLarge2.ogg"
"Content/Items/Weapons/ExplosionMedium1.ogg","ExplosionMedium1.ogg","ogg","132664","2025-06-08T21:11:09.2531776Z","C:\Program Files (x86)\Steam\steamapps\common\Barotrauma\Content\Items\Weapons\ExplosionMedium1.ogg"
"Content/Items/Weapons/ExplosionMedium2.ogg","ExplosionMedium2.ogg","ogg","129898","2025-06-08T21:11:14.0224818Z","C:\Program Files (x86)\Steam\steamapps\common\Barotrauma\Content\Items\Weapons\ExplosionMedium2.ogg"
"Content/Items/Weapons/ExplosionMedium3.ogg","ExplosionMedium3.ogg","ogg","129388","2025-06-08T21:11:21.7175036Z","C:\Program Files (x86)\Steam\steamapps\common\Barotrauma\Content\Items\Weapons\ExplosionMedium3.ogg"
"Content/Items/Weapons/ExplosionSmall1.ogg","ExplosionSmall1.ogg","ogg","66023","2025-06-08T21:11:06.9510502Z","C:\Program Files (x86)\Steam\steamapps\common\Barotrauma\Content\Items\Weapons\ExplosionSmall1.ogg"
"Content/Items/Weapons/ExplosionSmall2.ogg","ExplosionSmall2.ogg","ogg","64823","2025-06-08T21:11:09.2471772Z","C:\Program Files (x86)\Steam\steamapps\common\Barotrauma\Content\Items\Weapons\ExplosionSmall2.ogg"
"Content/Items/Weapons/ExplosionSmall3.ogg","ExplosionSmall3.ogg","ogg","64833","2025-06-08T21:11:14.0224818Z","C:\Program Files (x86)\Steam\steamapps\common\Barotrauma\Content\Items\Weapons\ExplosionSmall3.ogg"
"Content/Items/Weapons/explosives.xml","explosives.xml","xml","30548","2026-04-21T10:32:04.8323422Z","C:\Program Files (x86)\Steam\steamapps\common\Barotrauma\Content\Items\Weapons\explosives.xml"
"Content/Items/Weapons/flakcannon.xml","flakcannon.xml","xml","54171","2025-09-18T02:31:38.9364065Z","C:\Program Files (x86)\Steam\steamapps\common\Barotrauma\Content\Items\Weapons\flakcannon.xml"
"Content/Items/Weapons/FlameThrowerLoop.ogg","FlameThrowerLoop.ogg","ogg","44255","2025-06-08T21:11:10.3273759Z","C:\Program Files (x86)\Steam\steamapps\common\Barotrauma\Content\Items\Weapons\FlameThrowerLoop.ogg"
"Content/Items/Weapons/FragGrenade40mmShot1.ogg","FragGrenade40mmShot1.ogg","ogg","85689","2025-06-08T21:11:14.0274821Z","C:\Program Files (x86)\Steam\steamapps\common\Barotrauma\Content\Items\Weapons\FragGrenade40mmShot1.ogg"
"Content/Items/Weapons/FragGrenade40mmShot2.ogg","FragGrenade40mmShot2.ogg","ogg","85660","2025-06-08T21:11:10.3543755Z","C:\Program Files (x86)\Steam\steamapps\common\Barotrauma\Content\Items\Weapons\FragGrenade40mmShot2.ogg"
"Content/Items/Weapons/GRAVITYSHELLS_boom.ogg","GRAVITYSHELLS_boom.ogg","ogg","35842","2025-06-08T21:11:09.2531776Z","C:\Program Files (x86)\Steam\steamapps\common\Barotrauma\Content\Items\Weapons\GRAVITYSHELLS_boom.ogg"
"Content/Items/Weapons/GRAVITYSHELLS_damageLoop.ogg","GRAVITYSHELLS_damageLoop.ogg","ogg","46190","2025-06-08T21:11:09.2541776Z","C:\Program Files (x86)\Steam\steamapps\common\Barotrauma\Content\Items\Weapons\GRAVITYSHELLS_damageLoop.ogg"
"Content/Items/Weapons/GRAVITYSHELLS_explosion.ogg","GRAVITYSHELLS_explosion.ogg","ogg","37902","2025-06-08T21:11:21.6669496Z","C:\Program Files (x86)\Steam\steamapps\common\Barotrauma\Content\Items\Weapons\GRAVITYSHELLS_explosion.ogg"
"Content/Items/Weapons/GRAVITYSHELLS_loop.ogg","GRAVITYSHELLS_loop.ogg","ogg","23635","2025-06-08T21:11:10.3283779Z","C:\Program Files (x86)\Steam\steamapps\common\Barotrauma\Content\Items\Weapons\GRAVITYSHELLS_loop.ogg"
"Content/Items/Weapons/GrenadeLauncherShot1.ogg","GrenadeLauncherShot1.ogg","ogg","24612","2025-06-08T21:11:14.0254819Z","C:\Program Files (x86)\Steam\steamapps\common\Barotrauma\Content\Items\Weapons\GrenadeLauncherShot1.ogg"
"Content/Items/Weapons/GrenadeLauncherShot2.ogg","GrenadeLauncherShot2.ogg","ogg","22380","2025-06-08T21:11:14.0264819Z","C:\Program Files (x86)\Steam\steamapps\common\Barotrauma\Content\Items\Weapons\GrenadeLauncherShot2.ogg"
"Content/Items/Weapons/GrenadeLauncherShot3.ogg","GrenadeLauncherShot3.ogg","ogg","28311","2025-06-08T21:11:14.0244818Z","C:\Program Files (x86)\Steam\steamapps\common\Barotrauma\Content\Items\Weapons\GrenadeLauncherShot3.ogg"
"Content/Items/Weapons/HarpoonGun1.ogg","HarpoonGun1.ogg","ogg","55657","2025-06-08T21:11:09.2461782Z","C:\Program Files (x86)\Steam\steamapps\common\Barotrauma\Content\Items\Weapons\HarpoonGun1.ogg"
"Content/Items/Weapons/HarpoonGun2.ogg","HarpoonGun2.ogg","ogg","59797","2025-06-08T21:11:10.3303757Z","C:\Program Files (x86)\Steam\steamapps\common\Barotrauma\Content\Items\Weapons\HarpoonGun2.ogg"
"Content/Items/Weapons/HarpoonGun3.ogg","HarpoonGun3.ogg","ogg","62328","2025-06-08T21:11:07.0763491Z","C:\Program Files (x86)\Steam\steamapps\common\Barotrauma\Content\Items\Weapons\HarpoonGun3.ogg"
"Content/Items/Weapons/honk.ogg","honk.ogg","ogg","13678","2025-06-08T21:11:09.2531776Z","C:\Program Files (x86)\Steam\steamapps\common\Barotrauma\Content\Items\Weapons\honk.ogg"
"Content/Items/Weapons/IncendiumGrenade.ogg","IncendiumGrenade.ogg","ogg","152189","2025-06-08T21:11:13.6310910Z","C:\Program Files (x86)\Steam\steamapps\common\Barotrauma\Content\Items\Weapons\IncendiumGrenade.ogg"
"Content/Items/Weapons/LegacyLoaders.png","LegacyLoaders.png","png","124066","2025-06-08T21:11:09.2531776Z","C:\Program Files (x86)\Steam\steamapps\common\Barotrauma\Content\Items\Weapons\LegacyLoaders.png"
"Content/Items/Weapons/Loaders.png","Loaders.png","png","756860","2025-06-08T21:11:01.9562846Z","C:\Program Files (x86)\Steam\steamapps\common\Barotrauma\Content\Items\Weapons\Loaders.png"
"Content/Items/Weapons/pinpull.ogg","pinpull.ogg","ogg","13607","2025-06-08T21:11:06.4800716Z","C:\Program Files (x86)\Steam\steamapps\common\Barotrauma\Content\Items\Weapons\pinpull.ogg"
"Content/Items/Weapons/pulselaser.xml","pulselaser.xml","xml","23271","2025-09-18T02:31:38.9892929Z","C:\Program Files (x86)\Steam\steamapps\common\Barotrauma\Content\Items\Weapons\pulselaser.xml"
"Content/Items/Weapons/railgun.xml","railgun.xml","xml","51556","2026-06-16T13:01:40.8047945Z","C:\Program Files (x86)\Steam\steamapps\common\Barotrauma\Content\Items\Weapons\railgun.xml"
"Content/Items/Weapons/Railgun1.ogg","Railgun1.ogg","ogg","77308","2025-06-08T21:11:10.3293801Z","C:\Program Files (x86)\Steam\steamapps\common\Barotrauma\Content\Items\Weapons\Railgun1.ogg"
"Content/Items/Weapons/Railgun2.ogg","Railgun2.ogg","ogg","106266","2025-06-08T21:11:09.3066848Z","C:\Program Files (x86)\Steam\steamapps\common\Barotrauma\Content\Items\Weapons\Railgun2.ogg"
"Content/Items/Weapons/Railgun3.ogg","Railgun3.ogg","ogg","94923","2025-06-08T21:11:10.4389536Z","C:\Program Files (x86)\Steam\steamapps\common\Barotrauma\Content\Items\Weapons\Railgun3.ogg"
"Content/Items/Weapons/RailgunLoop.ogg","RailgunLoop.ogg","ogg","68554","2025-06-08T21:11:09.4181849Z","C:\Program Files (x86)\Steam\steamapps\common\Barotrauma\Content\Items\Weapons\RailgunLoop.ogg"
"Content/Items/Weapons/RailgunStart.ogg","RailgunStart.ogg","ogg","8361","2025-06-08T21:11:13.6300906Z","C:\Program Files (x86)\Steam\steamapps\common\Barotrauma\Content\Items\Weapons\RailgunStart.ogg"
"Content/Items/Weapons/RailgunStop.ogg","RailgunStop.ogg","ogg","11431","2025-06-08T21:11:09.3046923Z","C:\Program Files (x86)\Steam\steamapps\common\Barotrauma\Content\Items\Weapons\RailgunStop.ogg"
"Content/Items/Weapons/Revolver1.ogg","Revolver1.ogg","ogg","64140","2025-06-08T21:11:10.4389536Z","C:\Program Files (x86)\Steam\steamapps\common\Barotrauma\Content\Items\Weapons\Revolver1.ogg"
"Content/Items/Weapons/Revolver2.ogg","Revolver2.ogg","ogg","64255","2025-06-08T21:11:07.0753495Z","C:\Program Files (x86)\Steam\steamapps\common\Barotrauma\Content\Items\Weapons\Revolver2.ogg"
"Content/Items/Weapons/Revolver3.ogg","Revolver3.ogg","ogg","64089","2025-06-08T21:11:05.4404505Z","C:\Program Files (x86)\Steam\steamapps\common\Barotrauma\Content\Items\Weapons\Revolver3.ogg"
"Content/Items/Weapons/ShotgunLoad1.ogg","ShotgunLoad1.ogg","ogg","29665","2025-06-08T21:11:14.0264819Z","C:\Program Files (x86)\Steam\steamapps\common\Barotrauma\Content\Items\Weapons\ShotgunLoad1.ogg"
"Content/Items/Weapons/ShotgunLoad2.ogg","ShotgunLoad2.ogg","ogg","24356","2025-06-08T21:11:09.4191862Z","C:\Program Files (x86)\Steam\steamapps\common\Barotrauma\Content\Items\Weapons\ShotgunLoad2.ogg"
"Content/Items/Weapons/ShotgunLoad3.ogg","ShotgunLoad3.ogg","ogg","21802","2025-06-08T21:11:07.0723494Z","C:\Program Files (x86)\Steam\steamapps\common\Barotrauma\Content\Items\Weapons\ShotgunLoad3.ogg"
"Content/Items/Weapons/ShotgunShot1.ogg","ShotgunShot1.ogg","ogg","39420","2025-06-08T21:11:12.0026274Z","C:\Program Files (x86)\Steam\steamapps\common\Barotrauma\Content\Items\Weapons\ShotgunShot1.ogg"
"Content/Items/Weapons/ShotgunShot2.ogg","ShotgunShot2.ogg","ogg","37649","2025-06-08T21:11:09.4211853Z","C:\Program Files (x86)\Steam\steamapps\common\Barotrauma\Content\Items\Weapons\ShotgunShot2.ogg"
"Content/Items/Weapons/ShotgunShot3.ogg","ShotgunShot3.ogg","ogg","36477","2025-06-08T21:11:07.0743490Z","C:\Program Files (x86)\Steam\steamapps\common\Barotrauma\Content\Items\Weapons\ShotgunShot3.ogg"
"Content/Items/Weapons/ShotgunShot4.ogg","ShotgunShot4.ogg","ogg","31623","2025-06-08T21:11:14.0254819Z","C:\Program Files (x86)\Steam\steamapps\common\Barotrauma\Content\Items\Weapons\ShotgunShot4.ogg"
"Content/Items/Weapons/Smack1.ogg","Smack1.ogg","ogg","10971","2025-06-08T21:11:07.1912344Z","C:\Program Files (x86)\Steam\steamapps\common\Barotrauma\Content\Items\Weapons\Smack1.ogg"
"Content/Items/Weapons/Smack2.ogg","Smack2.ogg","ogg","11606","2025-06-08T21:11:07.1912344Z","C:\Program Files (x86)\Steam\steamapps\common\Barotrauma\Content\Items\Weapons\Smack2.ogg"
"Content/Items/Weapons/SMGsingleShot1.ogg","SMGsingleShot1.ogg","ogg","29479","2025-06-08T21:11:07.2947669Z","C:\Program Files (x86)\Steam\steamapps\common\Barotrauma\Content\Items\Weapons\SMGsingleShot1.ogg"
"Content/Items/Weapons/SMGsingleShot2.ogg","SMGsingleShot2.ogg","ogg","25239","2025-06-08T21:11:10.4459548Z","C:\Program Files (x86)\Steam\steamapps\common\Barotrauma\Content\Items\Weapons\SMGsingleShot2.ogg"
"Content/Items/Weapons/SMGsingleShot3.ogg","SMGsingleShot3.ogg","ogg","26547","2025-06-08T21:11:10.4389536Z","C:\Program Files (x86)\Steam\steamapps\common\Barotrauma\Content\Items\Weapons\SMGsingleShot3.ogg"
"Content/Items/Weapons/SMGsingleShot4.ogg","SMGsingleShot4.ogg","ogg","27442","2025-06-08T21:11:21.9476260Z","C:\Program Files (x86)\Steam\steamapps\common\Barotrauma\Content\Items\Weapons\SMGsingleShot4.ogg"
"Content/Items/Weapons/SMGsingleShot5.ogg","SMGsingleShot5.ogg","ogg","29104","2025-06-08T21:11:11.4289914Z","C:\Program Files (x86)\Steam\steamapps\common\Barotrauma\Content\Items\Weapons\SMGsingleShot5.ogg"
"Content/Items/Weapons/SMGsingleShot6.ogg","SMGsingleShot6.ogg","ogg","27572","2025-06-08T21:11:21.9496257Z","C:\Program Files (x86)\Steam\steamapps\common\Barotrauma\Content\Items\Weapons\SMGsingleShot6.ogg"
"Content/Items/Weapons/SonarDecoy.ogg","SonarDecoy.ogg","ogg","45214","2025-06-08T21:11:07.2887659Z","C:\Program Files (x86)\Steam\steamapps\common\Barotrauma\Content\Items\Weapons\SonarDecoy.ogg"
"Content/Items/Weapons/StunBaton1.ogg","StunBaton1.ogg","ogg","19937","2025-06-08T21:11:10.4389536Z","C:\Program Files (x86)\Steam\steamapps\common\Barotrauma\Content\Items\Weapons\StunBaton1.ogg"
"Content/Items/Weapons/StunBaton2.ogg","StunBaton2.ogg","ogg","27951","2025-06-08T21:11:10.4389536Z","C:\Program Files (x86)\Steam\steamapps\common\Barotrauma\Content\Items\Weapons\StunBaton2.ogg"
"Content/Items/Weapons/StunBaton3.ogg","StunBaton3.ogg","ogg","47661","2025-06-08T21:11:21.9536255Z","C:\Program Files (x86)\Steam\steamapps\common\Barotrauma\Content\Items\Weapons\StunBaton3.ogg"
"Content/Items/Weapons/StunBaton4.ogg","StunBaton4.ogg","ogg","38934","2025-06-08T21:11:14.0919263Z","C:\Program Files (x86)\Steam\steamapps\common\Barotrauma\Content\Items\Weapons\StunBaton4.ogg"
"Content/Items/Weapons/StunGrenade.ogg","StunGrenade.ogg","ogg","72678","2025-06-08T21:11:22.0067163Z","C:\Program Files (x86)\Steam\steamapps\common\Barotrauma\Content\Items\Weapons\StunGrenade.ogg"
"Content/Items/Weapons/StunGrenade40mmShot1.ogg","StunGrenade40mmShot1.ogg","ogg","72801","2025-06-08T21:11:13.6918639Z","C:\Program Files (x86)\Steam\steamapps\common\Barotrauma\Content\Items\Weapons\StunGrenade40mmShot1.ogg"
"Content/Items/Weapons/StunGrenade40mmShot2.ogg","StunGrenade40mmShot2.ogg","ogg","86107","2025-06-08T21:11:06.6513417Z","C:\Program Files (x86)\Steam\steamapps\common\Barotrauma\Content\Items\Weapons\StunGrenade40mmShot2.ogg"
"Content/Items/Weapons/SyringeGun1.ogg","SyringeGun1.ogg","ogg","23176","2025-06-08T21:11:13.6929224Z","C:\Program Files (x86)\Steam\steamapps\common\Barotrauma\Content\Items\Weapons\SyringeGun1.ogg"
"Content/Items/Weapons/SyringeGun2.ogg","SyringeGun2.ogg","ogg","25226","2025-06-08T21:11:22.0027165Z","C:\Program Files (x86)\Steam\steamapps\common\Barotrauma\Content\Items\Weapons\SyringeGun2.ogg"
"Content/Items/Weapons/TaserHit1.ogg","TaserHit1.ogg","ogg","26608","2025-06-08T21:11:14.0919263Z","C:\Program Files (x86)\Steam\steamapps\common\Barotrauma\Content\Items\Weapons\TaserHit1.ogg"
"Content/Items/Weapons/TaserHit2.ogg","TaserHit2.ogg","ogg","20041","2025-06-08T21:11:07.0703496Z","C:\Program Files (x86)\Steam\steamapps\common\Barotrauma\Content\Items\Weapons\TaserHit2.ogg"
"Content/Items/Weapons/TaserShot1.ogg","TaserShot1.ogg","ogg","24310","2025-06-08T21:11:13.6868615Z","C:\Program Files (x86)\Steam\steamapps\common\Barotrauma\Content\Items\Weapons\TaserShot1.ogg"
"Content/Items/Weapons/TaserShot2.ogg","TaserShot2.ogg","ogg","28066","2025-06-08T21:11:07.0703496Z","C:\Program Files (x86)\Steam\steamapps\common\Barotrauma\Content\Items\Weapons\TaserShot2.ogg"
"Content/Items/Weapons/ToyHammerHit1.ogg","ToyHammerHit1.ogg","ogg","35565","2025-06-08T21:11:14.0929262Z","C:\Program Files (x86)\Steam\steamapps\common\Barotrauma\Content\Items\Weapons\ToyHammerHit1.ogg"
"Content/Items/Weapons/ToyHammerHit2.ogg","ToyHammerHit2.ogg","ogg","36078","2025-06-08T21:11:22.0027165Z","C:\Program Files (x86)\Steam\steamapps\common\Barotrauma\Content\Items\Weapons\ToyHammerHit2.ogg"
"Content/Items/Weapons/ToyHammerHit3.ogg","ToyHammerHit3.ogg","ogg","35668","2025-06-08T21:11:07.2947669Z","C:\Program Files (x86)\Steam\steamapps\common\Barotrauma\Content\Items\Weapons\ToyHammerHit3.ogg"
"Content/Items/Weapons/ToyHammerHit4.ogg","ToyHammerHit4.ogg","ogg","37400","2025-06-08T21:11:07.2947669Z","C:\Program Files (x86)\Steam\steamapps\common\Barotrauma\Content\Items\Weapons\ToyHammerHit4.ogg"
"Content/Items/Weapons/ToyHammerHit5.ogg","ToyHammerHit5.ogg","ogg","35644","2025-06-08T21:11:22.0067163Z","C:\Program Files (x86)\Steam\steamapps\common\Barotrauma\Content\Items\Weapons\ToyHammerHit5.ogg"
"Content/Items/Weapons/ToyHammerHit6.ogg","ToyHammerHit6.ogg","ogg","37969","2025-06-08T21:11:22.0067163Z","C:\Program Files (x86)\Steam\steamapps\common\Barotrauma\Content\Items\Weapons\ToyHammerHit6.ogg"
"Content/Items/Weapons/TrueStunGrenade.ogg","TrueStunGrenade.ogg","ogg","27822","2025-06-08T21:11:13.6918639Z","C:\Program Files (x86)\Steam\steamapps\common\Barotrauma\Content\Items\Weapons\TrueStunGrenade.ogg"
"Content/Items/Weapons/turrethardpoint.xml","turrethardpoint.xml","xml","6299","2025-06-08T21:11:05.8094236Z","C:\Program Files (x86)\Steam\steamapps\common\Barotrauma\Content\Items\Weapons\turrethardpoint.xml"
"Content/Items/Weapons/Turrets.png","Turrets.png","png","801040","2025-06-08T21:11:01.9562846Z","C:\Program Files (x86)\Steam\steamapps\common\Barotrauma\Content\Items\Weapons\Turrets.png"
"Content/Items/Weapons/TurretsAndDepthCharges.png","TurretsAndDepthCharges.png","png","1025445","2025-06-08T21:11:01.9572838Z","C:\Program Files (x86)\Steam\steamapps\common\Barotrauma\Content\Items\Weapons\TurretsAndDepthCharges.png"
"Content/Items/Weapons/WEAPON_harpoonCoilRifleChargeUp.ogg","WEAPON_harpoonCoilRifleChargeUp.ogg","ogg","45829","2025-06-08T21:11:11.4289914Z","C:\Program Files (x86)\Steam\steamapps\common\Barotrauma\Content\Items\Weapons\WEAPON_harpoonCoilRifleChargeUp.ogg"
"Content/Items/Weapons/WEAPON_harpoonCoilRifleShot1.ogg","WEAPON_harpoonCoilRifleShot1.ogg","ogg","51206","2025-06-08T21:11:10.7274866Z","C:\Program Files (x86)\Steam\steamapps\common\Barotrauma\Content\Items\Weapons\WEAPON_harpoonCoilRifleShot1.ogg"
"Content/Items/Weapons/WEAPON_harpoonCoilRifleShot2.ogg","WEAPON_harpoonCoilRifleShot2.ogg","ogg","54672","2025-06-08T21:11:10.7274866Z","C:\Program Files (x86)\Steam\steamapps\common\Barotrauma\Content\Items\Weapons\WEAPON_harpoonCoilRifleShot2.ogg"
"Content/Items/Weapons/WEAPON_harpoonCoilRifleShot3.ogg","WEAPON_harpoonCoilRifleShot3.ogg","ogg","55971","2025-06-08T21:11:14.1424444Z","C:\Program Files (x86)\Steam\steamapps\common\Barotrauma\Content\Items\Weapons\WEAPON_harpoonCoilRifleShot3.ogg"
"Content/Items/Weapons/WEAPON_harpoonGunReelLoop.ogg","WEAPON_harpoonGunReelLoop.ogg","ogg","25050","2025-06-08T21:11:11.4289914Z","C:\Program Files (x86)\Steam\steamapps\common\Barotrauma\Content\Items\Weapons\WEAPON_harpoonGunReelLoop.ogg"
"Content/Items/Weapons/WEAPON_machinePistolShot1.ogg","WEAPON_machinePistolShot1.ogg","ogg","47554","2025-06-08T21:11:22.0599541Z","C:\Program Files (x86)\Steam\steamapps\common\Barotrauma\Content\Items\Weapons\WEAPON_machinePistolShot1.ogg"
"Content/Items/Weapons/WEAPON_machinePistolShot2.ogg","WEAPON_machinePistolShot2.ogg","ogg","49364","2025-06-08T21:11:14.1424444Z","C:\Program Files (x86)\Steam\steamapps\common\Barotrauma\Content\Items\Weapons\WEAPON_machinePistolShot2.ogg"
"Content/Items/Weapons/WEAPON_machinePistolShot3.ogg","WEAPON_machinePistolShot3.ogg","ogg","48028","2025-06-08T21:11:09.4211853Z","C:\Program Files (x86)\Steam\steamapps\common\Barotrauma\Content\Items\Weapons\WEAPON_machinePistolShot3.ogg"
"Content/Items/Weapons/WEAPON_machinePistolShot4.ogg","WEAPON_machinePistolShot4.ogg","ogg","48679","2025-06-08T21:11:22.0629544Z","C:\Program Files (x86)\Steam\steamapps\common\Barotrauma\Content\Items\Weapons\WEAPON_machinePistolShot4.ogg"
"Content/Items/Weapons/WEAPON_machinePistolShot5.ogg","WEAPON_machinePistolShot5.ogg","ogg","49246","2025-06-08T21:11:14.1424444Z","C:\Program Files (x86)\Steam\steamapps\common\Barotrauma\Content\Items\Weapons\WEAPON_machinePistolShot5.ogg"
"Content/Items/Weapons/WEAPON_machinePistolShot6.ogg","WEAPON_machinePistolShot6.ogg","ogg","48111","2025-06-08T21:11:10.7915493Z","C:\Program Files (x86)\Steam\steamapps\common\Barotrauma\Content\Items\Weapons\WEAPON_machinePistolShot6.ogg"
"Content/Items/Weapons/WEAPON_rifleGrenadeShot1.ogg","WEAPON_rifleGrenadeShot1.ogg","ogg","29445","2025-06-08T21:11:10.7885416Z","C:\Program Files (x86)\Steam\steamapps\common\Barotrauma\Content\Items\Weapons\WEAPON_rifleGrenadeShot1.ogg"
"Content/Items/Weapons/WEAPON_rifleGrenadeShot2.ogg","WEAPON_rifleGrenadeShot2.ogg","ogg","30079","2025-06-08T21:11:11.4289914Z","C:\Program Files (x86)\Steam\steamapps\common\Barotrauma\Content\Items\Weapons\WEAPON_rifleGrenadeShot2.ogg"
"Content/Items/Weapons/WEAPON_rifleGrenadeShot3.ogg","WEAPON_rifleGrenadeShot3.ogg","ogg","29460","2025-06-08T21:11:10.7885416Z","C:\Program Files (x86)\Steam\steamapps\common\Barotrauma\Content\Items\Weapons\WEAPON_rifleGrenadeShot3.ogg"
"Content/Items/Weapons/WEAPON_rifleReload0-20_1.ogg","WEAPON_rifleReload0-20_1.ogg","ogg","76739","2025-06-08T21:11:10.8481263Z","C:\Program Files (x86)\Steam\steamapps\common\Barotrauma\Content\Items\Weapons\WEAPON_rifleReload0-20_1.ogg"
"Content/Items/Weapons/WEAPON_rifleReload0-20_2.ogg","WEAPON_rifleReload0-20_2.ogg","ogg","77335","2025-06-08T21:11:14.1424444Z","C:\Program Files (x86)\Steam\steamapps\common\Barotrauma\Content\Items\Weapons\WEAPON_rifleReload0-20_2.ogg"
"Content/Items/Weapons/WEAPON_rifleReload20-50_1.ogg","WEAPON_rifleReload20-50_1.ogg","ogg","54875","2025-06-08T21:11:22.1785554Z","C:\Program Files (x86)\Steam\steamapps\common\Barotrauma\Content\Items\Weapons\WEAPON_rifleReload20-50_1.ogg"
"Content/Items/Weapons/WEAPON_rifleReload20-50_2.ogg","WEAPON_rifleReload20-50_2.ogg","ogg","52754","2025-06-08T21:11:14.1987534Z","C:\Program Files (x86)\Steam\steamapps\common\Barotrauma\Content\Items\Weapons\WEAPON_rifleReload20-50_2.ogg"
"Content/Items/Weapons/WEAPON_rifleReload50-_1.ogg","WEAPON_rifleReload50-_1.ogg","ogg","26170","2025-06-08T21:11:22.1785554Z","C:\Program Files (x86)\Steam\steamapps\common\Barotrauma\Content\Items\Weapons\WEAPON_rifleReload50-_1.ogg"
"Content/Items/Weapons/WEAPON_rifleReload50-_2.ogg","WEAPON_rifleReload50-_2.ogg","ogg","26697","2025-06-08T21:11:10.8481263Z","C:\Program Files (x86)\Steam\steamapps\common\Barotrauma\Content\Items\Weapons\WEAPON_rifleReload50-_2.ogg"
"Content/Items/Weapons/WEAPON_rifleShot1.ogg","WEAPON_rifleShot1.ogg","ogg","32410","2025-06-08T21:11:07.0743490Z","C:\Program Files (x86)\Steam\steamapps\common\Barotrauma\Content\Items\Weapons\WEAPON_rifleShot1.ogg"
"Content/Items/Weapons/WEAPON_rifleShot2.ogg","WEAPON_rifleShot2.ogg","ogg","31988","2025-06-08T21:11:07.0733494Z","C:\Program Files (x86)\Steam\steamapps\common\Barotrauma\Content\Items\Weapons\WEAPON_rifleShot2.ogg"
"Content/Items/Weapons/WEAPON_rifleShot3.ogg","WEAPON_rifleShot3.ogg","ogg","32633","2025-06-08T21:11:22.1775544Z","C:\Program Files (x86)\Steam\steamapps\common\Barotrauma\Content\Items\Weapons\WEAPON_rifleShot3.ogg"
"Content/Items/Weapons/weapons.xml","weapons.xml","xml","146754","2025-12-10T00:32:43.5496677Z","C:\Program Files (x86)\Steam\steamapps\common\Barotrauma\Content\Items\Weapons\weapons.xml"
"Content/Items/Weapons/WEAPONS_chainGunShot1.ogg","WEAPONS_chainGunShot1.ogg","ogg","25043","2025-06-08T21:11:07.2937661Z","C:\Program Files (x86)\Steam\steamapps\common\Barotrauma\Content\Items\Weapons\WEAPONS_chainGunShot1.ogg"
"Content/Items/Weapons/WEAPONS_chainGunShot2.ogg","WEAPONS_chainGunShot2.ogg","ogg","23480","2025-06-08T21:11:22.0057166Z","C:\Program Files (x86)\Steam\steamapps\common\Barotrauma\Content\Items\Weapons\WEAPONS_chainGunShot2.ogg"
"Content/Items/Weapons/WEAPONS_chainGunShot3.ogg","WEAPONS_chainGunShot3.ogg","ogg","22472","2025-06-08T21:11:22.0037169Z","C:\Program Files (x86)\Steam\steamapps\common\Barotrauma\Content\Items\Weapons\WEAPONS_chainGunShot3.ogg"
"Content/Items/Weapons/WEAPONS_chainGunShot4.ogg","WEAPONS_chainGunShot4.ogg","ogg","23374","2025-06-08T21:11:11.2529543Z","C:\Program Files (x86)\Steam\steamapps\common\Barotrauma\Content\Items\Weapons\WEAPONS_chainGunShot4.ogg"
"Content/Items/Weapons/WEAPONS_chainGunShot5.ogg","WEAPONS_chainGunShot5.ogg","ogg","23856","2025-06-08T21:11:07.0743490Z","C:\Program Files (x86)\Steam\steamapps\common\Barotrauma\Content\Items\Weapons\WEAPONS_chainGunShot5.ogg"
"Content/Items/Weapons/WEAPONS_chainGunShot6.ogg","WEAPONS_chainGunShot6.ogg","ogg","22546","2025-06-08T21:11:10.5484502Z","C:\Program Files (x86)\Steam\steamapps\common\Barotrauma\Content\Items\Weapons\WEAPONS_chainGunShot6.ogg"
"Content/Items/Weapons/WEAPONS_chainGunShot7.ogg","WEAPONS_chainGunShot7.ogg","ogg","21638","2025-06-08T21:11:07.2937661Z","C:\Program Files (x86)\Steam\steamapps\common\Barotrauma\Content\Items\Weapons\WEAPONS_chainGunShot7.ogg"
"Content/Items/Weapons/WEAPONS_chainGunShot8.ogg","WEAPONS_chainGunShot8.ogg","ogg","21682","2025-06-08T21:11:22.0639540Z","C:\Program Files (x86)\Steam\steamapps\common\Barotrauma\Content\Items\Weapons\WEAPONS_chainGunShot8.ogg"
"Content/Items/Weapons/WEAPONS_chargeUp.ogg","WEAPONS_chargeUp.ogg","ogg","46962","2025-06-08T21:11:10.5494501Z","C:\Program Files (x86)\Steam\steamapps\common\Barotrauma\Content\Items\Weapons\WEAPONS_chargeUp.ogg"
"Content/Items/Weapons/WEAPONS_electricalDischarge1.ogg","WEAPONS_electricalDischarge1.ogg","ogg","177254","2025-06-08T21:11:14.0929262Z","C:\Program Files (x86)\Steam\steamapps\common\Barotrauma\Content\Items\Weapons\WEAPONS_electricalDischarge1.ogg"
"Content/Items/Weapons/WEAPONS_electricalDischarge2.ogg","WEAPONS_electricalDischarge2.ogg","ogg","168596","2025-06-08T21:11:10.5494501Z","C:\Program Files (x86)\Steam\steamapps\common\Barotrauma\Content\Items\Weapons\WEAPONS_electricalDischarge2.ogg"
"Content/Items/Weapons/WEAPONS_FlakGun1.ogg","WEAPONS_FlakGun1.ogg","ogg","43792","2025-06-08T21:11:11.2529543Z","C:\Program Files (x86)\Steam\steamapps\common\Barotrauma\Content\Items\Weapons\WEAPONS_FlakGun1.ogg"
"Content/Items/Weapons/WEAPONS_FlakGun2.ogg","WEAPONS_FlakGun2.ogg","ogg","46140","2025-06-08T21:11:09.4201850Z","C:\Program Files (x86)\Steam\steamapps\common\Barotrauma\Content\Items\Weapons\WEAPONS_FlakGun2.ogg"
"Content/Items/Weapons/WEAPONS_FlakGun3.ogg","WEAPONS_FlakGun3.ogg","ogg","43378","2025-06-08T21:11:07.0753495Z","C:\Program Files (x86)\Steam\steamapps\common\Barotrauma\Content\Items\Weapons\WEAPONS_FlakGun3.ogg"
"Content/Items/Weapons/WEAPONS_FlakGun4.ogg","WEAPONS_FlakGun4.ogg","ogg","43026","2025-06-08T21:11:11.2529543Z","C:\Program Files (x86)\Steam\steamapps\common\Barotrauma\Content\Items\Weapons\WEAPONS_FlakGun4.ogg"
"Content/Items/Weapons/WEAPONS_FlakGun5.ogg","WEAPONS_FlakGun5.ogg","ogg","47531","2025-06-08T21:11:14.1394519Z","C:\Program Files (x86)\Steam\steamapps\common\Barotrauma\Content\Items\Weapons\WEAPONS_FlakGun5.ogg"
"Content/Items/Weapons/WEAPONS_FlakGun6.ogg","WEAPONS_FlakGun6.ogg","ogg","46369","2025-06-08T21:11:07.0753495Z","C:\Program Files (x86)\Steam\steamapps\common\Barotrauma\Content\Items\Weapons\WEAPONS_FlakGun6.ogg"
"Content/Items/Weapons/WEAPONS_laserGunShot1.ogg","WEAPONS_laserGunShot1.ogg","ogg","65895","2025-06-08T21:11:14.1404573Z","C:\Program Files (x86)\Steam\steamapps\common\Barotrauma\Content\Items\Weapons\WEAPONS_laserGunShot1.ogg"
"Content/Items/Weapons/WEAPONS_laserGunShot2.ogg","WEAPONS_laserGunShot2.ogg","ogg","66635","2025-06-08T21:11:22.0639540Z","C:\Program Files (x86)\Steam\steamapps\common\Barotrauma\Content\Items\Weapons\WEAPONS_laserGunShot2.ogg"
"Content/Items/Weapons/WEAPONS_laserGunShot3.ogg","WEAPONS_laserGunShot3.ogg","ogg","65600","2025-06-08T21:11:11.3094139Z","C:\Program Files (x86)\Steam\steamapps\common\Barotrauma\Content\Items\Weapons\WEAPONS_laserGunShot3.ogg"
"Content/Items/Weapons/WEAPONS_laserGunShot4.ogg","WEAPONS_laserGunShot4.ogg","ogg","65212","2025-06-08T21:11:10.5454505Z","C:\Program Files (x86)\Steam\steamapps\common\Barotrauma\Content\Items\Weapons\WEAPONS_laserGunShot4.ogg"
"Content/Items/Weapons/weapons_new.png","weapons_new.png","png","225145","2025-06-08T21:11:10.5504509Z","C:\Program Files (x86)\Steam\steamapps\common\Barotrauma\Content\Items\Weapons\weapons_new.png"
"Content/Items/wireCorner.png","wireCorner.png","png","2157","2025-06-08T21:11:10.7885416Z","C:\Program Files (x86)\Steam\steamapps\common\Barotrauma\Content\Items\wireCorner.png"
"Content/Items/wireHorizontal.png","wireHorizontal.png","png","225","2025-06-08T21:11:14.1977540Z","C:\Program Files (x86)\Steam\steamapps\common\Barotrauma\Content\Items\wireHorizontal.png"
"Content/Items/wireVertical.png","wireVertical.png","png","193","2025-06-08T21:11:22.1765541Z","C:\Program Files (x86)\Steam\steamapps\common\Barotrauma\Content\Items\wireVertical.png"
"Content/Jobs.xml","Jobs.xml","xml","27949","2026-04-09T15:55:13.0703140Z","C:\Program Files (x86)\Steam\steamapps\common\Barotrauma\Content\Jobs.xml"
"Content/Lights/alphaOne.png","alphaOne.png","png","86","2025-06-08T21:11:11.4279912Z","C:\Program Files (x86)\Steam\steamapps\common\Barotrauma\Content\Lights\alphaOne.png"
"Content/Lights/divinghelmetlight.png","divinghelmetlight.png","png","103045","2025-06-08T21:11:12.3399658Z","C:\Program Files (x86)\Steam\steamapps\common\Barotrauma\Content\Lights\divinghelmetlight.png"
"Content/Lights/Electricity.png","Electricity.png","png","68581","2025-06-08T21:11:09.4201850Z","C:\Program Files (x86)\Steam\steamapps\common\Barotrauma\Content\Lights\Electricity.png"
"Content/Lights/Guardianlight.png","Guardianlight.png","png","130930","2025-06-08T21:11:10.8481263Z","C:\Program Files (x86)\Steam\steamapps\common\Barotrauma\Content\Lights\Guardianlight.png"
"Content/Lights/light.png","light.png","png","490424","2025-06-08T21:11:01.9572838Z","C:\Program Files (x86)\Steam\steamapps\common\Barotrauma\Content\Lights\light.png"
"Content/Lights/light_fluorescent_L2.png","light_fluorescent_L2.png","png","244053","2025-06-08T21:11:07.0763491Z","C:\Program Files (x86)\Steam\steamapps\common\Barotrauma\Content\Lights\light_fluorescent_L2.png"
"Content/Lights/lightcone.png","lightcone.png","png","130930","2025-06-08T21:11:07.2907667Z","C:\Program Files (x86)\Steam\steamapps\common\Barotrauma\Content\Lights\lightcone.png"
"Content/Lights/lightcone_old.png","lightcone_old.png","png","49051","2025-06-08T21:11:09.4201850Z","C:\Program Files (x86)\Steam\steamapps\common\Barotrauma\Content\Lights\lightcone_old.png"
"Content/Lights/penumbra.png","penumbra.png","png","110876","2025-06-08T21:11:07.1290064Z","C:\Program Files (x86)\Steam\steamapps\common\Barotrauma\Content\Lights\penumbra.png"
"Content/Lights/pointlight_bounce.png","pointlight_bounce.png","png","306429","2025-06-08T21:11:01.9572838Z","C:\Program Files (x86)\Steam\steamapps\common\Barotrauma\Content\Lights\pointlight_bounce.png"
"Content/Lights/pointlight_bright.png","pointlight_bright.png","png","294422","2025-06-08T21:11:01.9572838Z","C:\Program Files (x86)\Steam\steamapps\common\Barotrauma\Content\Lights\pointlight_bright.png"
"Content/Lights/pointlight_falloff.png","pointlight_falloff.png","png","330801","2025-06-08T21:11:01.9582787Z","C:\Program Files (x86)\Steam\steamapps\common\Barotrauma\Content\Lights\pointlight_falloff.png"
"Content/Lights/pointlight_rays.png","pointlight_rays.png","png","624987","2025-06-08T21:11:01.9582787Z","C:\Program Files (x86)\Steam\steamapps\common\Barotrauma\Content\Lights\pointlight_rays.png"
"Content/Lights/visioncircle.png","visioncircle.png","png","46489","2025-06-08T21:11:22.2347361Z","C:\Program Files (x86)\Steam\steamapps\common\Barotrauma\Content\Lights\visioncircle.png"
"Content/Map/AlienBackground1.png","AlienBackground1.png","png","618259","2025-06-08T21:11:01.9582787Z","C:\Program Files (x86)\Steam\steamapps\common\Barotrauma\Content\Map\AlienBackground1.png"
"Content/Map/AlienBackground1End.png","AlienBackground1End.png","png","1495474","2025-06-08T21:11:01.9582787Z","C:\Program Files (x86)\Steam\steamapps\common\Barotrauma\Content\Map\AlienBackground1End.png"
"Content/Map/AlienBackground2.png","AlienBackground2.png","png","1639548","2025-06-08T21:11:01.9582787Z","C:\Program Files (x86)\Steam\steamapps\common\Barotrauma\Content\Map\AlienBackground2.png"
"Content/Map/AlienBackground3.png","AlienBackground3.png","png","767673","2025-06-08T21:11:01.9582787Z","C:\Program Files (x86)\Steam\steamapps\common\Barotrauma\Content\Map\AlienBackground3.png"
"Content/Map/alienNames.txt","alienNames.txt","txt","572","2025-06-08T21:11:06.1013079Z","C:\Program Files (x86)\Steam\steamapps\common\Barotrauma\Content\Map\alienNames.txt"
"Content/Map/AlienRuins_Backgrounds.png","AlienRuins_Backgrounds.png","png","685185","2025-06-08T21:11:01.9582787Z","C:\Program Files (x86)\Steam\steamapps\common\Barotrauma\Content\Map\AlienRuins_Backgrounds.png"
"Content/Map/AlienRuins_CornerWebbing.png","AlienRuins_CornerWebbing.png","png","1864475","2025-06-08T21:11:01.9592827Z","C:\Program Files (x86)\Steam\steamapps\common\Barotrauma\Content\Map\AlienRuins_CornerWebbing.png"
"Content/Map/AlienRuins_LevelAssets1.png","AlienRuins_LevelAssets1.png","png","1353820","2025-06-08T21:11:01.9592827Z","C:\Program Files (x86)\Steam\steamapps\common\Barotrauma\Content\Map\AlienRuins_LevelAssets1.png"
"Content/Map/AlienShrine.png","AlienShrine.png","png","1641967","2025-06-08T21:11:01.9592827Z","C:\Program Files (x86)\Steam\steamapps\common\Barotrauma\Content\Map\AlienShrine.png"
"Content/Map/AlienWallSet_Glow.png","AlienWallSet_Glow.png","png","1154589","2025-06-08T21:11:01.9592827Z","C:\Program Files (x86)\Steam\steamapps\common\Barotrauma\Content\Map\AlienWallSet_Glow.png"
"Content/Map/AlienWallSet1.png","AlienWallSet1.png","png","2707507","2025-06-08T21:11:01.9592827Z","C:\Program Files (x86)\Steam\steamapps\common\Barotrauma\Content\Map\AlienWallSet1.png"
"Content/Map/AlienWallSet2.png","AlienWallSet2.png","png","2395239","2025-06-08T21:11:01.9592827Z","C:\Program Files (x86)\Steam\steamapps\common\Barotrauma\Content\Map\AlienWallSet2.png"
"Content/Map/background.png","background.png","png","2459919","2025-06-08T21:11:01.9592827Z","C:\Program Files (x86)\Steam\steamapps\common\Barotrauma\Content\Map\background.png"
"Content/Map/background2.png","background2.png","png","1245264","2025-06-08T21:11:01.9592827Z","C:\Program Files (x86)\Steam\steamapps\common\Barotrauma\Content\Map\background2.png"
"Content/Map/BackgroundWalls.png","BackgroundWalls.png","png","397031","2025-06-08T21:11:01.9592827Z","C:\Program Files (x86)\Steam\steamapps\common\Barotrauma\Content\Map\BackgroundWalls.png"
"Content/Map/backgroundwalls1.png","backgroundwalls1.png","png","1451593","2025-06-08T21:11:01.9592827Z","C:\Program Files (x86)\Steam\steamapps\common\Barotrauma\Content\Map\backgroundwalls1.png"
"Content/Map/backgroundwalls2.png","backgroundwalls2.png","png","1149933","2025-06-08T21:11:01.9592827Z","C:\Program Files (x86)\Steam\steamapps\common\Barotrauma\Content\Map\backgroundwalls2.png"
"Content/Map/backgroundwalls3.png","backgroundwalls3.png","png","2755308","2025-06-08T21:11:01.9602810Z","C:\Program Files (x86)\Steam\steamapps\common\Barotrauma\Content\Map\backgroundwalls3.png"
"Content/Map/BeaconStations/BeaconStation_Ajokki.sub","BeaconStation_Ajokki.sub","sub","26239","2025-06-08T21:11:23.8974361Z","C:\Program Files (x86)\Steam\steamapps\common\Barotrauma\Content\Map\BeaconStations\BeaconStation_Ajokki.sub"
"Content/Map/BeaconStations/BeaconStation_AlienResearch.sub","BeaconStation_AlienResearch.sub","sub","24706","2025-06-08T21:11:12.7958150Z","C:\Program Files (x86)\Steam\steamapps\common\Barotrauma\Content\Map\BeaconStations\BeaconStation_AlienResearch.sub"
"Content/Map/BeaconStations/BeaconStation_Asumus.sub","BeaconStation_Asumus.sub","sub","26534","2025-06-08T21:11:16.3279638Z","C:\Program Files (x86)\Steam\steamapps\common\Barotrauma\Content\Map\BeaconStations\BeaconStation_Asumus.sub"
"Content/Map/BeaconStations/BeaconStation_Hissihiss.sub","BeaconStation_Hissihiss.sub","sub","36442","2025-06-08T21:11:11.2529543Z","C:\Program Files (x86)\Steam\steamapps\common\Barotrauma\Content\Map\BeaconStations\BeaconStation_Hissihiss.sub"
"Content/Map/BeaconStations/BeaconStation_HissihissShuttle.sub","BeaconStation_HissihissShuttle.sub","sub","14334","2025-06-08T21:11:12.7948143Z","C:\Program Files (x86)\Steam\steamapps\common\Barotrauma\Content\Map\BeaconStations\BeaconStation_HissihissShuttle.sub"
"Content/Map/BeaconStations/BeaconStation_Jagala.sub","BeaconStation_Jagala.sub","sub","28054","2025-06-08T21:11:06.9470513Z","C:\Program Files (x86)\Steam\steamapps\common\Barotrauma\Content\Map\BeaconStations\BeaconStation_Jagala.sub"
"Content/Map/BeaconStations/BeaconStation_KeilaJoa.sub","BeaconStation_KeilaJoa.sub","sub","17138","2025-06-08T21:11:06.9520502Z","C:\Program Files (x86)\Steam\steamapps\common\Barotrauma\Content\Map\BeaconStations\BeaconStation_KeilaJoa.sub"
"Content/Map/BeaconStations/BeaconStation_KopraKoht.sub","BeaconStation_KopraKoht.sub","sub","21163","2025-06-08T21:11:14.1977540Z","C:\Program Files (x86)\Steam\steamapps\common\Barotrauma\Content\Map\BeaconStations\BeaconStation_KopraKoht.sub"
"Content/Map/BeaconStations/BeaconStation_Morko.sub","BeaconStation_Morko.sub","sub","16547","2025-06-08T21:11:07.3446296Z","C:\Program Files (x86)\Steam\steamapps\common\Barotrauma\Content\Map\BeaconStations\BeaconStation_Morko.sub"
"Content/Map/BeaconStations/BeaconStation_Taskumatti.sub","BeaconStation_Taskumatti.sub","sub","21296","2025-06-08T21:11:06.9570498Z","C:\Program Files (x86)\Steam\steamapps\common\Barotrauma\Content\Map\BeaconStations\BeaconStation_Taskumatti.sub"
"Content/Map/BeaconStations/BeaconStation_Telakka.sub","BeaconStation_Telakka.sub","sub","43563","2025-06-08T21:11:07.3456311Z","C:\Program Files (x86)\Steam\steamapps\common\Barotrauma\Content\Map\BeaconStations\BeaconStation_Telakka.sub"
"Content/Map/BeaconStations/BeaconStation_TelakkaShuttle.sub","BeaconStation_TelakkaShuttle.sub","sub","270494","2025-06-08T21:11:01.9602810Z","C:\Program Files (x86)\Steam\steamapps\common\Barotrauma\Content\Map\BeaconStations\BeaconStation_TelakkaShuttle.sub"
"Content/Map/Biomes/AphoticPlateau/AphoticPlateau.xml","AphoticPlateau.xml","xml","19602","2025-06-08T21:11:23.8974361Z","C:\Program Files (x86)\Steam\steamapps\common\Barotrauma\Content\Map\Biomes\AphoticPlateau\AphoticPlateau.xml"
"Content/Map/Biomes/AphoticPlateau/AphoticPlateauObjects.xml","AphoticPlateauObjects.xml","xml","14689","2025-06-08T21:11:06.9460510Z","C:\Program Files (x86)\Steam\steamapps\common\Barotrauma\Content\Map\Biomes\AphoticPlateau\AphoticPlateauObjects.xml"
"Content/Map/Biomes/AphoticPlateau/BackgroundChunks.png","BackgroundChunks.png","png","2264184","2025-06-08T21:11:01.9602810Z","C:\Program Files (x86)\Steam\steamapps\common\Barotrauma\Content\Map\Biomes\AphoticPlateau\BackgroundChunks.png"
"Content/Map/Biomes/AphoticPlateau/BackgroundParticles.png","BackgroundParticles.png","png","585128","2025-06-08T21:11:01.9612825Z","C:\Program Files (x86)\Steam\steamapps\common\Barotrauma\Content\Map\Biomes\AphoticPlateau\BackgroundParticles.png"
"Content/Map/Biomes/AphoticPlateau/LevelObjects.png","LevelObjects.png","png","1359455","2025-06-08T21:11:01.9612825Z","C:\Program Files (x86)\Steam\steamapps\common\Barotrauma\Content\Map\Biomes\AphoticPlateau\LevelObjects.png"
"Content/Map/Biomes/AphoticPlateau/LevelWall.png","LevelWall.png","png","923757","2025-06-08T21:11:01.9612825Z","C:\Program Files (x86)\Steam\steamapps\common\Barotrauma\Content\Map\Biomes\AphoticPlateau\LevelWall.png"
"Content/Map/Biomes/AphoticPlateau/LevelWallEdge.png","LevelWallEdge.png","png","881226","2025-06-08T21:11:01.9612825Z","C:\Program Files (x86)\Steam\steamapps\common\Barotrauma\Content\Map\Biomes\AphoticPlateau\LevelWallEdge.png"
"Content/Map/Biomes/BioluminescentCave/BackgroundChunks.png","BackgroundChunks.png","png","724434","2025-06-08T21:11:01.9612825Z","C:\Program Files (x86)\Steam\steamapps\common\Barotrauma\Content\Map\Biomes\BioluminescentCave\BackgroundChunks.png"
"Content/Map/Biomes/BioluminescentCave/BioluminescentCaveObject.xml","BioluminescentCaveObject.xml","xml","5143","2025-06-08T21:11:23.8974361Z","C:\Program Files (x86)\Steam\steamapps\common\Barotrauma\Content\Map\Biomes\BioluminescentCave\BioluminescentCaveObject.xml"
"Content/Map/Biomes/BioluminescentCave/LevelObjects.png","LevelObjects.png","png","1306714","2025-06-08T21:11:01.9622820Z","C:\Program Files (x86)\Steam\steamapps\common\Barotrauma\Content\Map\Biomes\BioluminescentCave\LevelObjects.png"
"Content/Map/Biomes/BioluminescentCave/LevelWall.png","LevelWall.png","png","985971","2025-06-08T21:11:01.9622820Z","C:\Program Files (x86)\Steam\steamapps\common\Barotrauma\Content\Map\Biomes\BioluminescentCave\LevelWall.png"
"Content/Map/Biomes/BioluminescentCave/LevelWallEdge.png","LevelWallEdge.png","png","647398","2025-06-08T21:11:01.9622820Z","C:\Program Files (x86)\Steam\steamapps\common\Barotrauma\Content\Map\Biomes\BioluminescentCave\LevelWallEdge.png"
"Content/Map/Biomes/Biomes.xml","Biomes.xml","xml","4777","2025-06-08T21:11:07.4688538Z","C:\Program Files (x86)\Steam\steamapps\common\Barotrauma\Content\Map\Biomes\Biomes.xml"
"Content/Map/Biomes/CaveGenerationParameters.xml","CaveGenerationParameters.xml","xml","5359","2025-06-08T21:11:24.0676833Z","C:\Program Files (x86)\Steam\steamapps\common\Barotrauma\Content\Map\Biomes\CaveGenerationParameters.xml"
"Content/Map/Biomes/ColdCaverns/BackgroundChunks.png","BackgroundChunks.png","png","936289","2025-06-08T21:11:01.9622820Z","C:\Program Files (x86)\Steam\steamapps\common\Barotrauma\Content\Map\Biomes\ColdCaverns\BackgroundChunks.png"
"Content/Map/Biomes/ColdCaverns/BackgroundElements1.png","BackgroundElements1.png","png","252329","2025-06-08T21:11:07.5755994Z","C:\Program Files (x86)\Steam\steamapps\common\Barotrauma\Content\Map\Biomes\ColdCaverns\BackgroundElements1.png"
"Content/Map/Biomes/ColdCaverns/BackgroundElements2.png","BackgroundElements2.png","png","447148","2025-06-08T21:11:01.9622820Z","C:\Program Files (x86)\Steam\steamapps\common\Barotrauma\Content\Map\Biomes\ColdCaverns\BackgroundElements2.png"
"Content/Map/Biomes/ColdCaverns/BackgroundParticles.png","BackgroundParticles.png","png","12845","2025-06-08T21:11:12.4438784Z","C:\Program Files (x86)\Steam\steamapps\common\Barotrauma\Content\Map\Biomes\ColdCaverns\BackgroundParticles.png"
"Content/Map/Biomes/ColdCaverns/ColdCaverns.xml","ColdCaverns.xml","xml","20548","2025-06-08T21:11:11.7740912Z","C:\Program Files (x86)\Steam\steamapps\common\Barotrauma\Content\Map\Biomes\ColdCaverns\ColdCaverns.xml"
"Content/Map/Biomes/ColdCaverns/ColdCavernsObjects.xml","ColdCavernsObjects.xml","xml","8569","2025-06-08T21:11:12.5617883Z","C:\Program Files (x86)\Steam\steamapps\common\Barotrauma\Content\Map\Biomes\ColdCaverns\ColdCavernsObjects.xml"
"Content/Map/Biomes/ColdCaverns/LevelWall.png","LevelWall.png","png","741507","2025-06-08T21:11:01.9622820Z","C:\Program Files (x86)\Steam\steamapps\common\Barotrauma\Content\Map\Biomes\ColdCaverns\LevelWall.png"
"Content/Map/Biomes/ColdCaverns/LevelWallEdge.png","LevelWallEdge.png","png","1015502","2025-06-08T21:11:01.9632821Z","C:\Program Files (x86)\Steam\steamapps\common\Barotrauma\Content\Map\Biomes\ColdCaverns\LevelWallEdge.png"
"Content/Map/Biomes/ColdCaverns/WallEdgeChunks.png","WallEdgeChunks.png","png","819191","2025-06-08T21:11:01.9632821Z","C:\Program Files (x86)\Steam\steamapps\common\Barotrauma\Content\Map\Biomes\ColdCaverns\WallEdgeChunks.png"
"Content/Map/Biomes/Common/CommonLevelObjects.xml","CommonLevelObjects.xml","xml","42824","2025-06-08T21:11:14.4575917Z","C:\Program Files (x86)\Steam\steamapps\common\Barotrauma\Content\Map\Biomes\Common\CommonLevelObjects.xml"
"Content/Map/Biomes/Common/old/geothermalvents.png","geothermalvents.png","png","479771","2025-06-08T21:11:01.9632821Z","C:\Program Files (x86)\Steam\steamapps\common\Barotrauma\Content\Map\Biomes\Common\old\geothermalvents.png"
"Content/Map/Biomes/Common/old/seafloor.png","seafloor.png","png","1349466","2025-06-08T21:11:01.9632821Z","C:\Program Files (x86)\Steam\steamapps\common\Barotrauma\Content\Map\Biomes\Common\old\seafloor.png"
"Content/Map/Biomes/Common/old/SonarFloraBodies.png","SonarFloraBodies.png","png","301534","2025-06-08T21:11:01.9632821Z","C:\Program Files (x86)\Steam\steamapps\common\Barotrauma\Content\Map\Biomes\Common\old\SonarFloraBodies.png"
"Content/Map/Biomes/Common/old/SonarFloraGlow.png","SonarFloraGlow.png","png","229755","2025-06-08T21:11:12.6213729Z","C:\Program Files (x86)\Steam\steamapps\common\Barotrauma\Content\Map\Biomes\Common\old\SonarFloraGlow.png"
"Content/Map/Biomes/Common/old/Webs.png","Webs.png","png","541929","2025-06-08T21:11:01.9642818Z","C:\Program Files (x86)\Steam\steamapps\common\Barotrauma\Content\Map\Biomes\Common\old\Webs.png"
"Content/Map/Biomes/CrystalCave/BackgroundChunks.png","BackgroundChunks.png","png","1288563","2025-06-08T21:11:01.9642818Z","C:\Program Files (x86)\Steam\steamapps\common\Barotrauma\Content\Map\Biomes\CrystalCave\BackgroundChunks.png"
"Content/Map/Biomes/CrystalCave/CaveHazards.png","CaveHazards.png","png","956785","2025-06-08T21:11:01.9642818Z","C:\Program Files (x86)\Steam\steamapps\common\Barotrauma\Content\Map\Biomes\CrystalCave\CaveHazards.png"
"Content/Map/Biomes/CrystalCave/CrystalCaveObjects.xml","CrystalCaveObjects.xml","xml","9922","2025-06-08T21:11:07.8200528Z","C:\Program Files (x86)\Steam\steamapps\common\Barotrauma\Content\Map\Biomes\CrystalCave\CrystalCaveObjects.xml"
"Content/Map/Biomes/CrystalCave/LevelObjects.png","LevelObjects.png","png","1118664","2025-06-08T21:11:01.9642818Z","C:\Program Files (x86)\Steam\steamapps\common\Barotrauma\Content\Map\Biomes\CrystalCave\LevelObjects.png"
"Content/Map/Biomes/CrystalCave/LevelWall.png","LevelWall.png","png","907946","2025-06-08T21:11:01.9642818Z","C:\Program Files (x86)\Steam\steamapps\common\Barotrauma\Content\Map\Biomes\CrystalCave\LevelWall.png"
"Content/Map/Biomes/CrystalCave/LevelWallEdge.png","LevelWallEdge.png","png","814716","2025-06-08T21:11:01.9642818Z","C:\Program Files (x86)\Steam\steamapps\common\Barotrauma\Content\Map\Biomes\CrystalCave\LevelWallEdge.png"
"Content/Map/Biomes/CrystalCave/WallEdgeChunks.png","WallEdgeChunks.png","png","1304545","2025-06-08T21:11:01.9652811Z","C:\Program Files (x86)\Steam\steamapps\common\Barotrauma\Content\Map\Biomes\CrystalCave\WallEdgeChunks.png"
"Content/Map/Biomes/DestroyedWall.png","DestroyedWall.png","png","296548","2025-06-08T21:11:01.9652811Z","C:\Program Files (x86)\Steam\steamapps\common\Barotrauma\Content\Map\Biomes\DestroyedWall.png"
"Content/Map/Biomes/DestructibleWall.png","DestructibleWall.png","png","870790","2025-06-08T21:11:01.9652811Z","C:\Program Files (x86)\Steam\steamapps\common\Barotrauma\Content\Map\Biomes\DestructibleWall.png"
"Content/Map/Biomes/DestructibleWallEdge.png","DestructibleWallEdge.png","png","570407","2025-06-08T21:11:01.9652811Z","C:\Program Files (x86)\Steam\steamapps\common\Barotrauma\Content\Map\Biomes\DestructibleWallEdge.png"
"Content/Map/Biomes/EndBiome/BackgroundParticles.png","BackgroundParticles.png","png","1343545","2025-06-08T21:11:01.9652811Z","C:\Program Files (x86)\Steam\steamapps\common\Barotrauma\Content\Map\Biomes\EndBiome\BackgroundParticles.png"
"Content/Map/Biomes/EndBiome/EndBiome.xml","EndBiome.xml","xml","6431","2025-06-08T21:11:11.8221865Z","C:\Program Files (x86)\Steam\steamapps\common\Barotrauma\Content\Map\Biomes\EndBiome\EndBiome.xml"
"Content/Map/Biomes/EndBiome/EndBiomeObjects.xml","EndBiomeObjects.xml","xml","2211","2025-06-08T21:11:24.4201404Z","C:\Program Files (x86)\Steam\steamapps\common\Barotrauma\Content\Map\Biomes\EndBiome\EndBiomeObjects.xml"
"Content/Map/Biomes/EuropanRidge/BackgroundChunks.png","BackgroundChunks.png","png","2743764","2025-06-08T21:11:01.9652811Z","C:\Program Files (x86)\Steam\steamapps\common\Barotrauma\Content\Map\Biomes\EuropanRidge\BackgroundChunks.png"
"Content/Map/Biomes/EuropanRidge/BackgroundParticles.png","BackgroundParticles.png","png","136441","2025-06-08T21:11:24.4808769Z","C:\Program Files (x86)\Steam\steamapps\common\Barotrauma\Content\Map\Biomes\EuropanRidge\BackgroundParticles.png"
"Content/Map/Biomes/EuropanRidge/EuropanRidge.xml","EuropanRidge.xml","xml","16738","2025-06-08T21:11:24.4788771Z","C:\Program Files (x86)\Steam\steamapps\common\Barotrauma\Content\Map\Biomes\EuropanRidge\EuropanRidge.xml"
"Content/Map/Biomes/EuropanRidge/EuropanRidgeObjects.xml","EuropanRidgeObjects.xml","xml","8451","2025-06-08T21:11:12.6213729Z","C:\Program Files (x86)\Steam\steamapps\common\Barotrauma\Content\Map\Biomes\EuropanRidge\EuropanRidgeObjects.xml"
"Content/Map/Biomes/EuropanRidge/LevelObjects.png","LevelObjects.png","png","1637807","2025-06-08T21:11:01.9652811Z","C:\Program Files (x86)\Steam\steamapps\common\Barotrauma\Content\Map\Biomes\EuropanRidge\LevelObjects.png"
"Content/Map/Biomes/EuropanRidge/LevelWall.png","LevelWall.png","png","332199","2025-06-08T21:11:01.9662812Z","C:\Program Files (x86)\Steam\steamapps\common\Barotrauma\Content\Map\Biomes\EuropanRidge\LevelWall.png"
"Content/Map/Biomes/EuropanRidge/LevelWallEdge.png","LevelWallEdge.png","png","1006941","2025-06-08T21:11:01.9662812Z","C:\Program Files (x86)\Steam\steamapps\common\Barotrauma\Content\Map\Biomes\EuropanRidge\LevelWallEdge.png"
"Content/Map/Biomes/ForestCave/CaveHazards.png","CaveHazards.png","png","1165079","2025-06-08T21:11:01.9662812Z","C:\Program Files (x86)\Steam\steamapps\common\Barotrauma\Content\Map\Biomes\ForestCave\CaveHazards.png"
"Content/Map/Biomes/ForestCave/ForestCaveObjects.xml","ForestCaveObjects.xml","xml","10708","2025-06-08T21:11:14.6197666Z","C:\Program Files (x86)\Steam\steamapps\common\Barotrauma\Content\Map\Biomes\ForestCave\ForestCaveObjects.xml"
"Content/Map/Biomes/ForestCave/LevelWall.png","LevelWall.png","png","904209","2025-06-08T21:11:01.9662812Z","C:\Program Files (x86)\Steam\steamapps\common\Barotrauma\Content\Map\Biomes\ForestCave\LevelWall.png"
"Content/Map/Biomes/ForestCave/LevelWallEdge.png","LevelWallEdge.png","png","689679","2025-06-08T21:11:01.9662812Z","C:\Program Files (x86)\Steam\steamapps\common\Barotrauma\Content\Map\Biomes\ForestCave\LevelWallEdge.png"
"Content/Map/Biomes/HydrothermalWastes/BackgroundChunks.png","BackgroundChunks.png","png","1155220","2025-06-08T21:11:01.9662812Z","C:\Program Files (x86)\Steam\steamapps\common\Barotrauma\Content\Map\Biomes\HydrothermalWastes\BackgroundChunks.png"
"Content/Map/Biomes/HydrothermalWastes/BackgroundParticles.png","BackgroundParticles.png","png","1702074","2025-06-08T21:11:01.9672812Z","C:\Program Files (x86)\Steam\steamapps\common\Barotrauma\Content\Map\Biomes\HydrothermalWastes\BackgroundParticles.png"
"Content/Map/Biomes/HydrothermalWastes/HydrothermalWastes.xml","HydrothermalWastes.xml","xml","15948","2025-06-08T21:11:14.4565919Z","C:\Program Files (x86)\Steam\steamapps\common\Barotrauma\Content\Map\Biomes\HydrothermalWastes\HydrothermalWastes.xml"
"Content/Map/Biomes/HydrothermalWastes/HydrothermalWastesObjects.xml","HydrothermalWastesObjects.xml","xml","7060","2025-06-08T21:11:14.7877100Z","C:\Program Files (x86)\Steam\steamapps\common\Barotrauma\Content\Map\Biomes\HydrothermalWastes\HydrothermalWastesObjects.xml"
"Content/Map/Biomes/HydrothermalWastes/LevelObjects.png","LevelObjects.png","png","3022626","2025-06-08T21:11:01.9672812Z","C:\Program Files (x86)\Steam\steamapps\common\Barotrauma\Content\Map\Biomes\HydrothermalWastes\LevelObjects.png"
"Content/Map/Biomes/HydrothermalWastes/LevelWall.png","LevelWall.png","png","839676","2025-06-08T21:11:01.9672812Z","C:\Program Files (x86)\Steam\steamapps\common\Barotrauma\Content\Map\Biomes\HydrothermalWastes\LevelWall.png"
"Content/Map/Biomes/HydrothermalWastes/LevelWallEdge.png","LevelWallEdge.png","png","817069","2025-06-08T21:11:01.9672812Z","C:\Program Files (x86)\Steam\steamapps\common\Barotrauma\Content\Map\Biomes\HydrothermalWastes\LevelWallEdge.png"
"Content/Map/Biomes/HydrothermalWastes/WallEdgeChunks.png","WallEdgeChunks.png","png","2192590","2025-06-08T21:11:01.9672812Z","C:\Program Files (x86)\Steam\steamapps\common\Barotrauma\Content\Map\Biomes\HydrothermalWastes\WallEdgeChunks.png"
"Content/Map/Biomes/IceCave/BackgroundChunks.png","BackgroundChunks.png","png","498280","2025-06-08T21:11:01.9712886Z","C:\Program Files (x86)\Steam\steamapps\common\Barotrauma\Content\Map\Biomes\IceCave\BackgroundChunks.png"
"Content/Map/Biomes/IceCave/IceCaveObjects.xml","IceCaveObjects.xml","xml","6096","2025-06-08T21:11:25.3990999Z","C:\Program Files (x86)\Steam\steamapps\common\Barotrauma\Content\Map\Biomes\IceCave\IceCaveObjects.xml"
"Content/Map/Biomes/IceCave/LevelWall.png","LevelWall.png","png","941771","2025-06-08T21:11:01.9712886Z","C:\Program Files (x86)\Steam\steamapps\common\Barotrauma\Content\Map\Biomes\IceCave\LevelWall.png"
"Content/Map/Biomes/IceCave/LevelWallEdge.png","LevelWallEdge.png","png","737681","2025-06-08T21:11:01.9712886Z","C:\Program Files (x86)\Steam\steamapps\common\Barotrauma\Content\Map\Biomes\IceCave\LevelWallEdge.png"
"Content/Map/Biomes/IceCave/WallEdgeChunks.png","WallEdgeChunks.png","png","553231","2025-06-08T21:11:01.9712886Z","C:\Program Files (x86)\Steam\steamapps\common\Barotrauma\Content\Map\Biomes\IceCave\WallEdgeChunks.png"
"Content/Map/Biomes/MushroomCave/CaveHazards.png","CaveHazards.png","png","947041","2025-06-08T21:11:01.9712886Z","C:\Program Files (x86)\Steam\steamapps\common\Barotrauma\Content\Map\Biomes\MushroomCave\CaveHazards.png"
"Content/Map/Biomes/MushroomCave/LevelObjects.png","LevelObjects.png","png","415178","2025-06-08T21:11:01.9722818Z","C:\Program Files (x86)\Steam\steamapps\common\Barotrauma\Content\Map\Biomes\MushroomCave\LevelObjects.png"
"Content/Map/Biomes/MushroomCave/LevelWall.png","LevelWall.png","png","987155","2025-06-08T21:11:01.9722818Z","C:\Program Files (x86)\Steam\steamapps\common\Barotrauma\Content\Map\Biomes\MushroomCave\LevelWall.png"
"Content/Map/Biomes/MushroomCave/LevelWallEdge.png","LevelWallEdge.png","png","486215","2025-06-08T21:11:01.9722818Z","C:\Program Files (x86)\Steam\steamapps\common\Barotrauma\Content\Map\Biomes\MushroomCave\LevelWallEdge.png"
"Content/Map/Biomes/MushroomCave/MushroomCaveObjects.xml","MushroomCaveObjects.xml","xml","17762","2025-06-08T21:11:14.9999802Z","C:\Program Files (x86)\Steam\steamapps\common\Barotrauma\Content\Map\Biomes\MushroomCave\MushroomCaveObjects.xml"
"Content/Map/Biomes/MushroomCave/WallEdgeChunks.png","WallEdgeChunks.png","png","951591","2025-06-08T21:11:01.9722818Z","C:\Program Files (x86)\Steam\steamapps\common\Barotrauma\Content\Map\Biomes\MushroomCave\WallEdgeChunks.png"
"Content/Map/Biomes/NestObjects/NestObjects.png","NestObjects.png","png","234608","2025-06-08T21:11:15.0536829Z","C:\Program Files (x86)\Steam\steamapps\common\Barotrauma\Content\Map\Biomes\NestObjects\NestObjects.png"
"Content/Map/Biomes/NestObjects/NestObjects.xml","NestObjects.xml","xml","1183","2025-06-08T21:11:12.3903114Z","C:\Program Files (x86)\Steam\steamapps\common\Barotrauma\Content\Map\Biomes\NestObjects\NestObjects.xml"
"Content/Map/Biomes/RockCave/BackgroundChunks.png","BackgroundChunks.png","png","538052","2025-06-08T21:11:01.9722818Z","C:\Program Files (x86)\Steam\steamapps\common\Barotrauma\Content\Map\Biomes\RockCave\BackgroundChunks.png"
"Content/Map/Biomes/RockCave/LevelWall.png","LevelWall.png","png","890381","2025-06-08T21:11:01.9732818Z","C:\Program Files (x86)\Steam\steamapps\common\Barotrauma\Content\Map\Biomes\RockCave\LevelWall.png"
"Content/Map/Biomes/RockCave/LevelWallEdge.png","LevelWallEdge.png","png","235870","2025-06-08T21:11:15.4649512Z","C:\Program Files (x86)\Steam\steamapps\common\Barotrauma\Content\Map\Biomes\RockCave\LevelWallEdge.png"
"Content/Map/Biomes/RockCave/RockCaveObjects.xml","RockCaveObjects.xml","xml","5077","2025-06-08T21:11:14.9999802Z","C:\Program Files (x86)\Steam\steamapps\common\Barotrauma\Content\Map\Biomes\RockCave\RockCaveObjects.xml"
"Content/Map/Biomes/RockCave/WallEdgeChunks.png","WallEdgeChunks.png","png","609994","2025-06-08T21:11:01.9732818Z","C:\Program Files (x86)\Steam\steamapps\common\Barotrauma\Content\Map\Biomes\RockCave\WallEdgeChunks.png"
"Content/Map/Biomes/TheGreatSea/BackgroundParticles.png","BackgroundParticles.png","png","12845","2025-06-08T21:11:12.4448815Z","C:\Program Files (x86)\Steam\steamapps\common\Barotrauma\Content\Map\Biomes\TheGreatSea\BackgroundParticles.png"
"Content/Map/Biomes/TheGreatSea/GreatSeaBackgroundChunks.png","GreatSeaBackgroundChunks.png","png","1128864","2025-06-08T21:11:01.9732818Z","C:\Program Files (x86)\Steam\steamapps\common\Barotrauma\Content\Map\Biomes\TheGreatSea\GreatSeaBackgroundChunks.png"
"Content/Map/Biomes/TheGreatSea/LevelObjects.png","LevelObjects.png","png","1499105","2025-06-08T21:11:01.9732818Z","C:\Program Files (x86)\Steam\steamapps\common\Barotrauma\Content\Map\Biomes\TheGreatSea\LevelObjects.png"
"Content/Map/Biomes/TheGreatSea/LevelWall.png","LevelWall.png","png","227478","2025-06-08T21:11:12.4438784Z","C:\Program Files (x86)\Steam\steamapps\common\Barotrauma\Content\Map\Biomes\TheGreatSea\LevelWall.png"
"Content/Map/Biomes/TheGreatSea/LevelWallEdge.png","LevelWallEdge.png","png","804382","2025-06-08T21:11:01.9732818Z","C:\Program Files (x86)\Steam\steamapps\common\Barotrauma\Content\Map\Biomes\TheGreatSea\LevelWallEdge.png"
"Content/Map/Biomes/TheGreatSea/Lightning.png","Lightning.png","png","477871","2025-06-08T21:11:01.9732818Z","C:\Program Files (x86)\Steam\steamapps\common\Barotrauma\Content\Map\Biomes\TheGreatSea\Lightning.png"
"Content/Map/Biomes/TheGreatSea/TheGreatSea.xml","TheGreatSea.xml","xml","18045","2025-06-08T21:11:15.6338005Z","C:\Program Files (x86)\Steam\steamapps\common\Barotrauma\Content\Map\Biomes\TheGreatSea\TheGreatSea.xml"
"Content/Map/Biomes/TheGreatSea/TheGreatSeaObjects.xml","TheGreatSeaObjects.xml","xml","9576","2025-06-08T21:11:15.6318082Z","C:\Program Files (x86)\Steam\steamapps\common\Barotrauma\Content\Map\Biomes\TheGreatSea\TheGreatSeaObjects.xml"
"Content/Map/Biomes/TheGreatSea/WallEdgeChunks.png","WallEdgeChunks.png","png","1637540","2025-06-08T21:11:01.9742817Z","C:\Program Files (x86)\Steam\steamapps\common\Barotrauma\Content\Map\Biomes\TheGreatSea\WallEdgeChunks.png"
"Content/Map/cityNames.txt","cityNames.txt","txt","597","2025-06-08T21:11:16.3269624Z","C:\Program Files (x86)\Steam\steamapps\common\Barotrauma\Content\Map\cityNames.txt"
"Content/Map/DecorativeVentilation.png","DecorativeVentilation.png","png","845409","2025-09-18T02:31:38.7724423Z","C:\Program Files (x86)\Steam\steamapps\common\Barotrauma\Content\Map\DecorativeVentilation.png"
"Content/Map/EnemySubmarines/DugongPirate.sub","DugongPirate.sub","sub","47620","2025-06-08T21:11:25.7482502Z","C:\Program Files (x86)\Steam\steamapps\common\Barotrauma\Content\Map\EnemySubmarines\DugongPirate.sub"
"Content/Map/EnemySubmarines/HumpbackPirate.sub","HumpbackPirate.sub","sub","51581","2025-06-08T21:11:15.0556825Z","C:\Program Files (x86)\Steam\steamapps\common\Barotrauma\Content\Map\EnemySubmarines\HumpbackPirate.sub"
"Content/Map/EnemySubmarines/Typhon2Pirate.sub","Typhon2Pirate.sub","sub","78887","2025-06-08T21:11:12.6203719Z","C:\Program Files (x86)\Steam\steamapps\common\Barotrauma\Content\Map\EnemySubmarines\Typhon2Pirate.sub"
"Content/Map/ExteriorWallsA.png","ExteriorWallsA.png","png","2091270","2025-06-08T21:11:01.9742817Z","C:\Program Files (x86)\Steam\steamapps\common\Barotrauma\Content\Map\ExteriorWallsA.png"
"Content/Map/ExteriorWallsABack.png","ExteriorWallsABack.png","png","1877176","2025-06-08T21:11:01.9742817Z","C:\Program Files (x86)\Steam\steamapps\common\Barotrauma\Content\Map\ExteriorWallsABack.png"
"Content/Map/factions.xml","factions.xml","xml","4867","2025-06-08T21:11:08.5526092Z","C:\Program Files (x86)\Steam\steamapps\common\Barotrauma\Content\Map\factions.xml"
"Content/Map/FinsA.png","FinsA.png","png","1542669","2025-06-08T21:11:01.9742817Z","C:\Program Files (x86)\Steam\steamapps\common\Barotrauma\Content\Map\FinsA.png"
"Content/Map/LabelIcons.png","LabelIcons.png","png","98017","2025-06-08T21:11:15.4729514Z","C:\Program Files (x86)\Steam\steamapps\common\Barotrauma\Content\Map\LabelIcons.png"
"Content/Map/LabelLetters.png","LabelLetters.png","png","35222","2025-06-08T21:11:08.5526092Z","C:\Program Files (x86)\Steam\steamapps\common\Barotrauma\Content\Map\LabelLetters.png"
"Content/Map/LabelLetters2.png","LabelLetters2.png","png","257516","2025-06-08T21:11:16.6112913Z","C:\Program Files (x86)\Steam\steamapps\common\Barotrauma\Content\Map\LabelLetters2.png"
"Content/Map/LargeInsideWalls.png","LargeInsideWalls.png","png","411474","2025-12-10T00:32:43.2480253Z","C:\Program Files (x86)\Steam\steamapps\common\Barotrauma\Content\Map\LargeInsideWalls.png"
"Content/Map/locationNames.txt","locationNames.txt","txt","1244","2025-06-08T21:11:16.6102897Z","C:\Program Files (x86)\Steam\steamapps\common\Barotrauma\Content\Map\locationNames.txt"
"Content/Map/LocationPortraits/AlienRuins.png","AlienRuins.png","png","1473317","2025-06-08T21:11:01.9742817Z","C:\Program Files (x86)\Steam\steamapps\common\Barotrauma\Content\Map\LocationPortraits\AlienRuins.png"
"Content/Map/LocationPortraits/AlienRuins2.png","AlienRuins2.png","png","1375120","2025-06-08T21:11:01.9752818Z","C:\Program Files (x86)\Steam\steamapps\common\Barotrauma\Content\Map\LocationPortraits\AlienRuins2.png"
"Content/Map/LocationPortraits/AlienRuins3.png","AlienRuins3.png","png","1375120","2025-06-08T21:11:01.9752818Z","C:\Program Files (x86)\Steam\steamapps\common\Barotrauma\Content\Map\LocationPortraits\AlienRuins3.png"
"Content/Map/LocationPortraits/AlienRuins4.png","AlienRuins4.png","png","1618308","2025-06-08T21:11:01.9752818Z","C:\Program Files (x86)\Steam\steamapps\common\Barotrauma\Content\Map\LocationPortraits\AlienRuins4.png"
"Content/Map/LocationPortraits/Colony.png","Colony.png","png","2890632","2025-06-08T21:11:01.9752818Z","C:\Program Files (x86)\Steam\steamapps\common\Barotrauma\Content\Map\LocationPortraits\Colony.png"
"Content/Map/LocationPortraits/Colony2.png","Colony2.png","png","1107947","2025-06-08T21:11:01.9752818Z","C:\Program Files (x86)\Steam\steamapps\common\Barotrauma\Content\Map\LocationPortraits\Colony2.png"
"Content/Map/LocationPortraits/Colony3.png","Colony3.png","png","1414997","2025-06-08T21:11:01.9752818Z","C:\Program Files (x86)\Steam\steamapps\common\Barotrauma\Content\Map\LocationPortraits\Colony3.png"
"Content/Map/LocationPortraits/Colony4.png","Colony4.png","png","1528861","2025-06-08T21:11:01.9752818Z","C:\Program Files (x86)\Steam\steamapps\common\Barotrauma\Content\Map\LocationPortraits\Colony4.png"
"Content/Map/LocationPortraits/EndPortrait1.png","EndPortrait1.png","png","1445132","2025-06-08T21:11:01.9752818Z","C:\Program Files (x86)\Steam\steamapps\common\Barotrauma\Content\Map\LocationPortraits\EndPortrait1.png"
"Content/Map/LocationPortraits/EndPortrait2.png","EndPortrait2.png","png","1430840","2025-06-08T21:11:01.9762820Z","C:\Program Files (x86)\Steam\steamapps\common\Barotrauma\Content\Map\LocationPortraits\EndPortrait2.png"
"Content/Map/LocationPortraits/EndPortrait3.png","EndPortrait3.png","png","1382585","2025-06-08T21:11:01.9762820Z","C:\Program Files (x86)\Steam\steamapps\common\Barotrauma\Content\Map\LocationPortraits\EndPortrait3.png"
"Content/Map/LocationPortraits/EndPortrait4.png","EndPortrait4.png","png","763597","2025-06-08T21:11:01.9762820Z","C:\Program Files (x86)\Steam\steamapps\common\Barotrauma\Content\Map\LocationPortraits\EndPortrait4.png"
"Content/Map/LocationPortraits/HabitationOutpost.png","HabitationOutpost.png","png","1183771","2025-06-08T21:11:01.9762820Z","C:\Program Files (x86)\Steam\steamapps\common\Barotrauma\Content\Map\LocationPortraits\HabitationOutpost.png"
"Content/Map/LocationPortraits/HabitationOutpost2.png","HabitationOutpost2.png","png","1095031","2025-06-08T21:11:01.9762820Z","C:\Program Files (x86)\Steam\steamapps\common\Barotrauma\Content\Map\LocationPortraits\HabitationOutpost2.png"
"Content/Map/LocationPortraits/HabitationOutpost3.png","HabitationOutpost3.png","png","1483900","2025-06-08T21:11:01.9762820Z","C:\Program Files (x86)\Steam\steamapps\common\Barotrauma\Content\Map\LocationPortraits\HabitationOutpost3.png"
"Content/Map/LocationPortraits/HabitationOutpost4.png","HabitationOutpost4.png","png","1447471","2025-06-08T21:11:01.9762820Z","C:\Program Files (x86)\Steam\steamapps\common\Barotrauma\Content\Map\LocationPortraits\HabitationOutpost4.png"
"Content/Map/LocationPortraits/MainMenu1.png","MainMenu1.png","png","2809282","2025-06-08T21:11:01.9762820Z","C:\Program Files (x86)\Steam\steamapps\common\Barotrauma\Content\Map\LocationPortraits\MainMenu1.png"
"Content/Map/LocationPortraits/MainMenu2.png","MainMenu2.png","png","1791039","2025-06-08T21:11:01.9762820Z","C:\Program Files (x86)\Steam\steamapps\common\Barotrauma\Content\Map\LocationPortraits\MainMenu2.png"
"Content/Map/LocationPortraits/NaturalFormations.png","NaturalFormations.png","png","869868","2025-06-08T21:11:01.9772820Z","C:\Program Files (x86)\Steam\steamapps\common\Barotrauma\Content\Map\LocationPortraits\NaturalFormations.png"
"Content/Map/LocationPortraits/NaturalFormations2.png","NaturalFormations2.png","png","1237300","2025-06-08T21:11:01.9772820Z","C:\Program Files (x86)\Steam\steamapps\common\Barotrauma\Content\Map\LocationPortraits\NaturalFormations2.png"
"Content/Map/LocationPortraits/NaturalFormations3.png","NaturalFormations3.png","png","1358941","2025-06-08T21:11:01.9772820Z","C:\Program Files (x86)\Steam\steamapps\common\Barotrauma\Content\Map\LocationPortraits\NaturalFormations3.png"
"Content/Map/LocationPortraits/NaturalFormations4.png","NaturalFormations4.png","png","1583879","2025-06-08T21:11:01.9782838Z","C:\Program Files (x86)\Steam\steamapps\common\Barotrauma\Content\Map\LocationPortraits\NaturalFormations4.png"
"Content/Map/LocationPortraits/WorkCampMilitary.png","WorkCampMilitary.png","png","2977716","2025-06-08T21:11:01.9782838Z","C:\Program Files (x86)\Steam\steamapps\common\Barotrauma\Content\Map\LocationPortraits\WorkCampMilitary.png"
"Content/Map/LocationPortraits/WorkCampMilitary2.png","WorkCampMilitary2.png","png","1585821","2025-06-08T21:11:01.9782838Z","C:\Program Files (x86)\Steam\steamapps\common\Barotrauma\Content\Map\LocationPortraits\WorkCampMilitary2.png"
"Content/Map/LocationPortraits/WorkCampMilitary3.png","WorkCampMilitary3.png","png","1479185","2025-06-08T21:11:01.9792904Z","C:\Program Files (x86)\Steam\steamapps\common\Barotrauma\Content\Map\LocationPortraits\WorkCampMilitary3.png"
"Content/Map/LocationPortraits/WorkCampMilitary4.png","WorkCampMilitary4.png","png","1623520","2025-06-08T21:11:01.9792904Z","C:\Program Files (x86)\Steam\steamapps\common\Barotrauma\Content\Map\LocationPortraits\WorkCampMilitary4.png"
"Content/Map/LocationPortraits/WorkCampMining1.png","WorkCampMining1.png","png","1317650","2025-06-08T21:11:01.9792904Z","C:\Program Files (x86)\Steam\steamapps\common\Barotrauma\Content\Map\LocationPortraits\WorkCampMining1.png"
"Content/Map/LocationPortraits/WorkCampMining2.png","WorkCampMining2.png","png","1368227","2025-06-08T21:11:01.9792904Z","C:\Program Files (x86)\Steam\steamapps\common\Barotrauma\Content\Map\LocationPortraits\WorkCampMining2.png"
"Content/Map/LocationPortraits/WorkCampMining3.png","WorkCampMining3.png","png","1414378","2025-06-08T21:11:01.9803050Z","C:\Program Files (x86)\Steam\steamapps\common\Barotrauma\Content\Map\LocationPortraits\WorkCampMining3.png"
"Content/Map/LocationPortraits/WorkCampMining4.png","WorkCampMining4.png","png","1405479","2025-06-08T21:11:01.9803050Z","C:\Program Files (x86)\Steam\steamapps\common\Barotrauma\Content\Map\LocationPortraits\WorkCampMining4.png"
"Content/Map/LocationPortraits/WorkCampResearchFacility1.png","WorkCampResearchFacility1.png","png","1077116","2025-06-08T21:11:01.9803050Z","C:\Program Files (x86)\Steam\steamapps\common\Barotrauma\Content\Map\LocationPortraits\WorkCampResearchFacility1.png"
"Content/Map/LocationPortraits/WorkCampResearchFacility2.png","WorkCampResearchFacility2.png","png","1414150","2025-06-08T21:11:01.9803050Z","C:\Program Files (x86)\Steam\steamapps\common\Barotrauma\Content\Map\LocationPortraits\WorkCampResearchFacility2.png"
"Content/Map/LocationPortraits/WorkCampResearchFacility3.png","WorkCampResearchFacility3.png","png","1257639","2025-06-08T21:11:01.9803050Z","C:\Program Files (x86)\Steam\steamapps\common\Barotrauma\Content\Map\LocationPortraits\WorkCampResearchFacility3.png"
"Content/Map/LocationPortraits/WorkCampResearchFacility4.png","WorkCampResearchFacility4.png","png","1601615","2025-06-08T21:11:01.9812964Z","C:\Program Files (x86)\Steam\steamapps\common\Barotrauma\Content\Map\LocationPortraits\WorkCampResearchFacility4.png"
"Content/Map/LocationPortraits/Wreck1.png","Wreck1.png","png","1570720","2025-06-08T21:11:01.9812964Z","C:\Program Files (x86)\Steam\steamapps\common\Barotrauma\Content\Map\LocationPortraits\Wreck1.png"
"Content/Map/LocationPortraits/Wreck2.png","Wreck2.png","png","1721843","2025-06-08T21:11:01.9812964Z","C:\Program Files (x86)\Steam\steamapps\common\Barotrauma\Content\Map\LocationPortraits\Wreck2.png"
"Content/Map/LocationPortraits/Wreck3.png","Wreck3.png","png","1661835","2025-06-08T21:11:01.9812964Z","C:\Program Files (x86)\Steam\steamapps\common\Barotrauma\Content\Map\LocationPortraits\Wreck3.png"
"Content/Map/LocationPortraits/Wreck4.png","Wreck4.png","png","1721914","2025-06-08T21:11:01.9812964Z","C:\Program Files (x86)\Steam\steamapps\common\Barotrauma\Content\Map\LocationPortraits\Wreck4.png"
"Content/Map/LocationPortraits/Wreck5.png","Wreck5.png","png","1714290","2025-06-08T21:11:01.9812964Z","C:\Program Files (x86)\Steam\steamapps\common\Barotrauma\Content\Map\LocationPortraits\Wreck5.png"
"Content/Map/locationTypes.xml","locationTypes.xml","xml","24149","2025-09-18T02:31:39.0034025Z","C:\Program Files (x86)\Steam\steamapps\common\Barotrauma\Content\Map\locationTypes.xml"
"Content/Map/MapAtlas.png","MapAtlas.png","png","444758","2025-06-19T20:07:27.3251531Z","C:\Program Files (x86)\Steam\steamapps\common\Barotrauma\Content\Map\MapAtlas.png"
"Content/Map/MapCircle.png","MapCircle.png","png","35540","2025-06-08T21:11:28.9245408Z","C:\Program Files (x86)\Steam\steamapps\common\Barotrauma\Content\Map\MapCircle.png"
"Content/Map/MapGenerationParameters.xml","MapGenerationParameters.xml","xml","5614","2025-06-08T21:11:19.9404787Z","C:\Program Files (x86)\Steam\steamapps\common\Barotrauma\Content\Map\MapGenerationParameters.xml"
"Content/Map/MapHUD.png","MapHUD.png","png","280899","2025-06-08T21:11:01.9812964Z","C:\Program Files (x86)\Steam\steamapps\common\Barotrauma\Content\Map\MapHUD.png"
"Content/Map/MapPieces/MapPieces.png","MapPieces.png","png","975519","2025-06-08T21:11:01.9822958Z","C:\Program Files (x86)\Steam\steamapps\common\Barotrauma\Content\Map\MapPieces\MapPieces.png"
"Content/Map/MiscStructures.png","MiscStructures.png","png","1447243","2025-06-08T21:11:01.9822958Z","C:\Program Files (x86)\Steam\steamapps\common\Barotrauma\Content\Map\MiscStructures.png"
"Content/Map/MiscStructures2.png","MiscStructures2.png","png","91841","2025-06-08T21:11:12.7948143Z","C:\Program Files (x86)\Steam\steamapps\common\Barotrauma\Content\Map\MiscStructures2.png"
"Content/Map/NeonSign_Light.png","NeonSign_Light.png","png","361578","2025-06-08T21:11:01.9822958Z","C:\Program Files (x86)\Steam\steamapps\common\Barotrauma\Content\Map\NeonSign_Light.png"
"Content/Map/OpbgMaintenanceBay.png","OpbgMaintenanceBay.png","png","1484475","2025-06-08T21:11:01.9822958Z","C:\Program Files (x86)\Steam\steamapps\common\Barotrauma\Content\Map\OpbgMaintenanceBay.png"
"Content/Map/OpbgShop.png","OpbgShop.png","png","1197738","2025-06-08T21:11:01.9822958Z","C:\Program Files (x86)\Steam\steamapps\common\Barotrauma\Content\Map\OpbgShop.png"
"Content/Map/Outposts/AbandonedOutpost/AbandonedOutpostDecals.xml","AbandonedOutpostDecals.xml","xml","23620","2025-06-08T21:11:20.2125707Z","C:\Program Files (x86)\Steam\steamapps\common\Barotrauma\Content\Map\Outposts\AbandonedOutpost\AbandonedOutpostDecals.xml"
"Content/Map/Outposts/AbandonedOutpost/HumanEnemyA.png","HumanEnemyA.png","png","1052663","2025-06-08T21:11:01.9822958Z","C:\Program Files (x86)\Steam\steamapps\common\Barotrauma\Content\Map\Outposts\AbandonedOutpost\HumanEnemyA.png"
"Content/Map/Outposts/AbandonedOutpost/MonsterScumsA.png","MonsterScumsA.png","png","352234","2025-06-08T21:11:01.9822958Z","C:\Program Files (x86)\Steam\steamapps\common\Barotrauma\Content\Map\Outposts\AbandonedOutpost\MonsterScumsA.png"
"Content/Map/Outposts/AbandonedOutpost/RustedDecalItem.png","RustedDecalItem.png","png","534165","2025-06-08T21:11:01.9832486Z","C:\Program Files (x86)\Steam\steamapps\common\Barotrauma\Content\Map\Outposts\AbandonedOutpost\RustedDecalItem.png"
"Content/Map/Outposts/AbandonedOutpost/RustedDecalWall.png","RustedDecalWall.png","png","470593","2025-06-08T21:11:01.9832486Z","C:\Program Files (x86)\Steam\steamapps\common\Barotrauma\Content\Map\Outposts\AbandonedOutpost\RustedDecalWall.png"
"Content/Map/Outposts/Admin_A1.sub","Admin_A1.sub","sub","17795","2025-06-08T21:11:12.7938140Z","C:\Program Files (x86)\Steam\steamapps\common\Barotrauma\Content\Map\Outposts\Admin_A1.sub"
"Content/Map/Outposts/Admin_A2.sub","Admin_A2.sub","sub","16466","2025-06-08T21:11:11.2529543Z","C:\Program Files (x86)\Steam\steamapps\common\Barotrauma\Content\Map\Outposts\Admin_A2.sub"
"Content/Map/Outposts/Admin_A3.sub","Admin_A3.sub","sub","10480","2025-06-08T21:11:20.3282814Z","C:\Program Files (x86)\Steam\steamapps\common\Barotrauma\Content\Map\Outposts\Admin_A3.sub"
"Content/Map/Outposts/Admin_G1.sub","Admin_G1.sub","sub","7336","2025-09-18T02:31:39.3431407Z","C:\Program Files (x86)\Steam\steamapps\common\Barotrauma\Content\Map\Outposts\Admin_G1.sub"
"Content/Map/Outposts/Admin_G2.sub","Admin_G2.sub","sub","6188","2025-09-18T02:31:39.2825276Z","C:\Program Files (x86)\Steam\steamapps\common\Barotrauma\Content\Map\Outposts\Admin_G2.sub"
"Content/Map/Outposts/Admin_G3.sub","Admin_G3.sub","sub","10373","2025-09-18T02:31:38.9374060Z","C:\Program Files (x86)\Steam\steamapps\common\Barotrauma\Content\Map\Outposts\Admin_G3.sub"
"Content/Map/Outposts/Admin_G4.sub","Admin_G4.sub","sub","9691","2025-09-18T02:31:38.9283155Z","C:\Program Files (x86)\Steam\steamapps\common\Barotrauma\Content\Map\Outposts\Admin_G4.sub"
"Content/Map/Outposts/Admin_G5.sub","Admin_G5.sub","sub","9967","2025-06-08T21:11:20.3282814Z","C:\Program Files (x86)\Steam\steamapps\common\Barotrauma\Content\Map\Outposts\Admin_G5.sub"
"Content/Map/Outposts/Admin_G6.sub","Admin_G6.sub","sub","10305","2025-09-18T02:31:38.9283155Z","C:\Program Files (x86)\Steam\steamapps\common\Barotrauma\Content\Map\Outposts\Admin_G6.sub"
"Content/Map/Outposts/AdminModule_01_Colony.sub","AdminModule_01_Colony.sub","sub","18950","2025-06-08T21:11:17.3007227Z","C:\Program Files (x86)\Steam\steamapps\common\Barotrauma\Content\Map\Outposts\AdminModule_01_Colony.sub"
"Content/Map/Outposts/AdminModule_01L.sub","AdminModule_01L.sub","sub","8748","2025-09-18T02:31:39.1164141Z","C:\Program Files (x86)\Steam\steamapps\common\Barotrauma\Content\Map\Outposts\AdminModule_01L.sub"
"Content/Map/Outposts/AdminModule_01R.sub","AdminModule_01R.sub","sub","9129","2025-09-18T02:31:38.9293146Z","C:\Program Files (x86)\Steam\steamapps\common\Barotrauma\Content\Map\Outposts\AdminModule_01R.sub"
"Content/Map/Outposts/AdminModule_02_Colony.sub","AdminModule_02_Colony.sub","sub","15269","2025-06-08T21:11:12.7928141Z","C:\Program Files (x86)\Steam\steamapps\common\Barotrauma\Content\Map\Outposts\AdminModule_02_Colony.sub"
"Content/Map/Outposts/AdminModule_02L.sub","AdminModule_02L.sub","sub","8967","2025-06-08T21:11:17.4163564Z","C:\Program Files (x86)\Steam\steamapps\common\Barotrauma\Content\Map\Outposts\AdminModule_02L.sub"
"Content/Map/Outposts/AdminModule_02R.sub","AdminModule_02R.sub","sub","7420","2025-06-08T21:11:20.2700387Z","C:\Program Files (x86)\Steam\steamapps\common\Barotrauma\Content\Map\Outposts\AdminModule_02R.sub"
"Content/Map/Outposts/ArmoryModule_01_Colony.sub","ArmoryModule_01_Colony.sub","sub","10408","2025-06-08T21:11:17.3484025Z","C:\Program Files (x86)\Steam\steamapps\common\Barotrauma\Content\Map\Outposts\ArmoryModule_01_Colony.sub"
"Content/Map/Outposts/Art/AdminResidentAssets.png","AdminResidentAssets.png","png","1121751","2025-06-08T21:11:01.9832486Z","C:\Program Files (x86)\Steam\steamapps\common\Barotrauma\Content\Map\Outposts\Art\AdminResidentAssets.png"
"Content/Map/Outposts/Art/ArmoryColonyModule.png","ArmoryColonyModule.png","png","182739","2025-06-08T21:11:12.8428497Z","C:\Program Files (x86)\Steam\steamapps\common\Barotrauma\Content\Map\Outposts\Art\ArmoryColonyModule.png"
"Content/Map/Outposts/Art/CafeteriaGardenAssets.png","CafeteriaGardenAssets.png","png","317118","2025-06-08T21:11:01.9832486Z","C:\Program Files (x86)\Steam\steamapps\common\Barotrauma\Content\Map\Outposts\Art\CafeteriaGardenAssets.png"
"Content/Map/Outposts/Art/ClownDistrict.png","ClownDistrict.png","png","1131973","2025-06-08T21:11:01.9840282Z","C:\Program Files (x86)\Steam\steamapps\common\Barotrauma\Content\Map\Outposts\Art\ClownDistrict.png"
"Content/Map/Outposts/Art/EngineerColonyModule.png","EngineerColonyModule.png","png","349877","2025-06-08T21:11:01.9840282Z","C:\Program Files (x86)\Steam\steamapps\common\Barotrauma\Content\Map\Outposts\Art\EngineerColonyModule.png"
"Content/Map/Outposts/Art/EngineerColonyModule2.png","EngineerColonyModule2.png","png","889293","2025-06-08T21:11:01.9840282Z","C:\Program Files (x86)\Steam\steamapps\common\Barotrauma\Content\Map\Outposts\Art\EngineerColonyModule2.png"
"Content/Map/Outposts/Art/EngineerColonyModule3.png","EngineerColonyModule3.png","png","354700","2025-06-08T21:11:01.9840282Z","C:\Program Files (x86)\Steam\steamapps\common\Barotrauma\Content\Map\Outposts\Art\EngineerColonyModule3.png"
"Content/Map/Outposts/Art/Event_pic1.png","Event_pic1.png","png","1144643","2025-06-08T21:11:01.9840282Z","C:\Program Files (x86)\Steam\steamapps\common\Barotrauma\Content\Map\Outposts\Art\Event_pic1.png"
"Content/Map/Outposts/Art/Event_pic2.png","Event_pic2.png","png","1232559","2025-06-08T21:11:01.9840282Z","C:\Program Files (x86)\Steam\steamapps\common\Barotrauma\Content\Map\Outposts\Art\Event_pic2.png"
"Content/Map/Outposts/Art/Event_pic3.png","Event_pic3.png","png","417929","2025-06-08T21:11:01.9840282Z","C:\Program Files (x86)\Steam\steamapps\common\Barotrauma\Content\Map\Outposts\Art\Event_pic3.png"
"Content/Map/Outposts/Art/Event_pic4.png","Event_pic4.png","png","2001964","2025-06-08T21:11:01.9840282Z","C:\Program Files (x86)\Steam\steamapps\common\Barotrauma\Content\Map\Outposts\Art\Event_pic4.png"
"Content/Map/Outposts/Art/FactionItems.png","FactionItems.png","png","210093","2025-06-08T21:11:23.1646202Z","C:\Program Files (x86)\Steam\steamapps\common\Barotrauma\Content\Map\Outposts\Art\FactionItems.png"
"Content/Map/Outposts/Art/GenericAssets2.png","GenericAssets2.png","png","1149401","2025-06-08T21:11:01.9840282Z","C:\Program Files (x86)\Steam\steamapps\common\Barotrauma\Content\Map\Outposts\Art\GenericAssets2.png"
"Content/Map/Outposts/Art/GenericWalls.png","GenericWalls.png","png","1599767","2025-06-08T21:11:01.9840282Z","C:\Program Files (x86)\Steam\steamapps\common\Barotrauma\Content\Map\Outposts\Art\GenericWalls.png"
"Content/Map/Outposts/Art/GenericWalls2.png","GenericWalls2.png","png","1298114","2025-06-08T21:11:01.9850338Z","C:\Program Files (x86)\Steam\steamapps\common\Barotrauma\Content\Map\Outposts\Art\GenericWalls2.png"
"Content/Map/Outposts/Art/HumanResourcesAssets.png","HumanResourcesAssets.png","png","280731","2025-06-08T21:11:01.9850338Z","C:\Program Files (x86)\Steam\steamapps\common\Barotrauma\Content\Map\Outposts\Art\HumanResourcesAssets.png"
"Content/Map/Outposts/Art/HuskDistrict.png","HuskDistrict.png","png","1170459","2025-06-08T21:11:01.9850338Z","C:\Program Files (x86)\Steam\steamapps\common\Barotrauma\Content\Map\Outposts\Art\HuskDistrict.png"
"Content/Map/Outposts/Art/ManagerOfficeAssets.png","ManagerOfficeAssets.png","png","342329","2025-06-08T21:11:01.9850338Z","C:\Program Files (x86)\Steam\steamapps\common\Barotrauma\Content\Map\Outposts\Art\ManagerOfficeAssets.png"
"Content/Map/Outposts/Art/MedBayAssets.png","MedBayAssets.png","png","316226","2025-06-08T21:11:01.9850338Z","C:\Program Files (x86)\Steam\steamapps\common\Barotrauma\Content\Map\Outposts\Art\MedBayAssets.png"
"Content/Map/Outposts/Art/MedicalColonyAssets.png","MedicalColonyAssets.png","png","345360","2025-06-08T21:11:01.9850338Z","C:\Program Files (x86)\Steam\steamapps\common\Barotrauma\Content\Map\Outposts\Art\MedicalColonyAssets.png"
"Content/Map/Outposts/Art/MedicalItemResearch.png","MedicalItemResearch.png","png","389151","2025-06-08T21:11:01.9850338Z","C:\Program Files (x86)\Steam\steamapps\common\Barotrauma\Content\Map\Outposts\Art\MedicalItemResearch.png"
"Content/Map/Outposts/Art/MedicalItemResearchLights.png","MedicalItemResearchLights.png","png","96363","2025-06-08T21:11:29.9459902Z","C:\Program Files (x86)\Steam\steamapps\common\Barotrauma\Content\Map\Outposts\Art\MedicalItemResearchLights.png"
"Content/Map/Outposts/Art/MiningMachine.png","MiningMachine.png","png","598611","2025-06-08T21:11:01.9850338Z","C:\Program Files (x86)\Steam\steamapps\common\Barotrauma\Content\Map\Outposts\Art\MiningMachine.png"
"Content/Map/Outposts/Art/ResearchBackgroundWalls.png","ResearchBackgroundWalls.png","png","1226419","2025-06-08T21:11:01.9860328Z","C:\Program Files (x86)\Steam\steamapps\common\Barotrauma\Content\Map\Outposts\Art\ResearchBackgroundWalls.png"
"Content/Map/Outposts/Art/SeparatistOutpost.png","SeparatistOutpost.png","png","1192914","2025-06-08T21:11:01.9860328Z","C:\Program Files (x86)\Steam\steamapps\common\Barotrauma\Content\Map\Outposts\Art\SeparatistOutpost.png"
"Content/Map/Outposts/Art/Shop.png","Shop.png","png","1134198","2025-06-08T21:11:01.9860328Z","C:\Program Files (x86)\Steam\steamapps\common\Barotrauma\Content\Map\Outposts\Art\Shop.png"
"Content/Map/Outposts/Art/SignAssets.png","SignAssets.png","png","235120","2025-06-08T21:11:18.2311561Z","C:\Program Files (x86)\Steam\steamapps\common\Barotrauma\Content\Map\Outposts\Art\SignAssets.png"
"Content/Map/Outposts/Art/Storage.png","Storage.png","png","1094297","2025-06-08T21:11:01.9864578Z","C:\Program Files (x86)\Steam\steamapps\common\Barotrauma\Content\Map\Outposts\Art\Storage.png"
"Content/Map/Outposts/Art/TunnelIceWalls.png","TunnelIceWalls.png","png","1079334","2025-06-08T21:11:01.9864578Z","C:\Program Files (x86)\Steam\steamapps\common\Barotrauma\Content\Map\Outposts\Art\TunnelIceWalls.png"
"Content/Map/Outposts/Art/TunnelWalls.png","TunnelWalls.png","png","1618886","2025-06-08T21:11:01.9864578Z","C:\Program Files (x86)\Steam\steamapps\common\Barotrauma\Content\Map\Outposts\Art\TunnelWalls.png"
"Content/Map/Outposts/BathhouseModule_01.sub","BathhouseModule_01.sub","sub","25257","2025-06-08T21:11:21.3324936Z","C:\Program Files (x86)\Steam\steamapps\common\Barotrauma\Content\Map\Outposts\BathhouseModule_01.sub"
"Content/Map/Outposts/Clown_G1.sub","Clown_G1.sub","sub","7932","2025-06-08T21:11:11.8232321Z","C:\Program Files (x86)\Steam\steamapps\common\Barotrauma\Content\Map\Outposts\Clown_G1.sub"
"Content/Map/Outposts/Clown_G2.sub","Clown_G2.sub","sub","7524","2025-06-08T21:11:18.1655206Z","C:\Program Files (x86)\Steam\steamapps\common\Barotrauma\Content\Map\Outposts\Clown_G2.sub"
"Content/Map/Outposts/Clown_G3.sub","Clown_G3.sub","sub","7660","2025-06-08T21:11:24.0706835Z","C:\Program Files (x86)\Steam\steamapps\common\Barotrauma\Content\Map\Outposts\Clown_G3.sub"
"Content/Map/Outposts/Clown_G4.sub","Clown_G4.sub","sub","8473","2025-06-08T21:11:21.3314933Z","C:\Program Files (x86)\Steam\steamapps\common\Barotrauma\Content\Map\Outposts\Clown_G4.sub"
"Content/Map/Outposts/ClownDistrict_Colony_01.sub","ClownDistrict_Colony_01.sub","sub","15557","2025-06-08T21:11:30.8760308Z","C:\Program Files (x86)\Steam\steamapps\common\Barotrauma\Content\Map\Outposts\ClownDistrict_Colony_01.sub"
"Content/Map/Outposts/ClownDistrict_Module_01.sub","ClownDistrict_Module_01.sub","sub","11688","2025-06-08T21:11:25.1119493Z","C:\Program Files (x86)\Steam\steamapps\common\Barotrauma\Content\Map\Outposts\ClownDistrict_Module_01.sub"
"Content/Map/Outposts/ClownDistrict_Module_02.sub","ClownDistrict_Module_02.sub","sub","17023","2025-06-08T21:11:18.1645205Z","C:\Program Files (x86)\Steam\steamapps\common\Barotrauma\Content\Map\Outposts\ClownDistrict_Module_02.sub"
"Content/Map/Outposts/Crew_A1.sub","Crew_A1.sub","sub","16045","2025-06-08T21:11:30.8760308Z","C:\Program Files (x86)\Steam\steamapps\common\Barotrauma\Content\Map\Outposts\Crew_A1.sub"
"Content/Map/Outposts/Crew_A2.sub","Crew_A2.sub","sub","11335","2025-06-08T21:11:24.0706835Z","C:\Program Files (x86)\Steam\steamapps\common\Barotrauma\Content\Map\Outposts\Crew_A2.sub"
"Content/Map/Outposts/Crew_A3.sub","Crew_A3.sub","sub","11553","2025-06-08T21:11:18.1655206Z","C:\Program Files (x86)\Steam\steamapps\common\Barotrauma\Content\Map\Outposts\Crew_A3.sub"
"Content/Map/Outposts/CrewModule_01.sub","CrewModule_01.sub","sub","10494","2025-06-08T21:11:18.1645205Z","C:\Program Files (x86)\Steam\steamapps\common\Barotrauma\Content\Map\Outposts\CrewModule_01.sub"
"Content/Map/Outposts/CrewModule_02.sub","CrewModule_02.sub","sub","13956","2025-06-08T21:11:24.0706835Z","C:\Program Files (x86)\Steam\steamapps\common\Barotrauma\Content\Map\Outposts\CrewModule_02.sub"
"Content/Map/Outposts/CrewModule_03.sub","CrewModule_03.sub","sub","16459","2025-06-08T21:11:21.3895957Z","C:\Program Files (x86)\Steam\steamapps\common\Barotrauma\Content\Map\Outposts\CrewModule_03.sub"
"Content/Map/Outposts/CrewModule_G1.sub","CrewModule_G1.sub","sub","11037","2025-06-08T21:11:11.8221865Z","C:\Program Files (x86)\Steam\steamapps\common\Barotrauma\Content\Map\Outposts\CrewModule_G1.sub"
"Content/Map/Outposts/CrewModule_G2.sub","CrewModule_G2.sub","sub","13682","2025-06-08T21:11:21.3855952Z","C:\Program Files (x86)\Steam\steamapps\common\Barotrauma\Content\Map\Outposts\CrewModule_G2.sub"
"Content/Map/Outposts/CrewModule_G3.sub","CrewModule_G3.sub","sub","13108","2025-06-08T21:11:11.8211861Z","C:\Program Files (x86)\Steam\steamapps\common\Barotrauma\Content\Map\Outposts\CrewModule_G3.sub"
"Content/Map/Outposts/CrewModule_G4.sub","CrewModule_G4.sub","sub","13050","2025-06-08T21:11:18.2261559Z","C:\Program Files (x86)\Steam\steamapps\common\Barotrauma\Content\Map\Outposts\CrewModule_G4.sub"
"Content/Map/Outposts/Docking_A1.sub","Docking_A1.sub","sub","21074","2025-06-08T21:11:21.3875956Z","C:\Program Files (x86)\Steam\steamapps\common\Barotrauma\Content\Map\Outposts\Docking_A1.sub"
"Content/Map/Outposts/Docking_A2.sub","Docking_A2.sub","sub","16968","2025-06-08T21:11:18.2351558Z","C:\Program Files (x86)\Steam\steamapps\common\Barotrauma\Content\Map\Outposts\Docking_A2.sub"
"Content/Map/Outposts/Docking_A3.sub","Docking_A3.sub","sub","17417","2025-06-08T21:11:18.1665202Z","C:\Program Files (x86)\Steam\steamapps\common\Barotrauma\Content\Map\Outposts\Docking_A3.sub"
"Content/Map/Outposts/Docking_A4.sub","Docking_A4.sub","sub","20564","2025-06-08T21:11:18.1645205Z","C:\Program Files (x86)\Steam\steamapps\common\Barotrauma\Content\Map\Outposts\Docking_A4.sub"
"Content/Map/Outposts/Docking_C1.sub","Docking_C1.sub","sub","28977","2025-06-19T20:07:30.0825894Z","C:\Program Files (x86)\Steam\steamapps\common\Barotrauma\Content\Map\Outposts\Docking_C1.sub"
"Content/Map/Outposts/Docking_G1.sub","Docking_G1.sub","sub","14057","2025-06-08T21:11:21.3865954Z","C:\Program Files (x86)\Steam\steamapps\common\Barotrauma\Content\Map\Outposts\Docking_G1.sub"
"Content/Map/Outposts/Docking_G2.sub","Docking_G2.sub","sub","14369","2025-06-08T21:11:25.1129504Z","C:\Program Files (x86)\Steam\steamapps\common\Barotrauma\Content\Map\Outposts\Docking_G2.sub"
"Content/Map/Outposts/DockingModule_01.sub","DockingModule_01.sub","sub","17548","2025-06-08T21:11:18.2331561Z","C:\Program Files (x86)\Steam\steamapps\common\Barotrauma\Content\Map\Outposts\DockingModule_01.sub"
"Content/Map/Outposts/DockingModule_01_Colony.sub","DockingModule_01_Colony.sub","sub","28836","2025-06-08T21:11:21.3895957Z","C:\Program Files (x86)\Steam\steamapps\common\Barotrauma\Content\Map\Outposts\DockingModule_01_Colony.sub"
"Content/Map/Outposts/DockingModule_02.sub","DockingModule_02.sub","sub","21186","2025-06-08T21:11:11.8242329Z","C:\Program Files (x86)\Steam\steamapps\common\Barotrauma\Content\Map\Outposts\DockingModule_02.sub"
"Content/Map/Outposts/DockingModule_02_Colony.sub","DockingModule_02_Colony.sub","sub","27780","2025-06-08T21:11:18.2311561Z","C:\Program Files (x86)\Steam\steamapps\common\Barotrauma\Content\Map\Outposts\DockingModule_02_Colony.sub"
"Content/Map/Outposts/DockingModule_03.sub","DockingModule_03.sub","sub","15905","2025-06-08T21:11:13.0167299Z","C:\Program Files (x86)\Steam\steamapps\common\Barotrauma\Content\Map\Outposts\DockingModule_03.sub"
"Content/Map/Outposts/EndOutpost_Entrance.sub","EndOutpost_Entrance.sub","sub","26484","2025-12-10T00:32:43.9492559Z","C:\Program Files (x86)\Steam\steamapps\common\Barotrauma\Content\Map\Outposts\EndOutpost_Entrance.sub"
"Content/Map/Outposts/EndOutpost_Final.sub","EndOutpost_Final.sub","sub","36623","2025-06-08T21:11:18.2321557Z","C:\Program Files (x86)\Steam\steamapps\common\Barotrauma\Content\Map\Outposts\EndOutpost_Final.sub"
"Content/Map/Outposts/EndOutpost_Mid.sub","EndOutpost_Mid.sub","sub","80996","2025-06-08T21:11:13.0167299Z","C:\Program Files (x86)\Steam\steamapps\common\Barotrauma\Content\Map\Outposts\EndOutpost_Mid.sub"
"Content/Map/Outposts/Engineering_A1.sub","Engineering_A1.sub","sub","20337","2025-06-08T21:11:11.8232321Z","C:\Program Files (x86)\Steam\steamapps\common\Barotrauma\Content\Map\Outposts\Engineering_A1.sub"
"Content/Map/Outposts/Engineering_A2.sub","Engineering_A2.sub","sub","20279","2025-06-08T21:11:11.8242329Z","C:\Program Files (x86)\Steam\steamapps\common\Barotrauma\Content\Map\Outposts\Engineering_A2.sub"
"Content/Map/Outposts/Engineering_A3.sub","Engineering_A3.sub","sub","17045","2025-06-08T21:11:11.8232321Z","C:\Program Files (x86)\Steam\steamapps\common\Barotrauma\Content\Map\Outposts\Engineering_A3.sub"
"Content/Map/Outposts/Engineering_A4.sub","Engineering_A4.sub","sub","21633","2025-06-08T21:11:13.0136946Z","C:\Program Files (x86)\Steam\steamapps\common\Barotrauma\Content\Map\Outposts\Engineering_A4.sub"
"Content/Map/Outposts/Engineering_G1.sub","Engineering_G1.sub","sub","15732","2025-09-18T02:31:39.2825276Z","C:\Program Files (x86)\Steam\steamapps\common\Barotrauma\Content\Map\Outposts\Engineering_G1.sub"
"Content/Map/Outposts/Engineering_G2.sub","Engineering_G2.sub","sub","11812","2025-09-18T02:31:39.6382348Z","C:\Program Files (x86)\Steam\steamapps\common\Barotrauma\Content\Map\Outposts\Engineering_G2.sub"
"Content/Map/Outposts/Engineering_G3.sub","Engineering_G3.sub","sub","17689","2025-09-18T02:31:39.6393202Z","C:\Program Files (x86)\Steam\steamapps\common\Barotrauma\Content\Map\Outposts\Engineering_G3.sub"
"Content/Map/Outposts/Engineering_G4.sub","Engineering_G4.sub","sub","13478","2026-04-09T15:55:16.7170718Z","C:\Program Files (x86)\Steam\steamapps\common\Barotrauma\Content\Map\Outposts\Engineering_G4.sub"
"Content/Map/Outposts/EngineeringModule_01.sub","EngineeringModule_01.sub","sub","16663","2025-09-18T02:31:39.3431407Z","C:\Program Files (x86)\Steam\steamapps\common\Barotrauma\Content\Map\Outposts\EngineeringModule_01.sub"
"Content/Map/Outposts/EngineeringModule_01_Colony.sub","EngineeringModule_01_Colony.sub","sub","19817","2025-09-18T02:31:38.9932936Z","C:\Program Files (x86)\Steam\steamapps\common\Barotrauma\Content\Map\Outposts\EngineeringModule_01_Colony.sub"
"Content/Map/Outposts/EngineeringModule_02.sub","EngineeringModule_02.sub","sub","13151","2025-09-18T02:31:39.3431407Z","C:\Program Files (x86)\Steam\steamapps\common\Barotrauma\Content\Map\Outposts\EngineeringModule_02.sub"
"Content/Map/Outposts/EngineeringModule_02_Colony.sub","EngineeringModule_02_Colony.sub","sub","21896","2025-09-18T02:31:39.2815260Z","C:\Program Files (x86)\Steam\steamapps\common\Barotrauma\Content\Map\Outposts\EngineeringModule_02_Colony.sub"
"Content/Map/Outposts/Hall4wayModule_01.sub","Hall4wayModule_01.sub","sub","5741","2025-06-08T21:11:30.8129068Z","C:\Program Files (x86)\Steam\steamapps\common\Barotrauma\Content\Map\Outposts\Hall4wayModule_01.sub"
"Content/Map/Outposts/Hall4wayModule_01_Abandoned.sub","Hall4wayModule_01_Abandoned.sub","sub","5475","2025-06-08T21:11:18.2301559Z","C:\Program Files (x86)\Steam\steamapps\common\Barotrauma\Content\Map\Outposts\Hall4wayModule_01_Abandoned.sub"
"Content/Map/Outposts/Hall4wayModule_02.sub","Hall4wayModule_02.sub","sub","5909","2025-06-08T21:11:25.1129504Z","C:\Program Files (x86)\Steam\steamapps\common\Barotrauma\Content\Map\Outposts\Hall4wayModule_02.sub"
"Content/Map/Outposts/HallModuleHorizontal_Abandoned.sub","HallModuleHorizontal_Abandoned.sub","sub","1419","2025-06-08T21:11:13.0732880Z","C:\Program Files (x86)\Steam\steamapps\common\Barotrauma\Content\Map\Outposts\HallModuleHorizontal_Abandoned.sub"
"Content/Map/Outposts/HallModuleVertical_Abandoned.sub","HallModuleVertical_Abandoned.sub","sub","1420","2025-06-08T21:11:25.1154577Z","C:\Program Files (x86)\Steam\steamapps\common\Barotrauma\Content\Map\Outposts\HallModuleVertical_Abandoned.sub"
"Content/Map/Outposts/Husk_G1.sub","Husk_G1.sub","sub","10910","2025-06-08T21:11:18.2361557Z","C:\Program Files (x86)\Steam\steamapps\common\Barotrauma\Content\Map\Outposts\Husk_G1.sub"
"Content/Map/Outposts/Husk_G2.sub","Husk_G2.sub","sub","8438","2025-06-08T21:11:11.8242329Z","C:\Program Files (x86)\Steam\steamapps\common\Barotrauma\Content\Map\Outposts\Husk_G2.sub"
"Content/Map/Outposts/HuskDistrict_Colony_01.sub","HuskDistrict_Colony_01.sub","sub","17256","2025-09-18T02:31:39.2825276Z","C:\Program Files (x86)\Steam\steamapps\common\Barotrauma\Content\Map\Outposts\HuskDistrict_Colony_01.sub"
"Content/Map/Outposts/HuskDistrict_Module_01.sub","HuskDistrict_Module_01.sub","sub","10980","2025-06-08T21:11:18.2351558Z","C:\Program Files (x86)\Steam\steamapps\common\Barotrauma\Content\Map\Outposts\HuskDistrict_Module_01.sub"
"Content/Map/Outposts/HuskDistrict_Module_02.sub","HuskDistrict_Module_02.sub","sub","13587","2025-06-08T21:11:13.0752886Z","C:\Program Files (x86)\Steam\steamapps\common\Barotrauma\Content\Map\Outposts\HuskDistrict_Module_02.sub"
"Content/Map/Outposts/MedicalModule_01.sub","MedicalModule_01.sub","sub","9572","2025-09-18T02:31:39.0004030Z","C:\Program Files (x86)\Steam\steamapps\common\Barotrauma\Content\Map\Outposts\MedicalModule_01.sub"
"Content/Map/Outposts/MedicalModule_01_Colony.sub","MedicalModule_01_Colony.sub","sub","17657","2025-09-18T02:31:38.9902926Z","C:\Program Files (x86)\Steam\steamapps\common\Barotrauma\Content\Map\Outposts\MedicalModule_01_Colony.sub"
"Content/Map/Outposts/MedicalModule_02.sub","MedicalModule_02.sub","sub","11322","2025-09-18T02:31:39.6382348Z","C:\Program Files (x86)\Steam\steamapps\common\Barotrauma\Content\Map\Outposts\MedicalModule_02.sub"
"Content/Map/Outposts/MedicalModule_02_Colony.sub","MedicalModule_02_Colony.sub","sub","18802","2025-09-18T02:31:38.9953152Z","C:\Program Files (x86)\Steam\steamapps\common\Barotrauma\Content\Map\Outposts\MedicalModule_02_Colony.sub"
"Content/Map/Outposts/MedicalModule_03.sub","MedicalModule_03.sub","sub","11215","2025-06-08T21:11:18.2331561Z","C:\Program Files (x86)\Steam\steamapps\common\Barotrauma\Content\Map\Outposts\MedicalModule_03.sub"
"Content/Map/Outposts/MedicalModule_G1.sub","MedicalModule_G1.sub","sub","12600","2025-09-18T02:31:39.4045756Z","C:\Program Files (x86)\Steam\steamapps\common\Barotrauma\Content\Map\Outposts\MedicalModule_G1.sub"
"Content/Map/Outposts/MedicalModule_G2.sub","MedicalModule_G2.sub","sub","9813","2025-09-18T02:31:39.4045756Z","C:\Program Files (x86)\Steam\steamapps\common\Barotrauma\Content\Map\Outposts\MedicalModule_G2.sub"
"Content/Map/Outposts/MilCrewModule_01.sub","MilCrewModule_01.sub","sub","16438","2025-06-08T21:11:13.0732880Z","C:\Program Files (x86)\Steam\steamapps\common\Barotrauma\Content\Map\Outposts\MilCrewModule_01.sub"
"Content/Map/Outposts/MineModule_01.sub","MineModule_01.sub","sub","9785","2025-06-08T21:11:30.8750307Z","C:\Program Files (x86)\Steam\steamapps\common\Barotrauma\Content\Map\Outposts\MineModule_01.sub"
"Content/Map/Outposts/MineModule_02.sub","MineModule_02.sub","sub","8007","2025-06-08T21:11:18.2301559Z","C:\Program Files (x86)\Steam\steamapps\common\Barotrauma\Content\Map\Outposts\MineModule_02.sub"
"Content/Map/Outposts/MineModule_03.sub","MineModule_03.sub","sub","8053","2025-06-08T21:11:30.8750307Z","C:\Program Files (x86)\Steam\steamapps\common\Barotrauma\Content\Map\Outposts\MineModule_03.sub"
"Content/Map/Outposts/MineModule_04.sub","MineModule_04.sub","sub","9446","2025-06-08T21:11:30.8700304Z","C:\Program Files (x86)\Steam\steamapps\common\Barotrauma\Content\Map\Outposts\MineModule_04.sub"
"Content/Map/Outposts/NightclubModule_01.sub","NightclubModule_01.sub","sub","18837","2025-06-08T21:11:11.8824416Z","C:\Program Files (x86)\Steam\steamapps\common\Barotrauma\Content\Map\Outposts\NightclubModule_01.sub"
"Content/Map/Outposts/Outpost.sub","Outpost.sub","sub","10104","2025-06-08T21:11:18.2341564Z","C:\Program Files (x86)\Steam\steamapps\common\Barotrauma\Content\Map\Outposts\Outpost.sub"
"Content/Map/Outposts/Outpost2.sub","Outpost2.sub","sub","10886","2025-06-08T21:11:18.2331561Z","C:\Program Files (x86)\Steam\steamapps\common\Barotrauma\Content\Map\Outposts\Outpost2.sub"
"Content/Map/Outposts/Outpost3.sub","Outpost3.sub","sub","11344","2025-06-08T21:11:18.2301559Z","C:\Program Files (x86)\Steam\steamapps\common\Barotrauma\Content\Map\Outposts\Outpost3.sub"
"Content/Map/Outposts/OutpostGenerationParameters.xml","OutpostGenerationParameters.xml","xml","18720","2025-06-19T20:07:27.4948534Z","C:\Program Files (x86)\Steam\steamapps\common\Barotrauma\Content\Map\Outposts\OutpostGenerationParameters.xml"
"Content/Map/Outposts/OutpostItems.xml","OutpostItems.xml","xml","124387","2026-06-16T13:01:48.8443623Z","C:\Program Files (x86)\Steam\steamapps\common\Barotrauma\Content\Map\Outposts\OutpostItems.xml"
"Content/Map/Outposts/OutpostStructurePrefabs.xml","OutpostStructurePrefabs.xml","xml","129650","2025-12-10T00:32:43.5506671Z","C:\Program Files (x86)\Steam\steamapps\common\Barotrauma\Content\Map\Outposts\OutpostStructurePrefabs.xml"
"Content/Map/Outposts/PvP_AlienRuins.sub","PvP_AlienRuins.sub","sub","148267","2025-06-08T21:11:30.8760308Z","C:\Program Files (x86)\Steam\steamapps\common\Barotrauma\Content\Map\Outposts\PvP_AlienRuins.sub"
"Content/Map/Outposts/PvP_KattenbergOutpost.sub","PvP_KattenbergOutpost.sub","sub","48302","2025-09-18T02:31:39.5271632Z","C:\Program Files (x86)\Steam\steamapps\common\Barotrauma\Content\Map\Outposts\PvP_KattenbergOutpost.sub"
"Content/Map/Outposts/PvP_RaateColony.sub","PvP_RaateColony.sub","sub","164478","2025-06-08T21:11:18.2957552Z","C:\Program Files (x86)\Steam\steamapps\common\Barotrauma\Content\Map\Outposts\PvP_RaateColony.sub"
"Content/Map/Outposts/Research_A1.sub","Research_A1.sub","sub","17249","2025-06-08T21:11:11.8844363Z","C:\Program Files (x86)\Steam\steamapps\common\Barotrauma\Content\Map\Outposts\Research_A1.sub"
"Content/Map/Outposts/Research_A2.sub","Research_A2.sub","sub","15558","2025-06-08T21:11:30.8730304Z","C:\Program Files (x86)\Steam\steamapps\common\Barotrauma\Content\Map\Outposts\Research_A2.sub"
"Content/Map/Outposts/Research_A3.sub","Research_A3.sub","sub","15637","2025-06-08T21:11:30.8750307Z","C:\Program Files (x86)\Steam\steamapps\common\Barotrauma\Content\Map\Outposts\Research_A3.sub"
"Content/Map/Outposts/Research_A4.sub","Research_A4.sub","sub","18005","2025-06-08T21:11:13.0772885Z","C:\Program Files (x86)\Steam\steamapps\common\Barotrauma\Content\Map\Outposts\Research_A4.sub"
"Content/Map/Outposts/Research_R1.sub","Research_R1.sub","sub","13623","2025-06-08T21:11:21.3895957Z","C:\Program Files (x86)\Steam\steamapps\common\Barotrauma\Content\Map\Outposts\Research_R1.sub"
"Content/Map/Outposts/Research_R2.sub","Research_R2.sub","sub","12079","2025-06-08T21:11:13.0762885Z","C:\Program Files (x86)\Steam\steamapps\common\Barotrauma\Content\Map\Outposts\Research_R2.sub"
"Content/Map/Outposts/ResearchModule_01.sub","ResearchModule_01.sub","sub","15213","2025-06-08T21:11:21.3925957Z","C:\Program Files (x86)\Steam\steamapps\common\Barotrauma\Content\Map\Outposts\ResearchModule_01.sub"
"Content/Map/Outposts/ResearchModule_01_Colony.sub","ResearchModule_01_Colony.sub","sub","16708","2025-06-08T21:11:11.8834292Z","C:\Program Files (x86)\Steam\steamapps\common\Barotrauma\Content\Map\Outposts\ResearchModule_01_Colony.sub"
"Content/Map/Outposts/ResearchModule_02.sub","ResearchModule_02.sub","sub","17611","2025-09-18T02:31:38.9932936Z","C:\Program Files (x86)\Steam\steamapps\common\Barotrauma\Content\Map\Outposts\ResearchModule_02.sub"
"Content/Map/Outposts/ResearchModule_02_Colony.sub","ResearchModule_02_Colony.sub","sub","16120","2025-06-08T21:11:13.0712882Z","C:\Program Files (x86)\Steam\steamapps\common\Barotrauma\Content\Map\Outposts\ResearchModule_02_Colony.sub"
"Content/Map/Outposts/ResidentialModule_01_Colony.sub","ResidentialModule_01_Colony.sub","sub","26680","2025-06-19T20:07:30.0814671Z","C:\Program Files (x86)\Steam\steamapps\common\Barotrauma\Content\Map\Outposts\ResidentialModule_01_Colony.sub"
"Content/Map/Outposts/Security_A1.sub","Security_A1.sub","sub","13122","2025-06-08T21:11:11.8834292Z","C:\Program Files (x86)\Steam\steamapps\common\Barotrauma\Content\Map\Outposts\Security_A1.sub"
"Content/Map/Outposts/Security_A2.sub","Security_A2.sub","sub","11763","2025-06-08T21:11:11.8834292Z","C:\Program Files (x86)\Steam\steamapps\common\Barotrauma\Content\Map\Outposts\Security_A2.sub"
"Content/Map/Outposts/Security_A3.sub","Security_A3.sub","sub","11427","2025-06-08T21:11:30.8740306Z","C:\Program Files (x86)\Steam\steamapps\common\Barotrauma\Content\Map\Outposts\Security_A3.sub"
"Content/Map/Outposts/Security_A4.sub","Security_A4.sub","sub","13269","2025-06-08T21:11:11.8824416Z","C:\Program Files (x86)\Steam\steamapps\common\Barotrauma\Content\Map\Outposts\Security_A4.sub"
"Content/Map/Outposts/Security_MIL1.sub","Security_MIL1.sub","sub","12839","2025-06-08T21:11:18.2331561Z","C:\Program Files (x86)\Steam\steamapps\common\Barotrauma\Content\Map\Outposts\Security_MIL1.sub"
"Content/Map/Outposts/Security_MIL2.sub","Security_MIL2.sub","sub","10935","2025-06-08T21:11:18.2947543Z","C:\Program Files (x86)\Steam\steamapps\common\Barotrauma\Content\Map\Outposts\Security_MIL2.sub"
"Content/Map/Outposts/SecurityModule_01.sub","SecurityModule_01.sub","sub","9159","2025-06-08T21:11:21.3915957Z","C:\Program Files (x86)\Steam\steamapps\common\Barotrauma\Content\Map\Outposts\SecurityModule_01.sub"
"Content/Map/Outposts/SecurityModule_01_Colony.sub","SecurityModule_01_Colony.sub","sub","17925","2025-06-08T21:11:21.3875956Z","C:\Program Files (x86)\Steam\steamapps\common\Barotrauma\Content\Map\Outposts\SecurityModule_01_Colony.sub"
"Content/Map/Outposts/SecurityModule_02.sub","SecurityModule_02.sub","sub","12242","2025-06-08T21:11:18.2957552Z","C:\Program Files (x86)\Steam\steamapps\common\Barotrauma\Content\Map\Outposts\SecurityModule_02.sub"
"Content/Map/Outposts/StorageModule_01.sub","StorageModule_01.sub","sub","4680","2025-06-08T21:11:18.2957552Z","C:\Program Files (x86)\Steam\steamapps\common\Barotrauma\Content\Map\Outposts\StorageModule_01.sub"
"Content/Map/Outposts/StorageModule_02.sub","StorageModule_02.sub","sub","4858","2025-06-08T21:11:21.3885956Z","C:\Program Files (x86)\Steam\steamapps\common\Barotrauma\Content\Map\Outposts\StorageModule_02.sub"
"Content/Map/Outposts/StorageModule_03.sub","StorageModule_03.sub","sub","3414","2025-06-08T21:11:21.3925957Z","C:\Program Files (x86)\Steam\steamapps\common\Barotrauma\Content\Map\Outposts\StorageModule_03.sub"
"Content/Map/Outposts/test_HallwayModuleHorizontal.sub","test_HallwayModuleHorizontal.sub","sub","1036","2025-06-08T21:11:30.8750307Z","C:\Program Files (x86)\Steam\steamapps\common\Barotrauma\Content\Map\Outposts\test_HallwayModuleHorizontal.sub"
"Content/Map/Outposts/test_HallwayModuleVertical.sub","test_HallwayModuleVertical.sub","sub","970","2025-06-08T21:11:13.0762885Z","C:\Program Files (x86)\Steam\steamapps\common\Barotrauma\Content\Map\Outposts\test_HallwayModuleVertical.sub"
"Content/Map/OutpostWall_A.png","OutpostWall_A.png","png","143520","2025-06-08T21:11:18.2907512Z","C:\Program Files (x86)\Steam\steamapps\common\Barotrauma\Content\Map\OutpostWall_A.png"
"Content/Map/Pirates/pirate_1.png","pirate_1.png","png","86196","2025-06-08T21:11:13.0742884Z","C:\Program Files (x86)\Steam\steamapps\common\Barotrauma\Content\Map\Pirates\pirate_1.png"
"Content/Map/Pirates/pirate_2.png","pirate_2.png","png","90116","2025-06-08T21:11:21.7175036Z","C:\Program Files (x86)\Steam\steamapps\common\Barotrauma\Content\Map\Pirates\pirate_2.png"
"Content/Map/Pirates/pirate_3.png","pirate_3.png","png","86350","2025-06-08T21:11:18.3973707Z","C:\Program Files (x86)\Steam\steamapps\common\Barotrauma\Content\Map\Pirates\pirate_3.png"
"Content/Map/Pirates/PirateEquip.png","PirateEquip.png","png","8101","2025-06-08T21:11:18.2311561Z","C:\Program Files (x86)\Steam\steamapps\common\Barotrauma\Content\Map\Pirates\PirateEquip.png"
"Content/Map/Pirates/PirateItems.xml","PirateItems.xml","xml","37382","2026-06-16T13:02:20.6008615Z","C:\Program Files (x86)\Steam\steamapps\common\Barotrauma\Content\Map\Pirates\PirateItems.xml"
"Content/Map/Pirates/PirateShipAssets.png","PirateShipAssets.png","png","1154559","2025-06-08T21:11:01.9874611Z","C:\Program Files (x86)\Steam\steamapps\common\Barotrauma\Content\Map\Pirates\PirateShipAssets.png"
"Content/Map/Pirates/PirateShipAssets2.png","PirateShipAssets2.png","png","1488467","2025-06-08T21:11:01.9874611Z","C:\Program Files (x86)\Steam\steamapps\common\Barotrauma\Content\Map\Pirates\PirateShipAssets2.png"
"Content/Map/Pirates/PirateShipAssets3.png","PirateShipAssets3.png","png","1153560","2025-06-08T21:11:01.9874611Z","C:\Program Files (x86)\Steam\steamapps\common\Barotrauma\Content\Map\Pirates\PirateShipAssets3.png"
"Content/Map/Pirates/PirateStructures.xml","PirateStructures.xml","xml","4902","2025-06-08T21:11:18.2947543Z","C:\Program Files (x86)\Steam\steamapps\common\Barotrauma\Content\Map\Pirates\PirateStructures.xml"
"Content/Map/radiationborder.png","radiationborder.png","png","777490","2025-06-08T21:11:01.9874611Z","C:\Program Files (x86)\Steam\steamapps\common\Barotrauma\Content\Map\radiationborder.png"
"Content/Map/Reticles.png","Reticles.png","png","257452","2025-06-08T21:11:13.1319763Z","C:\Program Files (x86)\Steam\steamapps\common\Barotrauma\Content\Map\Reticles.png"
"Content/Map/RuinConfig.xml","RuinConfig.xml","xml","9648","2025-06-08T21:11:31.3689248Z","C:\Program Files (x86)\Steam\steamapps\common\Barotrauma\Content\Map\RuinConfig.xml"
"Content/Map/RuinModules/Alien_Chambers1.sub","Alien_Chambers1.sub","sub","10756","2025-06-08T21:11:31.3679233Z","C:\Program Files (x86)\Steam\steamapps\common\Barotrauma\Content\Map\RuinModules\Alien_Chambers1.sub"
"Content/Map/RuinModules/Alien_Chambers2.sub","Alien_Chambers2.sub","sub","15140","2025-06-19T20:07:29.8394201Z","C:\Program Files (x86)\Steam\steamapps\common\Barotrauma\Content\Map\RuinModules\Alien_Chambers2.sub"
"Content/Map/RuinModules/Alien_Chambers4Way.sub","Alien_Chambers4Way.sub","sub","18494","2025-06-08T21:11:31.3699233Z","C:\Program Files (x86)\Steam\steamapps\common\Barotrauma\Content\Map\RuinModules\Alien_Chambers4Way.sub"
"Content/Map/RuinModules/Alien_Chasm.sub","Alien_Chasm.sub","sub","21668","2025-06-08T21:11:11.9404511Z","C:\Program Files (x86)\Steam\steamapps\common\Barotrauma\Content\Map\RuinModules\Alien_Chasm.sub"
"Content/Map/RuinModules/Alien_Chasm2.sub","Alien_Chasm2.sub","sub","20943","2025-06-08T21:11:13.0752886Z","C:\Program Files (x86)\Steam\steamapps\common\Barotrauma\Content\Map\RuinModules\Alien_Chasm2.sub"
"Content/Map/RuinModules/Alien_Chasm3.sub","Alien_Chasm3.sub","sub","21109","2025-06-19T20:07:27.9202488Z","C:\Program Files (x86)\Steam\steamapps\common\Barotrauma\Content\Map\RuinModules\Alien_Chasm3.sub"
"Content/Map/RuinModules/Alien_CurrentQuarters.sub","Alien_CurrentQuarters.sub","sub","21249","2025-06-08T21:11:13.1329758Z","C:\Program Files (x86)\Steam\steamapps\common\Barotrauma\Content\Map\RuinModules\Alien_CurrentQuarters.sub"
"Content/Map/RuinModules/Alien_DeadEndL.sub","Alien_DeadEndL.sub","sub","2786","2025-06-08T21:11:18.2947543Z","C:\Program Files (x86)\Steam\steamapps\common\Barotrauma\Content\Map\RuinModules\Alien_DeadEndL.sub"
"Content/Map/RuinModules/Alien_DeadEndR.sub","Alien_DeadEndR.sub","sub","2773","2025-06-08T21:11:18.6272130Z","C:\Program Files (x86)\Steam\steamapps\common\Barotrauma\Content\Map\RuinModules\Alien_DeadEndR.sub"
"Content/Map/RuinModules/Alien_Entrance1.sub","Alien_Entrance1.sub","sub","9114","2025-06-19T20:07:27.9182451Z","C:\Program Files (x86)\Steam\steamapps\common\Barotrauma\Content\Map\RuinModules\Alien_Entrance1.sub"
"Content/Map/RuinModules/Alien_Entrance2.sub","Alien_Entrance2.sub","sub","7482","2025-06-08T21:11:18.2947543Z","C:\Program Files (x86)\Steam\steamapps\common\Barotrauma\Content\Map\RuinModules\Alien_Entrance2.sub"
"Content/Map/RuinModules/Alien_Entrance3.sub","Alien_Entrance3.sub","sub","10570","2025-06-08T21:11:18.6890472Z","C:\Program Files (x86)\Steam\steamapps\common\Barotrauma\Content\Map\RuinModules\Alien_Entrance3.sub"
"Content/Map/RuinModules/Alien_GeneticStorage1L.sub","Alien_GeneticStorage1L.sub","sub","16000","2025-06-08T21:11:25.1119493Z","C:\Program Files (x86)\Steam\steamapps\common\Barotrauma\Content\Map\RuinModules\Alien_GeneticStorage1L.sub"
"Content/Map/RuinModules/Alien_GeneticStorage1R.sub","Alien_GeneticStorage1R.sub","sub","14467","2025-06-08T21:11:21.8444109Z","C:\Program Files (x86)\Steam\steamapps\common\Barotrauma\Content\Map\RuinModules\Alien_GeneticStorage1R.sub"
"Content/Map/RuinModules/Alien_HallwayBlocked.sub","Alien_HallwayBlocked.sub","sub","1312","2025-06-08T21:11:11.8794290Z","C:\Program Files (x86)\Steam\steamapps\common\Barotrauma\Content\Map\RuinModules\Alien_HallwayBlocked.sub"
"Content/Map/RuinModules/Alien_HallwayHorizontal.sub","Alien_HallwayHorizontal.sub","sub","1099","2025-06-08T21:11:21.7797795Z","C:\Program Files (x86)\Steam\steamapps\common\Barotrauma\Content\Map\RuinModules\Alien_HallwayHorizontal.sub"
"Content/Map/RuinModules/Alien_HallwaySphere.sub","Alien_HallwaySphere.sub","sub","9030","2025-06-19T20:07:28.1981204Z","C:\Program Files (x86)\Steam\steamapps\common\Barotrauma\Content\Map\RuinModules\Alien_HallwaySphere.sub"
"Content/Map/RuinModules/Alien_HallwayVertical.sub","Alien_HallwayVertical.sub","sub","1095","2025-06-08T21:11:31.3699233Z","C:\Program Files (x86)\Steam\steamapps\common\Barotrauma\Content\Map\RuinModules\Alien_HallwayVertical.sub"
"Content/Map/RuinModules/Alien_HazardMaze1.sub","Alien_HazardMaze1.sub","sub","42096","2025-06-08T21:11:18.2947543Z","C:\Program Files (x86)\Steam\steamapps\common\Barotrauma\Content\Map\RuinModules\Alien_HazardMaze1.sub"
"Content/Map/RuinModules/Alien_HuskMaze1.sub","Alien_HuskMaze1.sub","sub","57538","2025-06-08T21:11:25.1752734Z","C:\Program Files (x86)\Steam\steamapps\common\Barotrauma\Content\Map\RuinModules\Alien_HuskMaze1.sub"
"Content/Map/RuinModules/Alien_MaintenancePassages.sub","Alien_MaintenancePassages.sub","sub","22116","2025-06-08T21:11:18.6900470Z","C:\Program Files (x86)\Steam\steamapps\common\Barotrauma\Content\Map\RuinModules\Alien_MaintenancePassages.sub"
"Content/Map/RuinModules/Alien_MaintenancePassages2.sub","Alien_MaintenancePassages2.sub","sub","16810","2025-06-08T21:11:13.1329758Z","C:\Program Files (x86)\Steam\steamapps\common\Barotrauma\Content\Map\RuinModules\Alien_MaintenancePassages2.sub"
"Content/Map/RuinModules/Alien_MaintenanceTunnels1.sub","Alien_MaintenanceTunnels1.sub","sub","8512","2025-06-19T20:07:28.1971207Z","C:\Program Files (x86)\Steam\steamapps\common\Barotrauma\Content\Map\RuinModules\Alien_MaintenanceTunnels1.sub"
"Content/Map/RuinModules/Alien_MaintenanceTunnels2L.sub","Alien_MaintenanceTunnels2L.sub","sub","4227","2025-06-08T21:11:18.6910468Z","C:\Program Files (x86)\Steam\steamapps\common\Barotrauma\Content\Map\RuinModules\Alien_MaintenanceTunnels2L.sub"
"Content/Map/RuinModules/Alien_MaintenanceTunnels2R.sub","Alien_MaintenanceTunnels2R.sub","sub","4305","2025-06-08T21:11:18.6890472Z","C:\Program Files (x86)\Steam\steamapps\common\Barotrauma\Content\Map\RuinModules\Alien_MaintenanceTunnels2R.sub"
"Content/Map/RuinModules/Alien_Offices1.sub","Alien_Offices1.sub","sub","33276","2025-06-08T21:11:18.6900470Z","C:\Program Files (x86)\Steam\steamapps\common\Barotrauma\Content\Map\RuinModules\Alien_Offices1.sub"
"Content/Map/RuinModules/Alien_ResearchFacility.sub","Alien_ResearchFacility.sub","sub","18128","2025-06-08T21:11:11.9434517Z","C:\Program Files (x86)\Steam\steamapps\common\Barotrauma\Content\Map\RuinModules\Alien_ResearchFacility.sub"
"Content/Map/RuinModules/Alien_SecurityModule.sub","Alien_SecurityModule.sub","sub","8410","2025-06-08T21:11:18.2927513Z","C:\Program Files (x86)\Steam\steamapps\common\Barotrauma\Content\Map\RuinModules\Alien_SecurityModule.sub"
"Content/Map/RuinModules/Alien_Shrine.sub","Alien_Shrine.sub","sub","40151","2025-06-19T20:07:27.9695510Z","C:\Program Files (x86)\Steam\steamapps\common\Barotrauma\Content\Map\RuinModules\Alien_Shrine.sub"
"Content/Map/RuinModules/Alien_Storage1L.sub","Alien_Storage1L.sub","sub","18107","2025-06-19T20:07:30.0814671Z","C:\Program Files (x86)\Steam\steamapps\common\Barotrauma\Content\Map\RuinModules\Alien_Storage1L.sub"
"Content/Map/RuinModules/Alien_Storage1R.sub","Alien_Storage1R.sub","sub","19157","2025-06-19T20:07:27.9202488Z","C:\Program Files (x86)\Steam\steamapps\common\Barotrauma\Content\Map\RuinModules\Alien_Storage1R.sub"
"Content/Map/RuinModules/Alien_ToxinsMaze1.sub","Alien_ToxinsMaze1.sub","sub","25716","2025-06-08T21:11:18.6900470Z","C:\Program Files (x86)\Steam\steamapps\common\Barotrauma\Content\Map\RuinModules\Alien_ToxinsMaze1.sub"
"Content/Map/RuinModules/Alien_VaultModule1.sub","Alien_VaultModule1.sub","sub","27692","2025-06-08T21:11:13.1339766Z","C:\Program Files (x86)\Steam\steamapps\common\Barotrauma\Content\Map\RuinModules\Alien_VaultModule1.sub"
"Content/Map/RuinModules/Alien_VaultModule2.sub","Alien_VaultModule2.sub","sub","22986","2025-06-08T21:11:18.2947543Z","C:\Program Files (x86)\Steam\steamapps\common\Barotrauma\Content\Map\RuinModules\Alien_VaultModule2.sub"
"Content/Map/RuinModules/Alien_Workshop.sub","Alien_Workshop.sub","sub","25328","2025-06-08T21:11:18.6900470Z","C:\Program Files (x86)\Steam\steamapps\common\Barotrauma\Content\Map\RuinModules\Alien_Workshop.sub"
"Content/Map/ruins.png","ruins.png","png","674276","2025-06-08T21:11:01.9884609Z","C:\Program Files (x86)\Steam\steamapps\common\Barotrauma\Content\Map\ruins.png"
"Content/Map/ShuttleWalls.png","ShuttleWalls.png","png","982529","2025-06-08T21:11:01.9884609Z","C:\Program Files (x86)\Steam\steamapps\common\Barotrauma\Content\Map\ShuttleWalls.png"
"Content/Map/StructurePrefabs.xml","StructurePrefabs.xml","xml","237947","2026-04-09T15:55:13.0855776Z","C:\Program Files (x86)\Steam\steamapps\common\Barotrauma\Content\Map\StructurePrefabs.xml"
"Content/Map/SubmarineDeco.png","SubmarineDeco.png","png","257990","2025-06-08T21:11:18.7552477Z","C:\Program Files (x86)\Steam\steamapps\common\Barotrauma\Content\Map\SubmarineDeco.png"
"Content/Map/SubRearBow3.png","SubRearBow3.png","png","436696","2025-06-08T21:11:01.9889978Z","C:\Program Files (x86)\Steam\steamapps\common\Barotrauma\Content\Map\SubRearBow3.png"
"Content/Map/SubWindows.png","SubWindows.png","png","81223","2025-06-08T21:11:18.5636225Z","C:\Program Files (x86)\Steam\steamapps\common\Barotrauma\Content\Map\SubWindows.png"
"Content/Map/testroom.png","testroom.png","png","953106","2025-06-08T21:11:01.9889978Z","C:\Program Files (x86)\Steam\steamapps\common\Barotrauma\Content\Map\testroom.png"
"Content/Map/Thalamus/Sounds/CARRIER_alarmLoop.ogg","CARRIER_alarmLoop.ogg","ogg","78923","2025-06-08T21:11:11.9424515Z","C:\Program Files (x86)\Steam\steamapps\common\Barotrauma\Content\Map\Thalamus\Sounds\CARRIER_alarmLoop.ogg"
"Content/Map/Thalamus/Sounds/CARRIER_brainDeath1.ogg","CARRIER_brainDeath1.ogg","ogg","109533","2025-06-08T21:11:18.9015269Z","C:\Program Files (x86)\Steam\steamapps\common\Barotrauma\Content\Map\Thalamus\Sounds\CARRIER_brainDeath1.ogg"
"Content/Map/Thalamus/Sounds/CARRIER_brainDeath2.ogg","CARRIER_brainDeath2.ogg","ogg","123657","2025-06-08T21:11:19.0952977Z","C:\Program Files (x86)\Steam\steamapps\common\Barotrauma\Content\Map\Thalamus\Sounds\CARRIER_brainDeath2.ogg"
"Content/Map/Thalamus/Sounds/CARRIER_brainHit1.ogg","CARRIER_brainHit1.ogg","ogg","68461","2025-06-08T21:11:11.9414512Z","C:\Program Files (x86)\Steam\steamapps\common\Barotrauma\Content\Map\Thalamus\Sounds\CARRIER_brainHit1.ogg"
"Content/Map/Thalamus/Sounds/CARRIER_brainHit2.ogg","CARRIER_brainHit2.ogg","ogg","71009","2025-06-08T21:11:19.0952977Z","C:\Program Files (x86)\Steam\steamapps\common\Barotrauma\Content\Map\Thalamus\Sounds\CARRIER_brainHit2.ogg"
"Content/Map/Thalamus/Sounds/CARRIER_brainHit3.ogg","CARRIER_brainHit3.ogg","ogg","76213","2025-06-08T21:11:18.5636225Z","C:\Program Files (x86)\Steam\steamapps\common\Barotrauma\Content\Map\Thalamus\Sounds\CARRIER_brainHit3.ogg"
"Content/Map/Thalamus/Sounds/CARRIER_brainHit5.ogg","CARRIER_brainHit5.ogg","ogg","71261","2025-06-08T21:11:13.1329758Z","C:\Program Files (x86)\Steam\steamapps\common\Barotrauma\Content\Map\Thalamus\Sounds\CARRIER_brainHit5.ogg"
"Content/Map/Thalamus/Sounds/CARRIER_brainHit6.ogg","CARRIER_brainHit6.ogg","ogg","74553","2025-06-08T21:11:31.5952654Z","C:\Program Files (x86)\Steam\steamapps\common\Barotrauma\Content\Map\Thalamus\Sounds\CARRIER_brainHit6.ogg"
"Content/Map/Thalamus/Sounds/CARRIER_brainHit7.ogg","CARRIER_brainHit7.ogg","ogg","67839","2025-06-08T21:11:31.5962655Z","C:\Program Files (x86)\Steam\steamapps\common\Barotrauma\Content\Map\Thalamus\Sounds\CARRIER_brainHit7.ogg"
"Content/Map/Thalamus/Sounds/CARRIER_harpoonHit1.ogg","CARRIER_harpoonHit1.ogg","ogg","66210","2025-06-08T21:11:31.7128631Z","C:\Program Files (x86)\Steam\steamapps\common\Barotrauma\Content\Map\Thalamus\Sounds\CARRIER_harpoonHit1.ogg"
"Content/Map/Thalamus/Sounds/CARRIER_harpoonHit2.ogg","CARRIER_harpoonHit2.ogg","ogg","68937","2025-06-08T21:11:18.5636225Z","C:\Program Files (x86)\Steam\steamapps\common\Barotrauma\Content\Map\Thalamus\Sounds\CARRIER_harpoonHit2.ogg"
"Content/Map/Thalamus/Sounds/CARRIER_harpoonLaunch1.ogg","CARRIER_harpoonLaunch1.ogg","ogg","73860","2025-06-08T21:11:24.0696837Z","C:\Program Files (x86)\Steam\steamapps\common\Barotrauma\Content\Map\Thalamus\Sounds\CARRIER_harpoonLaunch1.ogg"
"Content/Map/Thalamus/Sounds/CARRIER_harpoonLaunch2.ogg","CARRIER_harpoonLaunch2.ogg","ogg","63658","2025-06-08T21:11:19.0882934Z","C:\Program Files (x86)\Steam\steamapps\common\Barotrauma\Content\Map\Thalamus\Sounds\CARRIER_harpoonLaunch2.ogg"
"Content/Map/Thalamus/Sounds/CARRIER_harpoonLaunch3.ogg","CARRIER_harpoonLaunch3.ogg","ogg","76109","2025-06-08T21:11:18.5656226Z","C:\Program Files (x86)\Steam\steamapps\common\Barotrauma\Content\Map\Thalamus\Sounds\CARRIER_harpoonLaunch3.ogg"
"Content/Map/Thalamus/Sounds/CARRIER_harpoonMoveLoop.ogg","CARRIER_harpoonMoveLoop.ogg","ogg","108085","2025-06-08T21:11:19.0942978Z","C:\Program Files (x86)\Steam\steamapps\common\Barotrauma\Content\Map\Thalamus\Sounds\CARRIER_harpoonMoveLoop.ogg"
"Content/Map/Thalamus/Sounds/CARRIER_harpoonMoveStart.ogg","CARRIER_harpoonMoveStart.ogg","ogg","52414","2025-06-08T21:11:19.0962971Z","C:\Program Files (x86)\Steam\steamapps\common\Barotrauma\Content\Map\Thalamus\Sounds\CARRIER_harpoonMoveStart.ogg"
"Content/Map/Thalamus/Sounds/CARRIER_harpoonMoveStop.ogg","CARRIER_harpoonMoveStop.ogg","ogg","66229","2025-06-08T21:11:31.7128631Z","C:\Program Files (x86)\Steam\steamapps\common\Barotrauma\Content\Map\Thalamus\Sounds\CARRIER_harpoonMoveStop.ogg"
"Content/Map/Thalamus/Sounds/CARRIER_harpoonThrough1.ogg","CARRIER_harpoonThrough1.ogg","ogg","40300","2025-06-08T21:11:18.5656226Z","C:\Program Files (x86)\Steam\steamapps\common\Barotrauma\Content\Map\Thalamus\Sounds\CARRIER_harpoonThrough1.ogg"
"Content/Map/Thalamus/Sounds/CARRIER_harpoonThrough2.ogg","CARRIER_harpoonThrough2.ogg","ogg","36687","2025-06-08T21:11:18.5656226Z","C:\Program Files (x86)\Steam\steamapps\common\Barotrauma\Content\Map\Thalamus\Sounds\CARRIER_harpoonThrough2.ogg"
"Content/Map/Thalamus/Sounds/CARRIER_harpoonThrough3.ogg","CARRIER_harpoonThrough3.ogg","ogg","37753","2025-06-08T21:11:24.0676833Z","C:\Program Files (x86)\Steam\steamapps\common\Barotrauma\Content\Map\Thalamus\Sounds\CARRIER_harpoonThrough3.ogg"
"Content/Map/Thalamus/Sounds/CARRIER_idle1.ogg","CARRIER_idle1.ogg","ogg","225021","2025-06-08T21:11:21.9536255Z","C:\Program Files (x86)\Steam\steamapps\common\Barotrauma\Content\Map\Thalamus\Sounds\CARRIER_idle1.ogg"
"Content/Map/Thalamus/Sounds/CARRIER_idle2.ogg","CARRIER_idle2.ogg","ogg","232563","2025-06-08T21:11:24.1262081Z","C:\Program Files (x86)\Steam\steamapps\common\Barotrauma\Content\Map\Thalamus\Sounds\CARRIER_idle2.ogg"
"Content/Map/Thalamus/Sounds/CARRIER_idle3.ogg","CARRIER_idle3.ogg","ogg","244713","2025-06-08T21:11:31.9523598Z","C:\Program Files (x86)\Steam\steamapps\common\Barotrauma\Content\Map\Thalamus\Sounds\CARRIER_idle3.ogg"
"Content/Map/Thalamus/Sounds/CARRIER_idle4.ogg","CARRIER_idle4.ogg","ogg","197684","2025-06-08T21:11:19.0962971Z","C:\Program Files (x86)\Steam\steamapps\common\Barotrauma\Content\Map\Thalamus\Sounds\CARRIER_idle4.ogg"
"Content/Map/Thalamus/Sounds/CARRIER_organs1.ogg","CARRIER_organs1.ogg","ogg","43305","2025-06-08T21:11:31.9553586Z","C:\Program Files (x86)\Steam\steamapps\common\Barotrauma\Content\Map\Thalamus\Sounds\CARRIER_organs1.ogg"
"Content/Map/Thalamus/Sounds/CARRIER_organs2.ogg","CARRIER_organs2.ogg","ogg","51998","2025-06-08T21:11:21.9486258Z","C:\Program Files (x86)\Steam\steamapps\common\Barotrauma\Content\Map\Thalamus\Sounds\CARRIER_organs2.ogg"
"Content/Map/Thalamus/Sounds/CARRIER_organs3.ogg","CARRIER_organs3.ogg","ogg","47042","2025-06-08T21:11:24.1232082Z","C:\Program Files (x86)\Steam\steamapps\common\Barotrauma\Content\Map\Thalamus\Sounds\CARRIER_organs3.ogg"
"Content/Map/Thalamus/Sounds/CARRIER_organs4.ogg","CARRIER_organs4.ogg","ogg","51149","2025-06-08T21:11:18.5656226Z","C:\Program Files (x86)\Steam\steamapps\common\Barotrauma\Content\Map\Thalamus\Sounds\CARRIER_organs4.ogg"
"Content/Map/Thalamus/Sounds/CARRIER_organs5.ogg","CARRIER_organs5.ogg","ogg","52316","2025-06-08T21:11:12.0036862Z","C:\Program Files (x86)\Steam\steamapps\common\Barotrauma\Content\Map\Thalamus\Sounds\CARRIER_organs5.ogg"
"Content/Map/Thalamus/Sounds/CARRIER_organs6.ogg","CARRIER_organs6.ogg","ogg","38633","2025-06-08T21:11:13.1339766Z","C:\Program Files (x86)\Steam\steamapps\common\Barotrauma\Content\Map\Thalamus\Sounds\CARRIER_organs6.ogg"
"Content/Map/Thalamus/Sounds/CARRIER_organs7.ogg","CARRIER_organs7.ogg","ogg","40144","2025-06-08T21:11:18.5656226Z","C:\Program Files (x86)\Steam\steamapps\common\Barotrauma\Content\Map\Thalamus\Sounds\CARRIER_organs7.ogg"
"Content/Map/Thalamus/Sounds/CARRIER_organs8.ogg","CARRIER_organs8.ogg","ogg","39791","2025-06-08T21:11:19.1428851Z","C:\Program Files (x86)\Steam\steamapps\common\Barotrauma\Content\Map\Thalamus\Sounds\CARRIER_organs8.ogg"
"Content/Map/Thalamus/Sounds/CARRIER_organs9.ogg","CARRIER_organs9.ogg","ogg","52656","2025-06-08T21:11:13.1329758Z","C:\Program Files (x86)\Steam\steamapps\common\Barotrauma\Content\Map\Thalamus\Sounds\CARRIER_organs9.ogg"
"Content/Map/Thalamus/Sounds/CARRIER_spikeHit1.ogg","CARRIER_spikeHit1.ogg","ogg","38185","2025-06-08T21:11:12.0046858Z","C:\Program Files (x86)\Steam\steamapps\common\Barotrauma\Content\Map\Thalamus\Sounds\CARRIER_spikeHit1.ogg"
"Content/Map/Thalamus/Sounds/CARRIER_spikeHit2.ogg","CARRIER_spikeHit2.ogg","ogg","39936","2025-06-08T21:11:19.1438850Z","C:\Program Files (x86)\Steam\steamapps\common\Barotrauma\Content\Map\Thalamus\Sounds\CARRIER_spikeHit2.ogg"
"Content/Map/Thalamus/Sounds/CARRIER_spikeHit3.ogg","CARRIER_spikeHit3.ogg","ogg","38957","2025-06-08T21:11:21.9496257Z","C:\Program Files (x86)\Steam\steamapps\common\Barotrauma\Content\Map\Thalamus\Sounds\CARRIER_spikeHit3.ogg"
"Content/Map/Thalamus/Sounds/CARRIER_spikeLaunch1.ogg","CARRIER_spikeLaunch1.ogg","ogg","35155","2025-06-08T21:11:11.9986273Z","C:\Program Files (x86)\Steam\steamapps\common\Barotrauma\Content\Map\Thalamus\Sounds\CARRIER_spikeLaunch1.ogg"
"Content/Map/Thalamus/Sounds/CARRIER_spikeLaunch2.ogg","CARRIER_spikeLaunch2.ogg","ogg","36499","2025-06-08T21:11:18.5656226Z","C:\Program Files (x86)\Steam\steamapps\common\Barotrauma\Content\Map\Thalamus\Sounds\CARRIER_spikeLaunch2.ogg"
"Content/Map/Thalamus/Sounds/CARRIER_spikeLaunch3.ogg","CARRIER_spikeLaunch3.ogg","ogg","34960","2025-06-08T21:11:22.0027165Z","C:\Program Files (x86)\Steam\steamapps\common\Barotrauma\Content\Map\Thalamus\Sounds\CARRIER_spikeLaunch3.ogg"
"Content/Map/Thalamus/thalamus.png","thalamus.png","png","865952","2025-06-08T21:11:01.9889978Z","C:\Program Files (x86)\Steam\steamapps\common\Barotrauma\Content\Map\Thalamus\thalamus.png"
"Content/Map/Thalamus/ThalamusAI.xml","ThalamusAI.xml","xml","1118","2025-06-08T21:11:13.1299761Z","C:\Program Files (x86)\Steam\steamapps\common\Barotrauma\Content\Map\Thalamus\ThalamusAI.xml"
"Content/Map/Thalamus/thalamusitems.xml","thalamusitems.xml","xml","28333","2025-06-08T21:11:13.1329758Z","C:\Program Files (x86)\Steam\steamapps\common\Barotrauma\Content\Map\Thalamus\thalamusitems.xml"
"Content/Map/Thalamus/thalamusstructures.xml","thalamusstructures.xml","xml","3241","2025-06-08T21:11:18.5636225Z","C:\Program Files (x86)\Steam\steamapps\common\Barotrauma\Content\Map\Thalamus\thalamusstructures.xml"
"Content/Map/walldamage.png","walldamage.png","png","494133","2025-06-08T21:11:01.9900009Z","C:\Program Files (x86)\Steam\steamapps\common\Barotrauma\Content\Map\walldamage.png"
"Content/Map/Wrecks/Barsuk_Wrecked.sub","Barsuk_Wrecked.sub","sub","29161","2025-06-08T21:11:25.1144538Z","C:\Program Files (x86)\Steam\steamapps\common\Barotrauma\Content\Map\Wrecks\Barsuk_Wrecked.sub"
"Content/Map/Wrecks/Berilia_Wrecked.sub","Berilia_Wrecked.sub","sub","35374","2025-06-08T21:11:19.2008414Z","C:\Program Files (x86)\Steam\steamapps\common\Barotrauma\Content\Map\Wrecks\Berilia_Wrecked.sub"
"Content/Map/Wrecks/Camel_Wrecked.sub","Camel_Wrecked.sub","sub","36973","2025-06-08T21:11:31.9553586Z","C:\Program Files (x86)\Steam\steamapps\common\Barotrauma\Content\Map\Wrecks\Camel_Wrecked.sub"
"Content/Map/Wrecks/Dugong_Wrecked.sub","Dugong_Wrecked.sub","sub","25681","2025-06-08T21:11:18.7532477Z","C:\Program Files (x86)\Steam\steamapps\common\Barotrauma\Content\Map\Wrecks\Dugong_Wrecked.sub"
"Content/Map/Wrecks/Hemulen_Wrecked.sub","Hemulen_Wrecked.sub","sub","17270","2025-06-08T21:11:22.0057166Z","C:\Program Files (x86)\Steam\steamapps\common\Barotrauma\Content\Map\Wrecks\Hemulen_Wrecked.sub"
"Content/Map/Wrecks/Humpback_Wrecked.sub","Humpback_Wrecked.sub","sub","38379","2025-06-08T21:11:12.0026274Z","C:\Program Files (x86)\Steam\steamapps\common\Barotrauma\Content\Map\Wrecks\Humpback_Wrecked.sub"
"Content/Map/Wrecks/Kastrull_Wrecked.sub","Kastrull_Wrecked.sub","sub","39671","2025-06-08T21:11:22.0067163Z","C:\Program Files (x86)\Steam\steamapps\common\Barotrauma\Content\Map\Wrecks\Kastrull_Wrecked.sub"
"Content/Map/Wrecks/R-29_Wrecked.sub","R-29_Wrecked.sub","sub","63935","2025-06-08T21:11:19.1998411Z","C:\Program Files (x86)\Steam\steamapps\common\Barotrauma\Content\Map\Wrecks\R-29_Wrecked.sub"
"Content/Map/Wrecks/Remora_Wrecked.sub","Remora_Wrecked.sub","sub","53950","2025-06-08T21:11:31.9523598Z","C:\Program Files (x86)\Steam\steamapps\common\Barotrauma\Content\Map\Wrecks\Remora_Wrecked.sub"
"Content/Map/Wrecks/Typhon2_Wrecked.sub","Typhon2_Wrecked.sub","sub","55693","2025-06-08T21:11:13.1912956Z","C:\Program Files (x86)\Steam\steamapps\common\Barotrauma\Content\Map\Wrecks\Typhon2_Wrecked.sub"
"Content/Map/Wrecks/Venture_Wrecked.sub","Venture_Wrecked.sub","sub","17762","2025-06-08T21:11:22.0067163Z","C:\Program Files (x86)\Steam\steamapps\common\Barotrauma\Content\Map\Wrecks\Venture_Wrecked.sub"
"Content/Map/Wrecks/Wreck1.sub","Wreck1.sub","sub","29025","2025-06-08T21:11:19.1998411Z","C:\Program Files (x86)\Steam\steamapps\common\Barotrauma\Content\Map\Wrecks\Wreck1.sub"
"Content/Missions.xml","Missions.xml","xml","160701","2026-04-09T15:55:13.0133501Z","C:\Program Files (x86)\Steam\steamapps\common\Barotrauma\Content\Missions.xml"
"Content/MissionsPvP.xml","MissionsPvP.xml","xml","2139","2025-06-08T21:11:11.9996288Z","C:\Program Files (x86)\Steam\steamapps\common\Barotrauma\Content\MissionsPvP.xml"
"Content/NPCConversations/BrazilianPortuguese/NpcConversations_BrazilianPortuguese.xml","NpcConversations_BrazilianPortuguese.xml","xml","69762","2025-06-08T21:11:22.0057166Z","C:\Program Files (x86)\Steam\steamapps\common\Barotrauma\Content\NPCConversations\BrazilianPortuguese\NpcConversations_BrazilianPortuguese.xml"
"Content/NPCConversations/CastilianSpanish/NpcConversations_CastilianSpanish.xml","NpcConversations_CastilianSpanish.xml","xml","70512","2025-06-08T21:11:13.1912956Z","C:\Program Files (x86)\Steam\steamapps\common\Barotrauma\Content\NPCConversations\CastilianSpanish\NpcConversations_CastilianSpanish.xml"
"Content/NPCConversations/English/NpcConversations_English.xml","NpcConversations_English.xml","xml","68297","2025-06-08T21:11:19.1988407Z","C:\Program Files (x86)\Steam\steamapps\common\Barotrauma\Content\NPCConversations\English\NpcConversations_English.xml"
"Content/NPCConversations/French/NpcConversations_French.xml","NpcConversations_French.xml","xml","76109","2025-06-08T21:11:19.1988407Z","C:\Program Files (x86)\Steam\steamapps\common\Barotrauma\Content\NPCConversations\French\NpcConversations_French.xml"
"Content/NPCConversations/German/NpcConversations_German.xml","NpcConversations_German.xml","xml","72472","2025-06-08T21:11:18.7512401Z","C:\Program Files (x86)\Steam\steamapps\common\Barotrauma\Content\NPCConversations\German\NpcConversations_German.xml"
"Content/NPCConversations/Japanese/NpcConversations_Japanese.xml","NpcConversations_Japanese.xml","xml","73909","2025-06-08T21:11:13.1912956Z","C:\Program Files (x86)\Steam\steamapps\common\Barotrauma\Content\NPCConversations\Japanese\NpcConversations_Japanese.xml"
"Content/NPCConversations/Korean/NpcConversations_Korean.xml","NpcConversations_Korean.xml","xml","75655","2025-06-08T21:11:18.7522477Z","C:\Program Files (x86)\Steam\steamapps\common\Barotrauma\Content\NPCConversations\Korean\NpcConversations_Korean.xml"
"Content/NPCConversations/LatinamericanSpanish/NpcConversations_LatinamericanSpanish.xml","NpcConversations_LatinamericanSpanish.xml","xml","70307","2025-06-08T21:11:18.7512401Z","C:\Program Files (x86)\Steam\steamapps\common\Barotrauma\Content\NPCConversations\LatinamericanSpanish\NpcConversations_LatinamericanSpanish.xml"
"Content/NPCConversations/NpcConversations_Finnish.xml","NpcConversations_Finnish.xml","xml","2269","2025-06-08T21:11:19.1988407Z","C:\Program Files (x86)\Steam\steamapps\common\Barotrauma\Content\NPCConversations\NpcConversations_Finnish.xml"
"Content/NPCConversations/Polish/NpcConversations_Polish.xml","NpcConversations_Polish.xml","xml","69059","2025-06-08T21:11:31.9553586Z","C:\Program Files (x86)\Steam\steamapps\common\Barotrauma\Content\NPCConversations\Polish\NpcConversations_Polish.xml"
"Content/NPCConversations/Russian/NpcConversations_Russian.xml","NpcConversations_Russian.xml","xml","89700","2025-06-08T21:11:13.1912956Z","C:\Program Files (x86)\Steam\steamapps\common\Barotrauma\Content\NPCConversations\Russian\NpcConversations_Russian.xml"
"Content/NPCConversations/SimplifiedChinese/NpcConversations_SimplifiedChinese.xml","NpcConversations_SimplifiedChinese.xml","xml","66312","2025-06-08T21:11:25.1109500Z","C:\Program Files (x86)\Steam\steamapps\common\Barotrauma\Content\NPCConversations\SimplifiedChinese\NpcConversations_SimplifiedChinese.xml"
"Content/NPCConversations/TraditionalChinese/NpcConversations_TraditionalChinese.xml","NpcConversations_TraditionalChinese.xml","xml","66312","2025-06-08T21:11:22.0037169Z","C:\Program Files (x86)\Steam\steamapps\common\Barotrauma\Content\NPCConversations\TraditionalChinese\NpcConversations_TraditionalChinese.xml"
"Content/NPCConversations/Turkish/NpcConversations_Turkish.xml","NpcConversations_Turkish.xml","xml","68832","2025-06-08T21:11:22.0057166Z","C:\Program Files (x86)\Steam\steamapps\common\Barotrauma\Content\NPCConversations\Turkish\NpcConversations_Turkish.xml"
"Content/NPCPrefabs/CombatMissionNpcs.xml","CombatMissionNpcs.xml","xml","23610","2025-12-10T00:32:43.5546674Z","C:\Program Files (x86)\Steam\steamapps\common\Barotrauma\Content\NPCPrefabs\CombatMissionNpcs.xml"
"Content/NPCPrefabs/Corpses.xml","Corpses.xml","xml","13691","2026-04-09T15:55:13.0855776Z","C:\Program Files (x86)\Steam\steamapps\common\Barotrauma\Content\NPCPrefabs\Corpses.xml"
"Content/NPCPrefabs/EscortMissionNpcs.xml","EscortMissionNpcs.xml","xml","8562","2025-06-08T21:11:18.6910468Z","C:\Program Files (x86)\Steam\steamapps\common\Barotrauma\Content\NPCPrefabs\EscortMissionNpcs.xml"
"Content/NPCPrefabs/OutpostNpcs.xml","OutpostNpcs.xml","xml","70462","2025-12-10T00:32:43.5224776Z","C:\Program Files (x86)\Steam\steamapps\common\Barotrauma\Content\NPCPrefabs\OutpostNpcs.xml"
"Content/NPCPrefabs/SpecialNpcs.xml","SpecialNpcs.xml","xml","46125","2026-04-09T15:55:13.0870947Z","C:\Program Files (x86)\Steam\steamapps\common\Barotrauma\Content\NPCPrefabs\SpecialNpcs.xml"
"Content/Orders.xml","Orders.xml","xml","14569","2025-06-08T21:11:22.0067163Z","C:\Program Files (x86)\Steam\steamapps\common\Barotrauma\Content\Orders.xml"
"Content/Particles/ballastfloraSpore.png","ballastfloraSpore.png","png","407448","2025-06-08T21:11:01.9920007Z","C:\Program Files (x86)\Steam\steamapps\common\Barotrauma\Content\Particles\ballastfloraSpore.png"
"Content/Particles/burnt.png","burnt.png","png","485003","2025-06-08T21:11:01.9920007Z","C:\Program Files (x86)\Steam\steamapps\common\Barotrauma\Content\Particles\burnt.png"
"Content/Particles/DebrisBurst.png","DebrisBurst.png","png","9467972","2025-06-08T21:11:01.9920007Z","C:\Program Files (x86)\Steam\steamapps\common\Barotrauma\Content\Particles\DebrisBurst.png"
"Content/Particles/DecalPrefabs.xml","DecalPrefabs.xml","xml","5351","2025-06-08T21:11:19.1988407Z","C:\Program Files (x86)\Steam\steamapps\common\Barotrauma\Content\Particles\DecalPrefabs.xml"
"Content/Particles/ExplosionAtlas.png","ExplosionAtlas.png","png","4500221","2025-06-08T21:11:01.9920007Z","C:\Program Files (x86)\Steam\steamapps\common\Barotrauma\Content\Particles\ExplosionAtlas.png"
"Content/Particles/explosiondecal.png","explosiondecal.png","png","108902","2025-06-08T21:11:19.4343750Z","C:\Program Files (x86)\Steam\steamapps\common\Barotrauma\Content\Particles\explosiondecal.png"
"Content/Particles/FlameRoundParticleSheet.png","FlameRoundParticleSheet.png","png","702616","2025-06-08T21:11:01.9920007Z","C:\Program Files (x86)\Steam\steamapps\common\Barotrauma\Content\Particles\FlameRoundParticleSheet.png"
"Content/Particles/GrimeSheet.png","GrimeSheet.png","png","22014","2025-06-08T21:11:24.1872535Z","C:\Program Files (x86)\Steam\steamapps\common\Barotrauma\Content\Particles\GrimeSheet.png"
"Content/Particles/IceExplosion.png","IceExplosion.png","png","227214","2025-06-08T21:11:19.4343750Z","C:\Program Files (x86)\Steam\steamapps\common\Barotrauma\Content\Particles\IceExplosion.png"
"Content/Particles/LightningParticleSheet.png","LightningParticleSheet.png","png","78984","2025-06-08T21:11:13.4621525Z","C:\Program Files (x86)\Steam\steamapps\common\Barotrauma\Content\Particles\LightningParticleSheet.png"
"Content/Particles/MuzzleFlashParticleSheet.png","MuzzleFlashParticleSheet.png","png","430802","2025-06-08T21:11:01.9920007Z","C:\Program Files (x86)\Steam\steamapps\common\Barotrauma\Content\Particles\MuzzleFlashParticleSheet.png"
"Content/Particles/ParticleAtlas.png","ParticleAtlas.png","png","96149","2025-06-08T21:11:12.8981626Z","C:\Program Files (x86)\Steam\steamapps\common\Barotrauma\Content\Particles\ParticleAtlas.png"
"Content/Particles/ParticlePrefabs.xml","ParticlePrefabs.xml","xml","171926","2025-09-18T02:31:38.9953152Z","C:\Program Files (x86)\Steam\steamapps\common\Barotrauma\Content\Particles\ParticlePrefabs.xml"
"Content/Particles/RisingBubbleSheet.png","RisingBubbleSheet.png","png","280993","2025-06-08T21:11:01.9920007Z","C:\Program Files (x86)\Steam\steamapps\common\Barotrauma\Content\Particles\RisingBubbleSheet.png"
"Content/Particles/Smoke.png","Smoke.png","png","387298","2025-06-08T21:11:01.9930006Z","C:\Program Files (x86)\Steam\steamapps\common\Barotrauma\Content\Particles\Smoke.png"
"Content/Particles/SmokeParticleSheet.png","SmokeParticleSheet.png","png","195492","2025-06-08T21:11:13.5230742Z","C:\Program Files (x86)\Steam\steamapps\common\Barotrauma\Content\Particles\SmokeParticleSheet.png"
"Content/Particles/Spatter1.png","Spatter1.png","png","251643","2025-06-08T21:11:32.1241719Z","C:\Program Files (x86)\Steam\steamapps\common\Barotrauma\Content\Particles\Spatter1.png"
"Content/Particles/Spatter2.png","Spatter2.png","png","129870","2025-06-08T21:11:32.1231710Z","C:\Program Files (x86)\Steam\steamapps\common\Barotrauma\Content\Particles\Spatter2.png"
"Content/Particles/Spatter3.png","Spatter3.png","png","91655","2025-06-08T21:11:12.8991627Z","C:\Program Files (x86)\Steam\steamapps\common\Barotrauma\Content\Particles\Spatter3.png"
"Content/Particles/UnderwaterExplosionSheet.png","UnderwaterExplosionSheet.png","png","1168051","2025-06-08T21:11:01.9930006Z","C:\Program Files (x86)\Steam\steamapps\common\Barotrauma\Content\Particles\UnderwaterExplosionSheet.png"
"Content/Particles/vomitdecal.png","vomitdecal.png","png","28558","2025-06-08T21:11:19.3757528Z","C:\Program Files (x86)\Steam\steamapps\common\Barotrauma\Content\Particles\vomitdecal.png"
"Content/randomevents_campaign.xml","randomevents_campaign.xml","xml","234880","2025-06-08T21:11:13.1912956Z","C:\Program Files (x86)\Steam\steamapps\common\Barotrauma\Content\randomevents_campaign.xml"
"Content/randomevents_lineardifficulty.xml","randomevents_lineardifficulty.xml","xml","267032","2025-06-08T21:11:01.9930006Z","C:\Program Files (x86)\Steam\steamapps\common\Barotrauma\Content\randomevents_lineardifficulty.xml"
"Content/size_reference.png","size_reference.png","png","73506","2025-06-08T21:11:13.2378297Z","C:\Program Files (x86)\Steam\steamapps\common\Barotrauma\Content\size_reference.png"
"Content/SkillSettings.xml","SkillSettings.xml","xml","3333","2025-06-08T21:11:32.0125189Z","C:\Program Files (x86)\Steam\steamapps\common\Barotrauma\Content\SkillSettings.xml"
"Content/Slideshows.xml","Slideshows.xml","xml","1314","2025-06-08T21:11:32.0135192Z","C:\Program Files (x86)\Steam\steamapps\common\Barotrauma\Content\Slideshows.xml"
"Content/Sounds/Ambient/Ambient1.ogg","Ambient1.ogg","ogg","114654","2025-06-08T21:11:19.4363750Z","C:\Program Files (x86)\Steam\steamapps\common\Barotrauma\Content\Sounds\Ambient\Ambient1.ogg"
"Content/Sounds/Ambient/Ambient10.ogg","Ambient10.ogg","ogg","73666","2025-06-08T21:11:13.5220737Z","C:\Program Files (x86)\Steam\steamapps\common\Barotrauma\Content\Sounds\Ambient\Ambient10.ogg"
"Content/Sounds/Ambient/Ambient11.ogg","Ambient11.ogg","ogg","102219","2025-06-08T21:11:13.2378297Z","C:\Program Files (x86)\Steam\steamapps\common\Barotrauma\Content\Sounds\Ambient\Ambient11.ogg"
"Content/Sounds/Ambient/Ambient2.ogg","Ambient2.ogg","ogg","214313","2025-06-08T21:11:13.5230742Z","C:\Program Files (x86)\Steam\steamapps\common\Barotrauma\Content\Sounds\Ambient\Ambient2.ogg"
"Content/Sounds/Ambient/Ambient3.ogg","Ambient3.ogg","ogg","127558","2025-06-08T21:11:13.6320898Z","C:\Program Files (x86)\Steam\steamapps\common\Barotrauma\Content\Sounds\Ambient\Ambient3.ogg"
"Content/Sounds/Ambient/Ambient4.ogg","Ambient4.ogg","ogg","116380","2025-06-08T21:11:13.2368300Z","C:\Program Files (x86)\Steam\steamapps\common\Barotrauma\Content\Sounds\Ambient\Ambient4.ogg"
"Content/Sounds/Ambient/Ambient5.ogg","Ambient5.ogg","ogg","88902","2025-06-08T21:11:19.4353871Z","C:\Program Files (x86)\Steam\steamapps\common\Barotrauma\Content\Sounds\Ambient\Ambient5.ogg"
"Content/Sounds/Ambient/Ambient6.ogg","Ambient6.ogg","ogg","160719","2025-06-08T21:11:24.0716837Z","C:\Program Files (x86)\Steam\steamapps\common\Barotrauma\Content\Sounds\Ambient\Ambient6.ogg"
"Content/Sounds/Ambient/Ambient7.ogg","Ambient7.ogg","ogg","118911","2025-06-08T21:11:24.0696837Z","C:\Program Files (x86)\Steam\steamapps\common\Barotrauma\Content\Sounds\Ambient\Ambient7.ogg"
"Content/Sounds/Ambient/Ambient8.ogg","Ambient8.ogg","ogg","76170","2025-06-08T21:11:19.4353871Z","C:\Program Files (x86)\Steam\steamapps\common\Barotrauma\Content\Sounds\Ambient\Ambient8.ogg"
"Content/Sounds/Ambient/Ambient9.ogg","Ambient9.ogg","ogg","115181","2025-06-08T21:11:19.5421486Z","C:\Program Files (x86)\Steam\steamapps\common\Barotrauma\Content\Sounds\Ambient\Ambient9.ogg"
"Content/Sounds/Ambient/DistantPod1.ogg","DistantPod1.ogg","ogg","80227","2025-06-08T21:11:32.1803873Z","C:\Program Files (x86)\Steam\steamapps\common\Barotrauma\Content\Sounds\Ambient\DistantPod1.ogg"
"Content/Sounds/Ambient/DistantPod2.ogg","DistantPod2.ogg","ogg","104959","2025-06-08T21:11:32.1803873Z","C:\Program Files (x86)\Steam\steamapps\common\Barotrauma\Content\Sounds\Ambient\DistantPod2.ogg"
"Content/Sounds/Ambient/DistantPod3.ogg","DistantPod3.ogg","ogg","100522","2025-06-08T21:11:31.4284353Z","C:\Program Files (x86)\Steam\steamapps\common\Barotrauma\Content\Sounds\Ambient\DistantPod3.ogg"
"Content/Sounds/Ambient/GlacialMovement.ogg","GlacialMovement.ogg","ogg","69358","2025-06-08T21:11:24.0716837Z","C:\Program Files (x86)\Steam\steamapps\common\Barotrauma\Content\Sounds\Ambient\GlacialMovement.ogg"
"Content/Sounds/Ambient/Thunder1.ogg","Thunder1.ogg","ogg","37690","2025-06-08T21:11:24.0716837Z","C:\Program Files (x86)\Steam\steamapps\common\Barotrauma\Content\Sounds\Ambient\Thunder1.ogg"
"Content/Sounds/ClubMusic_accordion.ogg","ClubMusic_accordion.ogg","ogg","125182","2025-06-08T21:11:24.0696837Z","C:\Program Files (x86)\Steam\steamapps\common\Barotrauma\Content\Sounds\ClubMusic_accordion.ogg"
"Content/Sounds/ClubMusic_alien.ogg","ClubMusic_alien.ogg","ogg","149924","2025-06-08T21:11:13.6290904Z","C:\Program Files (x86)\Steam\steamapps\common\Barotrauma\Content\Sounds\ClubMusic_alien.ogg"
"Content/Sounds/ClubMusic_seafloor.ogg","ClubMusic_seafloor.ogg","ogg","73745","2025-06-08T21:11:19.5411491Z","C:\Program Files (x86)\Steam\steamapps\common\Barotrauma\Content\Sounds\ClubMusic_seafloor.ogg"
"Content/Sounds/ClubMusic_transitionScratch.ogg","ClubMusic_transitionScratch.ogg","ogg","29083","2025-06-08T21:11:19.3757528Z","C:\Program Files (x86)\Steam\steamapps\common\Barotrauma\Content\Sounds\ClubMusic_transitionScratch.ogg"
"Content/Sounds/ClubMusic_ztrr.ogg","ClubMusic_ztrr.ogg","ogg","99881","2025-06-08T21:11:19.5441486Z","C:\Program Files (x86)\Steam\steamapps\common\Barotrauma\Content\Sounds\ClubMusic_ztrr.ogg"
"Content/Sounds/Damage/ArmorBreak1.ogg","ArmorBreak1.ogg","ogg","48735","2025-06-08T21:11:19.4293752Z","C:\Program Files (x86)\Steam\steamapps\common\Barotrauma\Content\Sounds\Damage\ArmorBreak1.ogg"
"Content/Sounds/Damage/ArmorBreak2.ogg","ArmorBreak2.ogg","ogg","54023","2025-06-08T21:11:24.1272085Z","C:\Program Files (x86)\Steam\steamapps\common\Barotrauma\Content\Sounds\Damage\ArmorBreak2.ogg"
"Content/Sounds/Damage/ArmorBreak3.ogg","ArmorBreak3.ogg","ogg","48546","2025-06-08T21:11:13.6300906Z","C:\Program Files (x86)\Steam\steamapps\common\Barotrauma\Content\Sounds\Damage\ArmorBreak3.ogg"
"Content/Sounds/Damage/ArmorBreak4.ogg","ArmorBreak4.ogg","ogg","40037","2025-06-08T21:11:13.2958359Z","C:\Program Files (x86)\Steam\steamapps\common\Barotrauma\Content\Sounds\Damage\ArmorBreak4.ogg"
"Content/Sounds/Damage/Creak1.ogg","Creak1.ogg","ogg","282802","2025-06-08T21:11:01.9930006Z","C:\Program Files (x86)\Steam\steamapps\common\Barotrauma\Content\Sounds\Damage\Creak1.ogg"
"Content/Sounds/Damage/Creak2.ogg","Creak2.ogg","ogg","176607","2025-06-08T21:11:19.4343750Z","C:\Program Files (x86)\Steam\steamapps\common\Barotrauma\Content\Sounds\Damage\Creak2.ogg"
"Content/Sounds/Damage/Creak3.ogg","Creak3.ogg","ogg","133528","2025-06-08T21:11:32.2303974Z","C:\Program Files (x86)\Steam\steamapps\common\Barotrauma\Content\Sounds\Damage\Creak3.ogg"
"Content/Sounds/Damage/Creak4.ogg","Creak4.ogg","ogg","101092","2025-06-08T21:11:19.5451500Z","C:\Program Files (x86)\Steam\steamapps\common\Barotrauma\Content\Sounds\Damage\Creak4.ogg"
"Content/Sounds/Damage/Creak5.ogg","Creak5.ogg","ogg","312733","2025-06-08T21:11:01.9930006Z","C:\Program Files (x86)\Steam\steamapps\common\Barotrauma\Content\Sounds\Damage\Creak5.ogg"
"Content/Sounds/Damage/DAMAGE_alienRuinsWall1.ogg","DAMAGE_alienRuinsWall1.ogg","ogg","37181","2025-06-08T21:11:19.5421486Z","C:\Program Files (x86)\Steam\steamapps\common\Barotrauma\Content\Sounds\Damage\DAMAGE_alienRuinsWall1.ogg"
"Content/Sounds/Damage/DAMAGE_alienRuinsWall2.ogg","DAMAGE_alienRuinsWall2.ogg","ogg","43645","2025-06-08T21:11:13.6310910Z","C:\Program Files (x86)\Steam\steamapps\common\Barotrauma\Content\Sounds\Damage\DAMAGE_alienRuinsWall2.ogg"
"Content/Sounds/Damage/DAMAGE_alienRuinsWall3.ogg","DAMAGE_alienRuinsWall3.ogg","ogg","40481","2025-06-08T21:11:13.3468886Z","C:\Program Files (x86)\Steam\steamapps\common\Barotrauma\Content\Sounds\Damage\DAMAGE_alienRuinsWall3.ogg"
"Content/Sounds/Damage/DAMAGE_alienRuinsWall4.ogg","DAMAGE_alienRuinsWall4.ogg","ogg","36560","2025-06-08T21:11:19.4353871Z","C:\Program Files (x86)\Steam\steamapps\common\Barotrauma\Content\Sounds\Damage\DAMAGE_alienRuinsWall4.ogg"
"Content/Sounds/Damage/DAMAGE_alienRuinsWall5.ogg","DAMAGE_alienRuinsWall5.ogg","ogg","39215","2025-06-08T21:11:24.1202080Z","C:\Program Files (x86)\Steam\steamapps\common\Barotrauma\Content\Sounds\Damage\DAMAGE_alienRuinsWall5.ogg"
"Content/Sounds/Damage/DAMAGE_alienRuinsWall6.ogg","DAMAGE_alienRuinsWall6.ogg","ogg","37761","2025-06-08T21:11:24.1202080Z","C:\Program Files (x86)\Steam\steamapps\common\Barotrauma\Content\Sounds\Damage\DAMAGE_alienRuinsWall6.ogg"
"Content/Sounds/Damage/Electrocution1.ogg","Electrocution1.ogg","ogg","60515","2025-06-08T21:11:19.5451500Z","C:\Program Files (x86)\Steam\steamapps\common\Barotrauma\Content\Sounds\Damage\Electrocution1.ogg"
"Content/Sounds/Damage/GlassBreak1.ogg","GlassBreak1.ogg","ogg","109158","2025-06-08T21:11:25.3990999Z","C:\Program Files (x86)\Steam\steamapps\common\Barotrauma\Content\Sounds\Damage\GlassBreak1.ogg"
"Content/Sounds/Damage/GlassBreak2.ogg","GlassBreak2.ogg","ogg","114001","2025-06-08T21:11:13.6300906Z","C:\Program Files (x86)\Steam\steamapps\common\Barotrauma\Content\Sounds\Damage\GlassBreak2.ogg"
"Content/Sounds/Damage/GlassBreak3.ogg","GlassBreak3.ogg","ogg","117172","2025-06-08T21:11:13.6713734Z","C:\Program Files (x86)\Steam\steamapps\common\Barotrauma\Content\Sounds\Damage\GlassBreak3.ogg"
"Content/Sounds/Damage/GlassBreak4.ogg","GlassBreak4.ogg","ogg","119076","2025-06-08T21:11:19.6014741Z","C:\Program Files (x86)\Steam\steamapps\common\Barotrauma\Content\Sounds\Damage\GlassBreak4.ogg"
"Content/Sounds/Damage/GlassImpact1.ogg","GlassImpact1.ogg","ogg","54787","2025-06-08T21:11:13.3468886Z","C:\Program Files (x86)\Steam\steamapps\common\Barotrauma\Content\Sounds\Damage\GlassImpact1.ogg"
"Content/Sounds/Damage/GlassImpact2.ogg","GlassImpact2.ogg","ogg","60846","2025-06-08T21:11:13.4121532Z","C:\Program Files (x86)\Steam\steamapps\common\Barotrauma\Content\Sounds\Damage\GlassImpact2.ogg"
"Content/Sounds/Damage/GlassImpact3.ogg","GlassImpact3.ogg","ogg","50745","2025-06-08T21:11:24.1891051Z","C:\Program Files (x86)\Steam\steamapps\common\Barotrauma\Content\Sounds\Damage\GlassImpact3.ogg"
"Content/Sounds/Damage/GlassImpact4.ogg","GlassImpact4.ogg","ogg","56188","2025-06-08T21:11:13.4131534Z","C:\Program Files (x86)\Steam\steamapps\common\Barotrauma\Content\Sounds\Damage\GlassImpact4.ogg"
"Content/Sounds/Damage/Gore1.ogg","Gore1.ogg","ogg","44428","2025-06-08T21:11:13.4131534Z","C:\Program Files (x86)\Steam\steamapps\common\Barotrauma\Content\Sounds\Damage\Gore1.ogg"
"Content/Sounds/Damage/Gore10.ogg","Gore10.ogg","ogg","95869","2025-06-08T21:11:19.4283763Z","C:\Program Files (x86)\Steam\steamapps\common\Barotrauma\Content\Sounds\Damage\Gore10.ogg"
"Content/Sounds/Damage/Gore2.ogg","Gore2.ogg","ogg","60637","2025-06-08T21:11:32.3422355Z","C:\Program Files (x86)\Steam\steamapps\common\Barotrauma\Content\Sounds\Damage\Gore2.ogg"
"Content/Sounds/Damage/Gore3.ogg","Gore3.ogg","ogg","33756","2025-06-08T21:11:13.6713734Z","C:\Program Files (x86)\Steam\steamapps\common\Barotrauma\Content\Sounds\Damage\Gore3.ogg"
"Content/Sounds/Damage/Gore4.ogg","Gore4.ogg","ogg","37456","2025-06-08T21:11:19.4363750Z","C:\Program Files (x86)\Steam\steamapps\common\Barotrauma\Content\Sounds\Damage\Gore4.ogg"
"Content/Sounds/Damage/Gore5.ogg","Gore5.ogg","ogg","64794","2025-06-08T21:11:13.6703732Z","C:\Program Files (x86)\Steam\steamapps\common\Barotrauma\Content\Sounds\Damage\Gore5.ogg"
"Content/Sounds/Damage/Gore6.ogg","Gore6.ogg","ogg","54688","2025-06-08T21:11:19.6579807Z","C:\Program Files (x86)\Steam\steamapps\common\Barotrauma\Content\Sounds\Damage\Gore6.ogg"
"Content/Sounds/Damage/Gore7.ogg","Gore7.ogg","ogg","45183","2025-06-08T21:11:32.3422355Z","C:\Program Files (x86)\Steam\steamapps\common\Barotrauma\Content\Sounds\Damage\Gore7.ogg"
"Content/Sounds/Damage/Gore8.ogg","Gore8.ogg","ogg","41751","2025-06-08T21:11:19.6569808Z","C:\Program Files (x86)\Steam\steamapps\common\Barotrauma\Content\Sounds\Damage\Gore8.ogg"
"Content/Sounds/Damage/Gore9.ogg","Gore9.ogg","ogg","31366","2025-06-08T21:11:24.1862534Z","C:\Program Files (x86)\Steam\steamapps\common\Barotrauma\Content\Sounds\Damage\Gore9.ogg"
"Content/Sounds/Damage/HitArmor1.ogg","HitArmor1.ogg","ogg","48088","2025-06-08T21:11:13.6260918Z","C:\Program Files (x86)\Steam\steamapps\common\Barotrauma\Content\Sounds\Damage\HitArmor1.ogg"
"Content/Sounds/Damage/HitArmor2.ogg","HitArmor2.ogg","ogg","51761","2025-06-08T21:11:13.4131534Z","C:\Program Files (x86)\Steam\steamapps\common\Barotrauma\Content\Sounds\Damage\HitArmor2.ogg"
"Content/Sounds/Damage/HitArmor3.ogg","HitArmor3.ogg","ogg","38149","2025-06-08T21:11:19.6579807Z","C:\Program Files (x86)\Steam\steamapps\common\Barotrauma\Content\Sounds\Damage\HitArmor3.ogg"
"Content/Sounds/Damage/HitArmor4.ogg","HitArmor4.ogg","ogg","43647","2025-06-08T21:11:32.3422355Z","C:\Program Files (x86)\Steam\steamapps\common\Barotrauma\Content\Sounds\Damage\HitArmor4.ogg"
"Content/Sounds/Damage/HitClown1.ogg","HitClown1.ogg","ogg","15243","2025-06-08T21:11:19.4323749Z","C:\Program Files (x86)\Steam\steamapps\common\Barotrauma\Content\Sounds\Damage\HitClown1.ogg"
"Content/Sounds/Damage/HitClown2.ogg","HitClown2.ogg","ogg","14997","2025-06-08T21:11:24.1842537Z","C:\Program Files (x86)\Steam\steamapps\common\Barotrauma\Content\Sounds\Damage\HitClown2.ogg"
"Content/Sounds/Damage/HitMetal1.ogg","HitMetal1.ogg","ogg","18722","2025-06-08T21:11:24.1862534Z","C:\Program Files (x86)\Steam\steamapps\common\Barotrauma\Content\Sounds\Damage\HitMetal1.ogg"
"Content/Sounds/Damage/HitMetal2.ogg","HitMetal2.ogg","ogg","18495","2025-06-08T21:11:24.1862534Z","C:\Program Files (x86)\Steam\steamapps\common\Barotrauma\Content\Sounds\Damage\HitMetal2.ogg"
"Content/Sounds/Damage/HitMetal3.ogg","HitMetal3.ogg","ogg","24524","2025-06-08T21:11:13.4661524Z","C:\Program Files (x86)\Steam\steamapps\common\Barotrauma\Content\Sounds\Damage\HitMetal3.ogg"
"Content/Sounds/Damage/HitMetal4.ogg","HitMetal4.ogg","ogg","21615","2025-06-08T21:11:13.6310910Z","C:\Program Files (x86)\Steam\steamapps\common\Barotrauma\Content\Sounds\Damage\HitMetal4.ogg"
"Content/Sounds/Damage/HitMetal5.ogg","HitMetal5.ogg","ogg","19365","2025-06-08T21:11:19.4353871Z","C:\Program Files (x86)\Steam\steamapps\common\Barotrauma\Content\Sounds\Damage\HitMetal5.ogg"
"Content/Sounds/Damage/HitMetal6.ogg","HitMetal6.ogg","ogg","19133","2025-06-08T21:11:13.6868615Z","C:\Program Files (x86)\Steam\steamapps\common\Barotrauma\Content\Sounds\Damage\HitMetal6.ogg"
"Content/Sounds/Damage/IceCreak1.ogg","IceCreak1.ogg","ogg","140604","2025-06-08T21:11:13.4661524Z","C:\Program Files (x86)\Steam\steamapps\common\Barotrauma\Content\Sounds\Damage\IceCreak1.ogg"
"Content/Sounds/Damage/IceCreak2.ogg","IceCreak2.ogg","ogg","139021","2025-06-08T21:11:32.4625077Z","C:\Program Files (x86)\Steam\steamapps\common\Barotrauma\Content\Sounds\Damage\IceCreak2.ogg"
"Content/Sounds/Damage/Implode.ogg","Implode.ogg","ogg","121803","2025-06-08T21:11:13.5170753Z","C:\Program Files (x86)\Steam\steamapps\common\Barotrauma\Content\Sounds\Damage\Implode.ogg"
"Content/Sounds/Damage/LimbBlunt1.ogg","LimbBlunt1.ogg","ogg","19989","2025-06-08T21:11:13.6929224Z","C:\Program Files (x86)\Steam\steamapps\common\Barotrauma\Content\Sounds\Damage\LimbBlunt1.ogg"
"Content/Sounds/Damage/LimbBlunt2.ogg","LimbBlunt2.ogg","ogg","24170","2025-06-08T21:11:24.1872535Z","C:\Program Files (x86)\Steam\steamapps\common\Barotrauma\Content\Sounds\Damage\LimbBlunt2.ogg"
"Content/Sounds/Damage/LimbBlunt3.ogg","LimbBlunt3.ogg","ogg","20012","2025-06-08T21:11:13.5230742Z","C:\Program Files (x86)\Steam\steamapps\common\Barotrauma\Content\Sounds\Damage\LimbBlunt3.ogg"
"Content/Sounds/Damage/LimbBlunt4.ogg","LimbBlunt4.ogg","ogg","22936","2025-06-08T21:11:32.4625077Z","C:\Program Files (x86)\Steam\steamapps\common\Barotrauma\Content\Sounds\Damage\LimbBlunt4.ogg"
"Content/Sounds/Damage/LimbSlash1.ogg","LimbSlash1.ogg","ogg","16253","2025-06-08T21:11:19.4323749Z","C:\Program Files (x86)\Steam\steamapps\common\Barotrauma\Content\Sounds\Damage\LimbSlash1.ogg"
"Content/Sounds/Damage/LimbSlash2.ogg","LimbSlash2.ogg","ogg","17499","2025-06-08T21:11:13.6908635Z","C:\Program Files (x86)\Steam\steamapps\common\Barotrauma\Content\Sounds\Damage\LimbSlash2.ogg"
"Content/Sounds/Damage/LimbSlash3.ogg","LimbSlash3.ogg","ogg","19932","2025-06-08T21:11:19.6579807Z","C:\Program Files (x86)\Steam\steamapps\common\Barotrauma\Content\Sounds\Damage\LimbSlash3.ogg"
"Content/Sounds/Damage/LimbSlash4.ogg","LimbSlash4.ogg","ogg","15815","2025-06-08T21:11:13.5230742Z","C:\Program Files (x86)\Steam\steamapps\common\Barotrauma\Content\Sounds\Damage\LimbSlash4.ogg"
"Content/Sounds/Damage/LimbSlash5.ogg","LimbSlash5.ogg","ogg","21628","2025-06-08T21:11:13.6929224Z","C:\Program Files (x86)\Steam\steamapps\common\Barotrauma\Content\Sounds\Damage\LimbSlash5.ogg"
"Content/Sounds/Damage/LimbSlash6.ogg","LimbSlash6.ogg","ogg","15620","2025-06-08T21:11:32.4615078Z","C:\Program Files (x86)\Steam\steamapps\common\Barotrauma\Content\Sounds\Damage\LimbSlash6.ogg"
"Content/Sounds/Damage/Ricochet1.ogg","Ricochet1.ogg","ogg","10475","2025-06-08T21:11:19.6569808Z","C:\Program Files (x86)\Steam\steamapps\common\Barotrauma\Content\Sounds\Damage\Ricochet1.ogg"
"Content/Sounds/Damage/Ricochet2.ogg","Ricochet2.ogg","ogg","9970","2025-06-08T21:11:13.6868615Z","C:\Program Files (x86)\Steam\steamapps\common\Barotrauma\Content\Sounds\Damage\Ricochet2.ogg"
"Content/Sounds/Damage/Ricochet3.ogg","Ricochet3.ogg","ogg","10547","2025-06-08T21:11:19.6569808Z","C:\Program Files (x86)\Steam\steamapps\common\Barotrauma\Content\Sounds\Damage\Ricochet3.ogg"
"Content/Sounds/Damage/Ricochet4.ogg","Ricochet4.ogg","ogg","10427","2025-06-08T21:11:24.2478458Z","C:\Program Files (x86)\Steam\steamapps\common\Barotrauma\Content\Sounds\Damage\Ricochet4.ogg"
"Content/Sounds/Damage/StructureBlunt1.ogg","StructureBlunt1.ogg","ogg","93538","2025-06-08T21:11:19.6579807Z","C:\Program Files (x86)\Steam\steamapps\common\Barotrauma\Content\Sounds\Damage\StructureBlunt1.ogg"
"Content/Sounds/Damage/StructureBlunt2.ogg","StructureBlunt2.ogg","ogg","82702","2025-06-08T21:11:13.5230742Z","C:\Program Files (x86)\Steam\steamapps\common\Barotrauma\Content\Sounds\Damage\StructureBlunt2.ogg"
"Content/Sounds/Damage/StructureBlunt3.ogg","StructureBlunt3.ogg","ogg","98547","2025-06-08T21:11:19.6579807Z","C:\Program Files (x86)\Steam\steamapps\common\Barotrauma\Content\Sounds\Damage\StructureBlunt3.ogg"
"Content/Sounds/Damage/StructureBlunt4.ogg","StructureBlunt4.ogg","ogg","65343","2025-06-08T21:11:19.4823826Z","C:\Program Files (x86)\Steam\steamapps\common\Barotrauma\Content\Sounds\Damage\StructureBlunt4.ogg"
"Content/Sounds/Damage/StructureBlunt5.ogg","StructureBlunt5.ogg","ogg","80592","2025-06-08T21:11:13.6908635Z","C:\Program Files (x86)\Steam\steamapps\common\Barotrauma\Content\Sounds\Damage\StructureBlunt5.ogg"
"Content/Sounds/Damage/StructureBlunt6.ogg","StructureBlunt6.ogg","ogg","139678","2025-06-08T21:11:19.4823826Z","C:\Program Files (x86)\Steam\steamapps\common\Barotrauma\Content\Sounds\Damage\StructureBlunt6.ogg"
"Content/Sounds/Damage/StructureBlunt7.ogg","StructureBlunt7.ogg","ogg","113085","2025-06-08T21:11:19.4833830Z","C:\Program Files (x86)\Steam\steamapps\common\Barotrauma\Content\Sounds\Damage\StructureBlunt7.ogg"
"Content/Sounds/Damage/StructureCrunch1.ogg","StructureCrunch1.ogg","ogg","72769","2025-06-08T21:11:13.6918639Z","C:\Program Files (x86)\Steam\steamapps\common\Barotrauma\Content\Sounds\Damage\StructureCrunch1.ogg"
"Content/Sounds/Damage/StructureCrunch2.ogg","StructureCrunch2.ogg","ogg","65495","2025-06-08T21:11:24.3079138Z","C:\Program Files (x86)\Steam\steamapps\common\Barotrauma\Content\Sounds\Damage\StructureCrunch2.ogg"
"Content/Sounds/Damage/StructureCrunch3.ogg","StructureCrunch3.ogg","ogg","93356","2025-06-08T21:11:13.6908635Z","C:\Program Files (x86)\Steam\steamapps\common\Barotrauma\Content\Sounds\Damage\StructureCrunch3.ogg"
"Content/Sounds/Damage/StructureCrunch4.ogg","StructureCrunch4.ogg","ogg","156865","2025-06-08T21:11:19.5461500Z","C:\Program Files (x86)\Steam\steamapps\common\Barotrauma\Content\Sounds\Damage\StructureCrunch4.ogg"
"Content/Sounds/Damage/StructureCrunch5.ogg","StructureCrunch5.ogg","ogg","121661","2025-06-08T21:11:19.6579807Z","C:\Program Files (x86)\Steam\steamapps\common\Barotrauma\Content\Sounds\Damage\StructureCrunch5.ogg"
"Content/Sounds/DropItem.ogg","DropItem.ogg","ogg","14675","2025-06-08T21:11:13.5210745Z","C:\Program Files (x86)\Steam\steamapps\common\Barotrauma\Content\Sounds\DropItem.ogg"
"Content/Sounds/FireLarge.ogg","FireLarge.ogg","ogg","201670","2025-06-08T21:11:32.6350107Z","C:\Program Files (x86)\Steam\steamapps\common\Barotrauma\Content\Sounds\FireLarge.ogg"
"Content/Sounds/FireMedium.ogg","FireMedium.ogg","ogg","183875","2025-06-08T21:11:19.7657701Z","C:\Program Files (x86)\Steam\steamapps\common\Barotrauma\Content\Sounds\FireMedium.ogg"
"Content/Sounds/FireSmall.ogg","FireSmall.ogg","ogg","184961","2025-06-08T21:11:13.7466198Z","C:\Program Files (x86)\Steam\steamapps\common\Barotrauma\Content\Sounds\FireSmall.ogg"
"Content/Sounds/Footsteps/Armor/FootstepArmor1.ogg","FootstepArmor1.ogg","ogg","30652","2025-06-08T21:11:19.5451500Z","C:\Program Files (x86)\Steam\steamapps\common\Barotrauma\Content\Sounds\Footsteps\Armor\FootstepArmor1.ogg"
"Content/Sounds/Footsteps/Armor/FootstepArmor2.ogg","FootstepArmor2.ogg","ogg","30619","2025-06-08T21:11:19.7657701Z","C:\Program Files (x86)\Steam\steamapps\common\Barotrauma\Content\Sounds\Footsteps\Armor\FootstepArmor2.ogg"
"Content/Sounds/Footsteps/Armor/FootstepArmor3.ogg","FootstepArmor3.ogg","ogg","23341","2025-06-08T21:11:32.6340103Z","C:\Program Files (x86)\Steam\steamapps\common\Barotrauma\Content\Sounds\Footsteps\Armor\FootstepArmor3.ogg"
"Content/Sounds/Footsteps/Armor/FootstepArmor4.ogg","FootstepArmor4.ogg","ogg","22305","2025-06-08T21:11:19.5411491Z","C:\Program Files (x86)\Steam\steamapps\common\Barotrauma\Content\Sounds\Footsteps\Armor\FootstepArmor4.ogg"
"Content/Sounds/Footsteps/Armor/FootstepArmor5.ogg","FootstepArmor5.ogg","ogg","25456","2025-06-08T21:11:19.5421486Z","C:\Program Files (x86)\Steam\steamapps\common\Barotrauma\Content\Sounds\Footsteps\Armor\FootstepArmor5.ogg"
"Content/Sounds/Footsteps/Armor/FootstepArmorHeavy1.ogg","FootstepArmorHeavy1.ogg","ogg","29092","2025-06-08T21:11:13.5220737Z","C:\Program Files (x86)\Steam\steamapps\common\Barotrauma\Content\Sounds\Footsteps\Armor\FootstepArmorHeavy1.ogg"
"Content/Sounds/Footsteps/Armor/FootstepArmorHeavy2.ogg","FootstepArmorHeavy2.ogg","ogg","31560","2025-06-08T21:11:25.4001029Z","C:\Program Files (x86)\Steam\steamapps\common\Barotrauma\Content\Sounds\Footsteps\Armor\FootstepArmorHeavy2.ogg"
"Content/Sounds/Footsteps/Armor/FootstepArmorHeavy3.ogg","FootstepArmorHeavy3.ogg","ogg","23964","2025-06-08T21:11:24.3079138Z","C:\Program Files (x86)\Steam\steamapps\common\Barotrauma\Content\Sounds\Footsteps\Armor\FootstepArmorHeavy3.ogg"
"Content/Sounds/Footsteps/Armor/FootstepArmorHeavy4.ogg","FootstepArmorHeavy4.ogg","ogg","31712","2025-06-08T21:11:19.7667700Z","C:\Program Files (x86)\Steam\steamapps\common\Barotrauma\Content\Sounds\Footsteps\Armor\FootstepArmorHeavy4.ogg"
"Content/Sounds/Footsteps/Clown/FootstepClown1.ogg","FootstepClown1.ogg","ogg","8856","2025-06-08T21:11:19.5421486Z","C:\Program Files (x86)\Steam\steamapps\common\Barotrauma\Content\Sounds\Footsteps\Clown\FootstepClown1.ogg"
"Content/Sounds/Footsteps/Clown/FootstepClown2.ogg","FootstepClown2.ogg","ogg","12946","2025-06-08T21:11:13.7476196Z","C:\Program Files (x86)\Steam\steamapps\common\Barotrauma\Content\Sounds\Footsteps\Clown\FootstepClown2.ogg"
"Content/Sounds/Footsteps/Clown/FootstepClown3.ogg","FootstepClown3.ogg","ogg","9998","2025-06-08T21:11:13.7486201Z","C:\Program Files (x86)\Steam\steamapps\common\Barotrauma\Content\Sounds\Footsteps\Clown\FootstepClown3.ogg"
"Content/Sounds/Footsteps/Clown/FootstepClown4.ogg","FootstepClown4.ogg","ogg","9761","2025-06-08T21:11:24.3069138Z","C:\Program Files (x86)\Steam\steamapps\common\Barotrauma\Content\Sounds\Footsteps\Clown\FootstepClown4.ogg"
"Content/Sounds/Footsteps/Metal/FootstepMetal1.ogg","FootstepMetal1.ogg","ogg","16433","2025-06-08T21:11:24.3059143Z","C:\Program Files (x86)\Steam\steamapps\common\Barotrauma\Content\Sounds\Footsteps\Metal\FootstepMetal1.ogg"
"Content/Sounds/Footsteps/Metal/FootstepMetal10.ogg","FootstepMetal10.ogg","ogg","14296","2025-06-08T21:11:13.5170753Z","C:\Program Files (x86)\Steam\steamapps\common\Barotrauma\Content\Sounds\Footsteps\Metal\FootstepMetal10.ogg"
"Content/Sounds/Footsteps/Metal/FootstepMetal11.ogg","FootstepMetal11.ogg","ogg","13327","2025-06-08T21:11:19.7657701Z","C:\Program Files (x86)\Steam\steamapps\common\Barotrauma\Content\Sounds\Footsteps\Metal\FootstepMetal11.ogg"
"Content/Sounds/Footsteps/Metal/FootstepMetal12.ogg","FootstepMetal12.ogg","ogg","13619","2025-06-08T21:11:13.6290904Z","C:\Program Files (x86)\Steam\steamapps\common\Barotrauma\Content\Sounds\Footsteps\Metal\FootstepMetal12.ogg"
"Content/Sounds/Footsteps/Metal/FootstepMetal13.ogg","FootstepMetal13.ogg","ogg","11109","2025-06-08T21:11:32.6340103Z","C:\Program Files (x86)\Steam\steamapps\common\Barotrauma\Content\Sounds\Footsteps\Metal\FootstepMetal13.ogg"
"Content/Sounds/Footsteps/Metal/FootstepMetal14.ogg","FootstepMetal14.ogg","ogg","13514","2025-06-08T21:11:32.6350107Z","C:\Program Files (x86)\Steam\steamapps\common\Barotrauma\Content\Sounds\Footsteps\Metal\FootstepMetal14.ogg"
"Content/Sounds/Footsteps/Metal/FootstepMetal15.ogg","FootstepMetal15.ogg","ogg","16847","2025-06-08T21:11:19.7667700Z","C:\Program Files (x86)\Steam\steamapps\common\Barotrauma\Content\Sounds\Footsteps\Metal\FootstepMetal15.ogg"
"Content/Sounds/Footsteps/Metal/FootstepMetal16.ogg","FootstepMetal16.ogg","ogg","13146","2025-06-08T21:11:13.7496203Z","C:\Program Files (x86)\Steam\steamapps\common\Barotrauma\Content\Sounds\Footsteps\Metal\FootstepMetal16.ogg"
"Content/Sounds/Footsteps/Metal/FootstepMetal2.ogg","FootstepMetal2.ogg","ogg","16336","2025-06-08T21:11:25.4001029Z","C:\Program Files (x86)\Steam\steamapps\common\Barotrauma\Content\Sounds\Footsteps\Metal\FootstepMetal2.ogg"
"Content/Sounds/Footsteps/Metal/FootstepMetal3.ogg","FootstepMetal3.ogg","ogg","12805","2025-06-08T21:11:32.6350107Z","C:\Program Files (x86)\Steam\steamapps\common\Barotrauma\Content\Sounds\Footsteps\Metal\FootstepMetal3.ogg"
"Content/Sounds/Footsteps/Metal/FootstepMetal4.ogg","FootstepMetal4.ogg","ogg","12577","2025-06-08T21:11:19.7657701Z","C:\Program Files (x86)\Steam\steamapps\common\Barotrauma\Content\Sounds\Footsteps\Metal\FootstepMetal4.ogg"
"Content/Sounds/Footsteps/Metal/FootstepMetal5.ogg","FootstepMetal5.ogg","ogg","11806","2025-06-08T21:11:32.6340103Z","C:\Program Files (x86)\Steam\steamapps\common\Barotrauma\Content\Sounds\Footsteps\Metal\FootstepMetal5.ogg"
"Content/Sounds/Footsteps/Metal/FootstepMetal6.ogg","FootstepMetal6.ogg","ogg","13968","2025-06-08T21:11:32.6350107Z","C:\Program Files (x86)\Steam\steamapps\common\Barotrauma\Content\Sounds\Footsteps\Metal\FootstepMetal6.ogg"
"Content/Sounds/Footsteps/Metal/FootstepMetal7.ogg","FootstepMetal7.ogg","ogg","14004","2025-06-08T21:11:13.6300906Z","C:\Program Files (x86)\Steam\steamapps\common\Barotrauma\Content\Sounds\Footsteps\Metal\FootstepMetal7.ogg"
"Content/Sounds/Footsteps/Metal/FootstepMetal8.ogg","FootstepMetal8.ogg","ogg","13096","2025-06-08T21:11:13.6290904Z","C:\Program Files (x86)\Steam\steamapps\common\Barotrauma\Content\Sounds\Footsteps\Metal\FootstepMetal8.ogg"
"Content/Sounds/Footsteps/Metal/FootstepMetal9.ogg","FootstepMetal9.ogg","ogg","13433","2025-06-08T21:11:19.5451500Z","C:\Program Files (x86)\Steam\steamapps\common\Barotrauma\Content\Sounds\Footsteps\Metal\FootstepMetal9.ogg"
"Content/Sounds/Footsteps/Monsters/FootstepCrawler1.ogg","FootstepCrawler1.ogg","ogg","26011","2025-06-08T21:11:32.6340103Z","C:\Program Files (x86)\Steam\steamapps\common\Barotrauma\Content\Sounds\Footsteps\Monsters\FootstepCrawler1.ogg"
"Content/Sounds/Footsteps/Monsters/FootstepCrawler2.ogg","FootstepCrawler2.ogg","ogg","27208","2025-06-08T21:11:13.7476196Z","C:\Program Files (x86)\Steam\steamapps\common\Barotrauma\Content\Sounds\Footsteps\Monsters\FootstepCrawler2.ogg"
"Content/Sounds/Footsteps/Monsters/FootstepCrawler3.ogg","FootstepCrawler3.ogg","ogg","26143","2025-06-08T21:11:25.4001029Z","C:\Program Files (x86)\Steam\steamapps\common\Barotrauma\Content\Sounds\Footsteps\Monsters\FootstepCrawler3.ogg"
"Content/Sounds/Footsteps/Monsters/FootstepCrawler4.ogg","FootstepCrawler4.ogg","ogg","27835","2025-06-08T21:11:24.3079138Z","C:\Program Files (x86)\Steam\steamapps\common\Barotrauma\Content\Sounds\Footsteps\Monsters\FootstepCrawler4.ogg"
"Content/Sounds/Footsteps/Monsters/FootstepCrawler5.ogg","FootstepCrawler5.ogg","ogg","25789","2025-06-08T21:11:19.7657701Z","C:\Program Files (x86)\Steam\steamapps\common\Barotrauma\Content\Sounds\Footsteps\Monsters\FootstepCrawler5.ogg"
"Content/Sounds/Footsteps/Monsters/FootstepHusk1.ogg","FootstepHusk1.ogg","ogg","9950","2025-06-08T21:11:13.6713734Z","C:\Program Files (x86)\Steam\steamapps\common\Barotrauma\Content\Sounds\Footsteps\Monsters\FootstepHusk1.ogg"
"Content/Sounds/Footsteps/Monsters/FootstepHusk2.ogg","FootstepHusk2.ogg","ogg","10280","2025-06-08T21:11:24.3059143Z","C:\Program Files (x86)\Steam\steamapps\common\Barotrauma\Content\Sounds\Footsteps\Monsters\FootstepHusk2.ogg"
"Content/Sounds/Footsteps/Monsters/FootstepHusk3.ogg","FootstepHusk3.ogg","ogg","9848","2025-06-08T21:11:13.6300906Z","C:\Program Files (x86)\Steam\steamapps\common\Barotrauma\Content\Sounds\Footsteps\Monsters\FootstepHusk3.ogg"
"Content/Sounds/Footsteps/Monsters/FootstepHusk4.ogg","FootstepHusk4.ogg","ogg","9901","2025-06-08T21:11:13.7466198Z","C:\Program Files (x86)\Steam\steamapps\common\Barotrauma\Content\Sounds\Footsteps\Monsters\FootstepHusk4.ogg"
"Content/Sounds/Footsteps/Monsters/FootstepHusk5.ogg","FootstepHusk5.ogg","ogg","10065","2025-06-08T21:11:13.6280910Z","C:\Program Files (x86)\Steam\steamapps\common\Barotrauma\Content\Sounds\Footsteps\Monsters\FootstepHusk5.ogg"
"Content/Sounds/Footsteps/Monsters/FootstepMudraptor1.ogg","FootstepMudraptor1.ogg","ogg","20585","2025-06-08T21:11:19.5461500Z","C:\Program Files (x86)\Steam\steamapps\common\Barotrauma\Content\Sounds\Footsteps\Monsters\FootstepMudraptor1.ogg"
"Content/Sounds/Footsteps/Monsters/FootstepMudraptor2.ogg","FootstepMudraptor2.ogg","ogg","20512","2025-06-08T21:11:13.7466198Z","C:\Program Files (x86)\Steam\steamapps\common\Barotrauma\Content\Sounds\Footsteps\Monsters\FootstepMudraptor2.ogg"
"Content/Sounds/Footsteps/Monsters/FootstepMudraptor3.ogg","FootstepMudraptor3.ogg","ogg","18986","2025-06-08T21:11:13.6290904Z","C:\Program Files (x86)\Steam\steamapps\common\Barotrauma\Content\Sounds\Footsteps\Monsters\FootstepMudraptor3.ogg"
"Content/Sounds/Footsteps/Monsters/FootstepMudraptor4.ogg","FootstepMudraptor4.ogg","ogg","20069","2025-06-08T21:11:19.7657701Z","C:\Program Files (x86)\Steam\steamapps\common\Barotrauma\Content\Sounds\Footsteps\Monsters\FootstepMudraptor4.ogg"
"Content/Sounds/Footsteps/Monsters/FootstepMudraptor5.ogg","FootstepMudraptor5.ogg","ogg","19598","2025-06-08T21:11:19.5441486Z","C:\Program Files (x86)\Steam\steamapps\common\Barotrauma\Content\Sounds\Footsteps\Monsters\FootstepMudraptor5.ogg"
"Content/Sounds/Footsteps/Water/FootstepWater1.ogg","FootstepWater1.ogg","ogg","27123","2025-06-08T21:11:13.6290904Z","C:\Program Files (x86)\Steam\steamapps\common\Barotrauma\Content\Sounds\Footsteps\Water\FootstepWater1.ogg"
"Content/Sounds/Footsteps/Water/FootstepWater2.ogg","FootstepWater2.ogg","ogg","27454","2025-06-08T21:11:24.3079138Z","C:\Program Files (x86)\Steam\steamapps\common\Barotrauma\Content\Sounds\Footsteps\Water\FootstepWater2.ogg"
"Content/Sounds/Footsteps/Water/FootstepWater3.ogg","FootstepWater3.ogg","ogg","29137","2025-06-08T21:11:15.5722166Z","C:\Program Files (x86)\Steam\steamapps\common\Barotrauma\Content\Sounds\Footsteps\Water\FootstepWater3.ogg"
"Content/Sounds/Footsteps/Water/FootstepWater4.ogg","FootstepWater4.ogg","ogg","23393","2025-06-08T21:11:15.2885575Z","C:\Program Files (x86)\Steam\steamapps\common\Barotrauma\Content\Sounds\Footsteps\Water\FootstepWater4.ogg"
"Content/Sounds/Footsteps/Water/FootstepWater5.ogg","FootstepWater5.ogg","ogg","29305","2025-06-08T21:11:24.3089142Z","C:\Program Files (x86)\Steam\steamapps\common\Barotrauma\Content\Sounds\Footsteps\Water\FootstepWater5.ogg"
"Content/Sounds/HeartbeatDiastole1.ogg","HeartbeatDiastole1.ogg","ogg","8732","2025-06-08T21:11:15.2875572Z","C:\Program Files (x86)\Steam\steamapps\common\Barotrauma\Content\Sounds\HeartbeatDiastole1.ogg"
"Content/Sounds/HeartbeatDiastole2.ogg","HeartbeatDiastole2.ogg","ogg","8664","2025-06-08T21:11:24.3069138Z","C:\Program Files (x86)\Steam\steamapps\common\Barotrauma\Content\Sounds\HeartbeatDiastole2.ogg"
"Content/Sounds/HeartbeatDiastole3.ogg","HeartbeatDiastole3.ogg","ogg","8750","2025-06-08T21:11:15.2885575Z","C:\Program Files (x86)\Steam\steamapps\common\Barotrauma\Content\Sounds\HeartbeatDiastole3.ogg"
"Content/Sounds/HeartbeatSystole1.ogg","HeartbeatSystole1.ogg","ogg","9043","2025-06-08T21:11:13.7486201Z","C:\Program Files (x86)\Steam\steamapps\common\Barotrauma\Content\Sounds\HeartbeatSystole1.ogg"
"Content/Sounds/HeartbeatSystole2.ogg","HeartbeatSystole2.ogg","ogg","8341","2025-06-08T21:11:32.6340103Z","C:\Program Files (x86)\Steam\steamapps\common\Barotrauma\Content\Sounds\HeartbeatSystole2.ogg"
"Content/Sounds/HeartbeatSystole3.ogg","HeartbeatSystole3.ogg","ogg","8737","2025-06-08T21:11:15.2905600Z","C:\Program Files (x86)\Steam\steamapps\common\Barotrauma\Content\Sounds\HeartbeatSystole3.ogg"
"Content/Sounds/Hull/Hull1.ogg","Hull1.ogg","ogg","97583","2025-06-08T21:11:32.6340103Z","C:\Program Files (x86)\Steam\steamapps\common\Barotrauma\Content\Sounds\Hull\Hull1.ogg"
"Content/Sounds/Hull/Hull2.ogg","Hull2.ogg","ogg","111552","2025-06-08T21:11:25.4001029Z","C:\Program Files (x86)\Steam\steamapps\common\Barotrauma\Content\Sounds\Hull\Hull2.ogg"
"Content/Sounds/Hull/Hull3.ogg","Hull3.ogg","ogg","111147","2025-06-08T21:11:32.6972692Z","C:\Program Files (x86)\Steam\steamapps\common\Barotrauma\Content\Sounds\Hull\Hull3.ogg"
"Content/Sounds/Hull/Hull4.ogg","Hull4.ogg","ogg","58625","2025-06-08T21:11:13.6290904Z","C:\Program Files (x86)\Steam\steamapps\common\Barotrauma\Content\Sounds\Hull\Hull4.ogg"
"Content/Sounds/Hull/Hull5.ogg","Hull5.ogg","ogg","125570","2025-06-08T21:11:10.6661219Z","C:\Program Files (x86)\Steam\steamapps\common\Barotrauma\Content\Sounds\Hull\Hull5.ogg"
"Content/Sounds/Hull/Hull6.ogg","Hull6.ogg","ogg","65725","2025-06-08T21:11:07.9586477Z","C:\Program Files (x86)\Steam\steamapps\common\Barotrauma\Content\Sounds\Hull\Hull6.ogg"
"Content/Sounds/Hull/HullLong1.ogg","HullLong1.ogg","ogg","436629","2025-06-08T21:11:01.9955065Z","C:\Program Files (x86)\Steam\steamapps\common\Barotrauma\Content\Sounds\Hull\HullLong1.ogg"
"Content/Sounds/Hull/HullLong2.ogg","HullLong2.ogg","ogg","366773","2025-06-08T21:11:01.9955065Z","C:\Program Files (x86)\Steam\steamapps\common\Barotrauma\Content\Sounds\Hull\HullLong2.ogg"
"Content/Sounds/HUMAN_chokeFemale1.ogg","HUMAN_chokeFemale1.ogg","ogg","40526","2025-06-08T21:11:15.4599512Z","C:\Program Files (x86)\Steam\steamapps\common\Barotrauma\Content\Sounds\HUMAN_chokeFemale1.ogg"
"Content/Sounds/HUMAN_chokeFemale2.ogg","HUMAN_chokeFemale2.ogg","ogg","49176","2025-06-08T21:11:32.6952694Z","C:\Program Files (x86)\Steam\steamapps\common\Barotrauma\Content\Sounds\HUMAN_chokeFemale2.ogg"
"Content/Sounds/HUMAN_chokeFemale3.ogg","HUMAN_chokeFemale3.ogg","ogg","61233","2025-06-08T21:11:13.8540115Z","C:\Program Files (x86)\Steam\steamapps\common\Barotrauma\Content\Sounds\HUMAN_chokeFemale3.ogg"
"Content/Sounds/HUMAN_chokeMale1.ogg","HUMAN_chokeMale1.ogg","ogg","42631","2025-06-08T21:11:15.4729514Z","C:\Program Files (x86)\Steam\steamapps\common\Barotrauma\Content\Sounds\HUMAN_chokeMale1.ogg"
"Content/Sounds/HUMAN_chokeMale2.ogg","HUMAN_chokeMale2.ogg","ogg","58767","2025-06-08T21:11:15.4649512Z","C:\Program Files (x86)\Steam\steamapps\common\Barotrauma\Content\Sounds\HUMAN_chokeMale2.ogg"
"Content/Sounds/HUMAN_chokeMale3.ogg","HUMAN_chokeMale3.ogg","ogg","51479","2025-06-08T21:11:32.6972692Z","C:\Program Files (x86)\Steam\steamapps\common\Barotrauma\Content\Sounds\HUMAN_chokeMale3.ogg"
"Content/Sounds/Impact/MetalImpactHeavy1.ogg","MetalImpactHeavy1.ogg","ogg","28284","2025-06-08T21:11:15.4649512Z","C:\Program Files (x86)\Steam\steamapps\common\Barotrauma\Content\Sounds\Impact\MetalImpactHeavy1.ogg"
"Content/Sounds/Impact/MetalImpactHeavy2.ogg","MetalImpactHeavy2.ogg","ogg","38907","2025-06-08T21:11:24.3079138Z","C:\Program Files (x86)\Steam\steamapps\common\Barotrauma\Content\Sounds\Impact\MetalImpactHeavy2.ogg"
"Content/Sounds/Impact/MetalImpactHeavy3.ogg","MetalImpactHeavy3.ogg","ogg","34972","2025-06-08T21:11:08.1293721Z","C:\Program Files (x86)\Steam\steamapps\common\Barotrauma\Content\Sounds\Impact\MetalImpactHeavy3.ogg"
"Content/Sounds/Impact/MetalImpactHeavy4.ogg","MetalImpactHeavy4.ogg","ogg","28219","2025-06-08T21:11:32.6952694Z","C:\Program Files (x86)\Steam\steamapps\common\Barotrauma\Content\Sounds\Impact\MetalImpactHeavy4.ogg"
"Content/Sounds/Impact/MetalImpactLight1.ogg","MetalImpactLight1.ogg","ogg","37151","2025-06-08T21:11:15.5732162Z","C:\Program Files (x86)\Steam\steamapps\common\Barotrauma\Content\Sounds\Impact\MetalImpactLight1.ogg"
"Content/Sounds/Impact/MetalImpactLight2.ogg","MetalImpactLight2.ogg","ogg","25936","2025-06-08T21:11:32.6962686Z","C:\Program Files (x86)\Steam\steamapps\common\Barotrauma\Content\Sounds\Impact\MetalImpactLight2.ogg"
"Content/Sounds/Impact/MetalImpactLight3.ogg","MetalImpactLight3.ogg","ogg","28764","2025-06-08T21:11:25.4001029Z","C:\Program Files (x86)\Steam\steamapps\common\Barotrauma\Content\Sounds\Impact\MetalImpactLight3.ogg"
"Content/Sounds/Impact/MetalImpactLight4.ogg","MetalImpactLight4.ogg","ogg","40155","2025-06-08T21:11:32.6982687Z","C:\Program Files (x86)\Steam\steamapps\common\Barotrauma\Content\Sounds\Impact\MetalImpactLight4.ogg"
"Content/Sounds/Impact/MetalImpactLight5.ogg","MetalImpactLight5.ogg","ogg","27804","2025-06-08T21:11:15.5732162Z","C:\Program Files (x86)\Steam\steamapps\common\Barotrauma\Content\Sounds\Impact\MetalImpactLight5.ogg"
"Content/Sounds/Impact/SoftImpact1.ogg","SoftImpact1.ogg","ogg","18055","2025-06-08T21:11:13.8570114Z","C:\Program Files (x86)\Steam\steamapps\common\Barotrauma\Content\Sounds\Impact\SoftImpact1.ogg"
"Content/Sounds/Impact/SoftImpact2.ogg","SoftImpact2.ogg","ogg","16785","2025-06-08T21:11:24.3079138Z","C:\Program Files (x86)\Steam\steamapps\common\Barotrauma\Content\Sounds\Impact\SoftImpact2.ogg"
"Content/Sounds/Impact/SoftImpact3.ogg","SoftImpact3.ogg","ogg","17906","2025-06-08T21:11:15.5722166Z","C:\Program Files (x86)\Steam\steamapps\common\Barotrauma\Content\Sounds\Impact\SoftImpact3.ogg"
"Content/Sounds/MONSTER_farLayer.ogg","MONSTER_farLayer.ogg","ogg","915170","2025-06-08T21:11:01.9955065Z","C:\Program Files (x86)\Steam\steamapps\common\Barotrauma\Content\Sounds\MONSTER_farLayer.ogg"
"Content/Sounds/Music/Accordion Irish Remix.ogg","Accordion Irish Remix.ogg","ogg","6928901","2025-06-19T20:07:27.3251531Z","C:\Program Files (x86)\Steam\steamapps\common\Barotrauma\Content\Sounds\Music\Accordion Irish Remix.ogg"
"Content/Sounds/Music/Alien Ruins Loop.ogg","Alien Ruins Loop.ogg","ogg","5794377","2025-06-08T21:11:01.9965057Z","C:\Program Files (x86)\Steam\steamapps\common\Barotrauma\Content\Sounds\Music\Alien Ruins Loop.ogg"
"Content/Sounds/Music/Alien Syndicate Remix.ogg","Alien Syndicate Remix.ogg","ogg","6818156","2025-06-08T21:11:01.9965057Z","C:\Program Files (x86)\Steam\steamapps\common\Barotrauma\Content\Sounds\Music\Alien Syndicate Remix.ogg"
"Content/Sounds/Music/Alien Syndicate.ogg","Alien Syndicate.ogg","ogg","14705857","2025-06-08T21:11:01.9965057Z","C:\Program Files (x86)\Steam\steamapps\common\Barotrauma\Content\Sounds\Music\Alien Syndicate.ogg"
"Content/Sounds/Music/All But Systematic Chaos.ogg","All But Systematic Chaos.ogg","ogg","11079835","2025-06-08T21:11:01.9965057Z","C:\Program Files (x86)\Steam\steamapps\common\Barotrauma\Content\Sounds\Music\All But Systematic Chaos.ogg"
"Content/Sounds/Music/Ballad For Whales.ogg","Ballad For Whales.ogg","ogg","15032319","2025-06-08T21:11:01.9965057Z","C:\Program Files (x86)\Steam\steamapps\common\Barotrauma\Content\Sounds\Music\Ballad For Whales.ogg"
"Content/Sounds/Music/Barotraumatropolis.ogg","Barotraumatropolis.ogg","ogg","11331282","2025-06-08T21:11:01.9965057Z","C:\Program Files (x86)\Steam\steamapps\common\Barotrauma\Content\Sounds\Music\Barotraumatropolis.ogg"
"Content/Sounds/Music/Biome Noise Loop - Cold Caverns.ogg","Biome Noise Loop - Cold Caverns.ogg","ogg","4481202","2025-06-08T21:11:01.9965057Z","C:\Program Files (x86)\Steam\steamapps\common\Barotrauma\Content\Sounds\Music\Biome Noise Loop - Cold Caverns.ogg"
"Content/Sounds/Music/Biome Noise Loop - Europan Ridge.ogg","Biome Noise Loop - Europan Ridge.ogg","ogg","5037674","2025-06-08T21:11:01.9965057Z","C:\Program Files (x86)\Steam\steamapps\common\Barotrauma\Content\Sounds\Music\Biome Noise Loop - Europan Ridge.ogg"
"Content/Sounds/Music/Biome Noise Loop - Hydrothermal Wastes.ogg","Biome Noise Loop - Hydrothermal Wastes.ogg","ogg","3671277","2025-06-08T21:11:01.9965057Z","C:\Program Files (x86)\Steam\steamapps\common\Barotrauma\Content\Sounds\Music\Biome Noise Loop - Hydrothermal Wastes.ogg"
"Content/Sounds/Music/Biome Noise Loop - The Aphotic Plateau.ogg","Biome Noise Loop - The Aphotic Plateau.ogg","ogg","5034274","2025-06-08T21:11:01.9975056Z","C:\Program Files (x86)\Steam\steamapps\common\Barotrauma\Content\Sounds\Music\Biome Noise Loop - The Aphotic Plateau.ogg"
"Content/Sounds/Music/Biome Noise Loop - The Great Sea.ogg","Biome Noise Loop - The Great Sea.ogg","ogg","4077339","2025-06-08T21:11:01.9975056Z","C:\Program Files (x86)\Steam\steamapps\common\Barotrauma\Content\Sounds\Music\Biome Noise Loop - The Great Sea.ogg"
"Content/Sounds/Music/Desperation.ogg","Desperation.ogg","ogg","1143049","2025-06-08T21:11:01.9975056Z","C:\Program Files (x86)\Steam\steamapps\common\Barotrauma\Content\Sounds\Music\Desperation.ogg"
"Content/Sounds/Music/Engine room whales.ogg","Engine room whales.ogg","ogg","993133","2025-06-08T21:11:01.9975056Z","C:\Program Files (x86)\Steam\steamapps\common\Barotrauma\Content\Sounds\Music\Engine room whales.ogg"
"Content/Sounds/Music/Explore The Abyss.ogg","Explore The Abyss.ogg","ogg","13015105","2025-06-08T21:11:01.9975056Z","C:\Program Files (x86)\Steam\steamapps\common\Barotrauma\Content\Sounds\Music\Explore The Abyss.ogg"
"Content/Sounds/Music/Extraterrestrial Broadcast.ogg","Extraterrestrial Broadcast.ogg","ogg","16566196","2025-06-08T21:11:01.9975056Z","C:\Program Files (x86)\Steam\steamapps\common\Barotrauma\Content\Sounds\Music\Extraterrestrial Broadcast.ogg"
"Content/Sounds/Music/Fragile Waves.ogg","Fragile Waves.ogg","ogg","8167385","2025-06-08T21:11:01.9975056Z","C:\Program Files (x86)\Steam\steamapps\common\Barotrauma\Content\Sounds\Music\Fragile Waves.ogg"
"Content/Sounds/Music/Intensity Layer 1.ogg","Intensity Layer 1.ogg","ogg","1024382","2025-06-08T21:11:01.9975056Z","C:\Program Files (x86)\Steam\steamapps\common\Barotrauma\Content\Sounds\Music\Intensity Layer 1.ogg"
"Content/Sounds/Music/Intensity Layer 2.ogg","Intensity Layer 2.ogg","ogg","1074334","2025-06-08T21:11:01.9975056Z","C:\Program Files (x86)\Steam\steamapps\common\Barotrauma\Content\Sounds\Music\Intensity Layer 2.ogg"
"Content/Sounds/Music/Intensity Layer 3.ogg","Intensity Layer 3.ogg","ogg","816701","2025-06-08T21:11:01.9985055Z","C:\Program Files (x86)\Steam\steamapps\common\Barotrauma\Content\Sounds\Music\Intensity Layer 3.ogg"
"Content/Sounds/Music/Intensity Layer 4.ogg","Intensity Layer 4.ogg","ogg","967229","2025-06-08T21:11:01.9985055Z","C:\Program Files (x86)\Steam\steamapps\common\Barotrauma\Content\Sounds\Music\Intensity Layer 4.ogg"
"Content/Sounds/Music/Layer 0 - Basic.ogg","Layer 0 - Basic.ogg","ogg","32299951","2025-06-08T21:11:01.9985055Z","C:\Program Files (x86)\Steam\steamapps\common\Barotrauma\Content\Sounds\Music\Layer 0 - Basic.ogg"
"Content/Sounds/Music/Layer 1 - Monsters Nearby.ogg","Layer 1 - Monsters Nearby.ogg","ogg","5865077","2025-06-08T21:11:01.9985055Z","C:\Program Files (x86)\Steam\steamapps\common\Barotrauma\Content\Sounds\Music\Layer 1 - Monsters Nearby.ogg"
"Content/Sounds/Music/Layer 11 - Crush Depth.ogg","Layer 11 - Crush Depth.ogg","ogg","2139099","2025-06-08T21:11:01.9985055Z","C:\Program Files (x86)\Steam\steamapps\common\Barotrauma\Content\Sounds\Music\Layer 11 - Crush Depth.ogg"
"Content/Sounds/Music/Layer 12 - Objective Complete.ogg","Layer 12 - Objective Complete.ogg","ogg","1724575","2025-06-08T21:11:01.9985055Z","C:\Program Files (x86)\Steam\steamapps\common\Barotrauma\Content\Sounds\Music\Layer 12 - Objective Complete.ogg"
"Content/Sounds/Music/Layer 2 - In The Ruins.ogg","Layer 2 - In The Ruins.ogg","ogg","7280099","2025-06-08T21:11:01.9985055Z","C:\Program Files (x86)\Steam\steamapps\common\Barotrauma\Content\Sounds\Music\Layer 2 - In The Ruins.ogg"
"Content/Sounds/Music/Layer 3 - Leaving Start Location.ogg","Layer 3 - Leaving Start Location.ogg","ogg","3646685","2025-06-08T21:11:01.9985055Z","C:\Program Files (x86)\Steam\steamapps\common\Barotrauma\Content\Sounds\Music\Layer 3 - Leaving Start Location.ogg"
"Content/Sounds/Music/Layer 4 - Arriving at Destination.ogg","Layer 4 - Arriving at Destination.ogg","ogg","3941203","2025-06-08T21:11:01.9985055Z","C:\Program Files (x86)\Steam\steamapps\common\Barotrauma\Content\Sounds\Music\Layer 4 - Arriving at Destination.ogg"
"Content/Sounds/Music/Layer 5 - Submarine Flooded.ogg","Layer 5 - Submarine Flooded.ogg","ogg","3994226","2025-06-08T21:11:01.9985055Z","C:\Program Files (x86)\Steam\steamapps\common\Barotrauma\Content\Sounds\Music\Layer 5 - Submarine Flooded.ogg"
"Content/Sounds/Music/Look Behind The Watery Shadows.ogg","Look Behind The Watery Shadows.ogg","ogg","20412448","2025-06-08T21:11:01.9995058Z","C:\Program Files (x86)\Steam\steamapps\common\Barotrauma\Content\Sounds\Music\Look Behind The Watery Shadows.ogg"
"Content/Sounds/Music/Main Menu Music.ogg","Main Menu Music.ogg","ogg","12035355","2025-06-08T21:11:01.9995058Z","C:\Program Files (x86)\Steam\steamapps\common\Barotrauma\Content\Sounds\Music\Main Menu Music.ogg"
"Content/Sounds/Music/Marching Upstream Part 1.ogg","Marching Upstream Part 1.ogg","ogg","15811764","2025-06-08T21:11:01.9995058Z","C:\Program Files (x86)\Steam\steamapps\common\Barotrauma\Content\Sounds\Music\Marching Upstream Part 1.ogg"
"Content/Sounds/Music/Marching Upstream Part 2.ogg","Marching Upstream Part 2.ogg","ogg","21411969","2025-06-08T21:11:01.9995058Z","C:\Program Files (x86)\Steam\steamapps\common\Barotrauma\Content\Sounds\Music\Marching Upstream Part 2.ogg"
"Content/Sounds/Music/Mono/Accordion Irish Remix Mono.ogg","Accordion Irish Remix Mono.ogg","ogg","1344413","2025-07-04T19:47:07.2815409Z","C:\Program Files (x86)\Steam\steamapps\common\Barotrauma\Content\Sounds\Music\Mono\Accordion Irish Remix Mono.ogg"
"Content/Sounds/Music/Mono/Alien Syndicate Remix Mono.ogg","Alien Syndicate Remix Mono.ogg","ogg","1237125","2025-07-04T19:47:07.2815409Z","C:\Program Files (x86)\Steam\steamapps\common\Barotrauma\Content\Sounds\Music\Mono\Alien Syndicate Remix Mono.ogg"
"Content/Sounds/Music/Mono/Seafloor Cries Sub-Night Remix Mono.ogg","Seafloor Cries Sub-Night Remix Mono.ogg","ogg","1552217","2025-07-04T19:47:07.2824217Z","C:\Program Files (x86)\Steam\steamapps\common\Barotrauma\Content\Sounds\Music\Mono\Seafloor Cries Sub-Night Remix Mono.ogg"
"Content/Sounds/Music/Mono/Zack The Rabid Ripper Remix Mono.ogg","Zack The Rabid Ripper Remix Mono.ogg","ogg","1447139","2025-07-04T19:47:07.2824217Z","C:\Program Files (x86)\Steam\steamapps\common\Barotrauma\Content\Sounds\Music\Mono\Zack The Rabid Ripper Remix Mono.ogg"
"Content/Sounds/Music/Monster Nearby - Extended.ogg","Monster Nearby - Extended.ogg","ogg","5687137","2025-06-08T21:11:01.9995058Z","C:\Program Files (x86)\Steam\steamapps\common\Barotrauma\Content\Sounds\Music\Monster Nearby - Extended.ogg"
"Content/Sounds/Music/Moribund In An Underwater Coffin.ogg","Moribund In An Underwater Coffin.ogg","ogg","10592098","2025-06-08T21:11:01.9995058Z","C:\Program Files (x86)\Steam\steamapps\common\Barotrauma\Content\Sounds\Music\Moribund In An Underwater Coffin.ogg"
"Content/Sounds/Music/Overclocked Weakness.ogg","Overclocked Weakness.ogg","ogg","9524644","2025-06-08T21:11:01.9995058Z","C:\Program Files (x86)\Steam\steamapps\common\Barotrauma\Content\Sounds\Music\Overclocked Weakness.ogg"
"Content/Sounds/Music/Road to Hell.ogg","Road to Hell.ogg","ogg","655052","2025-06-08T21:11:01.9995058Z","C:\Program Files (x86)\Steam\steamapps\common\Barotrauma\Content\Sounds\Music\Road to Hell.ogg"
"Content/Sounds/Music/Seafloor Cries Sub-Night Remix.ogg","Seafloor Cries Sub-Night Remix.ogg","ogg","8975275","2025-06-08T21:11:02.0005058Z","C:\Program Files (x86)\Steam\steamapps\common\Barotrauma\Content\Sounds\Music\Seafloor Cries Sub-Night Remix.ogg"
"Content/Sounds/Music/Seafloor Cries.ogg","Seafloor Cries.ogg","ogg","9121669","2025-06-08T21:11:02.0005058Z","C:\Program Files (x86)\Steam\steamapps\common\Barotrauma\Content\Sounds\Music\Seafloor Cries.ogg"
"Content/Sounds/Music/Somethings outside.ogg","Somethings outside.ogg","ogg","1033407","2025-06-08T21:11:02.0005058Z","C:\Program Files (x86)\Steam\steamapps\common\Barotrauma\Content\Sounds\Music\Somethings outside.ogg"
"Content/Sounds/Music/Space Miner's Song.ogg","Space Miner's Song.ogg","ogg","15480600","2025-06-08T21:11:02.0005058Z","C:\Program Files (x86)\Steam\steamapps\common\Barotrauma\Content\Sounds\Music\Space Miner's Song.ogg"
"Content/Sounds/Music/Subaquatic Symphony for Hammer And Metal.ogg","Subaquatic Symphony for Hammer And Metal.ogg","ogg","18650965","2025-06-08T21:11:02.0005058Z","C:\Program Files (x86)\Steam\steamapps\common\Barotrauma\Content\Sounds\Music\Subaquatic Symphony for Hammer And Metal.ogg"
"Content/Sounds/Music/Submarine Flooded - Extended.ogg","Submarine Flooded - Extended.ogg","ogg","4926748","2025-06-08T21:11:02.0005058Z","C:\Program Files (x86)\Steam\steamapps\common\Barotrauma\Content\Sounds\Music\Submarine Flooded - Extended.ogg"
"Content/Sounds/Music/The Eerie And The Unknown.ogg","The Eerie And The Unknown.ogg","ogg","26466290","2025-06-08T21:11:02.0005058Z","C:\Program Files (x86)\Steam\steamapps\common\Barotrauma\Content\Sounds\Music\The Eerie And The Unknown.ogg"
"Content/Sounds/Music/Wartrauma.ogg","Wartrauma.ogg","ogg","28059351","2025-06-08T21:11:02.0005058Z","C:\Program Files (x86)\Steam\steamapps\common\Barotrauma\Content\Sounds\Music\Wartrauma.ogg"
"Content/Sounds/Music/Water Of The SSN Rusty Clown.ogg","Water Of The SSN Rusty Clown.ogg","ogg","8324567","2025-06-08T21:11:02.0015054Z","C:\Program Files (x86)\Steam\steamapps\common\Barotrauma\Content\Sounds\Music\Water Of The SSN Rusty Clown.ogg"
"Content/Sounds/Music/Waves Of Jupiter.ogg","Waves Of Jupiter.ogg","ogg","4097034","2025-06-08T21:11:02.0015054Z","C:\Program Files (x86)\Steam\steamapps\common\Barotrauma\Content\Sounds\Music\Waves Of Jupiter.ogg"
"Content/Sounds/Music/Wondrous Places.ogg","Wondrous Places.ogg","ogg","9972975","2025-06-08T21:11:02.0015054Z","C:\Program Files (x86)\Steam\steamapps\common\Barotrauma\Content\Sounds\Music\Wondrous Places.ogg"
"Content/Sounds/Music/Zack The Rabid Ripper Remix.ogg","Zack The Rabid Ripper Remix.ogg","ogg","8283338","2025-06-08T21:11:02.0015054Z","C:\Program Files (x86)\Steam\steamapps\common\Barotrauma\Content\Sounds\Music\Zack The Rabid Ripper Remix.ogg"
"Content/Sounds/Music/Zack The Rabid Ripper.ogg","Zack The Rabid Ripper.ogg","ogg","11307864","2025-06-08T21:11:02.0015054Z","C:\Program Files (x86)\Steam\steamapps\common\Barotrauma\Content\Sounds\Music\Zack The Rabid Ripper.ogg"
"Content/Sounds/PickItem.ogg","PickItem.ogg","ogg","14560","2025-06-08T21:11:33.8905704Z","C:\Program Files (x86)\Steam\steamapps\common\Barotrauma\Content\Sounds\PickItem.ogg"
"Content/Sounds/PickItemFail.ogg","PickItemFail.ogg","ogg","9983","2025-06-08T21:11:40.6193733Z","C:\Program Files (x86)\Steam\steamapps\common\Barotrauma\Content\Sounds\PickItemFail.ogg"
"Content/Sounds/RadioStatic.ogg","RadioStatic.ogg","ogg","349987","2025-06-08T21:11:02.0015054Z","C:\Program Files (x86)\Steam\steamapps\common\Barotrauma\Content\Sounds\RadioStatic.ogg"
"Content/Sounds/RepairLoop.ogg","RepairLoop.ogg","ogg","182253","2025-06-08T21:11:39.6978430Z","C:\Program Files (x86)\Steam\steamapps\common\Barotrauma\Content\Sounds\RepairLoop.ogg"
"Content/Sounds/RewiringLoop.ogg","RewiringLoop.ogg","ogg","262952","2025-06-08T21:11:02.0015054Z","C:\Program Files (x86)\Steam\steamapps\common\Barotrauma\Content\Sounds\RewiringLoop.ogg"
"Content/Sounds/sounds.xml","sounds.xml","xml","26276","2025-06-08T21:11:39.6978430Z","C:\Program Files (x86)\Steam\steamapps\common\Barotrauma\Content\Sounds\sounds.xml"
"Content/Sounds/Tinnitus1.ogg","Tinnitus1.ogg","ogg","227231","2025-06-08T21:11:40.6203811Z","C:\Program Files (x86)\Steam\steamapps\common\Barotrauma\Content\Sounds\Tinnitus1.ogg"
"Content/Sounds/Tinnitus2.ogg","Tinnitus2.ogg","ogg","245561","2025-06-08T21:11:33.8915706Z","C:\Program Files (x86)\Steam\steamapps\common\Barotrauma\Content\Sounds\Tinnitus2.ogg"
"Content/Sounds/UI/ChatMsg.ogg","ChatMsg.ogg","ogg","10423","2025-06-08T21:11:44.1728911Z","C:\Program Files (x86)\Steam\steamapps\common\Barotrauma\Content\Sounds\UI\ChatMsg.ogg"
"Content/Sounds/UI/DeadMsg.ogg","DeadMsg.ogg","ogg","8392","2025-06-08T21:11:40.6223801Z","C:\Program Files (x86)\Steam\steamapps\common\Barotrauma\Content\Sounds\UI\DeadMsg.ogg"
"Content/Sounds/UI/PopupMenu.ogg","PopupMenu.ogg","ogg","9163","2025-06-08T21:11:40.6213860Z","C:\Program Files (x86)\Steam\steamapps\common\Barotrauma\Content\Sounds\UI\PopupMenu.ogg"
"Content/Sounds/UI/QuantityDecrease.ogg","QuantityDecrease.ogg","ogg","9104","2025-06-08T21:11:33.8905704Z","C:\Program Files (x86)\Steam\steamapps\common\Barotrauma\Content\Sounds\UI\QuantityDecrease.ogg"
"Content/Sounds/UI/QuantityIncrease.ogg","QuantityIncrease.ogg","ogg","9318","2025-06-08T21:11:27.0337542Z","C:\Program Files (x86)\Steam\steamapps\common\Barotrauma\Content\Sounds\UI\QuantityIncrease.ogg"
"Content/Sounds/UI/RadioMsg.ogg","RadioMsg.ogg","ogg","18615","2025-06-08T21:11:27.0347538Z","C:\Program Files (x86)\Steam\steamapps\common\Barotrauma\Content\Sounds\UI\RadioMsg.ogg"
"Content/Sounds/UI/UI_labelCart.ogg","UI_labelCart.ogg","ogg","12448","2025-06-08T21:11:38.8537419Z","C:\Program Files (x86)\Steam\steamapps\common\Barotrauma\Content\Sounds\UI\UI_labelCart.ogg"
"Content/Sounds/UI/UI_labelCheckBox.ogg","UI_labelCheckBox.ogg","ogg","9640","2025-06-08T21:11:45.2693720Z","C:\Program Files (x86)\Steam\steamapps\common\Barotrauma\Content\Sounds\UI\UI_labelCheckBox.ogg"
"Content/Sounds/UI/UI_labelCountMinus.ogg","UI_labelCountMinus.ogg","ogg","8207","2025-06-08T21:11:39.9414423Z","C:\Program Files (x86)\Steam\steamapps\common\Barotrauma\Content\Sounds\UI\UI_labelCountMinus.ogg"
"Content/Sounds/UI/UI_labelCountPlus.ogg","UI_labelCountPlus.ogg","ogg","8091","2025-06-08T21:11:44.4025607Z","C:\Program Files (x86)\Steam\steamapps\common\Barotrauma\Content\Sounds\UI\UI_labelCountPlus.ogg"
"Content/Sounds/UI/UI_labelMarkka.ogg","UI_labelMarkka.ogg","ogg","26964","2025-06-08T21:11:38.8547428Z","C:\Program Files (x86)\Steam\steamapps\common\Barotrauma\Content\Sounds\UI\UI_labelMarkka.ogg"
"Content/Sounds/UI/UI_labelSelect.ogg","UI_labelSelect.ogg","ogg","15134","2025-06-08T21:11:40.6213860Z","C:\Program Files (x86)\Steam\steamapps\common\Barotrauma\Content\Sounds\UI\UI_labelSelect.ogg"
"Content/Sounds/UI/UImsg.ogg","UImsg.ogg","ogg","13227","2025-06-08T21:11:27.0347538Z","C:\Program Files (x86)\Steam\steamapps\common\Barotrauma\Content\Sounds\UI\UImsg.ogg"
"Content/Sounds/UI/UIswitch1.ogg","UIswitch1.ogg","ogg","10485","2025-06-08T21:11:33.8925707Z","C:\Program Files (x86)\Steam\steamapps\common\Barotrauma\Content\Sounds\UI\UIswitch1.ogg"
"Content/Sounds/UI/UIswitch2.ogg","UIswitch2.ogg","ogg","9641","2025-06-08T21:11:38.8547428Z","C:\Program Files (x86)\Steam\steamapps\common\Barotrauma\Content\Sounds\UI\UIswitch2.ogg"
"Content/Sounds/UI/UIswitch3.ogg","UIswitch3.ogg","ogg","10119","2025-06-08T21:11:27.0347538Z","C:\Program Files (x86)\Steam\steamapps\common\Barotrauma\Content\Sounds\UI\UIswitch3.ogg"
"Content/Sounds/Water/BlackSmoker.ogg","BlackSmoker.ogg","ogg","122495","2025-06-08T21:11:44.5409870Z","C:\Program Files (x86)\Steam\steamapps\common\Barotrauma\Content\Sounds\Water\BlackSmoker.ogg"
"Content/Sounds/Water/DrownFemale1.ogg","DrownFemale1.ogg","ogg","18736","2025-06-08T21:11:33.8915706Z","C:\Program Files (x86)\Steam\steamapps\common\Barotrauma\Content\Sounds\Water\DrownFemale1.ogg"
"Content/Sounds/Water/DrownFemale2.ogg","DrownFemale2.ogg","ogg","18824","2025-06-08T21:11:44.5239086Z","C:\Program Files (x86)\Steam\steamapps\common\Barotrauma\Content\Sounds\Water\DrownFemale2.ogg"
"Content/Sounds/Water/DrownFemale3.ogg","DrownFemale3.ogg","ogg","20238","2025-06-08T21:11:38.8557420Z","C:\Program Files (x86)\Steam\steamapps\common\Barotrauma\Content\Sounds\Water\DrownFemale3.ogg"
"Content/Sounds/Water/DrownMale1.ogg","DrownMale1.ogg","ogg","14783","2025-06-08T21:11:38.8537419Z","C:\Program Files (x86)\Steam\steamapps\common\Barotrauma\Content\Sounds\Water\DrownMale1.ogg"
"Content/Sounds/Water/DrownMale2.ogg","DrownMale2.ogg","ogg","15446","2025-06-08T21:11:45.2693720Z","C:\Program Files (x86)\Steam\steamapps\common\Barotrauma\Content\Sounds\Water\DrownMale2.ogg"
"Content/Sounds/Water/DrownMale3.ogg","DrownMale3.ogg","ogg","15034","2025-06-08T21:11:33.8905704Z","C:\Program Files (x86)\Steam\steamapps\common\Barotrauma\Content\Sounds\Water\DrownMale3.ogg"
"Content/Sounds/Water/DrownMale4.ogg","DrownMale4.ogg","ogg","15147","2025-06-08T21:11:44.5229089Z","C:\Program Files (x86)\Steam\steamapps\common\Barotrauma\Content\Sounds\Water\DrownMale4.ogg"
"Content/Sounds/Water/DrownMale5.ogg","DrownMale5.ogg","ogg","15730","2025-06-08T21:11:38.8537419Z","C:\Program Files (x86)\Steam\steamapps\common\Barotrauma\Content\Sounds\Water\DrownMale5.ogg"
"Content/Sounds/Water/FlowLarge.ogg","FlowLarge.ogg","ogg","1150371","2025-06-08T21:11:02.0025057Z","C:\Program Files (x86)\Steam\steamapps\common\Barotrauma\Content\Sounds\Water\FlowLarge.ogg"
"Content/Sounds/Water/FlowMedium.ogg","FlowMedium.ogg","ogg","1064097","2025-06-08T21:11:02.0025057Z","C:\Program Files (x86)\Steam\steamapps\common\Barotrauma\Content\Sounds\Water\FlowMedium.ogg"
"Content/Sounds/Water/FlowSmall.ogg","FlowSmall.ogg","ogg","1156310","2025-06-08T21:11:02.0025057Z","C:\Program Files (x86)\Steam\steamapps\common\Barotrauma\Content\Sounds\Water\FlowSmall.ogg"
"Content/Sounds/Water/Splash0.ogg","Splash0.ogg","ogg","55178","2025-06-08T21:11:40.6213860Z","C:\Program Files (x86)\Steam\steamapps\common\Barotrauma\Content\Sounds\Water\Splash0.ogg"
"Content/Sounds/Water/Splash1.ogg","Splash1.ogg","ogg","51720","2025-06-08T21:11:40.6223801Z","C:\Program Files (x86)\Steam\steamapps\common\Barotrauma\Content\Sounds\Water\Splash1.ogg"
"Content/Sounds/Water/Splash2.ogg","Splash2.ogg","ogg","56273","2025-06-08T21:11:45.6054647Z","C:\Program Files (x86)\Steam\steamapps\common\Barotrauma\Content\Sounds\Water\Splash2.ogg"
"Content/Sounds/Water/Splash3.ogg","Splash3.ogg","ogg","56709","2025-06-08T21:11:33.8925707Z","C:\Program Files (x86)\Steam\steamapps\common\Barotrauma\Content\Sounds\Water\Splash3.ogg"
"Content/Sounds/Water/Splash4.ogg","Splash4.ogg","ogg","46584","2025-06-08T21:11:33.8925707Z","C:\Program Files (x86)\Steam\steamapps\common\Barotrauma\Content\Sounds\Water\Splash4.ogg"
"Content/Sounds/Water/Splash5.ogg","Splash5.ogg","ogg","96216","2025-06-08T21:11:27.2163058Z","C:\Program Files (x86)\Steam\steamapps\common\Barotrauma\Content\Sounds\Water\Splash5.ogg"
"Content/Sounds/Water/Splash6.ogg","Splash6.ogg","ogg","83943","2025-06-08T21:11:39.6978430Z","C:\Program Files (x86)\Steam\steamapps\common\Barotrauma\Content\Sounds\Water\Splash6.ogg"
"Content/Sounds/Water/Splash7.ogg","Splash7.ogg","ogg","105752","2025-06-08T21:11:29.7231498Z","C:\Program Files (x86)\Steam\steamapps\common\Barotrauma\Content\Sounds\Water\Splash7.ogg"
"Content/Sounds/Water/Splash8.ogg","Splash8.ogg","ogg","106703","2025-06-08T21:11:38.9627949Z","C:\Program Files (x86)\Steam\steamapps\common\Barotrauma\Content\Sounds\Water\Splash8.ogg"
"Content/Sounds/Water/Splash9.ogg","Splash9.ogg","ogg","86532","2025-06-08T21:11:27.2183058Z","C:\Program Files (x86)\Steam\steamapps\common\Barotrauma\Content\Sounds\Water\Splash9.ogg"
"Content/Sounds/Water/SplashLoop.ogg","SplashLoop.ogg","ogg","319748","2025-06-08T21:11:02.0025057Z","C:\Program Files (x86)\Steam\steamapps\common\Barotrauma\Content\Sounds\Water\SplashLoop.ogg"
"Content/Sounds/Water/WaterAmbienceIn.ogg","WaterAmbienceIn.ogg","ogg","1756230","2025-06-08T21:11:02.0025057Z","C:\Program Files (x86)\Steam\steamapps\common\Barotrauma\Content\Sounds\Water\WaterAmbienceIn.ogg"
"Content/Sounds/Water/WaterAmbienceMoving.ogg","WaterAmbienceMoving.ogg","ogg","1309732","2025-06-08T21:11:02.0025057Z","C:\Program Files (x86)\Steam\steamapps\common\Barotrauma\Content\Sounds\Water\WaterAmbienceMoving.ogg"
"Content/Sounds/Water/WaterAmbienceOut.ogg","WaterAmbienceOut.ogg","ogg","1310593","2025-06-08T21:11:02.0025057Z","C:\Program Files (x86)\Steam\steamapps\common\Barotrauma\Content\Sounds\Water\WaterAmbienceOut.ogg"
"Content/SplashScreens/Ending.webm","Ending.webm","webm","10277607","2025-06-08T21:11:02.0035069Z","C:\Program Files (x86)\Steam\steamapps\common\Barotrauma\Content\SplashScreens\Ending.webm"
"Content/SplashScreens/Original/Splash_Daedalic.mp4","Splash_Daedalic.mp4","mp4","26213993","2025-06-08T21:11:02.0035069Z","C:\Program Files (x86)\Steam\steamapps\common\Barotrauma\Content\SplashScreens\Original\Splash_Daedalic.mp4"
"Content/SplashScreens/Original/Splash_FF.mp4","Splash_FF.mp4","mp4","6199617","2025-06-08T21:11:02.0035069Z","C:\Program Files (x86)\Steam\steamapps\common\Barotrauma\Content\SplashScreens\Original\Splash_FF.mp4"
"Content/SplashScreens/Original/Splash_UTG.mp4","Splash_UTG.mp4","mp4","21301753","2025-06-08T21:11:02.0035069Z","C:\Program Files (x86)\Steam\steamapps\common\Barotrauma\Content\SplashScreens\Original\Splash_UTG.mp4"
"Content/SplashScreens/Splash_Daedalic.webm","Splash_Daedalic.webm","webm","11254792","2025-06-08T21:11:02.0035069Z","C:\Program Files (x86)\Steam\steamapps\common\Barotrauma\Content\SplashScreens\Splash_Daedalic.webm"
"Content/SplashScreens/Splash_FF.webm","Splash_FF.webm","webm","1043885","2025-06-08T21:11:02.0035069Z","C:\Program Files (x86)\Steam\steamapps\common\Barotrauma\Content\SplashScreens\Splash_FF.webm"
"Content/SplashScreens/Splash_UTG.webm","Splash_UTG.webm","webm","3794773","2025-06-08T21:11:02.0035069Z","C:\Program Files (x86)\Steam\steamapps\common\Barotrauma\Content\SplashScreens\Splash_UTG.webm"
"Content/Submarines/Azimuth.sub","Azimuth.sub","sub","236137","2026-06-18T17:04:43.9634188Z","C:\Program Files (x86)\Steam\steamapps\common\Barotrauma\Content\Submarines\Azimuth.sub"
"Content/Submarines/Barsuk.sub","Barsuk.sub","sub","256562","2026-04-09T15:55:19.0671976Z","C:\Program Files (x86)\Steam\steamapps\common\Barotrauma\Content\Submarines\Barsuk.sub"
"Content/Submarines/Berilia.sub","Berilia.sub","sub","358357","2026-04-09T15:55:12.9184700Z","C:\Program Files (x86)\Steam\steamapps\common\Barotrauma\Content\Submarines\Berilia.sub"
"Content/Submarines/Camel.sub","Camel.sub","sub","341383","2026-06-16T13:01:19.4979204Z","C:\Program Files (x86)\Steam\steamapps\common\Barotrauma\Content\Submarines\Camel.sub"
"Content/Submarines/Dugong.sub","Dugong.sub","sub","228362","2026-06-16T13:02:18.3535845Z","C:\Program Files (x86)\Steam\steamapps\common\Barotrauma\Content\Submarines\Dugong.sub"
"Content/Submarines/Hemulen.sub","Hemulen.sub","sub","243918","2025-06-08T21:11:45.2683723Z","C:\Program Files (x86)\Steam\steamapps\common\Barotrauma\Content\Submarines\Hemulen.sub"
"Content/Submarines/Herja.sub","Herja.sub","sub","252563","2026-06-18T17:04:43.9634188Z","C:\Program Files (x86)\Steam\steamapps\common\Barotrauma\Content\Submarines\Herja.sub"
"Content/Submarines/Humpback.sub","Humpback.sub","sub","222213","2026-06-16T13:01:40.3735497Z","C:\Program Files (x86)\Steam\steamapps\common\Barotrauma\Content\Submarines\Humpback.sub"
"Content/Submarines/Kastrull.sub","Kastrull.sub","sub","290898","2025-06-19T20:07:27.3251531Z","C:\Program Files (x86)\Steam\steamapps\common\Barotrauma\Content\Submarines\Kastrull.sub"
"Content/Submarines/KastrullDrone.sub","KastrullDrone.sub","sub","232965","2025-06-19T20:07:28.2474719Z","C:\Program Files (x86)\Steam\steamapps\common\Barotrauma\Content\Submarines\KastrullDrone.sub"
"Content/Submarines/Orca.sub","Orca.sub","sub","248322","2026-06-16T13:01:41.7261717Z","C:\Program Files (x86)\Steam\steamapps\common\Barotrauma\Content\Submarines\Orca.sub"
"Content/Submarines/Orca2.sub","Orca2.sub","sub","261894","2026-06-18T17:04:44.0855514Z","C:\Program Files (x86)\Steam\steamapps\common\Barotrauma\Content\Submarines\Orca2.sub"
"Content/Submarines/PowerTestSub.sub","PowerTestSub.sub","sub","8754","2025-06-08T21:11:46.8021954Z","C:\Program Files (x86)\Steam\steamapps\common\Barotrauma\Content\Submarines\PowerTestSub.sub"
"Content/Submarines/R-29.sub","R-29.sub","sub","241932","2025-06-08T21:11:29.7792010Z","C:\Program Files (x86)\Steam\steamapps\common\Barotrauma\Content\Submarines\R-29.sub"
"Content/Submarines/Remora.sub","Remora.sub","sub","304243","2025-06-08T21:11:02.0045062Z","C:\Program Files (x86)\Steam\steamapps\common\Barotrauma\Content\Submarines\Remora.sub"
"Content/Submarines/RemoraDrone.sub","RemoraDrone.sub","sub","269483","2025-06-08T21:11:02.0045062Z","C:\Program Files (x86)\Steam\steamapps\common\Barotrauma\Content\Submarines\RemoraDrone.sub"
"Content/Submarines/Selkie.sub","Selkie.sub","sub","241291","2025-06-08T21:11:42.3680911Z","C:\Program Files (x86)\Steam\steamapps\common\Barotrauma\Content\Submarines\Selkie.sub"
"Content/Submarines/Typhon.sub","Typhon.sub","sub","291180","2026-06-18T17:04:43.2483839Z","C:\Program Files (x86)\Steam\steamapps\common\Barotrauma\Content\Submarines\Typhon.sub"
"Content/Submarines/Typhon2.sub","Typhon2.sub","sub","305231","2025-06-08T21:11:02.0045062Z","C:\Program Files (x86)\Steam\steamapps\common\Barotrauma\Content\Submarines\Typhon2.sub"
"Content/Submarines/Venture.sub","Venture.sub","sub","307638","2025-06-08T21:11:02.0055066Z","C:\Program Files (x86)\Steam\steamapps\common\Barotrauma\Content\Submarines\Venture.sub"
"Content/Submarines/Wallaby.sub","Wallaby.sub","sub","308079","2026-04-21T10:32:04.7264673Z","C:\Program Files (x86)\Steam\steamapps\common\Barotrauma\Content\Submarines\Wallaby.sub"
"Content/Submarines/Winterhalter.sub","Winterhalter.sub","sub","279260","2026-04-09T15:55:12.9194696Z","C:\Program Files (x86)\Steam\steamapps\common\Barotrauma\Content\Submarines\Winterhalter.sub"
"Content/Talents/Assistant/AfflictionsAssistant.xml","AfflictionsAssistant.xml","xml","13398","2025-06-08T21:11:35.3307308Z","C:\Program Files (x86)\Steam\steamapps\common\Barotrauma\Content\Talents\Assistant\AfflictionsAssistant.xml"
"Content/Talents/Assistant/TalentsAssistant.xml","TalentsAssistant.xml","xml","36271","2025-06-08T21:11:42.3660914Z","C:\Program Files (x86)\Steam\steamapps\common\Barotrauma\Content\Talents\Assistant\TalentsAssistant.xml"
"Content/Talents/Captain/AfflictionsCaptain.xml","AfflictionsCaptain.xml","xml","11917","2026-06-16T13:01:41.3601094Z","C:\Program Files (x86)\Steam\steamapps\common\Barotrauma\Content\Talents\Captain\AfflictionsCaptain.xml"
"Content/Talents/Captain/TalentsCaptain.xml","TalentsCaptain.xml","xml","32611","2025-06-08T21:11:42.3670915Z","C:\Program Files (x86)\Steam\steamapps\common\Barotrauma\Content\Talents\Captain\TalentsCaptain.xml"
"Content/Talents/Doctor/AfflictionsDoctor.xml","AfflictionsDoctor.xml","xml","7832","2025-06-08T21:11:40.3410404Z","C:\Program Files (x86)\Steam\steamapps\common\Barotrauma\Content\Talents\Doctor\AfflictionsDoctor.xml"
"Content/Talents/Doctor/TalentsDoctor.xml","TalentsDoctor.xml","xml","24302","2025-06-19T20:07:27.5065406Z","C:\Program Files (x86)\Steam\steamapps\common\Barotrauma\Content\Talents\Doctor\TalentsDoctor.xml"
"Content/Talents/Engineer/AfflictionsEngineer.xml","AfflictionsEngineer.xml","xml","3192","2025-06-08T21:11:45.2053592Z","C:\Program Files (x86)\Steam\steamapps\common\Barotrauma\Content\Talents\Engineer\AfflictionsEngineer.xml"
"Content/Talents/Engineer/TalentsEngineer.xml","TalentsEngineer.xml","xml","25113","2025-06-08T21:11:44.1094767Z","C:\Program Files (x86)\Steam\steamapps\common\Barotrauma\Content\Talents\Engineer\TalentsEngineer.xml"
"Content/Talents/Mechanic/AfflictionsMechanic.xml","AfflictionsMechanic.xml","xml","3444","2025-06-08T21:11:35.3297183Z","C:\Program Files (x86)\Steam\steamapps\common\Barotrauma\Content\Talents\Mechanic\AfflictionsMechanic.xml"
"Content/Talents/Mechanic/TalentsMechanic.xml","TalentsMechanic.xml","xml","29567","2025-12-10T00:32:43.5516676Z","C:\Program Files (x86)\Steam\steamapps\common\Barotrauma\Content\Talents\Mechanic\TalentsMechanic.xml"
"Content/Talents/Security/AfflictionsSecurity.xml","AfflictionsSecurity.xml","xml","4733","2025-06-08T21:11:42.3680911Z","C:\Program Files (x86)\Steam\steamapps\common\Barotrauma\Content\Talents\Security\AfflictionsSecurity.xml"
"Content/Talents/Security/TalentsSecurity.xml","TalentsSecurity.xml","xml","27219","2026-04-09T15:55:13.0123508Z","C:\Program Files (x86)\Steam\steamapps\common\Barotrauma\Content\Talents\Security\TalentsSecurity.xml"
"Content/Talents/TalentTrees.xml","TalentTrees.xml","xml","16873","2025-06-08T21:11:45.2063589Z","C:\Program Files (x86)\Steam\steamapps\common\Barotrauma\Content\Talents\TalentTrees.xml"
"Content/Texts/BrazilianPortuguese/BrazilianPortugueseVanilla.xml","BrazilianPortugueseVanilla.xml","xml","1130179","2026-06-16T13:01:19.4989204Z","C:\Program Files (x86)\Steam\steamapps\common\Barotrauma\Content\Texts\BrazilianPortuguese\BrazilianPortugueseVanilla.xml"
"Content/Texts/BrazilianPortuguese/BrazilianPortugueseVanillaEditorTexts.xml","BrazilianPortugueseVanillaEditorTexts.xml","xml","144065","2025-06-19T20:07:27.5013588Z","C:\Program Files (x86)\Steam\steamapps\common\Barotrauma\Content\Texts\BrazilianPortuguese\BrazilianPortugueseVanillaEditorTexts.xml"
"Content/Texts/BrazilianPortuguese/BrazilianPortugueseVanillaEndgame.xml","BrazilianPortugueseVanillaEndgame.xml","xml","29516","2025-06-08T21:11:44.1104773Z","C:\Program Files (x86)\Steam\steamapps\common\Barotrauma\Content\Texts\BrazilianPortuguese\BrazilianPortugueseVanillaEndgame.xml"
"Content/Texts/BrazilianPortuguese/BrazilianPortugueseVanillaFactions.xml","BrazilianPortugueseVanillaFactions.xml","xml","124299","2025-06-08T21:11:46.8573201Z","C:\Program Files (x86)\Steam\steamapps\common\Barotrauma\Content\Texts\BrazilianPortuguese\BrazilianPortugueseVanillaFactions.xml"
"Content/Texts/CastilianSpanish/CastilianSpanishVanilla.xml","CastilianSpanishVanilla.xml","xml","1132736","2026-06-16T13:01:19.4989204Z","C:\Program Files (x86)\Steam\steamapps\common\Barotrauma\Content\Texts\CastilianSpanish\CastilianSpanishVanilla.xml"
"Content/Texts/CastilianSpanish/CastilianSpanishVanillaEditorTexts.xml","CastilianSpanishVanillaEditorTexts.xml","xml","143273","2025-06-19T20:07:27.5065406Z","C:\Program Files (x86)\Steam\steamapps\common\Barotrauma\Content\Texts\CastilianSpanish\CastilianSpanishVanillaEditorTexts.xml"
"Content/Texts/CastilianSpanish/CastilianSpanishVanillaEndgame.xml","CastilianSpanishVanillaEndgame.xml","xml","28903","2025-06-08T21:11:29.7792010Z","C:\Program Files (x86)\Steam\steamapps\common\Barotrauma\Content\Texts\CastilianSpanish\CastilianSpanishVanillaEndgame.xml"
"Content/Texts/CastilianSpanish/CastilianSpanishVanillaFactions.xml","CastilianSpanishVanillaFactions.xml","xml","119296","2025-06-08T21:11:35.3307308Z","C:\Program Files (x86)\Steam\steamapps\common\Barotrauma\Content\Texts\CastilianSpanish\CastilianSpanishVanillaFactions.xml"
"Content/Texts/Credits.xml","Credits.xml","xml","41254","2026-04-21T10:32:04.8323422Z","C:\Program Files (x86)\Steam\steamapps\common\Barotrauma\Content\Texts\Credits.xml"
"Content/Texts/English/EnglishVanilla.xml","EnglishVanilla.xml","xml","1078022","2026-06-16T13:01:19.4989204Z","C:\Program Files (x86)\Steam\steamapps\common\Barotrauma\Content\Texts\English\EnglishVanilla.xml"
"Content/Texts/English/EnglishVanillaEditorTexts.xml","EnglishVanillaEditorTexts.xml","xml","138561","2026-04-09T15:55:13.0133501Z","C:\Program Files (x86)\Steam\steamapps\common\Barotrauma\Content\Texts\English\EnglishVanillaEditorTexts.xml"
"Content/Texts/English/EnglishVanillaEndgame.xml","EnglishVanillaEndgame.xml","xml","28819","2025-06-08T21:11:35.4439785Z","C:\Program Files (x86)\Steam\steamapps\common\Barotrauma\Content\Texts\English\EnglishVanillaEndgame.xml"
"Content/Texts/English/EnglishVanillaFactions.xml","EnglishVanillaFactions.xml","xml","122497","2025-06-08T21:11:35.4429769Z","C:\Program Files (x86)\Steam\steamapps\common\Barotrauma\Content\Texts\English\EnglishVanillaFactions.xml"
"Content/Texts/English/EnglishVanillaNew.xml","EnglishVanillaNew.xml","xml","1363","2026-06-16T13:01:42.0344374Z","C:\Program Files (x86)\Steam\steamapps\common\Barotrauma\Content\Texts\English\EnglishVanillaNew.xml"
"Content/Texts/FinnishVanilla.xml","FinnishVanilla.xml","xml","58710","2025-06-08T21:11:29.7802010Z","C:\Program Files (x86)\Steam\steamapps\common\Barotrauma\Content\Texts\FinnishVanilla.xml"
"Content/Texts/French/FrenchVanilla.xml","FrenchVanilla.xml","xml","1171105","2026-06-16T13:01:19.4999205Z","C:\Program Files (x86)\Steam\steamapps\common\Barotrauma\Content\Texts\French\FrenchVanilla.xml"
"Content/Texts/French/FrenchVanillaEditorTexts.xml","FrenchVanillaEditorTexts.xml","xml","145885","2025-06-19T20:07:27.4963560Z","C:\Program Files (x86)\Steam\steamapps\common\Barotrauma\Content\Texts\French\FrenchVanillaEditorTexts.xml"
"Content/Texts/French/FrenchVanillaEndgame.xml","FrenchVanillaEndgame.xml","xml","31460","2025-06-08T21:11:29.7802010Z","C:\Program Files (x86)\Steam\steamapps\common\Barotrauma\Content\Texts\French\FrenchVanillaEndgame.xml"
"Content/Texts/French/FrenchVanillaFactions.xml","FrenchVanillaFactions.xml","xml","129071","2025-06-08T21:11:31.1988268Z","C:\Program Files (x86)\Steam\steamapps\common\Barotrauma\Content\Texts\French\FrenchVanillaFactions.xml"
"Content/Texts/German/GermanVanilla.xml","GermanVanilla.xml","xml","1160827","2026-06-16T13:01:19.4999205Z","C:\Program Files (x86)\Steam\steamapps\common\Barotrauma\Content\Texts\German\GermanVanilla.xml"
"Content/Texts/German/GermanVanillaEditorTexts.xml","GermanVanillaEditorTexts.xml","xml","143101","2025-06-19T20:07:27.5075551Z","C:\Program Files (x86)\Steam\steamapps\common\Barotrauma\Content\Texts\German\GermanVanillaEditorTexts.xml"
"Content/Texts/German/GermanVanillaEndgame.xml","GermanVanillaEndgame.xml","xml","31485","2025-06-08T21:11:31.1988268Z","C:\Program Files (x86)\Steam\steamapps\common\Barotrauma\Content\Texts\German\GermanVanillaEndgame.xml"
"Content/Texts/German/GermanVanillaFactions.xml","GermanVanillaFactions.xml","xml","129019","2025-06-08T21:11:45.3638583Z","C:\Program Files (x86)\Steam\steamapps\common\Barotrauma\Content\Texts\German\GermanVanillaFactions.xml"
"Content/Texts/Japanese/JapaneseVanilla.xml","JapaneseVanilla.xml","xml","1190873","2026-06-16T13:01:19.5009193Z","C:\Program Files (x86)\Steam\steamapps\common\Barotrauma\Content\Texts\Japanese\JapaneseVanilla.xml"
"Content/Texts/Japanese/JapaneseVanillaEditorTexts.xml","JapaneseVanillaEditorTexts.xml","xml","150735","2025-06-19T20:07:27.5065406Z","C:\Program Files (x86)\Steam\steamapps\common\Barotrauma\Content\Texts\Japanese\JapaneseVanillaEditorTexts.xml"
"Content/Texts/Japanese/JapaneseVanillaEndgame.xml","JapaneseVanillaEndgame.xml","xml","31869","2025-06-08T21:11:29.8378105Z","C:\Program Files (x86)\Steam\steamapps\common\Barotrauma\Content\Texts\Japanese\JapaneseVanillaEndgame.xml"
"Content/Texts/Japanese/JapaneseVanillaFactions.xml","JapaneseVanillaFactions.xml","xml","141793","2025-06-08T21:11:41.8073278Z","C:\Program Files (x86)\Steam\steamapps\common\Barotrauma\Content\Texts\Japanese\JapaneseVanillaFactions.xml"
"Content/Texts/Korean/KoreanVanilla.xml","KoreanVanilla.xml","xml","1167193","2026-06-16T13:01:19.5009193Z","C:\Program Files (x86)\Steam\steamapps\common\Barotrauma\Content\Texts\Korean\KoreanVanilla.xml"
"Content/Texts/Korean/KoreanVanillaEditorTexts.xml","KoreanVanillaEditorTexts.xml","xml","142614","2025-06-19T20:07:27.4963560Z","C:\Program Files (x86)\Steam\steamapps\common\Barotrauma\Content\Texts\Korean\KoreanVanillaEditorTexts.xml"
"Content/Texts/Korean/KoreanVanillaEndgame.xml","KoreanVanillaEndgame.xml","xml","34501","2025-06-08T21:11:46.8573201Z","C:\Program Files (x86)\Steam\steamapps\common\Barotrauma\Content\Texts\Korean\KoreanVanillaEndgame.xml"
"Content/Texts/Korean/KoreanVanillaFactions.xml","KoreanVanillaFactions.xml","xml","141379","2025-06-08T21:11:31.1988268Z","C:\Program Files (x86)\Steam\steamapps\common\Barotrauma\Content\Texts\Korean\KoreanVanillaFactions.xml"
"Content/Texts/LatinamericanSpanish/LatinamericanSpanishVanilla.xml","LatinamericanSpanishVanilla.xml","xml","1128145","2026-06-16T13:01:19.5019184Z","C:\Program Files (x86)\Steam\steamapps\common\Barotrauma\Content\Texts\LatinamericanSpanish\LatinamericanSpanishVanilla.xml"
"Content/Texts/LatinamericanSpanish/LatinamericanSpanishVanillaEditorTexts.xml","LatinamericanSpanishVanillaEditorTexts.xml","xml","143060","2025-06-19T20:07:27.4963560Z","C:\Program Files (x86)\Steam\steamapps\common\Barotrauma\Content\Texts\LatinamericanSpanish\LatinamericanSpanishVanillaEditorTexts.xml"
"Content/Texts/LatinamericanSpanish/LatinamericanSpanishVanillaEndgame.xml","LatinamericanSpanishVanillaEndgame.xml","xml","28680","2025-06-08T21:11:41.8083274Z","C:\Program Files (x86)\Steam\steamapps\common\Barotrauma\Content\Texts\LatinamericanSpanish\LatinamericanSpanishVanillaEndgame.xml"
"Content/Texts/LatinamericanSpanish/LatinamericanSpanishVanillaFactions.xml","LatinamericanSpanishVanillaFactions.xml","xml","118366","2025-06-08T21:11:45.3638583Z","C:\Program Files (x86)\Steam\steamapps\common\Barotrauma\Content\Texts\LatinamericanSpanish\LatinamericanSpanishVanillaFactions.xml"
"Content/Texts/Polish/PolishVanilla.xml","PolishVanilla.xml","xml","1126206","2026-06-16T13:01:19.5019184Z","C:\Program Files (x86)\Steam\steamapps\common\Barotrauma\Content\Texts\Polish\PolishVanilla.xml"
"Content/Texts/Polish/PolishVanillaEditorTexts.xml","PolishVanillaEditorTexts.xml","xml","140554","2025-06-19T20:07:27.4963560Z","C:\Program Files (x86)\Steam\steamapps\common\Barotrauma\Content\Texts\Polish\PolishVanillaEditorTexts.xml"
"Content/Texts/Polish/PolishVanillaEndgame.xml","PolishVanillaEndgame.xml","xml","30010","2025-06-08T21:11:41.8073278Z","C:\Program Files (x86)\Steam\steamapps\common\Barotrauma\Content\Texts\Polish\PolishVanillaEndgame.xml"
"Content/Texts/Polish/PolishVanillaFactions.xml","PolishVanillaFactions.xml","xml","124234","2025-06-08T21:11:42.4280954Z","C:\Program Files (x86)\Steam\steamapps\common\Barotrauma\Content\Texts\Polish\PolishVanillaFactions.xml"
"Content/Texts/Russian/RussianVanilla.xml","RussianVanilla.xml","xml","1487442","2026-06-16T13:01:19.5029183Z","C:\Program Files (x86)\Steam\steamapps\common\Barotrauma\Content\Texts\Russian\RussianVanilla.xml"
"Content/Texts/Russian/RussianVanillaEditorTexts.xml","RussianVanillaEditorTexts.xml","xml","178854","2025-06-19T20:07:27.4993584Z","C:\Program Files (x86)\Steam\steamapps\common\Barotrauma\Content\Texts\Russian\RussianVanillaEditorTexts.xml"
"Content/Texts/Russian/RussianVanillaEndgame.xml","RussianVanillaEndgame.xml","xml","42108","2025-06-08T21:11:30.1182496Z","C:\Program Files (x86)\Steam\steamapps\common\Barotrauma\Content\Texts\Russian\RussianVanillaEndgame.xml"
"Content/Texts/Russian/RussianVanillaFactions.xml","RussianVanillaFactions.xml","xml","165959","2025-06-08T21:11:45.3658584Z","C:\Program Files (x86)\Steam\steamapps\common\Barotrauma\Content\Texts\Russian\RussianVanillaFactions.xml"
"Content/Texts/SimplifiedChinese/SimplifiedChineseVanilla.xml","SimplifiedChineseVanilla.xml","xml","1003699","2026-06-16T13:01:19.5039183Z","C:\Program Files (x86)\Steam\steamapps\common\Barotrauma\Content\Texts\SimplifiedChinese\SimplifiedChineseVanilla.xml"
"Content/Texts/SimplifiedChinese/SimplifiedChineseVanillaEditorTexts.xml","SimplifiedChineseVanillaEditorTexts.xml","xml","131300","2026-04-09T15:55:13.0693201Z","C:\Program Files (x86)\Steam\steamapps\common\Barotrauma\Content\Texts\SimplifiedChinese\SimplifiedChineseVanillaEditorTexts.xml"
"Content/Texts/SimplifiedChinese/SimplifiedChineseVanillaEndgame.xml","SimplifiedChineseVanillaEndgame.xml","xml","25729","2026-04-09T15:55:13.1034476Z","C:\Program Files (x86)\Steam\steamapps\common\Barotrauma\Content\Texts\SimplifiedChinese\SimplifiedChineseVanillaEndgame.xml"
"Content/Texts/SimplifiedChinese/SimplifiedChineseVanillaFactions.xml","SimplifiedChineseVanillaFactions.xml","xml","110720","2026-04-09T15:55:13.0693201Z","C:\Program Files (x86)\Steam\steamapps\common\Barotrauma\Content\Texts\SimplifiedChinese\SimplifiedChineseVanillaFactions.xml"
"Content/Texts/TraditionalChinese/TraditionalChineseVanilla.xml","TraditionalChineseVanilla.xml","xml","1003410","2026-06-16T13:01:19.5039183Z","C:\Program Files (x86)\Steam\steamapps\common\Barotrauma\Content\Texts\TraditionalChinese\TraditionalChineseVanilla.xml"
"Content/Texts/TraditionalChinese/TraditionalChineseVanillaEditorTexts.xml","TraditionalChineseVanillaEditorTexts.xml","xml","131293","2025-06-19T20:07:27.4973594Z","C:\Program Files (x86)\Steam\steamapps\common\Barotrauma\Content\Texts\TraditionalChinese\TraditionalChineseVanillaEditorTexts.xml"
"Content/Texts/TraditionalChinese/TraditionalChineseVanillaEndgame.xml","TraditionalChineseVanillaEndgame.xml","xml","25730","2025-06-08T21:11:45.4291917Z","C:\Program Files (x86)\Steam\steamapps\common\Barotrauma\Content\Texts\TraditionalChinese\TraditionalChineseVanillaEndgame.xml"
"Content/Texts/TraditionalChinese/TraditionalChineseVanillaFactions.xml","TraditionalChineseVanillaFactions.xml","xml","110697","2025-06-08T21:11:46.1351160Z","C:\Program Files (x86)\Steam\steamapps\common\Barotrauma\Content\Texts\TraditionalChinese\TraditionalChineseVanillaFactions.xml"
"Content/Texts/Turkish/TurkishVanilla.xml","TurkishVanilla.xml","xml","1100191","2026-06-16T13:01:19.5049182Z","C:\Program Files (x86)\Steam\steamapps\common\Barotrauma\Content\Texts\Turkish\TurkishVanilla.xml"
"Content/Texts/Turkish/TurkishVanillaEditorTexts.xml","TurkishVanillaEditorTexts.xml","xml","146858","2025-06-19T20:07:27.4993584Z","C:\Program Files (x86)\Steam\steamapps\common\Barotrauma\Content\Texts\Turkish\TurkishVanillaEditorTexts.xml"
"Content/Texts/Turkish/TurkishVanillaEndgame.xml","TurkishVanillaEndgame.xml","xml","30232","2025-06-08T21:11:41.8583534Z","C:\Program Files (x86)\Steam\steamapps\common\Barotrauma\Content\Texts\Turkish\TurkishVanillaEndgame.xml"
"Content/Texts/Turkish/TurkishVanillaFactions.xml","TurkishVanillaFactions.xml","xml","124718","2025-06-08T21:11:42.4873110Z","C:\Program Files (x86)\Steam\steamapps\common\Barotrauma\Content\Texts\Turkish\TurkishVanillaFactions.xml"
"Content/TraitorMissions.xml","TraitorMissions.xml","xml","9705","2025-06-08T21:11:30.1157443Z","C:\Program Files (x86)\Steam\steamapps\common\Barotrauma\Content\TraitorMissions.xml"
"Content/Tutorials/BasicsTutorial.sub","BasicsTutorial.sub","sub","21387","2025-06-08T21:11:42.4280954Z","C:\Program Files (x86)\Steam\steamapps\common\Barotrauma\Content\Tutorials\BasicsTutorial.sub"
"Content/Tutorials/BasicTutorialBanner.png","BasicTutorialBanner.png","png","630615","2025-06-08T21:11:02.0125068Z","C:\Program Files (x86)\Steam\steamapps\common\Barotrauma\Content\Tutorials\BasicTutorialBanner.png"
"Content/Tutorials/CampaignStartOutpost.sub","CampaignStartOutpost.sub","sub","22866","2025-06-08T21:11:31.1988268Z","C:\Program Files (x86)\Steam\steamapps\common\Barotrauma\Content\Tutorials\CampaignStartOutpost.sub"
"Content/Tutorials/CampaignTutorialEvents.xml","CampaignTutorialEvents.xml","xml","23731","2025-06-08T21:11:41.8583534Z","C:\Program Files (x86)\Steam\steamapps\common\Barotrauma\Content\Tutorials\CampaignTutorialEvents.xml"
"Content/Tutorials/Dugong_Tutorial.sub","Dugong_Tutorial.sub","sub","193996","2025-06-08T21:11:45.6044655Z","C:\Program Files (x86)\Steam\steamapps\common\Barotrauma\Content\Tutorials\Dugong_Tutorial.sub"
"Content/Tutorials/RolesTutorialBanner.png","RolesTutorialBanner.png","png","750988","2025-06-08T21:11:02.0125068Z","C:\Program Files (x86)\Steam\steamapps\common\Barotrauma\Content\Tutorials\RolesTutorialBanner.png"
"Content/Tutorials/TutorialEvents.xml","TutorialEvents.xml","xml","222479","2025-06-08T21:11:30.1790252Z","C:\Program Files (x86)\Steam\steamapps\common\Barotrauma\Content\Tutorials\TutorialEvents.xml"
"Content/Tutorials/TutorialOutpost.sub","TutorialOutpost.sub","sub","42778","2025-06-08T21:11:42.4893100Z","C:\Program Files (x86)\Steam\steamapps\common\Barotrauma\Content\Tutorials\TutorialOutpost.sub"
"Content/Tutorials/Tutorials.xml","Tutorials.xml","xml","1535","2025-06-08T21:11:31.1998279Z","C:\Program Files (x86)\Steam\steamapps\common\Barotrauma\Content\Tutorials\Tutorials.xml"
"Content/UI/blindoverlay.png","blindoverlay.png","png","283803","2025-06-08T21:11:02.0125068Z","C:\Program Files (x86)\Steam\steamapps\common\Barotrauma\Content\UI\blindoverlay.png"
"Content/UI/CameraOverlay.png","CameraOverlay.png","png","4544225","2025-06-08T21:11:02.0125068Z","C:\Program Files (x86)\Steam\steamapps\common\Barotrauma\Content\UI\CameraOverlay.png"
"Content/UI/CampaignUIAtlas.png","CampaignUIAtlas.png","png","171087","2025-06-08T21:11:47.2561165Z","C:\Program Files (x86)\Steam\steamapps\common\Barotrauma\Content\UI\CampaignUIAtlas.png"
"Content/UI/CampaignUIAtlas2.png","CampaignUIAtlas2.png","png","383720","2025-06-19T20:07:27.3283982Z","C:\Program Files (x86)\Steam\steamapps\common\Barotrauma\Content\UI\CampaignUIAtlas2.png"
"Content/UI/caret.png","caret.png","png","74","2025-06-08T21:11:42.4270940Z","C:\Program Files (x86)\Steam\steamapps\common\Barotrauma\Content\UI\caret.png"
"Content/UI/CommandUIAtlas.png","CommandUIAtlas.png","png","402540","2025-06-08T21:11:02.0125068Z","C:\Program Files (x86)\Steam\steamapps\common\Barotrauma\Content\UI\CommandUIAtlas.png"
"Content/UI/CommandUIBackground.png","CommandUIBackground.png","png","378020","2025-06-08T21:11:02.0135063Z","C:\Program Files (x86)\Steam\steamapps\common\Barotrauma\Content\UI\CommandUIBackground.png"
"Content/UI/ContainerIndicators.png","ContainerIndicators.png","png","17755","2025-06-08T21:11:42.4280954Z","C:\Program Files (x86)\Steam\steamapps\common\Barotrauma\Content\UI\ContainerIndicators.png"
"Content/UI/cursor.png","cursor.png","png","4001","2025-06-08T21:11:31.4284353Z","C:\Program Files (x86)\Steam\steamapps\common\Barotrauma\Content\UI\cursor.png"
"Content/UI/damageOverlay.png","damageOverlay.png","png","635797","2025-06-08T21:11:02.0135063Z","C:\Program Files (x86)\Steam\steamapps\common\Barotrauma\Content\UI\damageOverlay.png"
"Content/UI/DeathScreenBg.png","DeathScreenBg.png","png","5234895","2025-06-08T21:11:02.0135063Z","C:\Program Files (x86)\Steam\steamapps\common\Barotrauma\Content\UI\DeathScreenBg.png"
"Content/UI/DeathScreenForeground.png","DeathScreenForeground.png","png","645121","2025-06-08T21:11:02.0135063Z","C:\Program Files (x86)\Steam\steamapps\common\Barotrauma\Content\UI\DeathScreenForeground.png"
"Content/UI/FocusIndicator.png","FocusIndicator.png","png","27238","2025-06-08T21:11:42.4913098Z","C:\Program Files (x86)\Steam\steamapps\common\Barotrauma\Content\UI\FocusIndicator.png"
"Content/UI/generic_throbber.png","generic_throbber.png","png","21866","2025-06-08T21:11:32.2885941Z","C:\Program Files (x86)\Steam\steamapps\common\Barotrauma\Content\UI\generic_throbber.png"
"Content/UI/Health/MedUI_Silhouette.png","MedUI_Silhouette.png","png","270361","2025-06-08T21:11:02.0135063Z","C:\Program Files (x86)\Steam\steamapps\common\Barotrauma\Content\UI\Health\MedUI_Silhouette.png"
"Content/UI/Health/MedUIAtlas.png","MedUIAtlas.png","png","146980","2025-06-08T21:11:42.4903103Z","C:\Program Files (x86)\Steam\steamapps\common\Barotrauma\Content\UI\Health\MedUIAtlas.png"
"Content/UI/Health/MedUIExtra.png","MedUIExtra.png","png","502614","2025-06-08T21:11:02.0135063Z","C:\Program Files (x86)\Steam\steamapps\common\Barotrauma\Content\UI\Health\MedUIExtra.png"
"Content/UI/HighlightGradient.png","HighlightGradient.png","png","30958","2025-06-08T21:11:46.8593203Z","C:\Program Files (x86)\Steam\steamapps\common\Barotrauma\Content\UI\HighlightGradient.png"
"Content/UI/HighlightRaster.png","HighlightRaster.png","png","722","2025-06-08T21:11:30.3667196Z","C:\Program Files (x86)\Steam\steamapps\common\Barotrauma\Content\UI\HighlightRaster.png"
"Content/UI/InnerGlow.png","InnerGlow.png","png","55669","2025-06-08T21:11:30.3677120Z","C:\Program Files (x86)\Steam\steamapps\common\Barotrauma\Content\UI\InnerGlow.png"
"Content/UI/InnerShadow.png","InnerShadow.png","png","36815","2025-06-08T21:11:46.8583200Z","C:\Program Files (x86)\Steam\steamapps\common\Barotrauma\Content\UI\InnerShadow.png"
"Content/UI/InventoryUIAtlas.png","InventoryUIAtlas.png","png","4202253","2025-06-19T20:07:27.3283982Z","C:\Program Files (x86)\Steam\steamapps\common\Barotrauma\Content\UI\InventoryUIAtlas.png"
"Content/UI/LoadingScreenOverlay.png","LoadingScreenOverlay.png","png","2603534","2025-06-08T21:11:02.0135063Z","C:\Program Files (x86)\Steam\steamapps\common\Barotrauma\Content\UI\LoadingScreenOverlay.png"
"Content/UI/MainIconsAtlas.png","MainIconsAtlas.png","png","391853","2025-06-08T21:11:02.0145063Z","C:\Program Files (x86)\Steam\steamapps\common\Barotrauma\Content\UI\MainIconsAtlas.png"
"Content/UI/MainMenuVignette.png","MainMenuVignette.png","png","5613307","2025-06-08T21:11:02.0145063Z","C:\Program Files (x86)\Steam\steamapps\common\Barotrauma\Content\UI\MainMenuVignette.png"
"Content/UI/MenuContent.xml","MenuContent.xml","xml","22025","2026-04-09T15:55:13.0891050Z","C:\Program Files (x86)\Steam\steamapps\common\Barotrauma\Content\UI\MenuContent.xml"
"Content/UI/MissionIcons.png","MissionIcons.png","png","1281908","2025-06-08T21:11:02.0145063Z","C:\Program Files (x86)\Steam\steamapps\common\Barotrauma\Content\UI\MissionIcons.png"
"Content/UI/MissionIcons2.png","MissionIcons2.png","png","776014","2025-06-08T21:11:02.0145063Z","C:\Program Files (x86)\Steam\steamapps\common\Barotrauma\Content\UI\MissionIcons2.png"
"Content/UI/noise.png","noise.png","png","154313","2025-06-08T21:11:43.1334650Z","C:\Program Files (x86)\Steam\steamapps\common\Barotrauma\Content\UI\noise.png"
"Content/UI/OuterGlow.png","OuterGlow.png","png","7717","2025-06-08T21:11:42.4280954Z","C:\Program Files (x86)\Steam\steamapps\common\Barotrauma\Content\UI\OuterGlow.png"
"Content/UI/Paper.png","Paper.png","png","173194","2025-06-08T21:11:30.5295750Z","C:\Program Files (x86)\Steam\steamapps\common\Barotrauma\Content\UI\Paper.png"
"Content/UI/Parchment.png","Parchment.png","png","236147","2025-06-08T21:11:45.3638583Z","C:\Program Files (x86)\Steam\steamapps\common\Barotrauma\Content\UI\Parchment.png"
"Content/UI/saving.png","saving.png","png","30409","2025-06-08T21:11:42.6546648Z","C:\Program Files (x86)\Steam\steamapps\common\Barotrauma\Content\UI\saving.png"
"Content/UI/Server/ClownFaction.png","ClownFaction.png","png","487234","2025-06-08T21:11:02.0155064Z","C:\Program Files (x86)\Steam\steamapps\common\Barotrauma\Content\UI\Server\ClownFaction.png"
"Content/UI/Server/PlaystyleCasual.png","PlaystyleCasual.png","png","656007","2025-06-08T21:11:02.0155064Z","C:\Program Files (x86)\Steam\steamapps\common\Barotrauma\Content\UI\Server\PlaystyleCasual.png"
"Content/UI/Server/PlaystyleRampage.png","PlaystyleRampage.png","png","550966","2025-06-08T21:11:02.0165066Z","C:\Program Files (x86)\Steam\steamapps\common\Barotrauma\Content\UI\Server\PlaystyleRampage.png"
"Content/UI/Server/PlaystyleRoleplay.png","PlaystyleRoleplay.png","png","526264","2025-06-08T21:11:02.0165066Z","C:\Program Files (x86)\Steam\steamapps\common\Barotrauma\Content\UI\Server\PlaystyleRoleplay.png"
"Content/UI/Server/PlayStyles.xml","PlayStyles.xml","xml","3349","2025-06-08T21:11:46.9090216Z","C:\Program Files (x86)\Steam\steamapps\common\Barotrauma\Content\UI\Server\PlayStyles.xml"
"Content/UI/Server/PlaystyleSerious.png","PlaystyleSerious.png","png","628182","2025-06-08T21:11:02.0165066Z","C:\Program Files (x86)\Steam\steamapps\common\Barotrauma\Content\UI\Server\PlaystyleSerious.png"
"Content/UI/Server/PlaystyleSomethingDifferent.png","PlaystyleSomethingDifferent.png","png","496138","2025-06-08T21:11:02.0175064Z","C:\Program Files (x86)\Steam\steamapps\common\Barotrauma\Content\UI\Server\PlaystyleSomethingDifferent.png"
"Content/UI/Server/ServerAtlas1.png","ServerAtlas1.png","png","1309815","2025-06-08T21:11:02.0175064Z","C:\Program Files (x86)\Steam\steamapps\common\Barotrauma\Content\UI\Server\ServerAtlas1.png"
"Content/UI/Server/ServerAtlas2.png","ServerAtlas2.png","png","256737","2025-06-08T21:11:43.4838998Z","C:\Program Files (x86)\Steam\steamapps\common\Barotrauma\Content\UI\Server\ServerAtlas2.png"
"Content/UI/SettingsMenuAtlas.png","SettingsMenuAtlas.png","png","50503","2025-06-08T21:11:30.5285752Z","C:\Program Files (x86)\Steam\steamapps\common\Barotrauma\Content\UI\SettingsMenuAtlas.png"
"Content/UI/Social/Social.xml","Social.xml","xml","2777","2025-06-08T21:11:35.9113142Z","C:\Program Files (x86)\Steam\steamapps\common\Barotrauma\Content\UI\Social\Social.xml"
"Content/UI/Social/SocialUiIcons.png","SocialUiIcons.png","png","11926","2025-06-08T21:11:30.5275752Z","C:\Program Files (x86)\Steam\steamapps\common\Barotrauma\Content\UI\Social\SocialUiIcons.png"
"Content/UI/StatusMonitorUI.png","StatusMonitorUI.png","png","73812","2025-06-08T21:11:43.4838998Z","C:\Program Files (x86)\Steam\steamapps\common\Barotrauma\Content\UI\StatusMonitorUI.png"
"Content/UI/style.xml","style.xml","xml","186607","2025-06-19T20:07:27.5085554Z","C:\Program Files (x86)\Steam\steamapps\common\Barotrauma\Content\UI\style.xml"
"Content/UI/TalentsIcons1.png","TalentsIcons1.png","png","741638","2025-06-08T21:11:02.0185058Z","C:\Program Files (x86)\Steam\steamapps\common\Barotrauma\Content\UI\TalentsIcons1.png"
"Content/UI/TalentsIcons2.png","TalentsIcons2.png","png","725219","2025-06-08T21:11:02.0185058Z","C:\Program Files (x86)\Steam\steamapps\common\Barotrauma\Content\UI\TalentsIcons2.png"
"Content/UI/TalentsIcons3.png","TalentsIcons3.png","png","781643","2025-06-08T21:11:02.0185058Z","C:\Program Files (x86)\Steam\steamapps\common\Barotrauma\Content\UI\TalentsIcons3.png"
"Content/UI/TalentsIcons4.png","TalentsIcons4.png","png","282542","2025-06-08T21:11:02.0185058Z","C:\Program Files (x86)\Steam\steamapps\common\Barotrauma\Content\UI\TalentsIcons4.png"
"Content/UI/titleText.png","titleText.png","png","931078","2025-06-08T21:11:02.0195055Z","C:\Program Files (x86)\Steam\steamapps\common\Barotrauma\Content\UI\titleText.png"
"Content/UI/UI_MainMenu.png","UI_MainMenu.png","png","568229","2025-06-08T21:11:02.0195055Z","C:\Program Files (x86)\Steam\steamapps\common\Barotrauma\Content\UI\UI_MainMenu.png"
"Content/UI/UIAtlasDevices.png","UIAtlasDevices.png","png","724322","2025-06-08T21:11:02.0195055Z","C:\Program Files (x86)\Steam\steamapps\common\Barotrauma\Content\UI\UIAtlasDevices.png"
"Content/UI/UIAtlasFrames.png","UIAtlasFrames.png","png","61135","2025-06-08T21:11:36.0825130Z","C:\Program Files (x86)\Steam\steamapps\common\Barotrauma\Content\UI\UIAtlasFrames.png"
"Content/UI/UIAtlasGeneral.png","UIAtlasGeneral.png","png","352861","2025-06-08T21:11:02.0195055Z","C:\Program Files (x86)\Steam\steamapps\common\Barotrauma\Content\UI\UIAtlasGeneral.png"
"Content/UI/UIAtlasSubEditor.png","UIAtlasSubEditor.png","png","95881","2025-06-08T21:11:36.0825130Z","C:\Program Files (x86)\Steam\steamapps\common\Barotrauma\Content\UI\UIAtlasSubEditor.png"
"Content/UI/UIPositionIndicators.png","UIPositionIndicators.png","png","36710","2025-06-08T21:11:40.6203811Z","C:\Program Files (x86)\Steam\steamapps\common\Barotrauma\Content\UI\UIPositionIndicators.png"
"Content/UI/WeaponUI.png","WeaponUI.png","png","413167","2025-06-08T21:11:02.0195055Z","C:\Program Files (x86)\Steam\steamapps\common\Barotrauma\Content\UI\WeaponUI.png"
"Content/UnstableBackground.png","UnstableBackground.png","png","764711","2025-06-08T21:11:02.0195055Z","C:\Program Files (x86)\Steam\steamapps\common\Barotrauma\Content\UnstableBackground.png"
"Content/Upgrades/UpgradeModules.xml","UpgradeModules.xml","xml","15137","2025-06-08T21:11:42.6546648Z","C:\Program Files (x86)\Steam\steamapps\common\Barotrauma\Content\Upgrades\UpgradeModules.xml"
"coreclr.dll","coreclr.dll","dll","5058832","2025-06-19T20:07:27.3293987Z","C:\Program Files (x86)\Steam\steamapps\common\Barotrauma\coreclr.dll"
"createdump.exe","createdump.exe","exe","61256","2025-06-19T20:07:27.4973594Z","C:\Program Files (x86)\Steam\steamapps\common\Barotrauma\createdump.exe"
"creature_metrics.xml","creature_metrics.xml","xml","7486","2026-07-19T23:41:49.0256935Z","C:\Program Files (x86)\Steam\steamapps\common\Barotrauma\creature_metrics.xml"
"daedalic_privacypolicy.txt","daedalic_privacypolicy.txt","txt","6208","2025-06-08T21:11:40.7292546Z","C:\Program Files (x86)\Steam\steamapps\common\Barotrauma\daedalic_privacypolicy.txt"
"Data/bannedplayers.xml","bannedplayers.xml","xml","60","2026-07-15T21:16:17.4952209Z","C:\Program Files (x86)\Steam\steamapps\common\Barotrauma\Data\bannedplayers.xml"
"Data/campaignsettings.xml","campaignsettings.xml","xml","2840","2025-06-08T21:11:30.8710302Z","C:\Program Files (x86)\Steam\steamapps\common\Barotrauma\Data\campaignsettings.xml"
"Data/clientpermissions.xml","clientpermissions.xml","xml","19573","2026-07-15T21:14:22.7980017Z","C:\Program Files (x86)\Steam\steamapps\common\Barotrauma\Data\clientpermissions.xml"
"Data/favoriteservers.xml","favoriteservers.xml","xml","528","2026-04-08T19:04:43.6348310Z","C:\Program Files (x86)\Steam\steamapps\common\Barotrauma\Data\favoriteservers.xml"
"Data/forbiddenwordlist.txt","forbiddenwordlist.txt","txt","4055","2025-06-08T21:11:42.6566636Z","C:\Program Files (x86)\Steam\steamapps\common\Barotrauma\Data\forbiddenwordlist.txt"
"Data/karmasettings.xml","karmasettings.xml","xml","3148","2026-07-15T21:16:17.4972132Z","C:\Program Files (x86)\Steam\steamapps\common\Barotrauma\Data\karmasettings.xml"
"Data/languageoptions.xml","languageoptions.xml","xml","1181","2025-06-08T21:11:44.6357259Z","C:\Program Files (x86)\Steam\steamapps\common\Barotrauma\Data\languageoptions.xml"
"Data/permissionpresets.xml","permissionpresets.xml","xml","3668","2025-06-08T21:11:46.1978813Z","C:\Program Files (x86)\Steam\steamapps\common\Barotrauma\Data\permissionpresets.xml"
"Data/permissionpresets_player.xml","permissionpresets_player.xml","xml","1349","2025-06-08T21:11:36.3925611Z","C:\Program Files (x86)\Steam\steamapps\common\Barotrauma\Data\permissionpresets_player.xml"
"Data/recentservers.xml","recentservers.xml","xml","528","2026-04-08T21:22:19.0244235Z","C:\Program Files (x86)\Steam\steamapps\common\Barotrauma\Data\recentservers.xml"
"Data/serverblacklist.xml","serverblacklist.xml","xml","2263","2025-07-08T20:25:43.8561226Z","C:\Program Files (x86)\Steam\steamapps\common\Barotrauma\Data\serverblacklist.xml"
"DedicatedServer.deps.json","DedicatedServer.deps.json","json","31253","2026-06-18T17:04:43.3057633Z","C:\Program Files (x86)\Steam\steamapps\common\Barotrauma\DedicatedServer.deps.json"
"DedicatedServer.dll","DedicatedServer.dll","dll","5067264","2026-06-18T17:04:43.2483839Z","C:\Program Files (x86)\Steam\steamapps\common\Barotrauma\DedicatedServer.dll"
"DedicatedServer.exe","DedicatedServer.exe","exe","291840","2026-06-18T17:04:43.2483839Z","C:\Program Files (x86)\Steam\steamapps\common\Barotrauma\DedicatedServer.exe"
"DedicatedServer.pdb","DedicatedServer.pdb","pdb","12066304","2026-06-18T17:04:43.2483839Z","C:\Program Files (x86)\Steam\steamapps\common\Barotrauma\DedicatedServer.pdb"
"DedicatedServer.runtimeconfig.json","DedicatedServer.runtimeconfig.json","json","478","2025-06-19T20:07:28.2484717Z","C:\Program Files (x86)\Steam\steamapps\common\Barotrauma\DedicatedServer.runtimeconfig.json"
"Downloads/barotraumagamecomgamedatasupporterpack_banner.png","barotraumagamecomgamedatasupporterpack_banner.png","png","472302","2025-07-08T20:25:45.5870791Z","C:\Program Files (x86)\Steam\steamapps\common\Barotrauma\Downloads\barotraumagamecomgamedatasupporterpack_banner.png"
"EosInterface.dll","EosInterface.dll","dll","66560","2026-06-18T17:04:43.2694243Z","C:\Program Files (x86)\Steam\steamapps\common\Barotrauma\EosInterface.dll"
"EosInterface.Implementation.Win64.deps.json","EosInterface.Implementation.Win64.deps.json","json","2535","2026-06-18T17:04:43.2704241Z","C:\Program Files (x86)\Steam\steamapps\common\Barotrauma\EosInterface.Implementation.Win64.deps.json"
"EosInterface.Implementation.Win64.dll","EosInterface.Implementation.Win64.dll","dll","1278976","2026-06-18T17:04:43.2493838Z","C:\Program Files (x86)\Steam\steamapps\common\Barotrauma\EosInterface.Implementation.Win64.dll"
"EosInterface.Implementation.Win64.pdb","EosInterface.Implementation.Win64.pdb","pdb","1346572","2026-06-18T17:04:43.2493838Z","C:\Program Files (x86)\Steam\steamapps\common\Barotrauma\EosInterface.Implementation.Win64.pdb"
"EosInterface.pdb","EosInterface.pdb","pdb","21060","2026-06-18T17:04:43.2672754Z","C:\Program Files (x86)\Steam\steamapps\common\Barotrauma\EosInterface.pdb"
"EOSSDK-Win64-Shipping.dll","EOSSDK-Win64-Shipping.dll","dll","18002896","2025-06-08T21:11:02.0205053Z","C:\Program Files (x86)\Steam\steamapps\common\Barotrauma\EOSSDK-Win64-Shipping.dll"
"Facepunch.Steamworks.Win64.dll","Facepunch.Steamworks.Win64.dll","dll","607232","2026-06-18T17:04:43.2493838Z","C:\Program Files (x86)\Steam\steamapps\common\Barotrauma\Facepunch.Steamworks.Win64.dll"
"Facepunch.Steamworks.Win64.pdb","Facepunch.Steamworks.Win64.pdb","pdb","178784","2026-06-18T17:04:43.2977429Z","C:\Program Files (x86)\Steam\steamapps\common\Barotrauma\Facepunch.Steamworks.Win64.pdb"
"Facepunch.Steamworks.Win64.xml","Facepunch.Steamworks.Win64.xml","xml","216684","2025-06-19T20:07:27.5095558Z","C:\Program Files (x86)\Steam\steamapps\common\Barotrauma\Facepunch.Steamworks.Win64.xml"
"Farseer.NetStandard.dll","Farseer.NetStandard.dll","dll","338944","2026-06-18T17:04:43.2493838Z","C:\Program Files (x86)\Steam\steamapps\common\Barotrauma\Farseer.NetStandard.dll"
"Farseer.NetStandard.pdb","Farseer.NetStandard.pdb","pdb","181712","2026-06-18T17:04:43.3077664Z","C:\Program Files (x86)\Steam\steamapps\common\Barotrauma\Farseer.NetStandard.pdb"
"freetype6.dll","freetype6.dll","dll","1339392","2025-06-08T21:11:02.0215058Z","C:\Program Files (x86)\Steam\steamapps\common\Barotrauma\freetype6.dll"
"GameAnalytics.NetStandard.deps.json","GameAnalytics.NetStandard.deps.json","json","2308","2025-06-08T21:11:47.0339881Z","C:\Program Files (x86)\Steam\steamapps\common\Barotrauma\GameAnalytics.NetStandard.deps.json"
"GameAnalytics.NetStandard.dll","GameAnalytics.NetStandard.dll","dll","111616","2026-06-18T17:04:43.3057633Z","C:\Program Files (x86)\Steam\steamapps\common\Barotrauma\GameAnalytics.NetStandard.dll"
"GameAnalytics.NetStandard.pdb","GameAnalytics.NetStandard.pdb","pdb","46232","2026-06-18T17:04:43.2977429Z","C:\Program Files (x86)\Steam\steamapps\common\Barotrauma\GameAnalytics.NetStandard.pdb"
"hintmanager.xml","hintmanager.xml","xml","2270","2025-06-08T21:11:32.6370102Z","C:\Program Files (x86)\Steam\steamapps\common\Barotrauma\hintmanager.xml"
"hostfxr.dll","hostfxr.dll","dll","351008","2025-06-19T20:07:27.3303980Z","C:\Program Files (x86)\Steam\steamapps\common\Barotrauma\hostfxr.dll"
"hostpolicy.dll","hostpolicy.dll","dll","398096","2025-06-19T20:07:27.3303980Z","C:\Program Files (x86)\Steam\steamapps\common\Barotrauma\hostpolicy.dll"
"Hyper.ComponentModel.NetStandard.dll","Hyper.ComponentModel.NetStandard.dll","dll","12288","2026-06-18T17:04:43.3047607Z","C:\Program Files (x86)\Steam\steamapps\common\Barotrauma\Hyper.ComponentModel.NetStandard.dll"
"Hyper.ComponentModel.NetStandard.pdb","Hyper.ComponentModel.NetStandard.pdb","pdb","11648","2026-06-18T17:04:43.3047607Z","C:\Program Files (x86)\Steam\steamapps\common\Barotrauma\Hyper.ComponentModel.NetStandard.pdb"
"Icon.ico","Icon.ico","ico","150157","2025-06-08T21:11:44.1114783Z","C:\Program Files (x86)\Steam\steamapps\common\Barotrauma\Icon.ico"
"liblinux_steam_env.so","liblinux_steam_env.so","so","15896","2025-06-08T21:11:32.6360101Z","C:\Program Files (x86)\Steam\steamapps\common\Barotrauma\liblinux_steam_env.so"
"Lidgren.NetStandard.dll","Lidgren.NetStandard.dll","dll","120832","2026-06-18T17:04:43.3047607Z","C:\Program Files (x86)\Steam\steamapps\common\Barotrauma\Lidgren.NetStandard.dll"
"Lidgren.NetStandard.pdb","Lidgren.NetStandard.pdb","pdb","68080","2026-06-18T17:04:43.3047607Z","C:\Program Files (x86)\Steam\steamapps\common\Barotrauma\Lidgren.NetStandard.pdb"
"LocalMods/Bar/Bar.xml","Bar.xml","xml","13713","2026-06-16T02:20:02.4071252Z","C:\Program Files (x86)\Steam\steamapps\common\Barotrauma\LocalMods\Bar\Bar.xml"
"LocalMods/Bar/filelist.xml","filelist.xml","xml","195","2026-06-16T02:20:02.4011263Z","C:\Program Files (x86)\Steam\steamapps\common\Barotrauma\LocalMods\Bar\filelist.xml"
"LocalMods/Gravebiter unit/filelist.xml","filelist.xml","xml","216","2026-03-17T04:32:35.5408024Z","C:\Program Files (x86)\Steam\steamapps\common\Barotrauma\LocalMods\Gravebiter unit\filelist.xml"
"LocalMods/Gravebiter unit/Gravebiter unit.sub","Gravebiter unit.sub","sub","203514","2026-03-17T04:32:35.5844156Z","C:\Program Files (x86)\Steam\steamapps\common\Barotrauma\LocalMods\Gravebiter unit\Gravebiter unit.sub"
"LocalMods/Hammerstien/filelist.xml","filelist.xml","xml","261","2025-08-25T00:43:08.4941520Z","C:\Program Files (x86)\Steam\steamapps\common\Barotrauma\LocalMods\Hammerstien\filelist.xml"
"LocalMods/Hammerstien/Hammerstien Mk-2.sub","Hammerstien Mk-2.sub","sub","324664","2025-08-25T00:43:08.5965693Z","C:\Program Files (x86)\Steam\steamapps\common\Barotrauma\LocalMods\Hammerstien\Hammerstien Mk-2.sub"
"LocalMods/Hammerstien/Hammerstien.sub","Hammerstien.sub","sub","296110","2025-08-24T23:43:07.3285805Z","C:\Program Files (x86)\Steam\steamapps\common\Barotrauma\LocalMods\Hammerstien\Hammerstien.sub"
"LocalMods/Herman Gunner/filelist.xml","filelist.xml","xml","211","2025-08-23T20:48:17.0801596Z","C:\Program Files (x86)\Steam\steamapps\common\Barotrauma\LocalMods\Herman Gunner\filelist.xml"
"LocalMods/Herman Gunner/Herman Gunner.sub","Herman Gunner.sub","sub","318180","2025-08-23T20:48:17.1801820Z","C:\Program Files (x86)\Steam\steamapps\common\Barotrauma\LocalMods\Herman Gunner\Herman Gunner.sub"
"LocalMods/info.txt","info.txt","txt","251","2025-06-08T21:11:41.1882729Z","C:\Program Files (x86)\Steam\steamapps\common\Barotrauma\LocalMods\info.txt"
"LocalMods/INVbat/filelist.xml","filelist.xml","xml","201","2026-06-16T03:00:17.2773666Z","C:\Program Files (x86)\Steam\steamapps\common\Barotrauma\LocalMods\INVbat\filelist.xml"
"LocalMods/INVbat/INVbat.xml","INVbat.xml","xml","1262","2026-06-16T03:00:17.2808753Z","C:\Program Files (x86)\Steam\steamapps\common\Barotrauma\LocalMods\INVbat\INVbat.xml"
"LocalMods/Kigutilik (Ocra mk-4)/filelist.xml","filelist.xml","xml","257","2026-03-25T18:21:20.2233674Z","C:\Program Files (x86)\Steam\steamapps\common\Barotrauma\LocalMods\Kigutilik (Ocra mk-4)\filelist.xml"
"LocalMods/Kigutilik (Ocra mk-4)/Kigutilik (Ocra mk-4).sub","Kigutilik (Ocra mk-4).sub","sub","288188","2026-03-25T18:20:53.7967227Z","C:\Program Files (x86)\Steam\steamapps\common\Barotrauma\LocalMods\Kigutilik (Ocra mk-4)\Kigutilik (Ocra mk-4).sub"
"LocalMods/Mining eye drone/filelist.xml","filelist.xml","xml","218","2026-06-16T05:14:34.0189431Z","C:\Program Files (x86)\Steam\steamapps\common\Barotrauma\LocalMods\Mining eye drone\filelist.xml"
"LocalMods/Mining eye drone/Mining eye drone.sub","Mining eye drone.sub","sub","76893","2026-06-16T05:14:34.0391728Z","C:\Program Files (x86)\Steam\steamapps\common\Barotrauma\LocalMods\Mining eye drone\Mining eye drone.sub"
"LocalMods/power cell/filelist.xml","filelist.xml","xml","209","2026-03-17T01:16:51.0137988Z","C:\Program Files (x86)\Steam\steamapps\common\Barotrauma\LocalMods\power cell\filelist.xml"
"LocalMods/power cell/power cell.xml","power cell.xml","xml","1265","2026-03-17T01:16:51.0188118Z","C:\Program Files (x86)\Steam\steamapps\common\Barotrauma\LocalMods\power cell\power cell.xml"
"LocalMods/R-28(used)update/filelist.xml","filelist.xml","xml","218","2026-04-03T03:48:17.8238020Z","C:\Program Files (x86)\Steam\steamapps\common\Barotrauma\LocalMods\R-28(used)update\filelist.xml"
"LocalMods/R-28(used)update/R-28(used)update.sub","R-28(used)update.sub","sub","295790","2026-04-03T03:48:17.9299907Z","C:\Program Files (x86)\Steam\steamapps\common\Barotrauma\LocalMods\R-28(used)update\R-28(used)update.sub"
"LocalMods/Rusthumper/filelist.xml","filelist.xml","xml","235","2026-06-24T06:51:35.8406130Z","C:\Program Files (x86)\Steam\steamapps\common\Barotrauma\LocalMods\Rusthumper\filelist.xml"
"LocalMods/Rusthumper/Rusthumper.sub","Rusthumper.sub","sub","258186","2026-06-24T06:50:23.9422655Z","C:\Program Files (x86)\Steam\steamapps\common\Barotrauma\LocalMods\Rusthumper\Rusthumper.sub"
"LocalMods/stick/filelist.xml","filelist.xml","xml","199","2026-03-17T03:29:11.0554024Z","C:\Program Files (x86)\Steam\steamapps\common\Barotrauma\LocalMods\stick\filelist.xml"
"LocalMods/stick/stick.xml","stick.xml","xml","533","2026-03-17T03:29:11.0564019Z","C:\Program Files (x86)\Steam\steamapps\common\Barotrauma\LocalMods\stick\stick.xml"
"LocalMods/TDS Deepwell/filelist.xml","filelist.xml","xml","243","2026-07-01T00:59:42.5401743Z","C:\Program Files (x86)\Steam\steamapps\common\Barotrauma\LocalMods\TDS Deepwell\filelist.xml"
"LocalMods/TDS Deepwell/TDS Deepwell-B.sub","TDS Deepwell-B.sub","sub","280069","2026-07-01T00:59:17.7486765Z","C:\Program Files (x86)\Steam\steamapps\common\Barotrauma\LocalMods\TDS Deepwell\TDS Deepwell-B.sub"
"LocalMods/TDS Gotsolde/filelist.xml","filelist.xml","xml","239","2026-03-17T08:46:52.3943536Z","C:\Program Files (x86)\Steam\steamapps\common\Barotrauma\LocalMods\TDS Gotsolde\filelist.xml"
"LocalMods/TDS Gotsolde/TDS Gotsolde.sub","TDS Gotsolde.sub","sub","218889","2026-03-17T08:45:40.0463467Z","C:\Program Files (x86)\Steam\steamapps\common\Barotrauma\LocalMods\TDS Gotsolde\TDS Gotsolde.sub"
"LocalMods/TDS Greywake/filelist.xml","filelist.xml","xml","293","2026-03-13T21:25:53.6078326Z","C:\Program Files (x86)\Steam\steamapps\common\Barotrauma\LocalMods\TDS Greywake\filelist.xml"
"LocalMods/TDS Greywake/TDS Greywake 2.sub","TDS Greywake 2.sub","sub","140701","2026-03-06T19:00:46.5693375Z","C:\Program Files (x86)\Steam\steamapps\common\Barotrauma\LocalMods\TDS Greywake\TDS Greywake 2.sub"
"LocalMods/TDS Greywake/TDS Greywake.sub","TDS Greywake.sub","sub","140704","2026-03-06T19:00:19.9377360Z","C:\Program Files (x86)\Steam\steamapps\common\Barotrauma\LocalMods\TDS Greywake\TDS Greywake.sub"
"LocalMods/Venture Mk-3(shuttle)/filelist.xml","filelist.xml","xml","257","2026-06-24T16:19:53.7675708Z","C:\Program Files (x86)\Steam\steamapps\common\Barotrauma\LocalMods\Venture Mk-3(shuttle)\filelist.xml"
"LocalMods/Venture Mk-3(shuttle)/Venture Mk-3(shuttle).sub","Venture Mk-3(shuttle).sub","sub","87783","2026-06-24T16:18:57.3321676Z","C:\Program Files (x86)\Steam\steamapps\common\Barotrauma\LocalMods\Venture Mk-3(shuttle)\Venture Mk-3(shuttle).sub"
"Microsoft.CSharp.dll","Microsoft.CSharp.dll","dll","1005832","2025-06-19T20:07:27.3303980Z","C:\Program Files (x86)\Steam\steamapps\common\Barotrauma\Microsoft.CSharp.dll"
"Microsoft.DiaSymReader.Native.amd64.dll","Microsoft.DiaSymReader.Native.amd64.dll","dll","1841048","2025-06-19T20:07:27.3303980Z","C:\Program Files (x86)\Steam\steamapps\common\Barotrauma\Microsoft.DiaSymReader.Native.amd64.dll"
"Microsoft.VisualBasic.Core.dll","Microsoft.VisualBasic.Core.dll","dll","1247512","2025-06-19T20:07:27.3303980Z","C:\Program Files (x86)\Steam\steamapps\common\Barotrauma\Microsoft.VisualBasic.Core.dll"
"Microsoft.VisualBasic.dll","Microsoft.VisualBasic.dll","dll","17680","2025-06-19T20:07:27.5383073Z","C:\Program Files (x86)\Steam\steamapps\common\Barotrauma\Microsoft.VisualBasic.dll"
"Microsoft.Win32.Primitives.dll","Microsoft.Win32.Primitives.dll","dll","15632","2025-06-19T20:07:27.5302567Z","C:\Program Files (x86)\Steam\steamapps\common\Barotrauma\Microsoft.Win32.Primitives.dll"
"Microsoft.Win32.Registry.dll","Microsoft.Win32.Registry.dll","dll","121096","2025-06-19T20:07:29.2932163Z","C:\Program Files (x86)\Steam\steamapps\common\Barotrauma\Microsoft.Win32.Registry.dll"
"ModLists/Modlist.xml","Modlist.xml","xml","1003","2026-03-18T17:48:21.5342974Z","C:\Program Files (x86)\Steam\steamapps\common\Barotrauma\ModLists\Modlist.xml"
"MonoGame.Framework.Windows.NetStandard.dll","MonoGame.Framework.Windows.NetStandard.dll","dll","739840","2026-06-18T17:04:43.2493838Z","C:\Program Files (x86)\Steam\steamapps\common\Barotrauma\MonoGame.Framework.Windows.NetStandard.dll"
"MonoGame.Framework.Windows.NetStandard.pdb","MonoGame.Framework.Windows.NetStandard.pdb","pdb","280124","2026-06-18T17:04:43.2493838Z","C:\Program Files (x86)\Steam\steamapps\common\Barotrauma\MonoGame.Framework.Windows.NetStandard.pdb"
"mscordaccore.dll","mscordaccore.dll","dll","1332648","2025-06-19T20:07:27.3303980Z","C:\Program Files (x86)\Steam\steamapps\common\Barotrauma\mscordaccore.dll"
"mscordaccore_amd64_amd64_8.0.23.53103.dll","mscordaccore_amd64_amd64_8.0.23.53103.dll","dll","1332648","2025-06-19T20:07:27.3303980Z","C:\Program Files (x86)\Steam\steamapps\common\Barotrauma\mscordaccore_amd64_amd64_8.0.23.53103.dll"
"mscordbi.dll","mscordbi.dll","dll","1236000","2025-06-19T20:07:27.3313980Z","C:\Program Files (x86)\Steam\steamapps\common\Barotrauma\mscordbi.dll"
"mscorlib.dll","mscorlib.dll","dll","59664","2025-06-19T20:07:27.4725185Z","C:\Program Files (x86)\Steam\steamapps\common\Barotrauma\mscorlib.dll"
"mscorrc.dll","mscorrc.dll","dll","136976","2025-06-19T20:07:27.5613844Z","C:\Program Files (x86)\Steam\steamapps\common\Barotrauma\mscorrc.dll"
"msquic.dll","msquic.dll","dll","488376","2025-06-19T20:07:27.3313980Z","C:\Program Files (x86)\Steam\steamapps\common\Barotrauma\msquic.dll"
"netstandard.dll","netstandard.dll","dll","101136","2025-06-19T20:07:27.5065406Z","C:\Program Files (x86)\Steam\steamapps\common\Barotrauma\netstandard.dll"
"NLog.dll","NLog.dll","dll","832512","2025-06-08T21:11:02.0225055Z","C:\Program Files (x86)\Steam\steamapps\common\Barotrauma\NLog.dll"
"NVorbis.dll","NVorbis.dll","dll","66560","2025-06-08T21:11:43.0131817Z","C:\Program Files (x86)\Steam\steamapps\common\Barotrauma\NVorbis.dll"
"OpenALSoft_LICENSE","OpenALSoft_LICENSE","","23767","2025-06-08T21:11:41.1892732Z","C:\Program Files (x86)\Steam\steamapps\common\Barotrauma\OpenALSoft_LICENSE"
"RestSharp.dll","RestSharp.dll","dll","190976","2025-06-08T21:11:41.1892732Z","C:\Program Files (x86)\Steam\steamapps\common\Barotrauma\RestSharp.dll"
"servercrashreport (2).log","servercrashreport (2).log","log","4137","2026-07-01T16:16:17.1750577Z","C:\Program Files (x86)\Steam\steamapps\common\Barotrauma\servercrashreport (2).log"
"servercrashreport.log","servercrashreport.log","log","3916","2026-06-17T16:52:16.4035440Z","C:\Program Files (x86)\Steam\steamapps\common\Barotrauma\servercrashreport.log"
"ServerLogs/event_error_log_server_PurpleGuy_1926.log","event_error_log_server_PurpleGuy_1926.log","log","1469854","2026-07-15T19:26:24.0622507Z","C:\Program Files (x86)\Steam\steamapps\common\Barotrauma\ServerLogs\event_error_log_server_PurpleGuy_1926.log"
"ServerLogs/Qauntum Baroholics_2026-07-08_0912 (2).txt","Qauntum Baroholics_2026-07-08_0912 (2).txt","txt","82511","2026-07-08T17:12:25.5179789Z","C:\Program Files (x86)\Steam\steamapps\common\Barotrauma\ServerLogs\Qauntum Baroholics_2026-07-08_0912 (2).txt"
"ServerLogs/Qauntum Baroholics_2026-07-08_0912.txt","Qauntum Baroholics_2026-07-08_0912.txt","txt","82266","2026-07-08T17:12:14.6455049Z","C:\Program Files (x86)\Steam\steamapps\common\Barotrauma\ServerLogs\Qauntum Baroholics_2026-07-08_0912.txt"
"ServerLogs/Qauntum Baroholics_2026-07-08_0938 (2).txt","Qauntum Baroholics_2026-07-08_0938 (2).txt","txt","75222","2026-07-08T17:38:35.7388349Z","C:\Program Files (x86)\Steam\steamapps\common\Barotrauma\ServerLogs\Qauntum Baroholics_2026-07-08_0938 (2).txt"
"ServerLogs/Qauntum Baroholics_2026-07-08_0938.txt","Qauntum Baroholics_2026-07-08_0938.txt","txt","75203","2026-07-08T17:38:35.5485569Z","C:\Program Files (x86)\Steam\steamapps\common\Barotrauma\ServerLogs\Qauntum Baroholics_2026-07-08_0938.txt"
"ServerLogs/Qauntum Baroholics_2026-07-08_0942.txt","Qauntum Baroholics_2026-07-08_0942.txt","txt","34564","2026-07-08T17:42:25.3972913Z","C:\Program Files (x86)\Steam\steamapps\common\Barotrauma\ServerLogs\Qauntum Baroholics_2026-07-08_0942.txt"
"ServerLogs/Qauntum Baroholics_2026-07-08_1001.txt","Qauntum Baroholics_2026-07-08_1001.txt","txt","72334","2026-07-08T18:01:42.9688974Z","C:\Program Files (x86)\Steam\steamapps\common\Barotrauma\ServerLogs\Qauntum Baroholics_2026-07-08_1001.txt"
"ServerLogs/Qauntum Baroholics_2026-07-08_1005 (2).txt","Qauntum Baroholics_2026-07-08_1005 (2).txt","txt","75802","2026-07-08T18:05:21.7329670Z","C:\Program Files (x86)\Steam\steamapps\common\Barotrauma\ServerLogs\Qauntum Baroholics_2026-07-08_1005 (2).txt"
"ServerLogs/Qauntum Baroholics_2026-07-08_1005.txt","Qauntum Baroholics_2026-07-08_1005.txt","txt","76036","2026-07-08T18:05:21.6288586Z","C:\Program Files (x86)\Steam\steamapps\common\Barotrauma\ServerLogs\Qauntum Baroholics_2026-07-08_1005.txt"
"ServerLogs/Qauntum Baroholics_2026-07-08_1025 (2).txt","Qauntum Baroholics_2026-07-08_1025 (2).txt","txt","72280","2026-07-08T18:25:42.0686180Z","C:\Program Files (x86)\Steam\steamapps\common\Barotrauma\ServerLogs\Qauntum Baroholics_2026-07-08_1025 (2).txt"
"ServerLogs/Qauntum Baroholics_2026-07-08_1025.txt","Qauntum Baroholics_2026-07-08_1025.txt","txt","72008","2026-07-08T18:25:41.6145840Z","C:\Program Files (x86)\Steam\steamapps\common\Barotrauma\ServerLogs\Qauntum Baroholics_2026-07-08_1025.txt"
"ServerLogs/Qauntum Baroholics_2026-07-08_1044 (2).txt","Qauntum Baroholics_2026-07-08_1044 (2).txt","txt","78310","2026-07-08T18:44:17.7978293Z","C:\Program Files (x86)\Steam\steamapps\common\Barotrauma\ServerLogs\Qauntum Baroholics_2026-07-08_1044 (2).txt"
"ServerLogs/Qauntum Baroholics_2026-07-08_1044.txt","Qauntum Baroholics_2026-07-08_1044.txt","txt","78452","2026-07-08T18:44:13.5237440Z","C:\Program Files (x86)\Steam\steamapps\common\Barotrauma\ServerLogs\Qauntum Baroholics_2026-07-08_1044.txt"
"ServerLogs/Qauntum Baroholics_2026-07-08_1102 (2).txt","Qauntum Baroholics_2026-07-08_1102 (2).txt","txt","76198","2026-07-08T19:02:38.5645207Z","C:\Program Files (x86)\Steam\steamapps\common\Barotrauma\ServerLogs\Qauntum Baroholics_2026-07-08_1102 (2).txt"
"ServerLogs/Qauntum Baroholics_2026-07-08_1102.txt","Qauntum Baroholics_2026-07-08_1102.txt","txt","76084","2026-07-08T19:02:38.3723837Z","C:\Program Files (x86)\Steam\steamapps\common\Barotrauma\ServerLogs\Qauntum Baroholics_2026-07-08_1102.txt"
"ServerLogs/Qauntum Baroholics_2026-07-08_1117 (2).txt","Qauntum Baroholics_2026-07-08_1117 (2).txt","txt","80356","2026-07-08T19:17:20.6160501Z","C:\Program Files (x86)\Steam\steamapps\common\Barotrauma\ServerLogs\Qauntum Baroholics_2026-07-08_1117 (2).txt"
"ServerLogs/Qauntum Baroholics_2026-07-08_1117.txt","Qauntum Baroholics_2026-07-08_1117.txt","txt","80448","2026-07-08T19:17:16.8038322Z","C:\Program Files (x86)\Steam\steamapps\common\Barotrauma\ServerLogs\Qauntum Baroholics_2026-07-08_1117.txt"
"ServerLogs/Qauntum Baroholics_2026-07-08_1121.txt","Qauntum Baroholics_2026-07-08_1121.txt","txt","4703","2026-07-08T19:21:05.7018216Z","C:\Program Files (x86)\Steam\steamapps\common\Barotrauma\ServerLogs\Qauntum Baroholics_2026-07-08_1121.txt"
"ServerLogs/Qauntum Baroholics_2026-07-08_1143 (2).txt","Qauntum Baroholics_2026-07-08_1143 (2).txt","txt","80289","2026-07-08T19:43:30.8039466Z","C:\Program Files (x86)\Steam\steamapps\common\Barotrauma\ServerLogs\Qauntum Baroholics_2026-07-08_1143 (2).txt"
"ServerLogs/Qauntum Baroholics_2026-07-08_1143.txt","Qauntum Baroholics_2026-07-08_1143.txt","txt","80189","2026-07-08T19:43:30.4784565Z","C:\Program Files (x86)\Steam\steamapps\common\Barotrauma\ServerLogs\Qauntum Baroholics_2026-07-08_1143.txt"
"ServerLogs/Qauntum Baroholics_2026-07-08_1159 (2).txt","Qauntum Baroholics_2026-07-08_1159 (2).txt","txt","77590","2026-07-08T19:59:42.9390519Z","C:\Program Files (x86)\Steam\steamapps\common\Barotrauma\ServerLogs\Qauntum Baroholics_2026-07-08_1159 (2).txt"
"ServerLogs/Qauntum Baroholics_2026-07-08_1159.txt","Qauntum Baroholics_2026-07-08_1159.txt","txt","77809","2026-07-08T19:59:38.0740795Z","C:\Program Files (x86)\Steam\steamapps\common\Barotrauma\ServerLogs\Qauntum Baroholics_2026-07-08_1159.txt"
"ServerLogs/Qauntum Baroholics_2026-07-08_1227 (2).txt","Qauntum Baroholics_2026-07-08_1227 (2).txt","txt","72645","2026-07-08T20:27:23.8009946Z","C:\Program Files (x86)\Steam\steamapps\common\Barotrauma\ServerLogs\Qauntum Baroholics_2026-07-08_1227 (2).txt"
"ServerLogs/Qauntum Baroholics_2026-07-08_1227 (3).txt","Qauntum Baroholics_2026-07-08_1227 (3).txt","txt","72659","2026-07-08T20:27:24.2822948Z","C:\Program Files (x86)\Steam\steamapps\common\Barotrauma\ServerLogs\Qauntum Baroholics_2026-07-08_1227 (3).txt"
"ServerLogs/Qauntum Baroholics_2026-07-08_1227.txt","Qauntum Baroholics_2026-07-08_1227.txt","txt","72513","2026-07-08T20:27:12.3516059Z","C:\Program Files (x86)\Steam\steamapps\common\Barotrauma\ServerLogs\Qauntum Baroholics_2026-07-08_1227.txt"
"ServerLogs/Qauntum Baroholics_2026-07-08_1314 (2).txt","Qauntum Baroholics_2026-07-08_1314 (2).txt","txt","72724","2026-07-08T21:14:50.8553363Z","C:\Program Files (x86)\Steam\steamapps\common\Barotrauma\ServerLogs\Qauntum Baroholics_2026-07-08_1314 (2).txt"
"ServerLogs/Qauntum Baroholics_2026-07-08_1314.txt","Qauntum Baroholics_2026-07-08_1314.txt","txt","72623","2026-07-08T21:14:41.6923843Z","C:\Program Files (x86)\Steam\steamapps\common\Barotrauma\ServerLogs\Qauntum Baroholics_2026-07-08_1314.txt"
"ServerLogs/Qauntum Baroholics_2026-07-08_1332.txt","Qauntum Baroholics_2026-07-08_1332.txt","txt","35044","2026-07-08T21:32:56.5158241Z","C:\Program Files (x86)\Steam\steamapps\common\Barotrauma\ServerLogs\Qauntum Baroholics_2026-07-08_1332.txt"
"ServerLogs/Qauntum Baroholics_2026-07-08_1333.txt","Qauntum Baroholics_2026-07-08_1333.txt","txt","35310","2026-07-08T21:33:10.3391064Z","C:\Program Files (x86)\Steam\steamapps\common\Barotrauma\ServerLogs\Qauntum Baroholics_2026-07-08_1333.txt"
"ServerLogs/Qauntum Baroholics_2026-07-15_0931.txt","Qauntum Baroholics_2026-07-15_0931.txt","txt","4043","2026-07-15T17:31:31.1920139Z","C:\Program Files (x86)\Steam\steamapps\common\Barotrauma\ServerLogs\Qauntum Baroholics_2026-07-15_0931.txt"
"ServerLogs/Qauntum Baroholics_2026-07-15_0946 (2).txt","Qauntum Baroholics_2026-07-15_0946 (2).txt","txt","84923","2026-07-15T17:46:16.7833920Z","C:\Program Files (x86)\Steam\steamapps\common\Barotrauma\ServerLogs\Qauntum Baroholics_2026-07-15_0946 (2).txt"
"ServerLogs/Qauntum Baroholics_2026-07-15_0946.txt","Qauntum Baroholics_2026-07-15_0946.txt","txt","84630","2026-07-15T17:46:16.6291172Z","C:\Program Files (x86)\Steam\steamapps\common\Barotrauma\ServerLogs\Qauntum Baroholics_2026-07-15_0946.txt"
"ServerLogs/Qauntum Baroholics_2026-07-15_1005 (2).txt","Qauntum Baroholics_2026-07-15_1005 (2).txt","txt","78479","2026-07-15T18:05:46.5333421Z","C:\Program Files (x86)\Steam\steamapps\common\Barotrauma\ServerLogs\Qauntum Baroholics_2026-07-15_1005 (2).txt"
"ServerLogs/Qauntum Baroholics_2026-07-15_1005.txt","Qauntum Baroholics_2026-07-15_1005.txt","txt","78664","2026-07-15T18:05:18.2033958Z","C:\Program Files (x86)\Steam\steamapps\common\Barotrauma\ServerLogs\Qauntum Baroholics_2026-07-15_1005.txt"
"ServerLogs/Qauntum Baroholics_2026-07-15_1018 (2).txt","Qauntum Baroholics_2026-07-15_1018 (2).txt","txt","84301","2026-07-15T18:18:41.4175217Z","C:\Program Files (x86)\Steam\steamapps\common\Barotrauma\ServerLogs\Qauntum Baroholics_2026-07-15_1018 (2).txt"
"ServerLogs/Qauntum Baroholics_2026-07-15_1018.txt","Qauntum Baroholics_2026-07-15_1018.txt","txt","84203","2026-07-15T18:18:40.9521738Z","C:\Program Files (x86)\Steam\steamapps\common\Barotrauma\ServerLogs\Qauntum Baroholics_2026-07-15_1018.txt"
"ServerLogs/Qauntum Baroholics_2026-07-15_1034.txt","Qauntum Baroholics_2026-07-15_1034.txt","txt","42999","2026-07-15T18:34:50.9347878Z","C:\Program Files (x86)\Steam\steamapps\common\Barotrauma\ServerLogs\Qauntum Baroholics_2026-07-15_1034.txt"
"ServerLogs/Qauntum Baroholics_2026-07-15_1049.txt","Qauntum Baroholics_2026-07-15_1049.txt","txt","64255","2026-07-15T18:49:52.2834003Z","C:\Program Files (x86)\Steam\steamapps\common\Barotrauma\ServerLogs\Qauntum Baroholics_2026-07-15_1049.txt"
"ServerLogs/Qauntum Baroholics_2026-07-15_1053.txt","Qauntum Baroholics_2026-07-15_1053.txt","txt","69196","2026-07-15T18:53:07.5281177Z","C:\Program Files (x86)\Steam\steamapps\common\Barotrauma\ServerLogs\Qauntum Baroholics_2026-07-15_1053.txt"
"ServerLogs/Qauntum Baroholics_2026-07-15_1054.txt","Qauntum Baroholics_2026-07-15_1054.txt","txt","69071","2026-07-15T18:54:06.8934349Z","C:\Program Files (x86)\Steam\steamapps\common\Barotrauma\ServerLogs\Qauntum Baroholics_2026-07-15_1054.txt"
"ServerLogs/Qauntum Baroholics_2026-07-15_1107 (2).txt","Qauntum Baroholics_2026-07-15_1107 (2).txt","txt","84949","2026-07-15T19:07:23.6971341Z","C:\Program Files (x86)\Steam\steamapps\common\Barotrauma\ServerLogs\Qauntum Baroholics_2026-07-15_1107 (2).txt"
"ServerLogs/Qauntum Baroholics_2026-07-15_1107.txt","Qauntum Baroholics_2026-07-15_1107.txt","txt","84724","2026-07-15T19:07:23.4381382Z","C:\Program Files (x86)\Steam\steamapps\common\Barotrauma\ServerLogs\Qauntum Baroholics_2026-07-15_1107.txt"
"ServerLogs/Qauntum Baroholics_2026-07-15_1123 (2).txt","Qauntum Baroholics_2026-07-15_1123 (2).txt","txt","83493","2026-07-15T19:23:44.2821211Z","C:\Program Files (x86)\Steam\steamapps\common\Barotrauma\ServerLogs\Qauntum Baroholics_2026-07-15_1123 (2).txt"
"ServerLogs/Qauntum Baroholics_2026-07-15_1123.txt","Qauntum Baroholics_2026-07-15_1123.txt","txt","83656","2026-07-15T19:23:32.4157486Z","C:\Program Files (x86)\Steam\steamapps\common\Barotrauma\ServerLogs\Qauntum Baroholics_2026-07-15_1123.txt"
"ServerLogs/Qauntum Baroholics_2026-07-15_1145 (2).txt","Qauntum Baroholics_2026-07-15_1145 (2).txt","txt","65275","2026-07-15T19:45:59.0815397Z","C:\Program Files (x86)\Steam\steamapps\common\Barotrauma\ServerLogs\Qauntum Baroholics_2026-07-15_1145 (2).txt"
"ServerLogs/Qauntum Baroholics_2026-07-15_1145.txt","Qauntum Baroholics_2026-07-15_1145.txt","txt","65264","2026-07-15T19:45:56.7232410Z","C:\Program Files (x86)\Steam\steamapps\common\Barotrauma\ServerLogs\Qauntum Baroholics_2026-07-15_1145.txt"
"ServerLogs/Qauntum Baroholics_2026-07-15_1207.txt","Qauntum Baroholics_2026-07-15_1207.txt","txt","32882","2026-07-15T20:07:50.1853511Z","C:\Program Files (x86)\Steam\steamapps\common\Barotrauma\ServerLogs\Qauntum Baroholics_2026-07-15_1207.txt"
"ServerLogs/Qauntum Baroholics_2026-07-15_1214 (2).txt","Qauntum Baroholics_2026-07-15_1214 (2).txt","txt","67544","2026-07-15T20:14:59.9964867Z","C:\Program Files (x86)\Steam\steamapps\common\Barotrauma\ServerLogs\Qauntum Baroholics_2026-07-15_1214 (2).txt"
"ServerLogs/Qauntum Baroholics_2026-07-15_1214.txt","Qauntum Baroholics_2026-07-15_1214.txt","txt","67500","2026-07-15T20:14:59.1591226Z","C:\Program Files (x86)\Steam\steamapps\common\Barotrauma\ServerLogs\Qauntum Baroholics_2026-07-15_1214.txt"
"ServerLogs/Qauntum Baroholics_2026-07-15_1217.txt","Qauntum Baroholics_2026-07-15_1217.txt","txt","3055","2026-07-15T20:17:34.0796515Z","C:\Program Files (x86)\Steam\steamapps\common\Barotrauma\ServerLogs\Qauntum Baroholics_2026-07-15_1217.txt"
"ServerLogs/Qauntum Baroholics_2026-07-15_1236 (2).txt","Qauntum Baroholics_2026-07-15_1236 (2).txt","txt","70555","2026-07-15T20:36:32.4218887Z","C:\Program Files (x86)\Steam\steamapps\common\Barotrauma\ServerLogs\Qauntum Baroholics_2026-07-15_1236 (2).txt"
"ServerLogs/Qauntum Baroholics_2026-07-15_1236.txt","Qauntum Baroholics_2026-07-15_1236.txt","txt","70586","2026-07-15T20:36:25.8691437Z","C:\Program Files (x86)\Steam\steamapps\common\Barotrauma\ServerLogs\Qauntum Baroholics_2026-07-15_1236.txt"
"ServerLogs/Qauntum Baroholics_2026-07-15_1309.txt","Qauntum Baroholics_2026-07-15_1309.txt","txt","74878","2026-07-15T21:09:57.0361404Z","C:\Program Files (x86)\Steam\steamapps\common\Barotrauma\ServerLogs\Qauntum Baroholics_2026-07-15_1309.txt"
"ServerLogs/Qauntum Baroholics_2026-07-15_1310.txt","Qauntum Baroholics_2026-07-15_1310.txt","txt","74897","2026-07-15T21:10:09.4961675Z","C:\Program Files (x86)\Steam\steamapps\common\Barotrauma\ServerLogs\Qauntum Baroholics_2026-07-15_1310.txt"
"ServerLogs/Qauntum Baroholics_2026-07-15_1312.txt","Qauntum Baroholics_2026-07-15_1312.txt","txt","909","2026-07-15T21:12:44.0049966Z","C:\Program Files (x86)\Steam\steamapps\common\Barotrauma\ServerLogs\Qauntum Baroholics_2026-07-15_1312.txt"
"ServerLogs/Qauntum Baroholics_2026-07-15_1313.txt","Qauntum Baroholics_2026-07-15_1313.txt","txt","2067","2026-07-15T21:13:13.1374243Z","C:\Program Files (x86)\Steam\steamapps\common\Barotrauma\ServerLogs\Qauntum Baroholics_2026-07-15_1313.txt"
"ServerLogs/Qauntum Baroholics_2026-07-15_1315.txt","Qauntum Baroholics_2026-07-15_1315.txt","txt","1912","2026-07-15T21:15:17.8650442Z","C:\Program Files (x86)\Steam\steamapps\common\Barotrauma\ServerLogs\Qauntum Baroholics_2026-07-15_1315.txt"
"ServerLogs/Qauntum Baroholics_2026-07-15_1316.txt","Qauntum Baroholics_2026-07-15_1316.txt","txt","2043","2026-07-15T21:16:17.5363537Z","C:\Program Files (x86)\Steam\steamapps\common\Barotrauma\ServerLogs\Qauntum Baroholics_2026-07-15_1316.txt"
"serversettings.xml","serversettings.xml","xml","4135","2026-07-15T21:16:17.4962133Z","C:\Program Files (x86)\Steam\steamapps\common\Barotrauma\serversettings.xml"
"SharpDX.Direct2D1.dll","SharpDX.Direct2D1.dll","dll","495616","2025-06-08T21:11:02.0225055Z","C:\Program Files (x86)\Steam\steamapps\common\Barotrauma\SharpDX.Direct2D1.dll"
"SharpDX.Direct3D11.dll","SharpDX.Direct3D11.dll","dll","282624","2025-06-08T21:11:02.0225055Z","C:\Program Files (x86)\Steam\steamapps\common\Barotrauma\SharpDX.Direct3D11.dll"
"SharpDX.dll","SharpDX.dll","dll","275968","2025-06-08T21:11:02.0225055Z","C:\Program Files (x86)\Steam\steamapps\common\Barotrauma\SharpDX.dll"
"SharpDX.DXGI.dll","SharpDX.DXGI.dll","dll","147968","2025-06-08T21:11:47.2541161Z","C:\Program Files (x86)\Steam\steamapps\common\Barotrauma\SharpDX.DXGI.dll"
"SharpDX.XInput.dll","SharpDX.XInput.dll","dll","13824","2025-06-08T21:11:44.1728911Z","C:\Program Files (x86)\Steam\steamapps\common\Barotrauma\SharpDX.XInput.dll"
"SharpFont.NetStandard.dll","SharpFont.NetStandard.dll","dll","134656","2026-06-18T17:04:43.3067656Z","C:\Program Files (x86)\Steam\steamapps\common\Barotrauma\SharpFont.NetStandard.dll"
"SharpFont.NetStandard.pdb","SharpFont.NetStandard.pdb","pdb","67812","2026-06-18T17:04:43.3067656Z","C:\Program Files (x86)\Steam\steamapps\common\Barotrauma\SharpFont.NetStandard.pdb"
"soft_oal_x64.dll","soft_oal_x64.dll","dll","1258496","2025-06-08T21:11:02.0235665Z","C:\Program Files (x86)\Steam\steamapps\common\Barotrauma\soft_oal_x64.dll"
"SQLite.Interop.dll","SQLite.Interop.dll","dll","1625088","2025-06-08T21:11:02.0235665Z","C:\Program Files (x86)\Steam\steamapps\common\Barotrauma\SQLite.Interop.dll"
"steam_api64.dll","steam_api64.dll","dll","319584","2025-06-19T20:07:27.3313980Z","C:\Program Files (x86)\Steam\steamapps\common\Barotrauma\steam_api64.dll"
"Submarines/.AutoSaves/AutoSave_63918462797015.sub","AutoSave_63918462797015.sub","sub","101616","2026-07-01T00:33:17.0276596Z","C:\Program Files (x86)\Steam\steamapps\common\Barotrauma\Submarines\.AutoSaves\AutoSave_63918462797015.sub"
"Submarines/.AutoSaves/AutoSave_63918463095718.sub","AutoSave_63918463095718.sub","sub","101028","2026-07-01T00:38:15.7299679Z","C:\Program Files (x86)\Steam\steamapps\common\Barotrauma\Submarines\.AutoSaves\AutoSave_63918463095718.sub"
"Submarines/.AutoSaves/AutoSave_63918463395794.sub","AutoSave_63918463395794.sub","sub","100209","2026-07-01T00:43:15.8092884Z","C:\Program Files (x86)\Steam\steamapps\common\Barotrauma\Submarines\.AutoSaves\AutoSave_63918463395794.sub"
"Submarines/.AutoSaves/AutoSave_63918463695880.sub","AutoSave_63918463695880.sub","sub","100439","2026-07-01T00:48:15.8954367Z","C:\Program Files (x86)\Steam\steamapps\common\Barotrauma\Submarines\.AutoSaves\AutoSave_63918463695880.sub"
"Submarines/.AutoSaves/AutoSave_63918464031790.sub","AutoSave_63918464031790.sub","sub","100180","2026-07-01T00:53:51.8019752Z","C:\Program Files (x86)\Steam\steamapps\common\Barotrauma\Submarines\.AutoSaves\AutoSave_63918464031790.sub"
"Submarines/.AutoSaves/AutoSave_63918464053451.sub","AutoSave_63918464053451.sub","sub","100181","2026-07-01T00:54:13.4630350Z","C:\Program Files (x86)\Steam\steamapps\common\Barotrauma\Submarines\.AutoSaves\AutoSave_63918464053451.sub"
"Submarines/.AutoSaves/AutoSave_63918464093888.sub","AutoSave_63918464093888.sub","sub","100176","2026-07-01T00:54:53.9013812Z","C:\Program Files (x86)\Steam\steamapps\common\Barotrauma\Submarines\.AutoSaves\AutoSave_63918464093888.sub"
"Submarines/.AutoSaves/AutoSave_63918464103563.sub","AutoSave_63918464103563.sub","sub","100255","2026-07-01T00:55:03.5768270Z","C:\Program Files (x86)\Steam\steamapps\common\Barotrauma\Submarines\.AutoSaves\AutoSave_63918464103563.sub"
"Submarines/.AutoSaves/AutoSave_63918464359010.sub","AutoSave_63918464359010.sub","sub","100299","2026-07-01T00:59:19.0296039Z","C:\Program Files (x86)\Steam\steamapps\common\Barotrauma\Submarines\.AutoSaves\AutoSave_63918464359010.sub"
"Submarines/.AutoSaves/autosaves.xml","autosaves.xml","xml","1094","2026-07-01T00:59:19.0305955Z","C:\Program Files (x86)\Steam\steamapps\common\Barotrauma\Submarines\.AutoSaves\autosaves.xml"
"System.AppContext.dll","System.AppContext.dll","dll","15624","2025-06-19T20:07:27.5282560Z","C:\Program Files (x86)\Steam\steamapps\common\Barotrauma\System.AppContext.dll"
"System.Buffers.dll","System.Buffers.dll","dll","15632","2025-06-19T20:07:27.5085554Z","C:\Program Files (x86)\Steam\steamapps\common\Barotrauma\System.Buffers.dll"
"System.Collections.Concurrent.dll","System.Collections.Concurrent.dll","dll","276640","2025-06-19T20:07:27.3313980Z","C:\Program Files (x86)\Steam\steamapps\common\Barotrauma\System.Collections.Concurrent.dll"
"System.Collections.dll","System.Collections.dll","dll","260256","2025-06-19T20:07:28.2484717Z","C:\Program Files (x86)\Steam\steamapps\common\Barotrauma\System.Collections.dll"
"System.Collections.Immutable.dll","System.Collections.Immutable.dll","dll","841888","2025-06-19T20:07:27.3313980Z","C:\Program Files (x86)\Steam\steamapps\common\Barotrauma\System.Collections.Immutable.dll"
"System.Collections.NonGeneric.dll","System.Collections.NonGeneric.dll","dll","104720","2025-06-19T20:07:28.5545740Z","C:\Program Files (x86)\Steam\steamapps\common\Barotrauma\System.Collections.NonGeneric.dll"
"System.Collections.Specialized.dll","System.Collections.Specialized.dll","dll","104712","2025-06-19T20:07:28.5545740Z","C:\Program Files (x86)\Steam\steamapps\common\Barotrauma\System.Collections.Specialized.dll"
"System.ComponentModel.Annotations.dll","System.ComponentModel.Annotations.dll","dll","198928","2025-06-19T20:07:30.3813121Z","C:\Program Files (x86)\Steam\steamapps\common\Barotrauma\System.ComponentModel.Annotations.dll"
"System.ComponentModel.DataAnnotations.dll","System.ComponentModel.DataAnnotations.dll","dll","17056","2025-06-19T20:07:27.5433803Z","C:\Program Files (x86)\Steam\steamapps\common\Barotrauma\System.ComponentModel.DataAnnotations.dll"
"System.ComponentModel.dll","System.ComponentModel.dll","dll","30992","2025-06-19T20:07:27.5282560Z","C:\Program Files (x86)\Steam\steamapps\common\Barotrauma\System.ComponentModel.dll"
"System.ComponentModel.EventBasedAsync.dll","System.ComponentModel.EventBasedAsync.dll","dll","47264","2025-06-19T20:07:27.5312559Z","C:\Program Files (x86)\Steam\steamapps\common\Barotrauma\System.ComponentModel.EventBasedAsync.dll"
"System.ComponentModel.Primitives.dll","System.ComponentModel.Primitives.dll","dll","80144","2025-06-19T20:07:28.5545740Z","C:\Program Files (x86)\Steam\steamapps\common\Barotrauma\System.ComponentModel.Primitives.dll"
"System.ComponentModel.TypeConverter.dll","System.ComponentModel.TypeConverter.dll","dll","743704","2025-06-19T20:07:27.3313980Z","C:\Program Files (x86)\Steam\steamapps\common\Barotrauma\System.ComponentModel.TypeConverter.dll"
"System.Configuration.dll","System.Configuration.dll","dll","19720","2025-06-19T20:07:27.4973594Z","C:\Program Files (x86)\Steam\steamapps\common\Barotrauma\System.Configuration.dll"
"System.Console.dll","System.Console.dll","dll","174352","2025-06-19T20:07:30.3182245Z","C:\Program Files (x86)\Steam\steamapps\common\Barotrauma\System.Console.dll"
"System.Core.dll","System.Core.dll","dll","23840","2025-06-19T20:07:27.5292561Z","C:\Program Files (x86)\Steam\steamapps\common\Barotrauma\System.Core.dll"
"System.Data.Common.dll","System.Data.Common.dll","dll","2861336","2025-06-19T20:07:27.3313980Z","C:\Program Files (x86)\Steam\steamapps\common\Barotrauma\System.Data.Common.dll"
"System.Data.DataSetExtensions.dll","System.Data.DataSetExtensions.dll","dll","16144","2025-06-19T20:07:27.5095558Z","C:\Program Files (x86)\Steam\steamapps\common\Barotrauma\System.Data.DataSetExtensions.dll"
"System.Data.dll","System.Data.dll","dll","25360","2025-06-19T20:07:27.5282560Z","C:\Program Files (x86)\Steam\steamapps\common\Barotrauma\System.Data.dll"
"System.Data.SQLite.dll","System.Data.SQLite.dll","dll","350208","2025-06-08T21:11:02.0235665Z","C:\Program Files (x86)\Steam\steamapps\common\Barotrauma\System.Data.SQLite.dll"
"System.Diagnostics.Contracts.dll","System.Diagnostics.Contracts.dll","dll","16664","2025-06-19T20:07:27.5332565Z","C:\Program Files (x86)\Steam\steamapps\common\Barotrauma\System.Diagnostics.Contracts.dll"
"System.Diagnostics.Debug.dll","System.Diagnostics.Debug.dll","dll","16136","2025-06-19T20:07:27.5342555Z","C:\Program Files (x86)\Steam\steamapps\common\Barotrauma\System.Diagnostics.Debug.dll"
"System.Diagnostics.DiagnosticSource.dll","System.Diagnostics.DiagnosticSource.dll","dll","416016","2025-06-19T20:07:27.3313980Z","C:\Program Files (x86)\Steam\steamapps\common\Barotrauma\System.Diagnostics.DiagnosticSource.dll"
"System.Diagnostics.FileVersionInfo.dll","System.Diagnostics.FileVersionInfo.dll","dll","47392","2025-06-19T20:07:27.4983587Z","C:\Program Files (x86)\Steam\steamapps\common\Barotrauma\System.Diagnostics.FileVersionInfo.dll"
"System.Diagnostics.Process.dll","System.Diagnostics.Process.dll","dll","338192","2025-06-19T20:07:27.3323980Z","C:\Program Files (x86)\Steam\steamapps\common\Barotrauma\System.Diagnostics.Process.dll"
"System.Diagnostics.StackTrace.dll","System.Diagnostics.StackTrace.dll","dll","47384","2025-06-19T20:07:27.5035409Z","C:\Program Files (x86)\Steam\steamapps\common\Barotrauma\System.Diagnostics.StackTrace.dll"
"System.Diagnostics.TextWriterTraceListener.dll","System.Diagnostics.TextWriterTraceListener.dll","dll","67856","2025-06-19T20:07:29.3533501Z","C:\Program Files (x86)\Steam\steamapps\common\Barotrauma\System.Diagnostics.TextWriterTraceListener.dll"
"System.Diagnostics.Tools.dll","System.Diagnostics.Tools.dll","dll","15632","2025-06-19T20:07:27.5373076Z","C:\Program Files (x86)\Steam\steamapps\common\Barotrauma\System.Diagnostics.Tools.dll"
"System.Diagnostics.TraceSource.dll","System.Diagnostics.TraceSource.dll","dll","145672","2025-06-19T20:07:29.4144294Z","C:\Program Files (x86)\Steam\steamapps\common\Barotrauma\System.Diagnostics.TraceSource.dll"
"System.Diagnostics.Tracing.dll","System.Diagnostics.Tracing.dll","dll","16672","2025-06-19T20:07:27.5025417Z","C:\Program Files (x86)\Steam\steamapps\common\Barotrauma\System.Diagnostics.Tracing.dll"
"System.dll","System.dll","dll","50464","2025-06-19T20:07:27.5055411Z","C:\Program Files (x86)\Steam\steamapps\common\Barotrauma\System.dll"
"System.Drawing.dll","System.Drawing.dll","dll","20744","2025-06-19T20:07:27.5453803Z","C:\Program Files (x86)\Steam\steamapps\common\Barotrauma\System.Drawing.dll"
"System.Drawing.Primitives.dll","System.Drawing.Primitives.dll","dll","133392","2025-06-19T20:07:29.4124258Z","C:\Program Files (x86)\Steam\steamapps\common\Barotrauma\System.Drawing.Primitives.dll"
"System.Dynamic.Runtime.dll","System.Dynamic.Runtime.dll","dll","16648","2025-06-19T20:07:27.5272560Z","C:\Program Files (x86)\Steam\steamapps\common\Barotrauma\System.Dynamic.Runtime.dll"
"System.Formats.Asn1.dll","System.Formats.Asn1.dll","dll","243992","2025-06-19T20:07:29.4134295Z","C:\Program Files (x86)\Steam\steamapps\common\Barotrauma\System.Formats.Asn1.dll"
"System.Formats.Tar.dll","System.Formats.Tar.dll","dll","272664","2025-06-19T20:07:27.3323980Z","C:\Program Files (x86)\Steam\steamapps\common\Barotrauma\System.Formats.Tar.dll"
"System.Globalization.Calendars.dll","System.Globalization.Calendars.dll","dll","16160","2025-06-19T20:07:27.5463799Z","C:\Program Files (x86)\Steam\steamapps\common\Barotrauma\System.Globalization.Calendars.dll"
"System.Globalization.dll","System.Globalization.dll","dll","16144","2025-06-19T20:07:27.4397371Z","C:\Program Files (x86)\Steam\steamapps\common\Barotrauma\System.Globalization.dll"
"System.Globalization.Extensions.dll","System.Globalization.Extensions.dll","dll","15624","2025-06-19T20:07:27.5075551Z","C:\Program Files (x86)\Steam\steamapps\common\Barotrauma\System.Globalization.Extensions.dll"
"System.IO.Compression.Brotli.dll","System.IO.Compression.Brotli.dll","dll","84240","2025-06-19T20:07:29.4134295Z","C:\Program Files (x86)\Steam\steamapps\common\Barotrauma\System.IO.Compression.Brotli.dll"
"System.IO.Compression.dll","System.IO.Compression.dll","dll","264464","2025-06-19T20:07:27.3323980Z","C:\Program Files (x86)\Steam\steamapps\common\Barotrauma\System.IO.Compression.dll"
"System.IO.Compression.FileSystem.dll","System.IO.Compression.FileSystem.dll","dll","15632","2025-06-19T20:07:27.4683913Z","C:\Program Files (x86)\Steam\steamapps\common\Barotrauma\System.IO.Compression.FileSystem.dll"
"System.IO.Compression.Native.dll","System.IO.Compression.Native.dll","dll","828688","2025-06-19T20:07:27.3323980Z","C:\Program Files (x86)\Steam\steamapps\common\Barotrauma\System.IO.Compression.Native.dll"
"System.IO.Compression.ZipFile.dll","System.IO.Compression.ZipFile.dll","dll","55456","2025-06-19T20:07:28.9202391Z","C:\Program Files (x86)\Steam\steamapps\common\Barotrauma\System.IO.Compression.ZipFile.dll"
"System.IO.dll","System.IO.dll","dll","16136","2025-06-19T20:07:27.5292561Z","C:\Program Files (x86)\Steam\steamapps\common\Barotrauma\System.IO.dll"
"System.IO.FileSystem.AccessControl.dll","System.IO.FileSystem.AccessControl.dll","dll","104728","2025-06-19T20:07:28.3746343Z","C:\Program Files (x86)\Steam\steamapps\common\Barotrauma\System.IO.FileSystem.AccessControl.dll"
"System.IO.FileSystem.dll","System.IO.FileSystem.dll","dll","16144","2025-06-19T20:07:27.5272560Z","C:\Program Files (x86)\Steam\steamapps\common\Barotrauma\System.IO.FileSystem.dll"
"System.IO.FileSystem.DriveInfo.dll","System.IO.FileSystem.DriveInfo.dll","dll","55560","2025-06-19T20:07:27.5292561Z","C:\Program Files (x86)\Steam\steamapps\common\Barotrauma\System.IO.FileSystem.DriveInfo.dll"
"System.IO.FileSystem.Primitives.dll","System.IO.FileSystem.Primitives.dll","dll","15632","2025-06-19T20:07:27.5613844Z","C:\Program Files (x86)\Steam\steamapps\common\Barotrauma\System.IO.FileSystem.Primitives.dll"
"System.IO.FileSystem.Watcher.dll","System.IO.FileSystem.Watcher.dll","dll","88336","2025-06-19T20:07:29.4134295Z","C:\Program Files (x86)\Steam\steamapps\common\Barotrauma\System.IO.FileSystem.Watcher.dll"
"System.IO.IsolatedStorage.dll","System.IO.IsolatedStorage.dll","dll","92320","2025-06-19T20:07:29.4144294Z","C:\Program Files (x86)\Steam\steamapps\common\Barotrauma\System.IO.IsolatedStorage.dll"
"System.IO.MemoryMappedFiles.dll","System.IO.MemoryMappedFiles.dll","dll","84256","2025-06-19T20:07:30.3172254Z","C:\Program Files (x86)\Steam\steamapps\common\Barotrauma\System.IO.MemoryMappedFiles.dll"
"System.IO.Pipes.AccessControl.dll","System.IO.Pipes.AccessControl.dll","dll","16648","2025-06-19T20:07:27.4683913Z","C:\Program Files (x86)\Steam\steamapps\common\Barotrauma\System.IO.Pipes.AccessControl.dll"
"System.IO.Pipes.dll","System.IO.Pipes.dll","dll","166152","2025-06-19T20:07:30.8681110Z","C:\Program Files (x86)\Steam\steamapps\common\Barotrauma\System.IO.Pipes.dll"
"System.IO.UnmanagedMemoryStream.dll","System.IO.UnmanagedMemoryStream.dll","dll","15632","2025-06-19T20:07:27.5025417Z","C:\Program Files (x86)\Steam\steamapps\common\Barotrauma\System.IO.UnmanagedMemoryStream.dll"
"System.Linq.dll","System.Linq.dll","dll","542992","2025-06-19T20:07:27.3323980Z","C:\Program Files (x86)\Steam\steamapps\common\Barotrauma\System.Linq.dll"
"System.Linq.Expressions.dll","System.Linq.Expressions.dll","dll","3676432","2025-06-19T20:07:27.3323980Z","C:\Program Files (x86)\Steam\steamapps\common\Barotrauma\System.Linq.Expressions.dll"
"System.Linq.Parallel.dll","System.Linq.Parallel.dll","dll","805128","2025-06-19T20:07:27.3323980Z","C:\Program Files (x86)\Steam\steamapps\common\Barotrauma\System.Linq.Parallel.dll"
"System.Linq.Queryable.dll","System.Linq.Queryable.dll","dll","174344","2025-06-19T20:07:29.1076631Z","C:\Program Files (x86)\Steam\steamapps\common\Barotrauma\System.Linq.Queryable.dll"
"System.Memory.dll","System.Memory.dll","dll","157968","2025-06-19T20:07:29.5363208Z","C:\Program Files (x86)\Steam\steamapps\common\Barotrauma\System.Memory.dll"
"System.Net.dll","System.Net.dll","dll","17680","2025-06-19T20:07:27.5373076Z","C:\Program Files (x86)\Steam\steamapps\common\Barotrauma\System.Net.dll"
"System.Net.Http.dll","System.Net.Http.dll","dll","1730840","2025-06-19T20:07:27.3334706Z","C:\Program Files (x86)\Steam\steamapps\common\Barotrauma\System.Net.Http.dll"
"System.Net.Http.Json.dll","System.Net.Http.Json.dll","dll","129304","2025-06-19T20:07:30.4404006Z","C:\Program Files (x86)\Steam\steamapps\common\Barotrauma\System.Net.Http.Json.dll"
"System.Net.HttpListener.dll","System.Net.HttpListener.dll","dll","551176","2025-06-19T20:07:27.3334706Z","C:\Program Files (x86)\Steam\steamapps\common\Barotrauma\System.Net.HttpListener.dll"
"System.Net.Mail.dll","System.Net.Mail.dll","dll","432400","2025-06-19T20:07:27.3334706Z","C:\Program Files (x86)\Steam\steamapps\common\Barotrauma\System.Net.Mail.dll"
"System.Net.NameResolution.dll","System.Net.NameResolution.dll","dll","112904","2025-06-19T20:07:29.1735022Z","C:\Program Files (x86)\Steam\steamapps\common\Barotrauma\System.Net.NameResolution.dll"
"System.Net.NetworkInformation.dll","System.Net.NetworkInformation.dll","dll","157960","2025-06-19T20:07:28.5545740Z","C:\Program Files (x86)\Steam\steamapps\common\Barotrauma\System.Net.NetworkInformation.dll"
"System.Net.Ping.dll","System.Net.Ping.dll","dll","96528","2025-06-19T20:07:28.6116911Z","C:\Program Files (x86)\Steam\steamapps\common\Barotrauma\System.Net.Ping.dll"
"System.Net.Primitives.dll","System.Net.Primitives.dll","dll","231704","2025-06-19T20:07:30.3182245Z","C:\Program Files (x86)\Steam\steamapps\common\Barotrauma\System.Net.Primitives.dll"
"System.Net.Quic.dll","System.Net.Quic.dll","dll","280840","2025-06-19T20:07:27.3334706Z","C:\Program Files (x86)\Steam\steamapps\common\Barotrauma\System.Net.Quic.dll"
"System.Net.Requests.dll","System.Net.Requests.dll","dll","346384","2025-06-19T20:07:27.3334706Z","C:\Program Files (x86)\Steam\steamapps\common\Barotrauma\System.Net.Requests.dll"
"System.Net.Security.dll","System.Net.Security.dll","dll","669968","2025-06-19T20:07:27.3334706Z","C:\Program Files (x86)\Steam\steamapps\common\Barotrauma\System.Net.Security.dll"
"System.Net.ServicePoint.dll","System.Net.ServicePoint.dll","dll","47376","2025-06-19T20:07:27.5262447Z","C:\Program Files (x86)\Steam\steamapps\common\Barotrauma\System.Net.ServicePoint.dll"
"System.Net.Sockets.dll","System.Net.Sockets.dll","dll","542984","2025-06-19T20:07:27.3334706Z","C:\Program Files (x86)\Steam\steamapps\common\Barotrauma\System.Net.Sockets.dll"
"System.Net.WebClient.dll","System.Net.WebClient.dll","dll","170248","2025-06-19T20:07:29.5941270Z","C:\Program Files (x86)\Steam\steamapps\common\Barotrauma\System.Net.WebClient.dll"
"System.Net.WebHeaderCollection.dll","System.Net.WebHeaderCollection.dll","dll","67856","2025-06-19T20:07:27.5252454Z","C:\Program Files (x86)\Steam\steamapps\common\Barotrauma\System.Net.WebHeaderCollection.dll"
"System.Net.WebProxy.dll","System.Net.WebProxy.dll","dll","43280","2025-06-19T20:07:27.5332565Z","C:\Program Files (x86)\Steam\steamapps\common\Barotrauma\System.Net.WebProxy.dll"
"System.Net.WebSockets.Client.dll","System.Net.WebSockets.Client.dll","dll","100624","2025-06-19T20:07:28.6116911Z","C:\Program Files (x86)\Steam\steamapps\common\Barotrauma\System.Net.WebSockets.Client.dll"
"System.Net.WebSockets.dll","System.Net.WebSockets.dll","dll","190752","2025-06-19T20:07:28.6131946Z","C:\Program Files (x86)\Steam\steamapps\common\Barotrauma\System.Net.WebSockets.dll"
"System.Numerics.dll","System.Numerics.dll","dll","15632","2025-06-19T20:07:27.5373076Z","C:\Program Files (x86)\Steam\steamapps\common\Barotrauma\System.Numerics.dll"
"System.Numerics.Vectors.dll","System.Numerics.Vectors.dll","dll","16144","2025-06-19T20:07:27.5393068Z","C:\Program Files (x86)\Steam\steamapps\common\Barotrauma\System.Numerics.Vectors.dll"
"System.ObjectModel.dll","System.ObjectModel.dll","dll","80136","2025-06-19T20:07:30.3813121Z","C:\Program Files (x86)\Steam\steamapps\common\Barotrauma\System.ObjectModel.dll"
"System.Private.CoreLib.dll","System.Private.CoreLib.dll","dll","13216016","2025-06-19T20:07:27.3334706Z","C:\Program Files (x86)\Steam\steamapps\common\Barotrauma\System.Private.CoreLib.dll"
"System.Private.DataContractSerialization.dll","System.Private.DataContractSerialization.dll","dll","2083080","2025-06-19T20:07:27.3344699Z","C:\Program Files (x86)\Steam\steamapps\common\Barotrauma\System.Private.DataContractSerialization.dll"
"System.Private.Uri.dll","System.Private.Uri.dll","dll","260368","2025-06-19T20:07:29.1735022Z","C:\Program Files (x86)\Steam\steamapps\common\Barotrauma\System.Private.Uri.dll"
"System.Private.Xml.dll","System.Private.Xml.dll","dll","7993616","2025-06-19T20:07:27.3344699Z","C:\Program Files (x86)\Steam\steamapps\common\Barotrauma\System.Private.Xml.dll"
"System.Private.Xml.Linq.dll","System.Private.Xml.Linq.dll","dll","403728","2025-06-19T20:07:27.3344699Z","C:\Program Files (x86)\Steam\steamapps\common\Barotrauma\System.Private.Xml.Linq.dll"
"System.Reflection.DispatchProxy.dll","System.Reflection.DispatchProxy.dll","dll","76048","2025-06-19T20:07:29.6555096Z","C:\Program Files (x86)\Steam\steamapps\common\Barotrauma\System.Reflection.DispatchProxy.dll"
"System.Reflection.dll","System.Reflection.dll","dll","16656","2025-06-19T20:07:27.5383073Z","C:\Program Files (x86)\Steam\steamapps\common\Barotrauma\System.Reflection.dll"
"System.Reflection.Emit.dll","System.Reflection.Emit.dll","dll","129304","2025-06-19T20:07:29.4735947Z","C:\Program Files (x86)\Steam\steamapps\common\Barotrauma\System.Reflection.Emit.dll"
"System.Reflection.Emit.ILGeneration.dll","System.Reflection.Emit.ILGeneration.dll","dll","16152","2025-06-19T20:07:27.5262447Z","C:\Program Files (x86)\Steam\steamapps\common\Barotrauma\System.Reflection.Emit.ILGeneration.dll"
"System.Reflection.Emit.Lightweight.dll","System.Reflection.Emit.Lightweight.dll","dll","16136","2025-06-19T20:07:27.5075551Z","C:\Program Files (x86)\Steam\steamapps\common\Barotrauma\System.Reflection.Emit.Lightweight.dll"
"System.Reflection.Extensions.dll","System.Reflection.Extensions.dll","dll","15624","2025-06-19T20:07:27.5383073Z","C:\Program Files (x86)\Steam\steamapps\common\Barotrauma\System.Reflection.Extensions.dll"
"System.Reflection.Metadata.dll","System.Reflection.Metadata.dll","dll","1124624","2025-06-19T20:07:27.3344699Z","C:\Program Files (x86)\Steam\steamapps\common\Barotrauma\System.Reflection.Metadata.dll"
"System.Reflection.Primitives.dll","System.Reflection.Primitives.dll","dll","16136","2025-06-19T20:07:27.5085554Z","C:\Program Files (x86)\Steam\steamapps\common\Barotrauma\System.Reflection.Primitives.dll"
"System.Reflection.TypeExtensions.dll","System.Reflection.TypeExtensions.dll","dll","43272","2025-06-19T20:07:27.4693912Z","C:\Program Files (x86)\Steam\steamapps\common\Barotrauma\System.Reflection.TypeExtensions.dll"
"System.Resources.Reader.dll","System.Resources.Reader.dll","dll","15624","2025-06-19T20:07:27.5312559Z","C:\Program Files (x86)\Steam\steamapps\common\Barotrauma\System.Resources.Reader.dll"
"System.Resources.ResourceManager.dll","System.Resources.ResourceManager.dll","dll","16160","2025-06-19T20:07:27.5332565Z","C:\Program Files (x86)\Steam\steamapps\common\Barotrauma\System.Resources.ResourceManager.dll"
"System.Resources.Writer.dll","System.Resources.Writer.dll","dll","51464","2025-06-19T20:07:27.5252454Z","C:\Program Files (x86)\Steam\steamapps\common\Barotrauma\System.Resources.Writer.dll"
"System.Runtime.CompilerServices.Unsafe.dll","System.Runtime.CompilerServices.Unsafe.dll","dll","15624","2025-06-19T20:07:27.5302567Z","C:\Program Files (x86)\Steam\steamapps\common\Barotrauma\System.Runtime.CompilerServices.Unsafe.dll"
"System.Runtime.CompilerServices.VisualC.dll","System.Runtime.CompilerServices.VisualC.dll","dll","30984","2025-06-19T20:07:27.4703924Z","C:\Program Files (x86)\Steam\steamapps\common\Barotrauma\System.Runtime.CompilerServices.VisualC.dll"
"System.Runtime.dll","System.Runtime.dll","dll","43792","2025-06-19T20:07:27.5383073Z","C:\Program Files (x86)\Steam\steamapps\common\Barotrauma\System.Runtime.dll"
"System.Runtime.Extensions.dll","System.Runtime.Extensions.dll","dll","18192","2025-06-19T20:07:27.5322565Z","C:\Program Files (x86)\Steam\steamapps\common\Barotrauma\System.Runtime.Extensions.dll"
"System.Runtime.Handles.dll","System.Runtime.Handles.dll","dll","15632","2025-06-19T20:07:27.5393068Z","C:\Program Files (x86)\Steam\steamapps\common\Barotrauma\System.Runtime.Handles.dll"
"System.Runtime.InteropServices.dll","System.Runtime.InteropServices.dll","dll","96536","2025-06-19T20:07:30.6845869Z","C:\Program Files (x86)\Steam\steamapps\common\Barotrauma\System.Runtime.InteropServices.dll"
"System.Runtime.InteropServices.JavaScript.dll","System.Runtime.InteropServices.JavaScript.dll","dll","51464","2025-06-19T20:07:30.0825894Z","C:\Program Files (x86)\Steam\steamapps\common\Barotrauma\System.Runtime.InteropServices.JavaScript.dll"
"System.Runtime.InteropServices.RuntimeInformation.dll","System.Runtime.InteropServices.RuntimeInformation.dll","dll","15648","2025-06-19T20:07:27.5332565Z","C:\Program Files (x86)\Steam\steamapps\common\Barotrauma\System.Runtime.InteropServices.RuntimeInformation.dll"
"System.Runtime.Intrinsics.dll","System.Runtime.Intrinsics.dll","dll","17176","2025-06-19T20:07:27.5383073Z","C:\Program Files (x86)\Steam\steamapps\common\Barotrauma\System.Runtime.Intrinsics.dll"
"System.Runtime.Loader.dll","System.Runtime.Loader.dll","dll","16136","2025-06-19T20:07:27.5055411Z","C:\Program Files (x86)\Steam\steamapps\common\Barotrauma\System.Runtime.Loader.dll"
"System.Runtime.Numerics.dll","System.Runtime.Numerics.dll","dll","330008","2025-06-19T20:07:27.3344699Z","C:\Program Files (x86)\Steam\steamapps\common\Barotrauma\System.Runtime.Numerics.dll"
"System.Runtime.Serialization.dll","System.Runtime.Serialization.dll","dll","17184","2025-06-19T20:07:27.5282560Z","C:\Program Files (x86)\Steam\steamapps\common\Barotrauma\System.Runtime.Serialization.dll"
"System.Runtime.Serialization.Formatters.dll","System.Runtime.Serialization.Formatters.dll","dll","309528","2025-06-19T20:07:27.3344699Z","C:\Program Files (x86)\Steam\steamapps\common\Barotrauma\System.Runtime.Serialization.Formatters.dll"
"System.Runtime.Serialization.Json.dll","System.Runtime.Serialization.Json.dll","dll","16136","2025-06-19T20:07:27.5603844Z","C:\Program Files (x86)\Steam\steamapps\common\Barotrauma\System.Runtime.Serialization.Json.dll"
"System.Runtime.Serialization.Primitives.dll","System.Runtime.Serialization.Primitives.dll","dll","39184","2025-06-19T20:07:27.5362562Z","C:\Program Files (x86)\Steam\steamapps\common\Barotrauma\System.Runtime.Serialization.Primitives.dll"
"System.Runtime.Serialization.Xml.dll","System.Runtime.Serialization.Xml.dll","dll","17168","2025-06-19T20:07:27.5403068Z","C:\Program Files (x86)\Steam\steamapps\common\Barotrauma\System.Runtime.Serialization.Xml.dll"
"System.Security.AccessControl.dll","System.Security.AccessControl.dll","dll","231696","2025-06-19T20:07:30.6845869Z","C:\Program Files (x86)\Steam\steamapps\common\Barotrauma\System.Security.AccessControl.dll"
"System.Security.Claims.dll","System.Security.Claims.dll","dll","100616","2025-06-19T20:07:29.5363208Z","C:\Program Files (x86)\Steam\steamapps\common\Barotrauma\System.Security.Claims.dll"
"System.Security.Cryptography.Algorithms.dll","System.Security.Cryptography.Algorithms.dll","dll","17672","2025-06-19T20:07:27.5383073Z","C:\Program Files (x86)\Steam\steamapps\common\Barotrauma\System.Security.Cryptography.Algorithms.dll"
"System.Security.Cryptography.Cng.dll","System.Security.Cryptography.Cng.dll","dll","16648","2025-06-19T20:07:27.5095558Z","C:\Program Files (x86)\Steam\steamapps\common\Barotrauma\System.Security.Cryptography.Cng.dll"
"System.Security.Cryptography.Csp.dll","System.Security.Cryptography.Csp.dll","dll","16144","2025-06-19T20:07:27.5393068Z","C:\Program Files (x86)\Steam\steamapps\common\Barotrauma\System.Security.Cryptography.Csp.dll"
"System.Security.Cryptography.dll","System.Security.Cryptography.dll","dll","2046216","2025-06-19T20:07:27.3344699Z","C:\Program Files (x86)\Steam\steamapps\common\Barotrauma\System.Security.Cryptography.dll"
"System.Security.Cryptography.Encoding.dll","System.Security.Cryptography.Encoding.dll","dll","16160","2025-06-19T20:07:27.4713921Z","C:\Program Files (x86)\Steam\steamapps\common\Barotrauma\System.Security.Cryptography.Encoding.dll"
"System.Security.Cryptography.OpenSsl.dll","System.Security.Cryptography.OpenSsl.dll","dll","15648","2025-06-19T20:07:27.5443793Z","C:\Program Files (x86)\Steam\steamapps\common\Barotrauma\System.Security.Cryptography.OpenSsl.dll"
"System.Security.Cryptography.Primitives.dll","System.Security.Cryptography.Primitives.dll","dll","16144","2025-06-19T20:07:27.5292561Z","C:\Program Files (x86)\Steam\steamapps\common\Barotrauma\System.Security.Cryptography.Primitives.dll"
"System.Security.Cryptography.X509Certificates.dll","System.Security.Cryptography.X509Certificates.dll","dll","17168","2025-06-19T20:07:27.5433803Z","C:\Program Files (x86)\Steam\steamapps\common\Barotrauma\System.Security.Cryptography.X509Certificates.dll"
"System.Security.dll","System.Security.dll","dll","18704","2025-06-19T20:07:27.5623840Z","C:\Program Files (x86)\Steam\steamapps\common\Barotrauma\System.Security.dll"
"System.Security.Principal.dll","System.Security.Principal.dll","dll","15624","2025-06-19T20:07:27.4407414Z","C:\Program Files (x86)\Steam\steamapps\common\Barotrauma\System.Security.Principal.dll"
"System.Security.Principal.Windows.dll","System.Security.Principal.Windows.dll","dll","186640","2025-06-19T20:07:30.0265000Z","C:\Program Files (x86)\Steam\steamapps\common\Barotrauma\System.Security.Principal.Windows.dll"
"System.Security.SecureString.dll","System.Security.SecureString.dll","dll","15640","2025-06-19T20:07:27.5292561Z","C:\Program Files (x86)\Steam\steamapps\common\Barotrauma\System.Security.SecureString.dll"
"System.ServiceModel.Web.dll","System.ServiceModel.Web.dll","dll","17056","2025-06-19T20:07:27.5423794Z","C:\Program Files (x86)\Steam\steamapps\common\Barotrauma\System.ServiceModel.Web.dll"
"System.ServiceProcess.dll","System.ServiceProcess.dll","dll","16152","2025-06-19T20:07:27.5075551Z","C:\Program Files (x86)\Steam\steamapps\common\Barotrauma\System.ServiceProcess.dll"
"System.Text.Encoding.CodePages.dll","System.Text.Encoding.CodePages.dll","dll","862472","2025-06-19T20:07:27.3354703Z","C:\Program Files (x86)\Steam\steamapps\common\Barotrauma\System.Text.Encoding.CodePages.dll"
"System.Text.Encoding.dll","System.Text.Encoding.dll","dll","16144","2025-06-19T20:07:27.5373076Z","C:\Program Files (x86)\Steam\steamapps\common\Barotrauma\System.Text.Encoding.dll"
"System.Text.Encoding.Extensions.dll","System.Text.Encoding.Extensions.dll","dll","16160","2025-06-19T20:07:27.4703924Z","C:\Program Files (x86)\Steam\steamapps\common\Barotrauma\System.Text.Encoding.Extensions.dll"
"System.Text.Encodings.Web.dll","System.Text.Encodings.Web.dll","dll","133384","2025-06-19T20:07:30.0265000Z","C:\Program Files (x86)\Steam\steamapps\common\Barotrauma\System.Text.Encodings.Web.dll"
"System.Text.Json.dll","System.Text.Json.dll","dll","1497368","2025-06-19T20:07:27.3354703Z","C:\Program Files (x86)\Steam\steamapps\common\Barotrauma\System.Text.Json.dll"
"System.Text.RegularExpressions.dll","System.Text.RegularExpressions.dll","dll","1026328","2025-06-19T20:07:27.3354703Z","C:\Program Files (x86)\Steam\steamapps\common\Barotrauma\System.Text.RegularExpressions.dll"
"System.Threading.Channels.dll","System.Threading.Channels.dll","dll","133400","2025-06-19T20:07:29.8384205Z","C:\Program Files (x86)\Steam\steamapps\common\Barotrauma\System.Threading.Channels.dll"
"System.Threading.dll","System.Threading.dll","dll","84240","2025-06-19T20:07:27.5433803Z","C:\Program Files (x86)\Steam\steamapps\common\Barotrauma\System.Threading.dll"
"System.Threading.Overlapped.dll","System.Threading.Overlapped.dll","dll","16136","2025-06-19T20:07:27.5463799Z","C:\Program Files (x86)\Steam\steamapps\common\Barotrauma\System.Threading.Overlapped.dll"
"System.Threading.Tasks.Dataflow.dll","System.Threading.Tasks.Dataflow.dll","dll","489744","2025-06-19T20:07:27.3354703Z","C:\Program Files (x86)\Steam\steamapps\common\Barotrauma\System.Threading.Tasks.Dataflow.dll"
"System.Threading.Tasks.dll","System.Threading.Tasks.dll","dll","17168","2025-06-19T20:07:27.5332565Z","C:\Program Files (x86)\Steam\steamapps\common\Barotrauma\System.Threading.Tasks.dll"
"System.Threading.Tasks.Extensions.dll","System.Threading.Tasks.Extensions.dll","dll","16152","2025-06-19T20:07:27.5262447Z","C:\Program Files (x86)\Steam\steamapps\common\Barotrauma\System.Threading.Tasks.Extensions.dll"
"System.Threading.Tasks.Parallel.dll","System.Threading.Tasks.Parallel.dll","dll","137480","2025-06-19T20:07:30.0254996Z","C:\Program Files (x86)\Steam\steamapps\common\Barotrauma\System.Threading.Tasks.Parallel.dll"
"System.Threading.Thread.dll","System.Threading.Thread.dll","dll","16136","2025-06-19T20:07:27.5453803Z","C:\Program Files (x86)\Steam\steamapps\common\Barotrauma\System.Threading.Thread.dll"
"System.Threading.ThreadPool.dll","System.Threading.ThreadPool.dll","dll","16136","2025-06-19T20:07:27.5282560Z","C:\Program Files (x86)\Steam\steamapps\common\Barotrauma\System.Threading.ThreadPool.dll"
"System.Threading.Timer.dll","System.Threading.Timer.dll","dll","15632","2025-06-19T20:07:27.5332565Z","C:\Program Files (x86)\Steam\steamapps\common\Barotrauma\System.Threading.Timer.dll"
"System.Transactions.dll","System.Transactions.dll","dll","16664","2025-06-19T20:07:27.5095558Z","C:\Program Files (x86)\Steam\steamapps\common\Barotrauma\System.Transactions.dll"
"System.Transactions.Local.dll","System.Transactions.Local.dll","dll","661784","2025-06-19T20:07:27.3354703Z","C:\Program Files (x86)\Steam\steamapps\common\Barotrauma\System.Transactions.Local.dll"
"System.ValueTuple.dll","System.ValueTuple.dll","dll","15624","2025-06-19T20:07:27.4713921Z","C:\Program Files (x86)\Steam\steamapps\common\Barotrauma\System.ValueTuple.dll"
"System.Web.dll","System.Web.dll","dll","15624","2025-06-19T20:07:27.5633837Z","C:\Program Files (x86)\Steam\steamapps\common\Barotrauma\System.Web.dll"
"System.Web.HttpUtility.dll","System.Web.HttpUtility.dll","dll","59680","2025-06-19T20:07:27.5613844Z","C:\Program Files (x86)\Steam\steamapps\common\Barotrauma\System.Web.HttpUtility.dll"
"System.Windows.dll","System.Windows.dll","dll","16136","2025-06-19T20:07:27.5633837Z","C:\Program Files (x86)\Steam\steamapps\common\Barotrauma\System.Windows.dll"
"System.Xml.dll","System.Xml.dll","dll","23832","2025-06-19T20:07:27.5393068Z","C:\Program Files (x86)\Steam\steamapps\common\Barotrauma\System.Xml.dll"
"System.Xml.Linq.dll","System.Xml.Linq.dll","dll","16160","2025-06-19T20:07:27.5312559Z","C:\Program Files (x86)\Steam\steamapps\common\Barotrauma\System.Xml.Linq.dll"
"System.Xml.ReaderWriter.dll","System.Xml.ReaderWriter.dll","dll","22296","2025-06-19T20:07:27.5342555Z","C:\Program Files (x86)\Steam\steamapps\common\Barotrauma\System.Xml.ReaderWriter.dll"
"System.Xml.Serialization.dll","System.Xml.Serialization.dll","dll","16648","2025-06-19T20:07:27.5322565Z","C:\Program Files (x86)\Steam\steamapps\common\Barotrauma\System.Xml.Serialization.dll"
"System.Xml.XDocument.dll","System.Xml.XDocument.dll","dll","16152","2025-06-19T20:07:27.5373076Z","C:\Program Files (x86)\Steam\steamapps\common\Barotrauma\System.Xml.XDocument.dll"
"System.Xml.XmlDocument.dll","System.Xml.XmlDocument.dll","dll","16160","2025-06-19T20:07:27.5443793Z","C:\Program Files (x86)\Steam\steamapps\common\Barotrauma\System.Xml.XmlDocument.dll"
"System.Xml.XmlSerializer.dll","System.Xml.XmlSerializer.dll","dll","18184","2025-06-19T20:07:27.5433803Z","C:\Program Files (x86)\Steam\steamapps\common\Barotrauma\System.Xml.XmlSerializer.dll"
"System.Xml.XPath.dll","System.Xml.XPath.dll","dll","16160","2025-06-19T20:07:27.5373076Z","C:\Program Files (x86)\Steam\steamapps\common\Barotrauma\System.Xml.XPath.dll"
"System.Xml.XPath.XDocument.dll","System.Xml.XPath.XDocument.dll","dll","30992","2025-06-19T20:07:27.5423794Z","C:\Program Files (x86)\Steam\steamapps\common\Barotrauma\System.Xml.XPath.XDocument.dll"
"webm_mem_playback_x64.dll","webm_mem_playback_x64.dll","dll","949248","2025-06-08T21:11:02.0285723Z","C:\Program Files (x86)\Steam\steamapps\common\Barotrauma\webm_mem_playback_x64.dll"
"WindowsBase.dll","WindowsBase.dll","dll","16544","2025-06-19T20:07:27.4693912Z","C:\Program Files (x86)\Steam\steamapps\common\Barotrauma\WindowsBase.dll"
"x64/SDL2.dll","SDL2.dll","dll","2449408","2025-06-08T21:11:02.0295723Z","C:\Program Files (x86)\Steam\steamapps\common\Barotrauma\x64\SDL2.dll"
"XNATypes.dll","XNATypes.dll","dll","126464","2026-06-18T17:04:43.3077664Z","C:\Program Files (x86)\Steam\steamapps\common\Barotrauma\XNATypes.dll"
"XNATypes.pdb","XNATypes.pdb","pdb","59512","2026-06-18T17:04:43.3067656Z","C:\Program Files (x86)\Steam\steamapps\common\Barotrauma\XNATypes.pdb"
