"RelativePath","Name","Extension","Bytes","ModifiedUtc","FullPath"
"Content/BackgroundCreatures/BackgroundCreatures.png","BackgroundCreatures.png","png","224021","2025-06-08T21:11:03.2297267Z","C:\Program Files (x86)\Steam\steamapps\common\Barotrauma\Content\BackgroundCreatures\BackgroundCreatures.png"
"Content/BackgroundCreatures/Behemoth.png","Behemoth.png","png","226495","2025-06-08T21:11:02.8147456Z","C:\Program Files (x86)\Steam\steamapps\common\Barotrauma\Content\BackgroundCreatures\Behemoth.png"
"Content/BackgroundCreatures/bgFish1.png","bgFish1.png","png","313346","2025-06-08T21:11:01.8897521Z","C:\Program Files (x86)\Steam\steamapps\common\Barotrauma\Content\BackgroundCreatures\bgFish1.png"
"Content/BackgroundCreatures/GlowingBgCreatures.png","GlowingBgCreatures.png","png","51127","2025-06-08T21:11:03.5349204Z","C:\Program Files (x86)\Steam\steamapps\common\Barotrauma\Content\BackgroundCreatures\GlowingBgCreatures.png"
"Content/BackgroundCreatures/TheGreatSeaBG.png","TheGreatSeaBG.png","png","741690","2025-06-08T21:11:01.8897521Z","C:\Program Files (x86)\Steam\steamapps\common\Barotrauma\Content\BackgroundCreatures\TheGreatSeaBG.png"
"Content/Characters/Ancient/Ancient.png","Ancient.png","png","124524","2025-06-08T21:11:02.8147456Z","C:\Program Files (x86)\Steam\steamapps\common\Barotrauma\Content\Characters\Ancient\Ancient.png"
"Content/Characters/Carrier/carrier.png","carrier.png","png","627792","2025-06-08T21:11:01.8911585Z","C:\Program Files (x86)\Steam\steamapps\common\Barotrauma\Content\Characters\Carrier\carrier.png"
"Content/Characters/Charybdis/Charybdis.png","Charybdis.png","png","1317316","2025-06-08T21:11:01.8931629Z","C:\Program Files (x86)\Steam\steamapps\common\Barotrauma\Content\Characters\Charybdis\Charybdis.png"
"Content/Characters/Charybdisold/Charybdis.png","Charybdis.png","png","1248574","2025-06-08T21:11:01.8921633Z","C:\Program Files (x86)\Steam\steamapps\common\Barotrauma\Content\Characters\Charybdisold\Charybdis.png"
"Content/Characters/Coelanth/coelanth.png","coelanth.png","png","376570","2025-06-08T21:11:01.8931629Z","C:\Program Files (x86)\Steam\steamapps\common\Barotrauma\Content\Characters\Coelanth\coelanth.png"
"Content/Characters/Crawler/crawler.png","crawler.png","png","125137","2025-06-08T21:11:02.5138614Z","C:\Program Files (x86)\Steam\steamapps\common\Barotrauma\Content\Characters\Crawler\crawler.png"
"Content/Characters/Crawlerbroodmother/crawlerbroodmother.png","crawlerbroodmother.png","png","533457","2025-06-08T21:11:01.8946662Z","C:\Program Files (x86)\Steam\steamapps\common\Barotrauma\Content\Characters\Crawlerbroodmother\crawlerbroodmother.png"
"Content/Characters/Crawlerhusk/crawlerhusk.png","crawlerhusk.png","png","124862","2025-06-08T21:11:02.8167457Z","C:\Program Files (x86)\Steam\steamapps\common\Barotrauma\Content\Characters\Crawlerhusk\crawlerhusk.png"
"Content/Characters/Defensebot/DefenseBot.png","DefenseBot.png","png","70401","2025-06-08T21:11:04.2303728Z","C:\Program Files (x86)\Steam\steamapps\common\Barotrauma\Content\Characters\Defensebot\DefenseBot.png"
"Content/Characters/Endworm/endworm.png","endworm.png","png","1882180","2025-06-08T21:11:01.8972447Z","C:\Program Files (x86)\Steam\steamapps\common\Barotrauma\Content\Characters\Endworm\endworm.png"
"Content/Characters/Fractalguardian/fractalguardian.png","fractalguardian.png","png","235227","2025-06-08T21:11:04.8253211Z","C:\Program Files (x86)\Steam\steamapps\common\Barotrauma\Content\Characters\Fractalguardian\fractalguardian.png"
"Content/Characters/Hammerhead/Hammerhead.png","Hammerhead.png","png","325361","2025-06-08T21:11:01.9012450Z","C:\Program Files (x86)\Steam\steamapps\common\Barotrauma\Content\Characters\Hammerhead\Hammerhead.png"
"Content/Characters/Hammerheadgold/Hammerheadgold.png","Hammerheadgold.png","png","427813","2025-06-08T21:11:01.8992444Z","C:\Program Files (x86)\Steam\steamapps\common\Barotrauma\Content\Characters\Hammerheadgold\Hammerheadgold.png"
"Content/Characters/Hammerheadmatriarch/Hammerheadmatriarch.png","Hammerheadmatriarch.png","png","1001444","2025-06-08T21:11:01.9002447Z","C:\Program Files (x86)\Steam\steamapps\common\Barotrauma\Content\Characters\Hammerheadmatriarch\Hammerheadmatriarch.png"
"Content/Characters/Human/Heads/head_female_asian.png","head_female_asian.png","png","75462","2025-06-08T21:11:04.2323722Z","C:\Program Files (x86)\Steam\steamapps\common\Barotrauma\Content\Characters\Human\Heads\head_female_asian.png"
"Content/Characters/Human/Heads/head_female_asian_hair_dark_1.png","head_female_asian_hair_dark_1.png","png","41397","2025-06-08T21:11:02.7096697Z","C:\Program Files (x86)\Steam\steamapps\common\Barotrauma\Content\Characters\Human\Heads\head_female_asian_hair_dark_1.png"
"Content/Characters/Human/Heads/head_female_asian_hair_dark_2.png","head_female_asian_hair_dark_2.png","png","37193","2025-06-08T21:11:02.7086697Z","C:\Program Files (x86)\Steam\steamapps\common\Barotrauma\Content\Characters\Human\Heads\head_female_asian_hair_dark_2.png"
"Content/Characters/Human/Heads/head_female_asian_herpes.png","head_female_asian_herpes.png","png","72561","2025-06-08T21:11:04.9518691Z","C:\Program Files (x86)\Steam\steamapps\common\Barotrauma\Content\Characters\Human\Heads\head_female_asian_herpes.png"
"Content/Characters/Human/Heads/head_female_asian_husk.png","head_female_asian_husk.png","png","74920","2025-06-08T21:11:02.7066701Z","C:\Program Files (x86)\Steam\steamapps\common\Barotrauma\Content\Characters\Human\Heads\head_female_asian_husk.png"
"Content/Characters/Human/Heads/head_female_black.png","head_female_black.png","png","71446","2025-06-08T21:11:03.5898729Z","C:\Program Files (x86)\Steam\steamapps\common\Barotrauma\Content\Characters\Human\Heads\head_female_black.png"
"Content/Characters/Human/Heads/head_female_black_hair_1.png","head_female_black_hair_1.png","png","29991","2025-06-08T21:11:03.5908662Z","C:\Program Files (x86)\Steam\steamapps\common\Barotrauma\Content\Characters\Human\Heads\head_female_black_hair_1.png"
"Content/Characters/Human/Heads/head_female_black_herpes.png","head_female_black_herpes.png","png","75094","2025-06-08T21:11:03.5908662Z","C:\Program Files (x86)\Steam\steamapps\common\Barotrauma\Content\Characters\Human\Heads\head_female_black_herpes.png"
"Content/Characters/Human/Heads/head_female_black_husk.png","head_female_black_husk.png","png","69620","2025-06-08T21:11:04.4660967Z","C:\Program Files (x86)\Steam\steamapps\common\Barotrauma\Content\Characters\Human\Heads\head_female_black_husk.png"
"Content/Characters/Human/Heads/head_female_brown.png","head_female_brown.png","png","79046","2025-06-08T21:11:04.9528691Z","C:\Program Files (x86)\Steam\steamapps\common\Barotrauma\Content\Characters\Human\Heads\head_female_brown.png"
"Content/Characters/Human/Heads/head_female_brown_hair_1.png","head_female_brown_hair_1.png","png","35554","2025-06-08T21:11:04.4660967Z","C:\Program Files (x86)\Steam\steamapps\common\Barotrauma\Content\Characters\Human\Heads\head_female_brown_hair_1.png"
"Content/Characters/Human/Heads/head_female_brown_herpes.png","head_female_brown_herpes.png","png","83662","2025-06-08T21:11:02.7046698Z","C:\Program Files (x86)\Steam\steamapps\common\Barotrauma\Content\Characters\Human\Heads\head_female_brown_herpes.png"
"Content/Characters/Human/Heads/head_female_brown_husk.png","head_female_brown_husk.png","png","75794","2025-06-08T21:11:04.4670966Z","C:\Program Files (x86)\Steam\steamapps\common\Barotrauma\Content\Characters\Human\Heads\head_female_brown_husk.png"
"Content/Characters/Human/Heads/head_female_white.png","head_female_white.png","png","85654","2025-06-08T21:11:04.4670966Z","C:\Program Files (x86)\Steam\steamapps\common\Barotrauma\Content\Characters\Human\Heads\head_female_white.png"
"Content/Characters/Human/Heads/head_female_white_hair_dark.png","head_female_white_hair_dark.png","png","32231","2025-06-08T21:11:05.0632626Z","C:\Program Files (x86)\Steam\steamapps\common\Barotrauma\Content\Characters\Human\Heads\head_female_white_hair_dark.png"
"Content/Characters/Human/Heads/head_female_white_hair_light.png","head_female_white_hair_light.png","png","51431","2025-06-08T21:11:05.3360146Z","C:\Program Files (x86)\Steam\steamapps\common\Barotrauma\Content\Characters\Human\Heads\head_female_white_hair_light.png"
"Content/Characters/Human/Heads/head_female_white_herpes.png","head_female_white_herpes.png","png","92031","2025-06-08T21:11:02.7086697Z","C:\Program Files (x86)\Steam\steamapps\common\Barotrauma\Content\Characters\Human\Heads\head_female_white_herpes.png"
"Content/Characters/Human/Heads/head_female_white_husk.png","head_female_white_husk.png","png","90063","2025-06-08T21:11:05.4404505Z","C:\Program Files (x86)\Steam\steamapps\common\Barotrauma\Content\Characters\Human\Heads\head_female_white_husk.png"
"Content/Characters/Human/Heads/head_male_asian.png","head_male_asian.png","png","72059","2025-06-08T21:11:02.7076700Z","C:\Program Files (x86)\Steam\steamapps\common\Barotrauma\Content\Characters\Human\Heads\head_male_asian.png"
"Content/Characters/Human/Heads/head_male_asian_beard_1.png","head_male_asian_beard_1.png","png","10597","2025-06-08T21:11:03.5868768Z","C:\Program Files (x86)\Steam\steamapps\common\Barotrauma\Content\Characters\Human\Heads\head_male_asian_beard_1.png"
"Content/Characters/Human/Heads/head_male_asian_hair_1.png","head_male_asian_hair_1.png","png","40482","2025-06-08T21:11:03.7026158Z","C:\Program Files (x86)\Steam\steamapps\common\Barotrauma\Content\Characters\Human\Heads\head_male_asian_hair_1.png"
"Content/Characters/Human/Heads/head_male_asian_hair_2.png","head_male_asian_hair_2.png","png","36008","2025-06-08T21:11:02.7086697Z","C:\Program Files (x86)\Steam\steamapps\common\Barotrauma\Content\Characters\Human\Heads\head_male_asian_hair_2.png"
"Content/Characters/Human/Heads/head_male_asian_hair_3.png","head_male_asian_hair_3.png","png","36721","2025-06-08T21:11:05.0602580Z","C:\Program Files (x86)\Steam\steamapps\common\Barotrauma\Content\Characters\Human\Heads\head_male_asian_hair_3.png"
"Content/Characters/Human/Heads/head_male_asian_herpes.png","head_male_asian_herpes.png","png","75505","2025-06-08T21:11:05.4414497Z","C:\Program Files (x86)\Steam\steamapps\common\Barotrauma\Content\Characters\Human\Heads\head_male_asian_herpes.png"
"Content/Characters/Human/Heads/head_male_asian_husk.png","head_male_asian_husk.png","png","71718","2025-06-08T21:11:03.7683869Z","C:\Program Files (x86)\Steam\steamapps\common\Barotrauma\Content\Characters\Human\Heads\head_male_asian_husk.png"
"Content/Characters/Human/Heads/head_male_asian_moustache_1.png","head_male_asian_moustache_1.png","png","3188","2025-06-08T21:11:05.3871158Z","C:\Program Files (x86)\Steam\steamapps\common\Barotrauma\Content\Characters\Human\Heads\head_male_asian_moustache_1.png"
"Content/Characters/Human/Heads/head_male_black.png","head_male_black.png","png","72544","2025-06-08T21:11:03.7036144Z","C:\Program Files (x86)\Steam\steamapps\common\Barotrauma\Content\Characters\Human\Heads\head_male_black.png"
"Content/Characters/Human/Heads/head_male_black_beard_1.png","head_male_black_beard_1.png","png","19913","2025-06-08T21:11:03.7643870Z","C:\Program Files (x86)\Steam\steamapps\common\Barotrauma\Content\Characters\Human\Heads\head_male_black_beard_1.png"
"Content/Characters/Human/Heads/head_male_black_hair_1.png","head_male_black_hair_1.png","png","26645","2025-06-08T21:11:02.7086697Z","C:\Program Files (x86)\Steam\steamapps\common\Barotrauma\Content\Characters\Human\Heads\head_male_black_hair_1.png"
"Content/Characters/Human/Heads/head_male_black_herpes.png","head_male_black_herpes.png","png","75849","2025-06-08T21:11:03.7653867Z","C:\Program Files (x86)\Steam\steamapps\common\Barotrauma\Content\Characters\Human\Heads\head_male_black_herpes.png"
"Content/Characters/Human/Heads/head_male_black_husk.png","head_male_black_husk.png","png","71837","2025-06-08T21:11:03.7046146Z","C:\Program Files (x86)\Steam\steamapps\common\Barotrauma\Content\Characters\Human\Heads\head_male_black_husk.png"
"Content/Characters/Human/Heads/head_male_black_moustache_1.png","head_male_black_moustache_1.png","png","7772","2025-06-08T21:11:03.7683869Z","C:\Program Files (x86)\Steam\steamapps\common\Barotrauma\Content\Characters\Human\Heads\head_male_black_moustache_1.png"
"Content/Characters/Human/Heads/head_male_brown.png","head_male_brown.png","png","73529","2025-06-08T21:11:03.7683869Z","C:\Program Files (x86)\Steam\steamapps\common\Barotrauma\Content\Characters\Human\Heads\head_male_brown.png"
"Content/Characters/Human/Heads/head_male_brown_beard_1.png","head_male_brown_beard_1.png","png","24533","2025-06-08T21:11:04.4680967Z","C:\Program Files (x86)\Steam\steamapps\common\Barotrauma\Content\Characters\Human\Heads\head_male_brown_beard_1.png"
"Content/Characters/Human/Heads/head_male_brown_hair_1.png","head_male_brown_hair_1.png","png","33642","2025-06-08T21:11:03.7026158Z","C:\Program Files (x86)\Steam\steamapps\common\Barotrauma\Content\Characters\Human\Heads\head_male_brown_hair_1.png"
"Content/Characters/Human/Heads/head_male_brown_hair_2.png","head_male_brown_hair_2.png","png","29808","2025-06-08T21:11:05.0642583Z","C:\Program Files (x86)\Steam\steamapps\common\Barotrauma\Content\Characters\Human\Heads\head_male_brown_hair_2.png"
"Content/Characters/Human/Heads/head_male_brown_hair_3.png","head_male_brown_hair_3.png","png","32743","2025-06-08T21:11:03.7046146Z","C:\Program Files (x86)\Steam\steamapps\common\Barotrauma\Content\Characters\Human\Heads\head_male_brown_hair_3.png"
"Content/Characters/Human/Heads/head_male_brown_herpes.png","head_male_brown_herpes.png","png","75296","2025-06-08T21:11:02.7076700Z","C:\Program Files (x86)\Steam\steamapps\common\Barotrauma\Content\Characters\Human\Heads\head_male_brown_herpes.png"
"Content/Characters/Human/Heads/head_male_brown_husk.png","head_male_brown_husk.png","png","73294","2025-06-08T21:11:03.7623872Z","C:\Program Files (x86)\Steam\steamapps\common\Barotrauma\Content\Characters\Human\Heads\head_male_brown_husk.png"
"Content/Characters/Human/Heads/head_male_brown_moustache_1.png","head_male_brown_moustache_1.png","png","5418","2025-06-08T21:11:02.7066701Z","C:\Program Files (x86)\Steam\steamapps\common\Barotrauma\Content\Characters\Human\Heads\head_male_brown_moustache_1.png"
"Content/Characters/Human/Heads/head_male_white.png","head_male_white.png","png","97404","2025-06-08T21:11:05.5662157Z","C:\Program Files (x86)\Steam\steamapps\common\Barotrauma\Content\Characters\Human\Heads\head_male_white.png"
"Content/Characters/Human/Heads/head_male_white_beard_dark.png","head_male_white_beard_dark.png","png","17446","2025-06-08T21:11:05.0652612Z","C:\Program Files (x86)\Steam\steamapps\common\Barotrauma\Content\Characters\Human\Heads\head_male_white_beard_dark.png"
"Content/Characters/Human/Heads/head_male_white_hair_dark.png","head_male_white_hair_dark.png","png","49361","2025-06-08T21:11:05.5652157Z","C:\Program Files (x86)\Steam\steamapps\common\Barotrauma\Content\Characters\Human\Heads\head_male_white_hair_dark.png"
"Content/Characters/Human/Heads/head_male_white_hair_light.png","head_male_white_hair_light.png","png","48034","2025-06-08T21:11:05.0662582Z","C:\Program Files (x86)\Steam\steamapps\common\Barotrauma\Content\Characters\Human\Heads\head_male_white_hair_light.png"
"Content/Characters/Human/Heads/head_male_white_herpes.png","head_male_white_herpes.png","png","101324","2025-06-08T21:11:03.7713941Z","C:\Program Files (x86)\Steam\steamapps\common\Barotrauma\Content\Characters\Human\Heads\head_male_white_herpes.png"
"Content/Characters/Human/Heads/head_male_white_husk.png","head_male_white_husk.png","png","97157","2025-06-08T21:11:03.8084096Z","C:\Program Files (x86)\Steam\steamapps\common\Barotrauma\Content\Characters\Human\Heads\head_male_white_husk.png"
"Content/Characters/Human/Heads/head_male_white_moustache_dark.png","head_male_white_moustache_dark.png","png","4854","2025-06-08T21:11:05.5075409Z","C:\Program Files (x86)\Steam\steamapps\common\Barotrauma\Content\Characters\Human\Heads\head_male_white_moustache_dark.png"
"Content/Characters/Human/Heads/head_male_white_moustache_light.png","head_male_white_moustache_light.png","png","7881","2025-06-08T21:11:05.5055486Z","C:\Program Files (x86)\Steam\steamapps\common\Barotrauma\Content\Characters\Human\Heads\head_male_white_moustache_light.png"
"Content/Characters/Human/Human_beards.png","Human_beards.png","png","189471","2025-06-08T21:11:05.6265590Z","C:\Program Files (x86)\Steam\steamapps\common\Barotrauma\Content\Characters\Human\Human_beards.png"
"Content/Characters/Human/Human_damage.png","Human_damage.png","png","21835","2025-06-08T21:11:02.7086697Z","C:\Program Files (x86)\Steam\steamapps\common\Barotrauma\Content\Characters\Human\Human_damage.png"
"Content/Characters/Human/Human_damageoverlay.png","Human_damageoverlay.png","png","86128","2025-06-08T21:11:05.0612587Z","C:\Program Files (x86)\Steam\steamapps\common\Barotrauma\Content\Characters\Human\Human_damageoverlay.png"
"Content/Characters/Human/Human_female.png","Human_female.png","png","53696","2025-06-08T21:11:04.4651042Z","C:\Program Files (x86)\Steam\steamapps\common\Barotrauma\Content\Characters\Human\Human_female.png"
"Content/Characters/Human/Human_female_hair.png","Human_female_hair.png","png","178723","2025-06-08T21:11:03.8694486Z","C:\Program Files (x86)\Steam\steamapps\common\Barotrauma\Content\Characters\Human\Human_female_hair.png"
"Content/Characters/Human/Human_female_heads.png","Human_female_heads.png","png","235280","2025-06-08T21:11:03.9924605Z","C:\Program Files (x86)\Steam\steamapps\common\Barotrauma\Content\Characters\Human\Human_female_heads.png"
"Content/Characters/Human/Human_female_heads_mask.png","Human_female_heads_mask.png","png","38702","2025-06-08T21:11:05.0652612Z","C:\Program Files (x86)\Steam\steamapps\common\Barotrauma\Content\Characters\Human\Human_female_heads_mask.png"
"Content/Characters/Human/Human_female_mask.png","Human_female_mask.png","png","11700","2025-06-08T21:11:03.7563869Z","C:\Program Files (x86)\Steam\steamapps\common\Barotrauma\Content\Characters\Human\Human_female_mask.png"
"Content/Characters/Human/Human_head_accessories.png","Human_head_accessories.png","png","53665","2025-06-08T21:11:04.5808687Z","C:\Program Files (x86)\Steam\steamapps\common\Barotrauma\Content\Characters\Human\Human_head_accessories.png"
"Content/Characters/Human/Human_husk.png","Human_husk.png","png","17073","2025-06-08T21:11:04.5758677Z","C:\Program Files (x86)\Steam\steamapps\common\Barotrauma\Content\Characters\Human\Human_husk.png"
"Content/Characters/Human/Human_husk_mask.png","Human_husk_mask.png","png","369","2025-06-08T21:11:03.9924605Z","C:\Program Files (x86)\Steam\steamapps\common\Barotrauma\Content\Characters\Human\Human_husk_mask.png"
"Content/Characters/Human/Human_karma.png","Human_karma.png","png","7143","2025-06-08T21:11:05.0642583Z","C:\Program Files (x86)\Steam\steamapps\common\Barotrauma\Content\Characters\Human\Human_karma.png"
"Content/Characters/Human/Human_male.png","Human_male.png","png","57546","2025-06-08T21:11:02.7096697Z","C:\Program Files (x86)\Steam\steamapps\common\Barotrauma\Content\Characters\Human\Human_male.png"
"Content/Characters/Human/Human_male_hair.png","Human_male_hair.png","png","177377","2025-06-08T21:11:05.1160556Z","C:\Program Files (x86)\Steam\steamapps\common\Barotrauma\Content\Characters\Human\Human_male_hair.png"
"Content/Characters/Human/Human_male_heads.png","Human_male_heads.png","png","234016","2025-06-08T21:11:05.6826953Z","C:\Program Files (x86)\Steam\steamapps\common\Barotrauma\Content\Characters\Human\Human_male_heads.png"
"Content/Characters/Human/Human_male_heads_mask.png","Human_male_heads_mask.png","png","41733","2025-06-08T21:11:05.8104237Z","C:\Program Files (x86)\Steam\steamapps\common\Barotrauma\Content\Characters\Human\Human_male_heads_mask.png"
"Content/Characters/Human/Human_male_mask.png","Human_male_mask.png","png","11132","2025-06-08T21:11:02.7086697Z","C:\Program Files (x86)\Steam\steamapps\common\Barotrauma\Content\Characters\Human\Human_male_mask.png"
"Content/Characters/Human/Human_neck_collar.png","Human_neck_collar.png","png","7736","2025-06-08T21:11:03.9924605Z","C:\Program Files (x86)\Steam\steamapps\common\Barotrauma\Content\Characters\Human\Human_neck_collar.png"
"Content/Characters/Human/old/defaultportrait.png","defaultportrait.png","png","50237","2025-06-08T21:11:05.8124237Z","C:\Program Files (x86)\Steam\steamapps\common\Barotrauma\Content\Characters\Human\old\defaultportrait.png"
"Content/Characters/Human/old/fhead1.png","fhead1.png","png","2247","2025-06-08T21:11:03.7643870Z","C:\Program Files (x86)\Steam\steamapps\common\Barotrauma\Content\Characters\Human\old\fhead1.png"
"Content/Characters/Human/old/fhead2.png","fhead2.png","png","2429","2025-06-08T21:11:04.5798683Z","C:\Program Files (x86)\Steam\steamapps\common\Barotrauma\Content\Characters\Human\old\fhead2.png"
"Content/Characters/Human/old/fhead3.png","fhead3.png","png","1962","2025-06-08T21:11:04.5808687Z","C:\Program Files (x86)\Steam\steamapps\common\Barotrauma\Content\Characters\Human\old\fhead3.png"
"Content/Characters/Human/old/fhead4.png","fhead4.png","png","2291","2025-06-08T21:11:03.7693863Z","C:\Program Files (x86)\Steam\steamapps\common\Barotrauma\Content\Characters\Human\old\fhead4.png"
"Content/Characters/Human/old/fhead5.png","fhead5.png","png","2353","2025-06-08T21:11:05.8154237Z","C:\Program Files (x86)\Steam\steamapps\common\Barotrauma\Content\Characters\Human\old\fhead5.png"
"Content/Characters/Human/old/fhead6.png","fhead6.png","png","2139","2025-06-08T21:11:03.7703939Z","C:\Program Files (x86)\Steam\steamapps\common\Barotrauma\Content\Characters\Human\old\fhead6.png"
"Content/Characters/Human/old/fhead7[black].png","fhead7[black].png","png","1911","2025-06-08T21:11:04.5798683Z","C:\Program Files (x86)\Steam\steamapps\common\Barotrauma\Content\Characters\Human\old\fhead7[black].png"
"Content/Characters/Human/old/fhead8.png","fhead8.png","png","1682","2025-06-08T21:11:04.5758677Z","C:\Program Files (x86)\Steam\steamapps\common\Barotrauma\Content\Characters\Human\old\fhead8.png"
"Content/Characters/Human/old/flegs.png","flegs.png","png","7079","2025-06-08T21:11:05.2290733Z","C:\Program Files (x86)\Steam\steamapps\common\Barotrauma\Content\Characters\Human\old\flegs.png"
"Content/Characters/Human/old/ftorso.png","ftorso.png","png","5607","2025-06-08T21:11:04.6399709Z","C:\Program Files (x86)\Steam\steamapps\common\Barotrauma\Content\Characters\Human\old\ftorso.png"
"Content/Characters/Human/old/ftorso[black].png","ftorso[black].png","png","5790","2025-06-08T21:11:03.7683869Z","C:\Program Files (x86)\Steam\steamapps\common\Barotrauma\Content\Characters\Human\old\ftorso[black].png"
"Content/Characters/Human/old/head_1.png","head_1.png","png","56170","2025-06-08T21:11:02.8107454Z","C:\Program Files (x86)\Steam\steamapps\common\Barotrauma\Content\Characters\Human\old\head_1.png"
"Content/Characters/Human/old/head_2.png","head_2.png","png","48654","2025-06-08T21:11:03.9924605Z","C:\Program Files (x86)\Steam\steamapps\common\Barotrauma\Content\Characters\Human\old\head_2.png"
"Content/Characters/Human/old/head_3.png","head_3.png","png","66620","2025-06-08T21:11:02.8107454Z","C:\Program Files (x86)\Steam\steamapps\common\Barotrauma\Content\Characters\Human\old\head_3.png"
"Content/Characters/Human/old/head_4.png","head_4.png","png","60376","2025-06-08T21:11:04.6449727Z","C:\Program Files (x86)\Steam\steamapps\common\Barotrauma\Content\Characters\Human\old\head_4.png"
"Content/Characters/Human/old/head1.png","head1.png","png","2015","2025-06-08T21:11:05.2320739Z","C:\Program Files (x86)\Steam\steamapps\common\Barotrauma\Content\Characters\Human\old\head1.png"
"Content/Characters/Human/old/head2.png","head2.png","png","1899","2025-06-08T21:11:03.7673866Z","C:\Program Files (x86)\Steam\steamapps\common\Barotrauma\Content\Characters\Human\old\head2.png"
"Content/Characters/Human/old/head3.png","head3.png","png","2199","2025-06-08T21:11:02.7056702Z","C:\Program Files (x86)\Steam\steamapps\common\Barotrauma\Content\Characters\Human\old\head3.png"
"Content/Characters/Human/old/head4.png","head4.png","png","2047","2025-06-08T21:11:04.5798683Z","C:\Program Files (x86)\Steam\steamapps\common\Barotrauma\Content\Characters\Human\old\head4.png"
"Content/Characters/Human/old/head5.png","head5.png","png","1952","2025-06-08T21:11:04.5798683Z","C:\Program Files (x86)\Steam\steamapps\common\Barotrauma\Content\Characters\Human\old\head5.png"
"Content/Characters/Human/old/head6.png","head6.png","png","2003","2025-06-08T21:11:05.8094236Z","C:\Program Files (x86)\Steam\steamapps\common\Barotrauma\Content\Characters\Human\old\head6.png"
"Content/Characters/Human/old/head7[black].png","head7[black].png","png","2008","2025-06-08T21:11:04.5798683Z","C:\Program Files (x86)\Steam\steamapps\common\Barotrauma\Content\Characters\Human\old\head7[black].png"
"Content/Characters/Human/old/head8[black].png","head8[black].png","png","1777","2025-06-08T21:11:03.7683869Z","C:\Program Files (x86)\Steam\steamapps\common\Barotrauma\Content\Characters\Human\old\head8[black].png"
"Content/Characters/Human/old/legs.png","legs.png","png","7474","2025-06-08T21:11:02.8797389Z","C:\Program Files (x86)\Steam\steamapps\common\Barotrauma\Content\Characters\Human\old\legs.png"
"Content/Characters/Human/old/legs_female.png","legs_female.png","png","7079","2025-06-08T21:11:05.2310731Z","C:\Program Files (x86)\Steam\steamapps\common\Barotrauma\Content\Characters\Human\old\legs_female.png"
"Content/Characters/Human/old/legs_female2.png","legs_female2.png","png","33821","2025-06-08T21:11:02.8187455Z","C:\Program Files (x86)\Steam\steamapps\common\Barotrauma\Content\Characters\Human\old\legs_female2.png"
"Content/Characters/Human/old/legs_male.png","legs_male.png","png","33690","2025-06-08T21:11:04.6449727Z","C:\Program Files (x86)\Steam\steamapps\common\Barotrauma\Content\Characters\Human\old\legs_male.png"
"Content/Characters/Human/old/mugshotCircle.png","mugshotCircle.png","png","203917","2025-06-08T21:11:04.1797198Z","C:\Program Files (x86)\Steam\steamapps\common\Barotrauma\Content\Characters\Human\old\mugshotCircle.png"
"Content/Characters/Human/old/torso.png","torso.png","png","6206","2025-06-08T21:11:03.7613872Z","C:\Program Files (x86)\Steam\steamapps\common\Barotrauma\Content\Characters\Human\old\torso.png"
"Content/Characters/Human/old/torso[black].png","torso[black].png","png","6165","2025-06-08T21:11:02.8207454Z","C:\Program Files (x86)\Steam\steamapps\common\Barotrauma\Content\Characters\Human\old\torso[black].png"
"Content/Characters/Human/old/torso_female_asian.png","torso_female_asian.png","png","42791","2025-06-08T21:11:03.7663877Z","C:\Program Files (x86)\Steam\steamapps\common\Barotrauma\Content\Characters\Human\old\torso_female_asian.png"
"Content/Characters/Human/old/torso_female_black.png","torso_female_black.png","png","5790","2025-06-08T21:11:03.7683869Z","C:\Program Files (x86)\Steam\steamapps\common\Barotrauma\Content\Characters\Human\old\torso_female_black.png"
"Content/Characters/Human/old/torso_female_black2.png","torso_female_black2.png","png","42518","2025-06-08T21:11:03.7633869Z","C:\Program Files (x86)\Steam\steamapps\common\Barotrauma\Content\Characters\Human\old\torso_female_black2.png"
"Content/Characters/Human/old/torso_female_brown.png","torso_female_brown.png","png","42518","2025-06-08T21:11:03.7683869Z","C:\Program Files (x86)\Steam\steamapps\common\Barotrauma\Content\Characters\Human\old\torso_female_brown.png"
"Content/Characters/Human/old/torso_female_white.png","torso_female_white.png","png","5607","2025-06-08T21:11:04.6449727Z","C:\Program Files (x86)\Steam\steamapps\common\Barotrauma\Content\Characters\Human\old\torso_female_white.png"
"Content/Characters/Human/old/torso_female_white2.png","torso_female_white2.png","png","42791","2025-06-08T21:11:03.7623872Z","C:\Program Files (x86)\Steam\steamapps\common\Barotrauma\Content\Characters\Human\old\torso_female_white2.png"
"Content/Characters/Human/old/torso_male_asian.png","torso_male_asian.png","png","43398","2025-06-08T21:11:04.1777205Z","C:\Program Files (x86)\Steam\steamapps\common\Barotrauma\Content\Characters\Human\old\torso_male_asian.png"
"Content/Characters/Human/old/torso_male_black.png","torso_male_black.png","png","6165","2025-06-08T21:11:02.8157456Z","C:\Program Files (x86)\Steam\steamapps\common\Barotrauma\Content\Characters\Human\old\torso_male_black.png"
"Content/Characters/Human/old/torso_male_black2.png","torso_male_black2.png","png","43267","2025-06-08T21:11:04.6439720Z","C:\Program Files (x86)\Steam\steamapps\common\Barotrauma\Content\Characters\Human\old\torso_male_black2.png"
"Content/Characters/Human/old/torso_male_brown.png","torso_male_brown.png","png","43267","2025-06-08T21:11:04.6449727Z","C:\Program Files (x86)\Steam\steamapps\common\Barotrauma\Content\Characters\Human\old\torso_male_brown.png"
"Content/Characters/Human/old/torso_male_white.png","torso_male_white.png","png","43398","2025-06-08T21:11:04.1797198Z","C:\Program Files (x86)\Steam\steamapps\common\Barotrauma\Content\Characters\Human\old\torso_male_white.png"
"Content/Characters/Humanhusk/Husk_Injector.png","Husk_Injector.png","png","3701","2025-06-08T21:11:03.7573863Z","C:\Program Files (x86)\Steam\steamapps\common\Barotrauma\Content\Characters\Humanhusk\Husk_Injector.png"
"Content/Characters/Husk/DivingSuit_LegsHusk.png","DivingSuit_LegsHusk.png","png","118739","2025-06-08T21:11:02.8117457Z","C:\Program Files (x86)\Steam\steamapps\common\Barotrauma\Content\Characters\Husk\DivingSuit_LegsHusk.png"
"Content/Characters/Husk/DivingSuit_TorsoHusk.png","DivingSuit_TorsoHusk.png","png","85782","2025-06-08T21:11:02.8177456Z","C:\Program Files (x86)\Steam\steamapps\common\Barotrauma\Content\Characters\Husk\DivingSuit_TorsoHusk.png"
"Content/Characters/Husk/HuskStinger.png","HuskStinger.png","png","25314","2025-06-08T21:11:05.2290733Z","C:\Program Files (x86)\Steam\steamapps\common\Barotrauma\Content\Characters\Husk\HuskStinger.png"
"Content/Characters/Husk_chimera/Husk_chimera.png","Husk_chimera.png","png","239899","2025-06-08T21:11:04.2313725Z","C:\Program Files (x86)\Steam\steamapps\common\Barotrauma\Content\Characters\Husk_chimera\Husk_chimera.png"
"Content/Characters/Husk_exosuit/Husk_exosuit.png","Husk_exosuit.png","png","65050","2025-06-08T21:11:04.4651042Z","C:\Program Files (x86)\Steam\steamapps\common\Barotrauma\Content\Characters\Husk_exosuit\Husk_exosuit.png"
"Content/Characters/Husk_prowler/Husk_prowler.png","Husk_prowler.png","png","50585","2025-06-08T21:11:04.7693905Z","C:\Program Files (x86)\Steam\steamapps\common\Barotrauma\Content\Characters\Husk_prowler\Husk_prowler.png"
"Content/Characters/Jove/Jove.png","Jove.png","png","1689470","2025-06-08T21:11:01.9052445Z","C:\Program Files (x86)\Steam\steamapps\common\Barotrauma\Content\Characters\Jove\Jove.png"
"Content/Characters/Latcher/Latcher.png","Latcher.png","png","1701170","2025-06-08T21:11:01.9072448Z","C:\Program Files (x86)\Steam\steamapps\common\Barotrauma\Content\Characters\Latcher\Latcher.png"
"Content/Characters/Legacycharybdis/charybdis.png","charybdis.png","png","583065","2025-06-08T21:11:01.9082442Z","C:\Program Files (x86)\Steam\steamapps\common\Barotrauma\Content\Characters\Legacycharybdis\charybdis.png"
"Content/Characters/Legacycrawler/legacycrawler.png","legacycrawler.png","png","35975","2025-06-08T21:11:05.5662157Z","C:\Program Files (x86)\Steam\steamapps\common\Barotrauma\Content\Characters\Legacycrawler\legacycrawler.png"
"Content/Characters/Legacyendworm/endworm.png","endworm.png","png","995308","2025-06-08T21:11:01.9102436Z","C:\Program Files (x86)\Steam\steamapps\common\Barotrauma\Content\Characters\Legacyendworm\endworm.png"
"Content/Characters/Legacyfractalguardian/fractalguardian.png","fractalguardian.png","png","185431","2025-06-08T21:11:03.9914471Z","C:\Program Files (x86)\Steam\steamapps\common\Barotrauma\Content\Characters\Legacyfractalguardian\fractalguardian.png"
"Content/Characters/Legacyhusk/DivingSuit.png","DivingSuit.png","png","21780","2025-06-08T21:11:02.8827980Z","C:\Program Files (x86)\Steam\steamapps\common\Barotrauma\Content\Characters\Legacyhusk\DivingSuit.png"
"Content/Characters/Legacyhusk/legs.png","legs.png","png","7474","2025-06-08T21:11:02.8797389Z","C:\Program Files (x86)\Steam\steamapps\common\Barotrauma\Content\Characters\Legacyhusk\legs.png"
"Content/Characters/Legacymantis/mantis.png","mantis.png","png","79270","2025-06-08T21:11:05.8724301Z","C:\Program Files (x86)\Steam\steamapps\common\Barotrauma\Content\Characters\Legacymantis\mantis.png"
"Content/Characters/Legacymoloch/legacymoloch.png","legacymoloch.png","png","964028","2025-06-08T21:11:01.9152878Z","C:\Program Files (x86)\Steam\steamapps\common\Barotrauma\Content\Characters\Legacymoloch\legacymoloch.png"
"Content/Characters/Legacytigerthresher/damagedtigerthresher.png","damagedtigerthresher.png","png","86550","2025-06-08T21:11:02.8827980Z","C:\Program Files (x86)\Steam\steamapps\common\Barotrauma\Content\Characters\Legacytigerthresher\damagedtigerthresher.png"
"Content/Characters/Legacytigerthresher/Legacytigerthresher.png","Legacytigerthresher.png","png","232781","2025-06-08T21:11:05.8674225Z","C:\Program Files (x86)\Steam\steamapps\common\Barotrauma\Content\Characters\Legacytigerthresher\Legacytigerthresher.png"
"Content/Characters/Legacywatcher/watcher.png","watcher.png","png","220968","2025-06-08T21:11:06.2581147Z","C:\Program Files (x86)\Steam\steamapps\common\Barotrauma\Content\Characters\Legacywatcher\watcher.png"
"Content/Characters/Mantis/mantis.png","mantis.png","png","160147","2025-06-08T21:11:06.3122329Z","C:\Program Files (x86)\Steam\steamapps\common\Barotrauma\Content\Characters\Mantis\mantis.png"
"Content/Characters/Moloch/Moloch.png","Moloch.png","png","1307408","2025-06-08T21:11:01.9212877Z","C:\Program Files (x86)\Steam\steamapps\common\Barotrauma\Content\Characters\Moloch\Moloch.png"
"Content/Characters/Molochbaby/molochbaby.png","molochbaby.png","png","146609","2025-06-08T21:11:02.9880627Z","C:\Program Files (x86)\Steam\steamapps\common\Barotrauma\Content\Characters\Molochbaby\molochbaby.png"
"Content/Characters/Molochblack/Molochblack.png","Molochblack.png","png","1581894","2025-06-08T21:11:01.9212877Z","C:\Program Files (x86)\Steam\steamapps\common\Barotrauma\Content\Characters\Molochblack\Molochblack.png"
"Content/Characters/Mudraptor/Mudraptor.png","Mudraptor.png","png","161051","2025-06-08T21:11:06.5428900Z","C:\Program Files (x86)\Steam\steamapps\common\Barotrauma\Content\Characters\Mudraptor\Mudraptor.png"
"Content/Characters/Pets/pets.png","pets.png","png","229440","2025-06-19T20:07:27.9202488Z","C:\Program Files (x86)\Steam\steamapps\common\Barotrauma\Content\Characters\Pets\pets.png"
"Content/Characters/Pets/pets_event.png","pets_event.png","png","208287","2025-06-08T21:11:06.4800716Z","C:\Program Files (x86)\Steam\steamapps\common\Barotrauma\Content\Characters\Pets\pets_event.png"
"Content/Characters/Spineling/Spineling.png","Spineling.png","png","66548","2025-06-08T21:11:06.6973464Z","C:\Program Files (x86)\Steam\steamapps\common\Barotrauma\Content\Characters\Spineling\Spineling.png"
"Content/Characters/Spineling_giant/Spineling_giant.png","Spineling_giant.png","png","391845","2025-06-08T21:11:01.9322883Z","C:\Program Files (x86)\Steam\steamapps\common\Barotrauma\Content\Characters\Spineling_giant\Spineling_giant.png"
"Content/Characters/Spineling_morbusine/Spineling_morbusine.png","Spineling_morbusine.png","png","44432","2025-06-08T21:11:08.7201450Z","C:\Program Files (x86)\Steam\steamapps\common\Barotrauma\Content\Characters\Spineling_morbusine\Spineling_morbusine.png"
"Content/Characters/Swarmfeeder/Swarmfeeder.png","Swarmfeeder.png","png","5944","2025-06-08T21:11:06.9550507Z","C:\Program Files (x86)\Steam\steamapps\common\Barotrauma\Content\Characters\Swarmfeeder\Swarmfeeder.png"
"Content/Characters/Tigerthresher/Tigerthresher.png","Tigerthresher.png","png","117894","2025-06-08T21:11:08.9547983Z","C:\Program Files (x86)\Steam\steamapps\common\Barotrauma\Content\Characters\Tigerthresher\Tigerthresher.png"
"Content/Characters/Variants/Crawler_hatchling/crawlerhatchling.png","crawlerhatchling.png","png","36042","2025-06-08T21:11:03.4620219Z","C:\Program Files (x86)\Steam\steamapps\common\Barotrauma\Content\Characters\Variants\Crawler_hatchling\crawlerhatchling.png"
"Content/Characters/Variants/Mopingjack.png","Mopingjack.png","png","320313","2026-06-16T13:01:19.4979204Z","C:\Program Files (x86)\Steam\steamapps\common\Barotrauma\Content\Characters\Variants\Mopingjack.png"
"Content/Characters/Variants/Mudraptor_hatchling/Mudraptorhatchling.png","Mudraptorhatchling.png","png","91243","2025-06-08T21:11:06.9580497Z","C:\Program Files (x86)\Steam\steamapps\common\Barotrauma\Content\Characters\Variants\Mudraptor_hatchling\Mudraptorhatchling.png"
"Content/Characters/Variants/Mudraptor_pet/Mudraptorpet.png","Mudraptorpet.png","png","161691","2025-06-08T21:11:08.9557976Z","C:\Program Files (x86)\Steam\steamapps\common\Barotrauma\Content\Characters\Variants\Mudraptor_pet\Mudraptorpet.png"
"Content/Characters/Variants/Mudraptor_veteran/Mudraptor_veteran.png","Mudraptor_veteran.png","png","171779","2025-06-08T21:11:05.0632626Z","C:\Program Files (x86)\Steam\steamapps\common\Barotrauma\Content\Characters\Variants\Mudraptor_veteran\Mudraptor_veteran.png"
"Content/Characters/Variants/Tigerthresher_hatchling/Tigerthresherhatchling.png","Tigerthresherhatchling.png","png","34350","2025-06-08T21:11:07.2947669Z","C:\Program Files (x86)\Steam\steamapps\common\Barotrauma\Content\Characters\Variants\Tigerthresher_hatchling\Tigerthresherhatchling.png"
"Content/Characters/Watcher/gazerage.png","gazerage.png","png","27926","2025-06-08T21:11:07.0723494Z","C:\Program Files (x86)\Steam\steamapps\common\Barotrauma\Content\Characters\Watcher\gazerage.png"
"Content/Characters/Watcher/Watcher.png","Watcher.png","png","687574","2025-06-08T21:11:01.9359178Z","C:\Program Files (x86)\Steam\steamapps\common\Barotrauma\Content\Characters\Watcher\Watcher.png"
"Content/DefaultWorkshopPreviewImage.png","DefaultWorkshopPreviewImage.png","png","378778","2025-06-08T21:11:01.9359178Z","C:\Program Files (x86)\Steam\steamapps\common\Barotrauma\Content\DefaultWorkshopPreviewImage.png"
"Content/Effects/blueprintshader.xnb","blueprintshader.xnb","xnb","2462","2025-06-08T21:11:05.0622586Z","C:\Program Files (x86)\Steam\steamapps\common\Barotrauma\Content\Effects\blueprintshader.xnb"
"Content/Effects/blueprintshader_opengl.xnb","blueprintshader_opengl.xnb","xnb","2010","2025-06-08T21:11:09.0770352Z","C:\Program Files (x86)\Steam\steamapps\common\Barotrauma\Content\Effects\blueprintshader_opengl.xnb"
"Content/Effects/blurshader.xnb","blurshader.xnb","xnb","2186","2025-06-08T21:11:07.5246964Z","C:\Program Files (x86)\Steam\steamapps\common\Barotrauma\Content\Effects\blurshader.xnb"
"Content/Effects/blurshader_opengl.xnb","blurshader_opengl.xnb","xnb","3933","2025-06-08T21:11:03.7036144Z","C:\Program Files (x86)\Steam\steamapps\common\Barotrauma\Content\Effects\blurshader_opengl.xnb"
"Content/Effects/damageshader.xnb","damageshader.xnb","xnb","2341","2025-06-08T21:11:07.4668538Z","C:\Program Files (x86)\Steam\steamapps\common\Barotrauma\Content\Effects\damageshader.xnb"
"Content/Effects/damageshader_opengl.xnb","damageshader_opengl.xnb","xnb","2274","2025-06-08T21:11:07.5256968Z","C:\Program Files (x86)\Steam\steamapps\common\Barotrauma\Content\Effects\damageshader_opengl.xnb"
"Content/Effects/deformshader.xnb","deformshader.xnb","xnb","8781","2025-06-08T21:11:09.0780349Z","C:\Program Files (x86)\Steam\steamapps\common\Barotrauma\Content\Effects\deformshader.xnb"
"Content/Effects/deformshader_opengl.xnb","deformshader_opengl.xnb","xnb","8871","2025-06-08T21:11:07.5236966Z","C:\Program Files (x86)\Steam\steamapps\common\Barotrauma\Content\Effects\deformshader_opengl.xnb"
"Content/Effects/distortnormals.png","distortnormals.png","png","403607","2025-06-08T21:11:01.9369163Z","C:\Program Files (x86)\Steam\steamapps\common\Barotrauma\Content\Effects\distortnormals.png"
"Content/Effects/gradientshader.xnb","gradientshader.xnb","xnb","1174","2025-06-08T21:11:03.7036144Z","C:\Program Files (x86)\Steam\steamapps\common\Barotrauma\Content\Effects\gradientshader.xnb"
"Content/Effects/gradientshader_opengl.xnb","gradientshader_opengl.xnb","xnb","1125","2025-06-08T21:11:09.0760345Z","C:\Program Files (x86)\Steam\steamapps\common\Barotrauma\Content\Effects\gradientshader_opengl.xnb"
"Content/Effects/grainshader.xnb","grainshader.xnb","xnb","1249","2025-06-08T21:11:07.7008812Z","C:\Program Files (x86)\Steam\steamapps\common\Barotrauma\Content\Effects\grainshader.xnb"
"Content/Effects/grainshader_opengl.xnb","grainshader_opengl.xnb","xnb","1215","2025-06-08T21:11:03.7026158Z","C:\Program Files (x86)\Steam\steamapps\common\Barotrauma\Content\Effects\grainshader_opengl.xnb"
"Content/Effects/losshader.xnb","losshader.xnb","xnb","1962","2025-06-08T21:11:05.0622586Z","C:\Program Files (x86)\Steam\steamapps\common\Barotrauma\Content\Effects\losshader.xnb"
"Content/Effects/losshader_opengl.xnb","losshader_opengl.xnb","xnb","1901","2025-06-08T21:11:03.7026158Z","C:\Program Files (x86)\Steam\steamapps\common\Barotrauma\Content\Effects\losshader_opengl.xnb"
"Content/Effects/postprocess.xnb","postprocess.xnb","xnb","13222","2025-06-08T21:11:09.0770352Z","C:\Program Files (x86)\Steam\steamapps\common\Barotrauma\Content\Effects\postprocess.xnb"
"Content/Effects/postprocess_opengl.xnb","postprocess_opengl.xnb","xnb","10634","2025-06-08T21:11:07.6998780Z","C:\Program Files (x86)\Steam\steamapps\common\Barotrauma\Content\Effects\postprocess_opengl.xnb"
"Content/Effects/solidcolor.xnb","solidcolor.xnb","xnb","2429","2025-06-08T21:11:03.7046146Z","C:\Program Files (x86)\Steam\steamapps\common\Barotrauma\Content\Effects\solidcolor.xnb"
"Content/Effects/solidcolor_opengl.xnb","solidcolor_opengl.xnb","xnb","1890","2025-06-08T21:11:07.1902334Z","C:\Program Files (x86)\Steam\steamapps\common\Barotrauma\Content\Effects\solidcolor_opengl.xnb"
"Content/Effects/thresholdtint.xnb","thresholdtint.xnb","xnb","1501","2025-06-08T21:11:07.6983753Z","C:\Program Files (x86)\Steam\steamapps\common\Barotrauma\Content\Effects\thresholdtint.xnb"
"Content/Effects/thresholdtint_opengl.xnb","thresholdtint_opengl.xnb","xnb","1394","2025-06-08T21:11:07.7008812Z","C:\Program Files (x86)\Steam\steamapps\common\Barotrauma\Content\Effects\thresholdtint_opengl.xnb"
"Content/Effects/waterbump.png","waterbump.png","png","452781","2025-06-08T21:11:01.9369163Z","C:\Program Files (x86)\Steam\steamapps\common\Barotrauma\Content\Effects\waterbump.png"
"Content/Effects/watershader.xnb","watershader.xnb","xnb","6673","2025-06-08T21:11:07.6405536Z","C:\Program Files (x86)\Steam\steamapps\common\Barotrauma\Content\Effects\watershader.xnb"
"Content/Effects/watershader_opengl.xnb","watershader_opengl.xnb","xnb","6373","2025-06-08T21:11:07.7008812Z","C:\Program Files (x86)\Steam\steamapps\common\Barotrauma\Content\Effects\watershader_opengl.xnb"
"Content/Effects/wearableclip.xnb","wearableclip.xnb","xnb","2416","2025-06-08T21:11:03.6996146Z","C:\Program Files (x86)\Steam\steamapps\common\Barotrauma\Content\Effects\wearableclip.xnb"
"Content/Effects/wearableclip_opengl.xnb","wearableclip_opengl.xnb","xnb","2380","2025-06-08T21:11:03.7046146Z","C:\Program Files (x86)\Steam\steamapps\common\Barotrauma\Content\Effects\wearableclip_opengl.xnb"
"Content/Items/Alien/AlienMaterials.png","AlienMaterials.png","png","64497","2025-06-08T21:11:14.3317455Z","C:\Program Files (x86)\Steam\steamapps\common\Barotrauma\Content\Items\Alien\AlienMaterials.png"
"Content/Items/Alien/AlienRuins_Items.png","AlienRuins_Items.png","png","3524256","2025-06-08T21:11:01.9399170Z","C:\Program Files (x86)\Steam\steamapps\common\Barotrauma\Content\Items\Alien\AlienRuins_Items.png"
"Content/Items/Alien/AlienRuins_Items_02.png","AlienRuins_Items_02.png","png","3903043","2025-09-18T02:31:38.7704426Z","C:\Program Files (x86)\Steam\steamapps\common\Barotrauma\Content\Items\Alien\AlienRuins_Items_02.png"
"Content/Items/Alien/AlienRuins_Items_03.png","AlienRuins_Items_03.png","png","190723","2025-06-08T21:11:15.0019804Z","C:\Program Files (x86)\Steam\steamapps\common\Barotrauma\Content\Items\Alien\AlienRuins_Items_03.png"
"Content/Items/Alien/AlienRuins_Items_04.png","AlienRuins_Items_04.png","png","431262","2025-06-08T21:11:01.9399170Z","C:\Program Files (x86)\Steam\steamapps\common\Barotrauma\Content\Items\Alien\AlienRuins_Items_04.png"
"Content/Items/Alien/AlienRuins_Items_Destroyed.png","AlienRuins_Items_Destroyed.png","png","213738","2025-06-08T21:11:06.6483410Z","C:\Program Files (x86)\Steam\steamapps\common\Barotrauma\Content\Items\Alien\AlienRuins_Items_Destroyed.png"
"Content/Items/Alien/AlienTurret.png","AlienTurret.png","png","136715","2025-06-08T21:11:06.6953475Z","C:\Program Files (x86)\Steam\steamapps\common\Barotrauma\Content\Items\Alien\AlienTurret.png"
"Content/Items/Alien/EndRuin_Items.png","EndRuin_Items.png","png","867713","2025-06-08T21:11:01.9409163Z","C:\Program Files (x86)\Steam\steamapps\common\Barotrauma\Content\Items\Alien\EndRuin_Items.png"
"Content/Items/Alien/guardianpod.png","guardianpod.png","png","231474","2025-06-08T21:11:11.8211861Z","C:\Program Files (x86)\Steam\steamapps\common\Barotrauma\Content\Items\Alien\guardianpod.png"
"Content/Items/Alien/Legacy/AlienRuin_Legacy.png","AlienRuin_Legacy.png","png","275734","2025-06-08T21:11:01.9409163Z","C:\Program Files (x86)\Steam\steamapps\common\Barotrauma\Content\Items\Alien\Legacy\AlienRuin_Legacy.png"
"Content/Items/Alien/Legacy/AlienRuin_Legacy2.png","AlienRuin_Legacy2.png","png","282138","2025-06-08T21:11:01.9409163Z","C:\Program Files (x86)\Steam\steamapps\common\Barotrauma\Content\Items\Alien\Legacy\AlienRuin_Legacy2.png"
"Content/Items/Alien/Legacy/AlienRuins.png","AlienRuins.png","png","975687","2025-06-08T21:11:01.9409163Z","C:\Program Files (x86)\Steam\steamapps\common\Barotrauma\Content\Items\Alien\Legacy\AlienRuins.png"
"Content/Items/Button/button.png","button.png","png","13751","2025-06-08T21:11:06.6953475Z","C:\Program Files (x86)\Steam\steamapps\common\Barotrauma\Content\Items\Button\button.png"
"Content/Items/Command/CommandDevices.png","CommandDevices.png","png","430205","2025-06-08T21:11:01.9419161Z","C:\Program Files (x86)\Steam\steamapps\common\Barotrauma\Content\Items\Command\CommandDevices.png"
"Content/Items/Command/directionalPingBackground.png","directionalPingBackground.png","png","184944","2025-06-08T21:11:11.1414343Z","C:\Program Files (x86)\Steam\steamapps\common\Barotrauma\Content\Items\Command\directionalPingBackground.png"
"Content/Items/Command/directionalPingButton.png","directionalPingButton.png","png","36525","2025-06-08T21:11:05.6836982Z","C:\Program Files (x86)\Steam\steamapps\common\Barotrauma\Content\Items\Command\directionalPingButton.png"
"Content/Items/Command/directionalPingCircle.png","directionalPingCircle.png","png","22464","2025-06-08T21:11:06.6973464Z","C:\Program Files (x86)\Steam\steamapps\common\Barotrauma\Content\Items\Command\directionalPingCircle.png"
"Content/Items/Command/navigatorLights.png","navigatorLights.png","png","127825","2025-06-08T21:11:11.2509532Z","C:\Program Files (x86)\Steam\steamapps\common\Barotrauma\Content\Items\Command\navigatorLights.png"
"Content/Items/Command/navigatorLightsBlinking.png","navigatorLightsBlinking.png","png","30067","2025-06-08T21:11:06.6973464Z","C:\Program Files (x86)\Steam\steamapps\common\Barotrauma\Content\Items\Command\navigatorLightsBlinking.png"
"Content/Items/Command/NavUI.png","NavUI.png","png","9940","2025-06-08T21:11:06.6973464Z","C:\Program Files (x86)\Steam\steamapps\common\Barotrauma\Content\Items\Command\NavUI.png"
"Content/Items/Command/pingCircle.png","pingCircle.png","png","242462","2025-06-08T21:11:11.2519532Z","C:\Program Files (x86)\Steam\steamapps\common\Barotrauma\Content\Items\Command\pingCircle.png"
"Content/Items/Command/sonarBackground.png","sonarBackground.png","png","301084","2025-06-08T21:11:01.9419161Z","C:\Program Files (x86)\Steam\steamapps\common\Barotrauma\Content\Items\Command\sonarBackground.png"
"Content/Items/Command/sonarBlip.png","sonarBlip.png","png","1873","2025-06-08T21:11:11.7730912Z","C:\Program Files (x86)\Steam\steamapps\common\Barotrauma\Content\Items\Command\sonarBlip.png"
"Content/Items/Command/sonarOverlay.png","sonarOverlay.png","png","332924","2025-06-08T21:11:01.9419161Z","C:\Program Files (x86)\Steam\steamapps\common\Barotrauma\Content\Items\Command\sonarOverlay.png"
"Content/Items/Command/sonarTransducer_emission.png","sonarTransducer_emission.png","png","1403","2025-06-08T21:11:15.6328009Z","C:\Program Files (x86)\Steam\steamapps\common\Barotrauma\Content\Items\Command\sonarTransducer_emission.png"
"Content/Items/connectionpanel.png","connectionpanel.png","png","144400","2025-06-08T21:11:11.7098387Z","C:\Program Files (x86)\Steam\steamapps\common\Barotrauma\Content\Items\connectionpanel.png"
"Content/Items/connector.png","connector.png","png","2132","2025-06-08T21:11:11.8201865Z","C:\Program Files (x86)\Steam\steamapps\common\Barotrauma\Content\Items\connector.png"
"Content/Items/Containers/containers.png","containers.png","png","904656","2025-06-08T21:11:01.9429167Z","C:\Program Files (x86)\Steam\steamapps\common\Barotrauma\Content\Items\Containers\containers.png"
"Content/Items/Containers/containers2.png","containers2.png","png","106463","2025-06-08T21:11:07.0723494Z","C:\Program Files (x86)\Steam\steamapps\common\Barotrauma\Content\Items\Containers\containers2.png"
"Content/Items/Containers/containers2a.png","containers2a.png","png","90030","2025-06-08T21:11:07.0733494Z","C:\Program Files (x86)\Steam\steamapps\common\Barotrauma\Content\Items\Containers\containers2a.png"
"Content/Items/Containers/DivingSuitLocker.png","DivingSuitLocker.png","png","82150","2025-06-08T21:11:11.7740912Z","C:\Program Files (x86)\Steam\steamapps\common\Barotrauma\Content\Items\Containers\DivingSuitLocker.png"
"Content/Items/Containers/Lockers.png","Lockers.png","png","288299","2025-06-08T21:11:01.9429167Z","C:\Program Files (x86)\Steam\steamapps\common\Barotrauma\Content\Items\Containers\Lockers.png"
"Content/Items/Containers/UnitLoadDevice.png","UnitLoadDevice.png","png","471903","2025-06-08T21:11:01.9429167Z","C:\Program Files (x86)\Steam\steamapps\common\Barotrauma\Content\Items\Containers\UnitLoadDevice.png"
"Content/Items/CreatureLoot/CreatureLoot.png","CreatureLoot.png","png","415712","2025-06-08T21:11:01.9429167Z","C:\Program Files (x86)\Steam\steamapps\common\Barotrauma\Content\Items\CreatureLoot\CreatureLoot.png"
"Content/Items/Diving/Abyss_DivingSuit.png","Abyss_DivingSuit.png","png","31266","2025-06-08T21:11:12.1657705Z","C:\Program Files (x86)\Steam\steamapps\common\Barotrauma\Content\Items\Diving\Abyss_DivingSuit.png"
"Content/Items/Diving/Abyss_DivingSuit_Items.png","Abyss_DivingSuit_Items.png","png","90337","2025-06-08T21:11:05.7439261Z","C:\Program Files (x86)\Steam\steamapps\common\Barotrauma\Content\Items\Diving\Abyss_DivingSuit_Items.png"
"Content/Items/Diving/Broken_DivingSuit.png","Broken_DivingSuit.png","png","48359","2025-06-08T21:11:11.3094139Z","C:\Program Files (x86)\Steam\steamapps\common\Barotrauma\Content\Items\Diving\Broken_DivingSuit.png"
"Content/Items/Diving/Broken_DivingSuit_contained.png","Broken_DivingSuit_contained.png","png","145827","2025-06-08T21:11:07.0713495Z","C:\Program Files (x86)\Steam\steamapps\common\Barotrauma\Content\Items\Diving\Broken_DivingSuit_contained.png"
"Content/Items/Diving/combat_DivingSuit.png","combat_DivingSuit.png","png","33487","2025-06-08T21:11:11.3084139Z","C:\Program Files (x86)\Steam\steamapps\common\Barotrauma\Content\Items\Diving\combat_DivingSuit.png"
"Content/Items/Diving/Combat_DivingSuit_Items.png","Combat_DivingSuit_Items.png","png","87750","2025-06-08T21:11:12.3429660Z","C:\Program Files (x86)\Steam\steamapps\common\Barotrauma\Content\Items\Diving\Combat_DivingSuit_Items.png"
"Content/Items/Diving/DivingSuit_Item.png","DivingSuit_Item.png","png","94252","2025-06-08T21:11:05.8094236Z","C:\Program Files (x86)\Steam\steamapps\common\Barotrauma\Content\Items\Diving\DivingSuit_Item.png"
"Content/Items/Diving/MakeshiftArmor.png","MakeshiftArmor.png","png","97481","2025-06-08T21:11:12.3429660Z","C:\Program Files (x86)\Steam\steamapps\common\Barotrauma\Content\Items\Diving\MakeshiftArmor.png"
"Content/Items/Diving/Old/Abyss_DivingSuit_Legs.png","Abyss_DivingSuit_Legs.png","png","71316","2025-06-08T21:11:12.1657705Z","C:\Program Files (x86)\Steam\steamapps\common\Barotrauma\Content\Items\Diving\Old\Abyss_DivingSuit_Legs.png"
"Content/Items/Diving/Old/Abyss_DivingSuit_Torso.png","Abyss_DivingSuit_Torso.png","png","104878","2025-06-08T21:11:12.1657705Z","C:\Program Files (x86)\Steam\steamapps\common\Barotrauma\Content\Items\Diving\Old\Abyss_DivingSuit_Torso.png"
"Content/Items/Diving/Old/Combat_DivingSuit_Legs.png","Combat_DivingSuit_Legs.png","png","113255","2025-06-08T21:11:17.3484025Z","C:\Program Files (x86)\Steam\steamapps\common\Barotrauma\Content\Items\Diving\Old\Combat_DivingSuit_Legs.png"
"Content/Items/Diving/Old/Combat_DivingSuit_Torso.png","Combat_DivingSuit_Torso.png","png","131194","2025-06-08T21:11:14.5732605Z","C:\Program Files (x86)\Steam\steamapps\common\Barotrauma\Content\Items\Diving\Old\Combat_DivingSuit_Torso.png"
"Content/Items/Diving/Old/DivingSuit_Legs.png","DivingSuit_Legs.png","png","102194","2025-06-08T21:11:12.3399658Z","C:\Program Files (x86)\Steam\steamapps\common\Barotrauma\Content\Items\Diving\Old\DivingSuit_Legs.png"
"Content/Items/Diving/Old/DivingSuit_Torso.png","DivingSuit_Torso.png","png","94758","2025-06-08T21:11:11.5378885Z","C:\Program Files (x86)\Steam\steamapps\common\Barotrauma\Content\Items\Diving\Old\DivingSuit_Torso.png"
"Content/Items/Diving/reg_DivingSuit.png","reg_DivingSuit.png","png","34246","2025-06-08T21:11:12.3409662Z","C:\Program Files (x86)\Steam\steamapps\common\Barotrauma\Content\Items\Diving\reg_DivingSuit.png"
"Content/Items/Diving/RespawnSuit.png","RespawnSuit.png","png","36473","2025-06-08T21:11:05.8164236Z","C:\Program Files (x86)\Steam\steamapps\common\Barotrauma\Content\Items\Diving\RespawnSuit.png"
"Content/Items/Diving/RespawnSuit_Items.png","RespawnSuit_Items.png","png","99312","2025-06-08T21:11:05.8104237Z","C:\Program Files (x86)\Steam\steamapps\common\Barotrauma\Content\Items\Diving\RespawnSuit_Items.png"
"Content/Items/Diving/Scooter.png","Scooter.png","png","28766","2025-06-08T21:11:12.1117119Z","C:\Program Files (x86)\Steam\steamapps\common\Barotrauma\Content\Items\Diving\Scooter.png"
"Content/Items/Door/dockingport.png","dockingport.png","png","127273","2025-06-08T21:11:07.0713495Z","C:\Program Files (x86)\Steam\steamapps\common\Barotrauma\Content\Items\Door\dockingport.png"
"Content/Items/Door/dockingportlights.png","dockingportlights.png","png","12367","2025-06-08T21:11:05.8094236Z","C:\Program Files (x86)\Steam\steamapps\common\Barotrauma\Content\Items\Door\dockingportlights.png"
"Content/Items/Door/door.png","door.png","png","286245","2025-06-08T21:11:01.9449180Z","C:\Program Files (x86)\Steam\steamapps\common\Barotrauma\Content\Items\Door\door.png"
"Content/Items/Door/hatch.png","hatch.png","png","55975","2025-06-08T21:11:16.2076614Z","C:\Program Files (x86)\Steam\steamapps\common\Barotrauma\Content\Items\Door\hatch.png"
"Content/Items/Electricity/detectors.png","detectors.png","png","67417","2025-06-08T21:11:12.3429660Z","C:\Program Files (x86)\Steam\steamapps\common\Barotrauma\Content\Items\Electricity\detectors.png"
"Content/Items/Electricity/lamp.png","lamp.png","png","4184","2025-06-08T21:11:12.3409662Z","C:\Program Files (x86)\Steam\steamapps\common\Barotrauma\Content\Items\Electricity\lamp.png"
"Content/Items/Electricity/lightsprite.png","lightsprite.png","png","2576","2025-06-08T21:11:12.2819017Z","C:\Program Files (x86)\Steam\steamapps\common\Barotrauma\Content\Items\Electricity\lightsprite.png"
"Content/Items/Electricity/PowerDistributor.png","PowerDistributor.png","png","112120","2025-06-19T20:07:27.9212456Z","C:\Program Files (x86)\Steam\steamapps\common\Barotrauma\Content\Items\Electricity\PowerDistributor.png"
"Content/Items/Electricity/signalcomp.png","signalcomp.png","png","219143","2025-06-08T21:11:12.3419660Z","C:\Program Files (x86)\Steam\steamapps\common\Barotrauma\Content\Items\Electricity\signalcomp.png"
"Content/Items/Electricity/wire.png","wire.png","png","719","2025-06-08T21:11:07.0733494Z","C:\Program Files (x86)\Steam\steamapps\common\Barotrauma\Content\Items\Electricity\wire.png"
"Content/Items/Electricity/wire2.png","wire2.png","png","731","2025-06-08T21:11:12.3409662Z","C:\Program Files (x86)\Steam\steamapps\common\Barotrauma\Content\Items\Electricity\wire2.png"
"Content/Items/Engine/Engines.png","Engines.png","png","1344961","2025-06-08T21:11:01.9459168Z","C:\Program Files (x86)\Steam\steamapps\common\Barotrauma\Content\Items\Engine\Engines.png"
"Content/Items/Fabricators/FabricatorsAndDeconstructors.png","FabricatorsAndDeconstructors.png","png","432102","2025-06-08T21:11:01.9459168Z","C:\Program Files (x86)\Steam\steamapps\common\Barotrauma\Content\Items\Fabricators\FabricatorsAndDeconstructors.png"
"Content/Items/Gardening/ballastflora.png","ballastflora.png","png","213025","2025-06-08T21:11:05.8684307Z","C:\Program Files (x86)\Steam\steamapps\common\Barotrauma\Content\Items\Gardening\ballastflora.png"
"Content/Items/Gardening/ballastflorabranches.png","ballastflorabranches.png","png","81551","2025-06-08T21:11:11.8211861Z","C:\Program Files (x86)\Steam\steamapps\common\Barotrauma\Content\Items\Gardening\ballastflorabranches.png"
"Content/Items/Gardening/ballastflorabranches_burned.png","ballastflorabranches_burned.png","png","83031","2025-06-08T21:11:12.3893118Z","C:\Program Files (x86)\Steam\steamapps\common\Barotrauma\Content\Items\Gardening\ballastflorabranches_burned.png"
"Content/Items/Gardening/branches.png","branches.png","png","829982","2025-06-08T21:11:01.9459168Z","C:\Program Files (x86)\Steam\steamapps\common\Barotrauma\Content\Items\Gardening\branches.png"
"Content/Items/Gardening/branches_overlay.png","branches_overlay.png","png","322432","2025-06-08T21:11:01.9459168Z","C:\Program Files (x86)\Steam\steamapps\common\Barotrauma\Content\Items\Gardening\branches_overlay.png"
"Content/Items/Gardening/GrowablePlants_Temp.png","GrowablePlants_Temp.png","png","185442","2025-06-08T21:11:12.6213729Z","C:\Program Files (x86)\Steam\steamapps\common\Barotrauma\Content\Items\Gardening\GrowablePlants_Temp.png"
"Content/Items/Genetic/Genetic.png","Genetic.png","png","44800","2025-06-08T21:11:07.0713495Z","C:\Program Files (x86)\Steam\steamapps\common\Barotrauma\Content\Items\Genetic\Genetic.png"
"Content/Items/idcard.png","idcard.png","png","720","2025-06-08T21:11:12.5617883Z","C:\Program Files (x86)\Steam\steamapps\common\Barotrauma\Content\Items\idcard.png"
"Content/Items/InventoryIconAtlas.png","InventoryIconAtlas.png","png","1041370","2025-06-08T21:11:01.9459168Z","C:\Program Files (x86)\Steam\steamapps\common\Barotrauma\Content\Items\InventoryIconAtlas.png"
"Content/Items/InventoryIconAtlas2.png","InventoryIconAtlas2.png","png","537637","2026-04-09T15:55:12.9174596Z","C:\Program Files (x86)\Steam\steamapps\common\Barotrauma\Content\Items\InventoryIconAtlas2.png"
"Content/Items/Jobgear/AlienGear.png","AlienGear.png","png","16333","2025-06-08T21:11:12.5617883Z","C:\Program Files (x86)\Steam\steamapps\common\Barotrauma\Content\Items\Jobgear\AlienGear.png"
"Content/Items/Jobgear/Assistant/Assistant.png","Assistant.png","png","71531","2025-06-08T21:11:07.1340051Z","C:\Program Files (x86)\Steam\steamapps\common\Barotrauma\Content\Items\Jobgear\Assistant\Assistant.png"
"Content/Items/Jobgear/Assistant/OLD/assistant_legs_female_1.png","assistant_legs_female_1.png","png","60791","2025-06-08T21:11:07.1922335Z","C:\Program Files (x86)\Steam\steamapps\common\Barotrauma\Content\Items\Jobgear\Assistant\OLD\assistant_legs_female_1.png"
"Content/Items/Jobgear/Assistant/OLD/assistant_legs_male_1.png","assistant_legs_male_1.png","png","60791","2025-06-08T21:11:07.1902334Z","C:\Program Files (x86)\Steam\steamapps\common\Barotrauma\Content\Items\Jobgear\Assistant\OLD\assistant_legs_male_1.png"
"Content/Items/Jobgear/Assistant/OLD/assistant_torso_female_1.png","assistant_torso_female_1.png","png","49245","2025-06-08T21:11:07.1922335Z","C:\Program Files (x86)\Steam\steamapps\common\Barotrauma\Content\Items\Jobgear\Assistant\OLD\assistant_torso_female_1.png"
"Content/Items/Jobgear/Assistant/OLD/assistant_torso_male_1.png","assistant_torso_male_1.png","png","51870","2025-06-08T21:11:12.8991627Z","C:\Program Files (x86)\Steam\steamapps\common\Barotrauma\Content\Items\Jobgear\Assistant\OLD\assistant_torso_male_1.png"
"Content/Items/Jobgear/Captain/captain_1.png","captain_1.png","png","85301","2025-06-08T21:11:05.9917453Z","C:\Program Files (x86)\Steam\steamapps\common\Barotrauma\Content\Items\Jobgear\Captain\captain_1.png"
"Content/Items/Jobgear/Captain/captain_2.png","captain_2.png","png","77015","2025-06-08T21:11:12.6203719Z","C:\Program Files (x86)\Steam\steamapps\common\Barotrauma\Content\Items\Jobgear\Captain\captain_2.png"
"Content/Items/Jobgear/Captain/captain_3.png","captain_3.png","png","65421","2025-06-08T21:11:07.1872353Z","C:\Program Files (x86)\Steam\steamapps\common\Barotrauma\Content\Items\Jobgear\Captain\captain_3.png"
"Content/Items/Jobgear/Captain/captain_separatist_1.png","captain_separatist_1.png","png","76518","2025-06-08T21:11:16.9548825Z","C:\Program Files (x86)\Steam\steamapps\common\Barotrauma\Content\Items\Jobgear\Captain\captain_separatist_1.png"
"Content/Items/Jobgear/Captain/captain_separatist_2.png","captain_separatist_2.png","png","91996","2025-06-08T21:11:07.1912344Z","C:\Program Files (x86)\Steam\steamapps\common\Barotrauma\Content\Items\Jobgear\Captain\captain_separatist_2.png"
"Content/Items/Jobgear/Captain/captain_separatist_3.png","captain_separatist_3.png","png","83442","2025-06-08T21:11:12.9550765Z","C:\Program Files (x86)\Steam\steamapps\common\Barotrauma\Content\Items\Jobgear\Captain\captain_separatist_3.png"
"Content/Items/Jobgear/Captain/old/captain_legs_female_1.png","captain_legs_female_1.png","png","60466","2025-06-08T21:11:06.0367943Z","C:\Program Files (x86)\Steam\steamapps\common\Barotrauma\Content\Items\Jobgear\Captain\old\captain_legs_female_1.png"
"Content/Items/Jobgear/Captain/old/captain_legs_female_2.png","captain_legs_female_2.png","png","58341","2025-06-08T21:11:13.0125853Z","C:\Program Files (x86)\Steam\steamapps\common\Barotrauma\Content\Items\Jobgear\Captain\old\captain_legs_female_2.png"
"Content/Items/Jobgear/Captain/old/captain_legs_female_3.png","captain_legs_female_3.png","png","86838","2025-06-08T21:11:07.1872353Z","C:\Program Files (x86)\Steam\steamapps\common\Barotrauma\Content\Items\Jobgear\Captain\old\captain_legs_female_3.png"
"Content/Items/Jobgear/Captain/old/captain_legs_male_1.png","captain_legs_male_1.png","png","60466","2025-06-08T21:11:06.0367943Z","C:\Program Files (x86)\Steam\steamapps\common\Barotrauma\Content\Items\Jobgear\Captain\old\captain_legs_male_1.png"
"Content/Items/Jobgear/Captain/old/captain_legs_male_2.png","captain_legs_male_2.png","png","58888","2025-06-08T21:11:12.6213729Z","C:\Program Files (x86)\Steam\steamapps\common\Barotrauma\Content\Items\Jobgear\Captain\old\captain_legs_male_2.png"
"Content/Items/Jobgear/Captain/old/captain_legs_male_3.png","captain_legs_male_3.png","png","82712","2025-06-08T21:11:13.0125853Z","C:\Program Files (x86)\Steam\steamapps\common\Barotrauma\Content\Items\Jobgear\Captain\old\captain_legs_male_3.png"
"Content/Items/Jobgear/Captain/old/captain_torso_female_1.png","captain_torso_female_1.png","png","70035","2025-06-08T21:11:12.6233723Z","C:\Program Files (x86)\Steam\steamapps\common\Barotrauma\Content\Items\Jobgear\Captain\old\captain_torso_female_1.png"
"Content/Items/Jobgear/Captain/old/captain_torso_female_2.png","captain_torso_female_2.png","png","61544","2025-06-08T21:11:12.6223726Z","C:\Program Files (x86)\Steam\steamapps\common\Barotrauma\Content\Items\Jobgear\Captain\old\captain_torso_female_2.png"
"Content/Items/Jobgear/Captain/old/captain_torso_female_3.png","captain_torso_female_3.png","png","85675","2025-06-08T21:11:17.0638464Z","C:\Program Files (x86)\Steam\steamapps\common\Barotrauma\Content\Items\Jobgear\Captain\old\captain_torso_female_3.png"
"Content/Items/Jobgear/Captain/old/captain_torso_male_1.png","captain_torso_male_1.png","png","70389","2025-06-08T21:11:07.1902334Z","C:\Program Files (x86)\Steam\steamapps\common\Barotrauma\Content\Items\Jobgear\Captain\old\captain_torso_male_1.png"
"Content/Items/Jobgear/Captain/old/captain_torso_male_2.png","captain_torso_male_2.png","png","66009","2025-06-08T21:11:17.0598463Z","C:\Program Files (x86)\Steam\steamapps\common\Barotrauma\Content\Items\Jobgear\Captain\old\captain_torso_male_2.png"
"Content/Items/Jobgear/Captain/old/captain_torso_male_3.png","captain_torso_male_3.png","png","76386","2025-06-08T21:11:13.0742884Z","C:\Program Files (x86)\Steam\steamapps\common\Barotrauma\Content\Items\Jobgear\Captain\old\captain_torso_male_3.png"
"Content/Items/Jobgear/Clown/clown.png","clown.png","png","71425","2025-06-08T21:11:12.8991627Z","C:\Program Files (x86)\Steam\steamapps\common\Barotrauma\Content\Items\Jobgear\Clown\clown.png"
"Content/Items/Jobgear/Clown/clown_rare.png","clown_rare.png","png","30443","2025-06-08T21:11:12.5617883Z","C:\Program Files (x86)\Steam\steamapps\common\Barotrauma\Content\Items\Jobgear\Clown\clown_rare.png"
"Content/Items/Jobgear/Clown/ClownExoSuit.png","ClownExoSuit.png","png","216220","2025-06-08T21:11:13.1912956Z","C:\Program Files (x86)\Steam\steamapps\common\Barotrauma\Content\Items\Jobgear\Clown\ClownExoSuit.png"
"Content/Items/Jobgear/Clown/old/clown_legs_female.png","clown_legs_female.png","png","42331","2025-06-08T21:11:12.9610867Z","C:\Program Files (x86)\Steam\steamapps\common\Barotrauma\Content\Items\Jobgear\Clown\old\clown_legs_female.png"
"Content/Items/Jobgear/Clown/old/clown_legs_male.png","clown_legs_male.png","png","42331","2025-06-08T21:11:12.9620856Z","C:\Program Files (x86)\Steam\steamapps\common\Barotrauma\Content\Items\Jobgear\Clown\old\clown_legs_male.png"
"Content/Items/Jobgear/Clown/old/clown_torso_female.png","clown_torso_female.png","png","80712","2025-06-08T21:11:07.2937661Z","C:\Program Files (x86)\Steam\steamapps\common\Barotrauma\Content\Items\Jobgear\Clown\old\clown_torso_female.png"
"Content/Items/Jobgear/Clown/old/clown_torso_male.png","clown_torso_male.png","png","80545","2025-06-08T21:11:07.2887659Z","C:\Program Files (x86)\Steam\steamapps\common\Barotrauma\Content\Items\Jobgear\Clown\old\clown_torso_male.png"
"Content/Items/Jobgear/Clown/old/rareclown_legs_female.png","rareclown_legs_female.png","png","53348","2025-06-08T21:11:12.9620856Z","C:\Program Files (x86)\Steam\steamapps\common\Barotrauma\Content\Items\Jobgear\Clown\old\rareclown_legs_female.png"
"Content/Items/Jobgear/Clown/old/rareclown_legs_male.png","rareclown_legs_male.png","png","62984","2025-06-08T21:11:17.0628468Z","C:\Program Files (x86)\Steam\steamapps\common\Barotrauma\Content\Items\Jobgear\Clown\old\rareclown_legs_male.png"
"Content/Items/Jobgear/Clown/old/rareclown_torso_female.png","rareclown_torso_female.png","png","64173","2025-06-08T21:11:12.6223726Z","C:\Program Files (x86)\Steam\steamapps\common\Barotrauma\Content\Items\Jobgear\Clown\old\rareclown_torso_female.png"
"Content/Items/Jobgear/Clown/old/rareclown_torso_male.png","rareclown_torso_male.png","png","64065","2025-06-08T21:11:13.6260918Z","C:\Program Files (x86)\Steam\steamapps\common\Barotrauma\Content\Items\Jobgear\Clown\old\rareclown_torso_male.png"
"Content/Items/Jobgear/Commoner/administrator.png","administrator.png","png","62057","2025-06-08T21:11:13.0156887Z","C:\Program Files (x86)\Steam\steamapps\common\Barotrauma\Content\Items\Jobgear\Commoner\administrator.png"
"Content/Items/Jobgear/Commoner/bandit_1.png","bandit_1.png","png","80073","2025-06-08T21:11:13.6300906Z","C:\Program Files (x86)\Steam\steamapps\common\Barotrauma\Content\Items\Jobgear\Commoner\bandit_1.png"
"Content/Items/Jobgear/Commoner/bandit_2.png","bandit_2.png","png","78912","2025-06-08T21:11:13.6290904Z","C:\Program Files (x86)\Steam\steamapps\common\Barotrauma\Content\Items\Jobgear\Commoner\bandit_2.png"
"Content/Items/Jobgear/Commoner/commoner_5.png","commoner_5.png","png","80305","2025-06-08T21:11:13.0125853Z","C:\Program Files (x86)\Steam\steamapps\common\Barotrauma\Content\Items\Jobgear\Commoner\commoner_5.png"
"Content/Items/Jobgear/Commoner/Commoner1.png","Commoner1.png","png","98515","2025-06-08T21:11:07.2907667Z","C:\Program Files (x86)\Steam\steamapps\common\Barotrauma\Content\Items\Jobgear\Commoner\Commoner1.png"
"Content/Items/Jobgear/Commoner/Commoner2.png","Commoner2.png","png","67220","2025-06-08T21:11:13.6878616Z","C:\Program Files (x86)\Steam\steamapps\common\Barotrauma\Content\Items\Jobgear\Commoner\Commoner2.png"
"Content/Items/Jobgear/Commoner/Commoner3.png","Commoner3.png","png","101360","2025-06-08T21:11:07.2927655Z","C:\Program Files (x86)\Steam\steamapps\common\Barotrauma\Content\Items\Jobgear\Commoner\Commoner3.png"
"Content/Items/Jobgear/Commoner/Commoner4.png","Commoner4.png","png","100546","2025-06-08T21:11:13.0146970Z","C:\Program Files (x86)\Steam\steamapps\common\Barotrauma\Content\Items\Jobgear\Commoner\Commoner4.png"
"Content/Items/Jobgear/Commoner/crewchief.png","crewchief.png","png","77958","2025-06-08T21:11:07.2937661Z","C:\Program Files (x86)\Steam\steamapps\common\Barotrauma\Content\Items\Jobgear\Commoner\crewchief.png"
"Content/Items/Jobgear/Commoner/MedicalOfficer.png","MedicalOfficer.png","png","88666","2025-06-08T21:11:13.7446200Z","C:\Program Files (x86)\Steam\steamapps\common\Barotrauma\Content\Items\Jobgear\Commoner\MedicalOfficer.png"
"Content/Items/Jobgear/Commoner/miner.png","miner.png","png","79937","2025-06-08T21:11:12.6213729Z","C:\Program Files (x86)\Steam\steamapps\common\Barotrauma\Content\Items\Jobgear\Commoner\miner.png"
"Content/Items/Jobgear/Commoner/Old/administrator_legs_female.png","administrator_legs_female.png","png","92399","2025-06-08T21:11:12.6223726Z","C:\Program Files (x86)\Steam\steamapps\common\Barotrauma\Content\Items\Jobgear\Commoner\Old\administrator_legs_female.png"
"Content/Items/Jobgear/Commoner/Old/administrator_legs_male.png","administrator_legs_male.png","png","92399","2025-06-08T21:11:13.7486201Z","C:\Program Files (x86)\Steam\steamapps\common\Barotrauma\Content\Items\Jobgear\Commoner\Old\administrator_legs_male.png"
"Content/Items/Jobgear/Commoner/Old/administrator_torso_female.png","administrator_torso_female.png","png","75786","2025-06-08T21:11:12.6856363Z","C:\Program Files (x86)\Steam\steamapps\common\Barotrauma\Content\Items\Jobgear\Commoner\Old\administrator_torso_female.png"
"Content/Items/Jobgear/Commoner/Old/administrator_torso_male.png","administrator_torso_male.png","png","76167","2025-06-08T21:11:13.0125853Z","C:\Program Files (x86)\Steam\steamapps\common\Barotrauma\Content\Items\Jobgear\Commoner\Old\administrator_torso_male.png"
"Content/Items/Jobgear/Commoner/Old/bandit_legs_1.png","bandit_legs_1.png","png","120663","2025-06-08T21:11:13.0742884Z","C:\Program Files (x86)\Steam\steamapps\common\Barotrauma\Content\Items\Jobgear\Commoner\Old\bandit_legs_1.png"
"Content/Items/Jobgear/Commoner/Old/bandit_legs_2.png","bandit_legs_2.png","png","120663","2025-06-08T21:11:12.6856363Z","C:\Program Files (x86)\Steam\steamapps\common\Barotrauma\Content\Items\Jobgear\Commoner\Old\bandit_legs_2.png"
"Content/Items/Jobgear/Commoner/Old/bandit_torso_1.png","bandit_torso_1.png","png","138434","2025-06-08T21:11:12.7383753Z","C:\Program Files (x86)\Steam\steamapps\common\Barotrauma\Content\Items\Jobgear\Commoner\Old\bandit_torso_1.png"
"Content/Items/Jobgear/Commoner/Old/bandit_torso_2.png","bandit_torso_2.png","png","160681","2025-06-08T21:11:12.7383753Z","C:\Program Files (x86)\Steam\steamapps\common\Barotrauma\Content\Items\Jobgear\Commoner\Old\bandit_torso_2.png"
"Content/Items/Jobgear/Commoner/Old/commoner_legs_female_1.png","commoner_legs_female_1.png","png","76648","2025-06-08T21:11:12.7373823Z","C:\Program Files (x86)\Steam\steamapps\common\Barotrauma\Content\Items\Jobgear\Commoner\Old\commoner_legs_female_1.png"
"Content/Items/Jobgear/Commoner/Old/commoner_legs_female_2.png","commoner_legs_female_2.png","png","67262","2025-06-08T21:11:13.0752886Z","C:\Program Files (x86)\Steam\steamapps\common\Barotrauma\Content\Items\Jobgear\Commoner\Old\commoner_legs_female_2.png"
"Content/Items/Jobgear/Commoner/Old/commoner_legs_female_3.png","commoner_legs_female_3.png","png","65593","2025-06-08T21:11:07.3456311Z","C:\Program Files (x86)\Steam\steamapps\common\Barotrauma\Content\Items\Jobgear\Commoner\Old\commoner_legs_female_3.png"
"Content/Items/Jobgear/Commoner/Old/commoner_legs_female_4.png","commoner_legs_female_4.png","png","63303","2025-06-08T21:11:12.7938140Z","C:\Program Files (x86)\Steam\steamapps\common\Barotrauma\Content\Items\Jobgear\Commoner\Old\commoner_legs_female_4.png"
"Content/Items/Jobgear/Commoner/Old/commoner_legs_male_1.png","commoner_legs_male_1.png","png","76648","2025-06-08T21:11:07.3456311Z","C:\Program Files (x86)\Steam\steamapps\common\Barotrauma\Content\Items\Jobgear\Commoner\Old\commoner_legs_male_1.png"
"Content/Items/Jobgear/Commoner/Old/commoner_legs_male_2.png","commoner_legs_male_2.png","png","67262","2025-06-08T21:11:17.1251303Z","C:\Program Files (x86)\Steam\steamapps\common\Barotrauma\Content\Items\Jobgear\Commoner\Old\commoner_legs_male_2.png"
"Content/Items/Jobgear/Commoner/Old/commoner_legs_male_3.png","commoner_legs_male_3.png","png","65593","2025-06-08T21:11:17.1261302Z","C:\Program Files (x86)\Steam\steamapps\common\Barotrauma\Content\Items\Jobgear\Commoner\Old\commoner_legs_male_3.png"
"Content/Items/Jobgear/Commoner/Old/commoner_legs_male_4.png","commoner_legs_male_4.png","png","63303","2025-06-08T21:11:12.7938140Z","C:\Program Files (x86)\Steam\steamapps\common\Barotrauma\Content\Items\Jobgear\Commoner\Old\commoner_legs_male_4.png"
"Content/Items/Jobgear/Commoner/Old/commoner_torso_female_1.png","commoner_torso_female_1.png","png","70585","2025-06-08T21:11:13.0752886Z","C:\Program Files (x86)\Steam\steamapps\common\Barotrauma\Content\Items\Jobgear\Commoner\Old\commoner_torso_female_1.png"
"Content/Items/Jobgear/Commoner/Old/commoner_torso_female_2.png","commoner_torso_female_2.png","png","70869","2025-06-08T21:11:13.8540115Z","C:\Program Files (x86)\Steam\steamapps\common\Barotrauma\Content\Items\Jobgear\Commoner\Old\commoner_torso_female_2.png"
"Content/Items/Jobgear/Commoner/Old/commoner_torso_female_3.png","commoner_torso_female_3.png","png","60381","2025-06-08T21:11:06.0407948Z","C:\Program Files (x86)\Steam\steamapps\common\Barotrauma\Content\Items\Jobgear\Commoner\Old\commoner_torso_female_3.png"
"Content/Items/Jobgear/Commoner/Old/commoner_torso_female_4.png","commoner_torso_female_4.png","png","60199","2025-06-08T21:11:13.1329758Z","C:\Program Files (x86)\Steam\steamapps\common\Barotrauma\Content\Items\Jobgear\Commoner\Old\commoner_torso_female_4.png"
"Content/Items/Jobgear/Commoner/Old/commoner_torso_male_1.png","commoner_torso_male_1.png","png","73490","2025-06-08T21:11:06.0377947Z","C:\Program Files (x86)\Steam\steamapps\common\Barotrauma\Content\Items\Jobgear\Commoner\Old\commoner_torso_male_1.png"
"Content/Items/Jobgear/Commoner/Old/commoner_torso_male_2.png","commoner_torso_male_2.png","png","71408","2025-06-08T21:11:13.1329758Z","C:\Program Files (x86)\Steam\steamapps\common\Barotrauma\Content\Items\Jobgear\Commoner\Old\commoner_torso_male_2.png"
"Content/Items/Jobgear/Commoner/Old/commoner_torso_male_3.png","commoner_torso_male_3.png","png","61589","2025-06-08T21:11:13.8570114Z","C:\Program Files (x86)\Steam\steamapps\common\Barotrauma\Content\Items\Jobgear\Commoner\Old\commoner_torso_male_3.png"
"Content/Items/Jobgear/Commoner/Old/commoner_torso_male_4.png","commoner_torso_male_4.png","png","60799","2025-06-08T21:11:13.8570114Z","C:\Program Files (x86)\Steam\steamapps\common\Barotrauma\Content\Items\Jobgear\Commoner\Old\commoner_torso_male_4.png"
"Content/Items/Jobgear/Commoner/Old/crewchief_legs_female.png","crewchief_legs_female.png","png","95547","2025-06-08T21:11:07.3456311Z","C:\Program Files (x86)\Steam\steamapps\common\Barotrauma\Content\Items\Jobgear\Commoner\Old\crewchief_legs_female.png"
"Content/Items/Jobgear/Commoner/Old/crewchief_legs_male.png","crewchief_legs_male.png","png","95547","2025-06-08T21:11:12.8468498Z","C:\Program Files (x86)\Steam\steamapps\common\Barotrauma\Content\Items\Jobgear\Commoner\Old\crewchief_legs_male.png"
"Content/Items/Jobgear/Commoner/Old/crewchief_torso_female.png","crewchief_torso_female.png","png","74068","2025-06-08T21:11:13.9697114Z","C:\Program Files (x86)\Steam\steamapps\common\Barotrauma\Content\Items\Jobgear\Commoner\Old\crewchief_torso_female.png"
"Content/Items/Jobgear/Commoner/Old/crewchief_torso_male.png","crewchief_torso_male.png","png","74829","2025-06-08T21:11:13.9707113Z","C:\Program Files (x86)\Steam\steamapps\common\Barotrauma\Content\Items\Jobgear\Commoner\Old\crewchief_torso_male.png"
"Content/Items/Jobgear/Commoner/Old/medicalofficer_legs_female.png","medicalofficer_legs_female.png","png","73702","2025-06-08T21:11:12.8468498Z","C:\Program Files (x86)\Steam\steamapps\common\Barotrauma\Content\Items\Jobgear\Commoner\Old\medicalofficer_legs_female.png"
"Content/Items/Jobgear/Commoner/Old/medicalofficer_legs_male.png","medicalofficer_legs_male.png","png","73882","2025-06-08T21:11:13.1339766Z","C:\Program Files (x86)\Steam\steamapps\common\Barotrauma\Content\Items\Jobgear\Commoner\Old\medicalofficer_legs_male.png"
"Content/Items/Jobgear/Commoner/Old/medicalofficer_torso_female.png","medicalofficer_torso_female.png","png","84227","2025-06-08T21:11:13.9707113Z","C:\Program Files (x86)\Steam\steamapps\common\Barotrauma\Content\Items\Jobgear\Commoner\Old\medicalofficer_torso_female.png"
"Content/Items/Jobgear/Commoner/Old/medicalofficer_torso_male.png","medicalofficer_torso_male.png","png","83930","2025-06-08T21:11:06.0668019Z","C:\Program Files (x86)\Steam\steamapps\common\Barotrauma\Content\Items\Jobgear\Commoner\Old\medicalofficer_torso_male.png"
"Content/Items/Jobgear/Commoner/Old/miner_legs_female.png","miner_legs_female.png","png","87867","2025-06-08T21:11:07.4097652Z","C:\Program Files (x86)\Steam\steamapps\common\Barotrauma\Content\Items\Jobgear\Commoner\Old\miner_legs_female.png"
"Content/Items/Jobgear/Commoner/Old/miner_legs_male.png","miner_legs_male.png","png","87867","2025-06-08T21:11:17.2425015Z","C:\Program Files (x86)\Steam\steamapps\common\Barotrauma\Content\Items\Jobgear\Commoner\Old\miner_legs_male.png"
"Content/Items/Jobgear/Commoner/Old/miner_torso_female.png","miner_torso_female.png","png","83881","2025-06-08T21:11:12.8468498Z","C:\Program Files (x86)\Steam\steamapps\common\Barotrauma\Content\Items\Jobgear\Commoner\Old\miner_torso_female.png"
"Content/Items/Jobgear/Commoner/Old/miner_torso_male.png","miner_torso_male.png","png","85588","2025-06-08T21:11:13.1922940Z","C:\Program Files (x86)\Steam\steamapps\common\Barotrauma\Content\Items\Jobgear\Commoner\Old\miner_torso_male.png"
"Content/Items/Jobgear/Commoner/Old/pirate_legs.png","pirate_legs.png","png","150318","2025-06-08T21:11:12.8468498Z","C:\Program Files (x86)\Steam\steamapps\common\Barotrauma\Content\Items\Jobgear\Commoner\Old\pirate_legs.png"
"Content/Items/Jobgear/Commoner/Old/pirate_torso.png","pirate_torso.png","png","97056","2025-06-08T21:11:17.2445022Z","C:\Program Files (x86)\Steam\steamapps\common\Barotrauma\Content\Items\Jobgear\Commoner\Old\pirate_torso.png"
"Content/Items/Jobgear/Commoner/Old/pirate_torso_2.png","pirate_torso_2.png","png","84939","2025-06-08T21:11:12.8458501Z","C:\Program Files (x86)\Steam\steamapps\common\Barotrauma\Content\Items\Jobgear\Commoner\Old\pirate_torso_2.png"
"Content/Items/Jobgear/Commoner/Old/pirate_torso_3.png","pirate_torso_3.png","png","98589","2025-06-08T21:11:14.0264819Z","C:\Program Files (x86)\Steam\steamapps\common\Barotrauma\Content\Items\Jobgear\Commoner\Old\pirate_torso_3.png"
"Content/Items/Jobgear/Commoner/Old/prisoner_legs_female.png","prisoner_legs_female.png","png","56479","2025-06-08T21:11:17.2435011Z","C:\Program Files (x86)\Steam\steamapps\common\Barotrauma\Content\Items\Jobgear\Commoner\Old\prisoner_legs_female.png"
"Content/Items/Jobgear/Commoner/Old/prisoner_legs_male.png","prisoner_legs_male.png","png","56479","2025-06-08T21:11:12.9011625Z","C:\Program Files (x86)\Steam\steamapps\common\Barotrauma\Content\Items\Jobgear\Commoner\Old\prisoner_legs_male.png"
"Content/Items/Jobgear/Commoner/Old/prisoner_torso_female.png","prisoner_torso_female.png","png","52896","2025-06-08T21:11:17.2435011Z","C:\Program Files (x86)\Steam\steamapps\common\Barotrauma\Content\Items\Jobgear\Commoner\Old\prisoner_torso_female.png"
"Content/Items/Jobgear/Commoner/Old/prisoner_torso_male.png","prisoner_torso_male.png","png","53630","2025-06-08T21:11:14.0264819Z","C:\Program Files (x86)\Steam\steamapps\common\Barotrauma\Content\Items\Jobgear\Commoner\Old\prisoner_torso_male.png"
"Content/Items/Jobgear/Commoner/Old/quartermaster_legs_female.png","quartermaster_legs_female.png","png","85678","2025-06-08T21:11:06.0668019Z","C:\Program Files (x86)\Steam\steamapps\common\Barotrauma\Content\Items\Jobgear\Commoner\Old\quartermaster_legs_female.png"
"Content/Items/Jobgear/Commoner/Old/quartermaster_legs_male.png","quartermaster_legs_male.png","png","85620","2025-06-08T21:11:12.9021627Z","C:\Program Files (x86)\Steam\steamapps\common\Barotrauma\Content\Items\Jobgear\Commoner\Old\quartermaster_legs_male.png"
"Content/Items/Jobgear/Commoner/Old/quartermaster_torso_female.png","quartermaster_torso_female.png","png","59795","2025-06-08T21:11:06.0668019Z","C:\Program Files (x86)\Steam\steamapps\common\Barotrauma\Content\Items\Jobgear\Commoner\Old\quartermaster_torso_female.png"
"Content/Items/Jobgear/Commoner/Old/quartermaster_torso_male.png","quartermaster_torso_male.png","png","60147","2025-06-08T21:11:14.0919263Z","C:\Program Files (x86)\Steam\steamapps\common\Barotrauma\Content\Items\Jobgear\Commoner\Old\quartermaster_torso_male.png"
"Content/Items/Jobgear/Commoner/Old/researcher_legs_female.png","researcher_legs_female.png","png","85095","2025-06-08T21:11:14.1404573Z","C:\Program Files (x86)\Steam\steamapps\common\Barotrauma\Content\Items\Jobgear\Commoner\Old\researcher_legs_female.png"
"Content/Items/Jobgear/Commoner/Old/researcher_legs_male.png","researcher_legs_male.png","png","85095","2025-06-08T21:11:17.2445022Z","C:\Program Files (x86)\Steam\steamapps\common\Barotrauma\Content\Items\Jobgear\Commoner\Old\researcher_legs_male.png"
"Content/Items/Jobgear/Commoner/Old/researcher_torso_female.png","researcher_torso_female.png","png","83121","2025-06-08T21:11:12.9630845Z","C:\Program Files (x86)\Steam\steamapps\common\Barotrauma\Content\Items\Jobgear\Commoner\Old\researcher_torso_female.png"
"Content/Items/Jobgear/Commoner/Old/researcher_torso_male.png","researcher_torso_male.png","png","82893","2025-06-08T21:11:07.4117658Z","C:\Program Files (x86)\Steam\steamapps\common\Barotrauma\Content\Items\Jobgear\Commoner\Old\researcher_torso_male.png"
"Content/Items/Jobgear/Commoner/Old/securitypatrol_legs_female.png","securitypatrol_legs_female.png","png","90004","2025-06-08T21:11:07.4117658Z","C:\Program Files (x86)\Steam\steamapps\common\Barotrauma\Content\Items\Jobgear\Commoner\Old\securitypatrol_legs_female.png"
"Content/Items/Jobgear/Commoner/Old/securitypatrol_legs_male.png","securitypatrol_legs_male.png","png","90004","2025-06-08T21:11:13.1893922Z","C:\Program Files (x86)\Steam\steamapps\common\Barotrauma\Content\Items\Jobgear\Commoner\Old\securitypatrol_legs_male.png"
"Content/Items/Jobgear/Commoner/Old/securitypatrol_torso_female.png","securitypatrol_torso_female.png","png","86921","2025-06-08T21:11:07.4127665Z","C:\Program Files (x86)\Steam\steamapps\common\Barotrauma\Content\Items\Jobgear\Commoner\Old\securitypatrol_torso_female.png"
"Content/Items/Jobgear/Commoner/Old/securitypatrol_torso_male.png","securitypatrol_torso_male.png","png","87337","2025-06-08T21:11:06.0397948Z","C:\Program Files (x86)\Steam\steamapps\common\Barotrauma\Content\Items\Jobgear\Commoner\Old\securitypatrol_torso_male.png"
"Content/Items/Jobgear/Commoner/Old/vip_legs_1.png","vip_legs_1.png","png","23363","2025-06-08T21:11:17.2445022Z","C:\Program Files (x86)\Steam\steamapps\common\Barotrauma\Content\Items\Jobgear\Commoner\Old\vip_legs_1.png"
"Content/Items/Jobgear/Commoner/Old/vip_legs_2.png","vip_legs_2.png","png","22093","2025-06-08T21:11:12.9620856Z","C:\Program Files (x86)\Steam\steamapps\common\Barotrauma\Content\Items\Jobgear\Commoner\Old\vip_legs_2.png"
"Content/Items/Jobgear/Commoner/Old/vip_legs_3.png","vip_legs_3.png","png","22444","2025-06-08T21:11:07.4127665Z","C:\Program Files (x86)\Steam\steamapps\common\Barotrauma\Content\Items\Jobgear\Commoner\Old\vip_legs_3.png"
"Content/Items/Jobgear/Commoner/Old/vip_torso_1.png","vip_torso_1.png","png","20469","2025-06-08T21:11:12.9630845Z","C:\Program Files (x86)\Steam\steamapps\common\Barotrauma\Content\Items\Jobgear\Commoner\Old\vip_torso_1.png"
"Content/Items/Jobgear/Commoner/Old/vip_torso_2.png","vip_torso_2.png","png","22717","2025-06-08T21:11:12.9630845Z","C:\Program Files (x86)\Steam\steamapps\common\Barotrauma\Content\Items\Jobgear\Commoner\Old\vip_torso_2.png"
"Content/Items/Jobgear/Commoner/Old/vip_torso_3.png","vip_torso_3.png","png","20867","2025-06-08T21:11:17.2435011Z","C:\Program Files (x86)\Steam\steamapps\common\Barotrauma\Content\Items\Jobgear\Commoner\Old\vip_torso_3.png"
"Content/Items/Jobgear/Commoner/Prisoner.png","Prisoner.png","png","80526","2025-06-08T21:11:07.4678537Z","C:\Program Files (x86)\Steam\steamapps\common\Barotrauma\Content\Items\Jobgear\Commoner\Prisoner.png"
"Content/Items/Jobgear/Commoner/quartermaster.png","quartermaster.png","png","73819","2025-06-08T21:11:13.1922940Z","C:\Program Files (x86)\Steam\steamapps\common\Barotrauma\Content\Items\Jobgear\Commoner\quartermaster.png"
"Content/Items/Jobgear/Commoner/researcher.png","researcher.png","png","66675","2025-06-08T21:11:17.2997218Z","C:\Program Files (x86)\Steam\steamapps\common\Barotrauma\Content\Items\Jobgear\Commoner\researcher.png"
"Content/Items/Jobgear/Commoner/securitypatrol.png","securitypatrol.png","png","82402","2025-06-08T21:11:12.9620856Z","C:\Program Files (x86)\Steam\steamapps\common\Barotrauma\Content\Items\Jobgear\Commoner\securitypatrol.png"
"Content/Items/Jobgear/Commoner/VIP1.png","VIP1.png","png","67444","2025-06-08T21:11:13.1912956Z","C:\Program Files (x86)\Steam\steamapps\common\Barotrauma\Content\Items\Jobgear\Commoner\VIP1.png"
"Content/Items/Jobgear/Commoner/VIP2.png","VIP2.png","png","74329","2025-06-08T21:11:07.4678537Z","C:\Program Files (x86)\Steam\steamapps\common\Barotrauma\Content\Items\Jobgear\Commoner\VIP2.png"
"Content/Items/Jobgear/Commoner/VIP3.png","VIP3.png","png","76049","2025-06-08T21:11:13.2368300Z","C:\Program Files (x86)\Steam\steamapps\common\Barotrauma\Content\Items\Jobgear\Commoner\VIP3.png"
"Content/Items/Jobgear/Cultist/cultist.png","cultist.png","png","78921","2025-06-08T21:11:14.1414447Z","C:\Program Files (x86)\Steam\steamapps\common\Barotrauma\Content\Items\Jobgear\Cultist\cultist.png"
"Content/Items/Jobgear/Cultist/cultist2.png","cultist2.png","png","83882","2025-06-08T21:11:07.4678537Z","C:\Program Files (x86)\Steam\steamapps\common\Barotrauma\Content\Items\Jobgear\Cultist\cultist2.png"
"Content/Items/Jobgear/devcap.png","devcap.png","png","4628","2025-06-08T21:11:06.0367943Z","C:\Program Files (x86)\Steam\steamapps\common\Barotrauma\Content\Items\Jobgear\devcap.png"
"Content/Items/Jobgear/Engineer/engineer_1.png","engineer_1.png","png","78258","2025-06-08T21:11:14.1987534Z","C:\Program Files (x86)\Steam\steamapps\common\Barotrauma\Content\Items\Jobgear\Engineer\engineer_1.png"
"Content/Items/Jobgear/Engineer/engineer_2.png","engineer_2.png","png","77481","2025-06-08T21:11:13.2388221Z","C:\Program Files (x86)\Steam\steamapps\common\Barotrauma\Content\Items\Jobgear\Engineer\engineer_2.png"
"Content/Items/Jobgear/Engineer/engineer_separatist_1.png","engineer_separatist_1.png","png","35620","2025-06-08T21:11:12.9550765Z","C:\Program Files (x86)\Steam\steamapps\common\Barotrauma\Content\Items\Jobgear\Engineer\engineer_separatist_1.png"
"Content/Items/Jobgear/Engineer/engineer_separatist_2.png","engineer_separatist_2.png","png","84615","2025-06-08T21:11:13.2388221Z","C:\Program Files (x86)\Steam\steamapps\common\Barotrauma\Content\Items\Jobgear\Engineer\engineer_separatist_2.png"
"Content/Items/Jobgear/Engineer/old/engineer_legs_female_1.png","engineer_legs_female_1.png","png","80716","2025-06-08T21:11:06.0387947Z","C:\Program Files (x86)\Steam\steamapps\common\Barotrauma\Content\Items\Jobgear\Engineer\old\engineer_legs_female_1.png"
"Content/Items/Jobgear/Engineer/old/engineer_legs_female_2.png","engineer_legs_female_2.png","png","85378","2025-06-08T21:11:14.2805379Z","C:\Program Files (x86)\Steam\steamapps\common\Barotrauma\Content\Items\Jobgear\Engineer\old\engineer_legs_female_2.png"
"Content/Items/Jobgear/Engineer/old/engineer_legs_female_3.png","engineer_legs_female_3.png","png","82235","2025-06-08T21:11:13.2968361Z","C:\Program Files (x86)\Steam\steamapps\common\Barotrauma\Content\Items\Jobgear\Engineer\old\engineer_legs_female_3.png"
"Content/Items/Jobgear/Engineer/old/engineer_legs_male_1.png","engineer_legs_male_1.png","png","80716","2025-06-08T21:11:06.0397948Z","C:\Program Files (x86)\Steam\steamapps\common\Barotrauma\Content\Items\Jobgear\Engineer\old\engineer_legs_male_1.png"
"Content/Items/Jobgear/Engineer/old/engineer_legs_male_2.png","engineer_legs_male_2.png","png","85378","2025-06-08T21:11:14.2805379Z","C:\Program Files (x86)\Steam\steamapps\common\Barotrauma\Content\Items\Jobgear\Engineer\old\engineer_legs_male_2.png"
"Content/Items/Jobgear/Engineer/old/engineer_legs_male_3.png","engineer_legs_male_3.png","png","86611","2025-06-08T21:11:13.2928402Z","C:\Program Files (x86)\Steam\steamapps\common\Barotrauma\Content\Items\Jobgear\Engineer\old\engineer_legs_male_3.png"
"Content/Items/Jobgear/Engineer/old/engineer_torso_female_1.png","engineer_torso_female_1.png","png","63009","2025-06-08T21:11:14.2805379Z","C:\Program Files (x86)\Steam\steamapps\common\Barotrauma\Content\Items\Jobgear\Engineer\old\engineer_torso_female_1.png"
"Content/Items/Jobgear/Engineer/old/engineer_torso_female_2.png","engineer_torso_female_2.png","png","72223","2025-06-08T21:11:14.3327463Z","C:\Program Files (x86)\Steam\steamapps\common\Barotrauma\Content\Items\Jobgear\Engineer\old\engineer_torso_female_2.png"
"Content/Items/Jobgear/Engineer/old/engineer_torso_female_3.png","engineer_torso_female_3.png","png","90221","2025-06-08T21:11:13.2978352Z","C:\Program Files (x86)\Steam\steamapps\common\Barotrauma\Content\Items\Jobgear\Engineer\old\engineer_torso_female_3.png"
"Content/Items/Jobgear/Engineer/old/engineer_torso_male_1.png","engineer_torso_male_1.png","png","64228","2025-06-08T21:11:14.3327463Z","C:\Program Files (x86)\Steam\steamapps\common\Barotrauma\Content\Items\Jobgear\Engineer\old\engineer_torso_male_1.png"
"Content/Items/Jobgear/Engineer/old/engineer_torso_male_2.png","engineer_torso_male_2.png","png","72516","2025-06-08T21:11:13.0125853Z","C:\Program Files (x86)\Steam\steamapps\common\Barotrauma\Content\Items\Jobgear\Engineer\old\engineer_torso_male_2.png"
"Content/Items/Jobgear/Engineer/old/engineer_torso_male_3.png","engineer_torso_male_3.png","png","85433","2025-06-08T21:11:06.0677955Z","C:\Program Files (x86)\Steam\steamapps\common\Barotrauma\Content\Items\Jobgear\Engineer\old\engineer_torso_male_3.png"
"Content/Items/Jobgear/Engineer/old/PUCS_Legs.png","PUCS_Legs.png","png","113255","2025-06-08T21:11:17.3494044Z","C:\Program Files (x86)\Steam\steamapps\common\Barotrauma\Content\Items\Jobgear\Engineer\old\PUCS_Legs.png"
"Content/Items/Jobgear/Engineer/old/PUCS_Torso.png","PUCS_Torso.png","png","131194","2025-06-08T21:11:14.5712600Z","C:\Program Files (x86)\Steam\steamapps\common\Barotrauma\Content\Items\Jobgear\Engineer\old\PUCS_Torso.png"
"Content/Items/Jobgear/Engineer/pucs.png","pucs.png","png","40329","2025-06-08T21:11:07.4678537Z","C:\Program Files (x86)\Steam\steamapps\common\Barotrauma\Content\Items\Jobgear\Engineer\pucs.png"
"Content/Items/Jobgear/Engineer/PUCS_Items.png","PUCS_Items.png","png","90906","2025-06-08T21:11:06.0397948Z","C:\Program Files (x86)\Steam\steamapps\common\Barotrauma\Content\Items\Jobgear\Engineer\PUCS_Items.png"
"Content/Items/Jobgear/headgears.png","headgears.png","png","300411","2025-06-19T20:07:27.3241529Z","C:\Program Files (x86)\Steam\steamapps\common\Barotrauma\Content\Items\Jobgear\headgears.png"
"Content/Items/Jobgear/Mechanic/Exosuit.png","Exosuit.png","png","240755","2025-06-08T21:11:07.5246964Z","C:\Program Files (x86)\Steam\steamapps\common\Barotrauma\Content\Items\Jobgear\Mechanic\Exosuit.png"
"Content/Items/Jobgear/Mechanic/mechanic_1.png","mechanic_1.png","png","80966","2025-06-08T21:11:06.0677955Z","C:\Program Files (x86)\Steam\steamapps\common\Barotrauma\Content\Items\Jobgear\Mechanic\mechanic_1.png"
"Content/Items/Jobgear/Mechanic/mechanic_2.png","mechanic_2.png","png","77606","2025-06-08T21:11:07.5735991Z","C:\Program Files (x86)\Steam\steamapps\common\Barotrauma\Content\Items\Jobgear\Mechanic\mechanic_2.png"
"Content/Items/Jobgear/Mechanic/mechanic_separatist_1.png","mechanic_separatist_1.png","png","91508","2025-06-08T21:11:17.5956169Z","C:\Program Files (x86)\Steam\steamapps\common\Barotrauma\Content\Items\Jobgear\Mechanic\mechanic_separatist_1.png"
"Content/Items/Jobgear/Mechanic/mechanic_separatist_2.png","mechanic_separatist_2.png","png","83885","2025-06-08T21:11:13.0125853Z","C:\Program Files (x86)\Steam\steamapps\common\Barotrauma\Content\Items\Jobgear\Mechanic\mechanic_separatist_2.png"
"Content/Items/Jobgear/Mechanic/old/mechanic_legs_female_1.png","mechanic_legs_female_1.png","png","66836","2025-06-08T21:11:13.0712882Z","C:\Program Files (x86)\Steam\steamapps\common\Barotrauma\Content\Items\Jobgear\Mechanic\old\mechanic_legs_female_1.png"
"Content/Items/Jobgear/Mechanic/old/mechanic_legs_female_2.png","mechanic_legs_female_2.png","png","76541","2025-06-08T21:11:17.5956169Z","C:\Program Files (x86)\Steam\steamapps\common\Barotrauma\Content\Items\Jobgear\Mechanic\old\mechanic_legs_female_2.png"
"Content/Items/Jobgear/Mechanic/old/mechanic_legs_female_3.png","mechanic_legs_female_3.png","png","63946","2025-06-08T21:11:07.5755994Z","C:\Program Files (x86)\Steam\steamapps\common\Barotrauma\Content\Items\Jobgear\Mechanic\old\mechanic_legs_female_3.png"
"Content/Items/Jobgear/Mechanic/old/mechanic_legs_male_1.png","mechanic_legs_male_1.png","png","66836","2025-06-08T21:11:13.0742884Z","C:\Program Files (x86)\Steam\steamapps\common\Barotrauma\Content\Items\Jobgear\Mechanic\old\mechanic_legs_male_1.png"
"Content/Items/Jobgear/Mechanic/old/mechanic_legs_male_2.png","mechanic_legs_male_2.png","png","76541","2025-06-08T21:11:17.5956169Z","C:\Program Files (x86)\Steam\steamapps\common\Barotrauma\Content\Items\Jobgear\Mechanic\old\mechanic_legs_male_2.png"
"Content/Items/Jobgear/Mechanic/old/mechanic_legs_male_3.png","mechanic_legs_male_3.png","png","68924","2025-06-08T21:11:14.3957628Z","C:\Program Files (x86)\Steam\steamapps\common\Barotrauma\Content\Items\Jobgear\Mechanic\old\mechanic_legs_male_3.png"
"Content/Items/Jobgear/Mechanic/old/mechanic_torso_female_1.png","mechanic_torso_female_1.png","png","57826","2025-06-08T21:11:07.5755994Z","C:\Program Files (x86)\Steam\steamapps\common\Barotrauma\Content\Items\Jobgear\Mechanic\old\mechanic_torso_female_1.png"
"Content/Items/Jobgear/Mechanic/old/mechanic_torso_female_2.png","mechanic_torso_female_2.png","png","75956","2025-06-08T21:11:14.3957628Z","C:\Program Files (x86)\Steam\steamapps\common\Barotrauma\Content\Items\Jobgear\Mechanic\old\mechanic_torso_female_2.png"
"Content/Items/Jobgear/Mechanic/old/mechanic_torso_female_3.png","mechanic_torso_female_3.png","png","67580","2025-06-08T21:11:17.7136709Z","C:\Program Files (x86)\Steam\steamapps\common\Barotrauma\Content\Items\Jobgear\Mechanic\old\mechanic_torso_female_3.png"
"Content/Items/Jobgear/Mechanic/old/mechanic_torso_male_1.png","mechanic_torso_male_1.png","png","60292","2025-06-08T21:11:14.4585917Z","C:\Program Files (x86)\Steam\steamapps\common\Barotrauma\Content\Items\Jobgear\Mechanic\old\mechanic_torso_male_1.png"
"Content/Items/Jobgear/Mechanic/old/mechanic_torso_male_2.png","mechanic_torso_male_2.png","png","85345","2025-06-08T21:11:17.7146708Z","C:\Program Files (x86)\Steam\steamapps\common\Barotrauma\Content\Items\Jobgear\Mechanic\old\mechanic_torso_male_2.png"
"Content/Items/Jobgear/Mechanic/old/mechanic_torso_male_3.png","mechanic_torso_male_3.png","png","94984","2025-06-08T21:11:06.1003084Z","C:\Program Files (x86)\Steam\steamapps\common\Barotrauma\Content\Items\Jobgear\Mechanic\old\mechanic_torso_male_3.png"
"Content/Items/Jobgear/Mechanic/safetyharness.png","safetyharness.png","png","25454","2025-06-08T21:11:14.4565919Z","C:\Program Files (x86)\Steam\steamapps\common\Barotrauma\Content\Items\Jobgear\Mechanic\safetyharness.png"
"Content/Items/Jobgear/Medic/Medic_separatist_01.png","Medic_separatist_01.png","png","83056","2025-06-08T21:11:06.1003084Z","C:\Program Files (x86)\Steam\steamapps\common\Barotrauma\Content\Items\Jobgear\Medic\Medic_separatist_01.png"
"Content/Items/Jobgear/Medic/Medic_separatist_02.png","Medic_separatist_02.png","png","86455","2025-06-08T21:11:06.2171152Z","C:\Program Files (x86)\Steam\steamapps\common\Barotrauma\Content\Items\Jobgear\Medic\Medic_separatist_02.png"
"Content/Items/Jobgear/Medic/Medic1.png","Medic1.png","png","79605","2025-06-08T21:11:13.3478896Z","C:\Program Files (x86)\Steam\steamapps\common\Barotrauma\Content\Items\Jobgear\Medic\Medic1.png"
"Content/Items/Jobgear/Medic/Medic2.png","Medic2.png","png","71861","2025-06-08T21:11:13.0742884Z","C:\Program Files (x86)\Steam\steamapps\common\Barotrauma\Content\Items\Jobgear\Medic\Medic2.png"
"Content/Items/Jobgear/Medic/Old/medic_legs_female_1.png","medic_legs_female_1.png","png","61780","2025-06-08T21:11:07.5775993Z","C:\Program Files (x86)\Steam\steamapps\common\Barotrauma\Content\Items\Jobgear\Medic\Old\medic_legs_female_1.png"
"Content/Items/Jobgear/Medic/Old/medic_legs_female_2.png","medic_legs_female_2.png","png","83815","2025-06-08T21:11:13.1329758Z","C:\Program Files (x86)\Steam\steamapps\common\Barotrauma\Content\Items\Jobgear\Medic\Old\medic_legs_female_2.png"
"Content/Items/Jobgear/Medic/Old/medic_legs_female_3.png","medic_legs_female_3.png","png","74168","2025-06-08T21:11:07.5775993Z","C:\Program Files (x86)\Steam\steamapps\common\Barotrauma\Content\Items\Jobgear\Medic\Old\medic_legs_female_3.png"
"Content/Items/Jobgear/Medic/Old/medic_legs_male_1.png","medic_legs_male_1.png","png","61780","2025-06-08T21:11:07.5735991Z","C:\Program Files (x86)\Steam\steamapps\common\Barotrauma\Content\Items\Jobgear\Medic\Old\medic_legs_male_1.png"
"Content/Items/Jobgear/Medic/Old/medic_legs_male_2.png","medic_legs_male_2.png","png","83815","2025-06-08T21:11:13.1329758Z","C:\Program Files (x86)\Steam\steamapps\common\Barotrauma\Content\Items\Jobgear\Medic\Old\medic_legs_male_2.png"
"Content/Items/Jobgear/Medic/Old/medic_legs_male_3.png","medic_legs_male_3.png","png","74168","2025-06-08T21:11:07.5775993Z","C:\Program Files (x86)\Steam\steamapps\common\Barotrauma\Content\Items\Jobgear\Medic\Old\medic_legs_male_3.png"
"Content/Items/Jobgear/Medic/Old/medic_torso_female_1.png","medic_torso_female_1.png","png","85613","2025-06-08T21:11:17.7740090Z","C:\Program Files (x86)\Steam\steamapps\common\Barotrauma\Content\Items\Jobgear\Medic\Old\medic_torso_female_1.png"
"Content/Items/Jobgear/Medic/Old/medic_torso_female_2.png","medic_torso_female_2.png","png","74380","2025-06-08T21:11:06.2081154Z","C:\Program Files (x86)\Steam\steamapps\common\Barotrauma\Content\Items\Jobgear\Medic\Old\medic_torso_female_2.png"
"Content/Items/Jobgear/Medic/Old/medic_torso_female_3.png","medic_torso_female_3.png","png","97198","2025-06-08T21:11:17.7750090Z","C:\Program Files (x86)\Steam\steamapps\common\Barotrauma\Content\Items\Jobgear\Medic\Old\medic_torso_female_3.png"
"Content/Items/Jobgear/Medic/Old/medic_torso_male_1.png","medic_torso_male_1.png","png","86722","2025-06-08T21:11:17.8262258Z","C:\Program Files (x86)\Steam\steamapps\common\Barotrauma\Content\Items\Jobgear\Medic\Old\medic_torso_male_1.png"
"Content/Items/Jobgear/Medic/Old/medic_torso_male_2.png","medic_torso_male_2.png","png","78619","2025-06-08T21:11:07.6405536Z","C:\Program Files (x86)\Steam\steamapps\common\Barotrauma\Content\Items\Jobgear\Medic\Old\medic_torso_male_2.png"
"Content/Items/Jobgear/Medic/Old/medic_torso_male_3.png","medic_torso_male_3.png","png","116172","2025-06-08T21:11:13.1299761Z","C:\Program Files (x86)\Steam\steamapps\common\Barotrauma\Content\Items\Jobgear\Medic\Old\medic_torso_male_3.png"
"Content/Items/Jobgear/MiscJobGear.png","MiscJobGear.png","png","514961","2025-06-08T21:11:01.9504596Z","C:\Program Files (x86)\Steam\steamapps\common\Barotrauma\Content\Items\Jobgear\MiscJobGear.png"
"Content/Items/Jobgear/Old/captainLegs.png","captainLegs.png","png","6608","2025-06-08T21:11:13.2978352Z","C:\Program Files (x86)\Steam\steamapps\common\Barotrauma\Content\Items\Jobgear\Old\captainLegs.png"
"Content/Items/Jobgear/Old/captainTorso.png","captainTorso.png","png","6107","2025-06-08T21:11:07.6415532Z","C:\Program Files (x86)\Steam\steamapps\common\Barotrauma\Content\Items\Jobgear\Old\captainTorso.png"
"Content/Items/Jobgear/Old/clownmask.png","clownmask.png","png","2090","2025-06-08T21:11:13.2988349Z","C:\Program Files (x86)\Steam\steamapps\common\Barotrauma\Content\Items\Jobgear\Old\clownmask.png"
"Content/Items/Jobgear/Old/clownpants.png","clownpants.png","png","5090","2025-06-08T21:11:13.3488872Z","C:\Program Files (x86)\Steam\steamapps\common\Barotrauma\Content\Items\Jobgear\Old\clownpants.png"
"Content/Items/Jobgear/Old/clownshirt.png","clownshirt.png","png","8125","2025-06-08T21:11:17.8252250Z","C:\Program Files (x86)\Steam\steamapps\common\Barotrauma\Content\Items\Jobgear\Old\clownshirt.png"
"Content/Items/Jobgear/Old/doctorgear.png","doctorgear.png","png","11647","2025-06-08T21:11:13.3458885Z","C:\Program Files (x86)\Steam\steamapps\common\Barotrauma\Content\Items\Jobgear\Old\doctorgear.png"
"Content/Items/Jobgear/Old/engigear.png","engigear.png","png","24116","2025-06-08T21:11:13.3499004Z","C:\Program Files (x86)\Steam\steamapps\common\Barotrauma\Content\Items\Jobgear\Old\engigear.png"
"Content/Items/Jobgear/Old/headset.png","headset.png","png","652","2025-06-08T21:11:13.2968361Z","C:\Program Files (x86)\Steam\steamapps\common\Barotrauma\Content\Items\Jobgear\Old\headset.png"
"Content/Items/Jobgear/OutfitIcons.png","OutfitIcons.png","png","520040","2025-06-08T21:11:01.9504596Z","C:\Program Files (x86)\Steam\steamapps\common\Barotrauma\Content\Items\Jobgear\OutfitIcons.png"
"Content/Items/Jobgear/Security/Old/securityofficer_legs_female_1.png","securityofficer_legs_female_1.png","png","67878","2025-06-08T21:11:13.2968361Z","C:\Program Files (x86)\Steam\steamapps\common\Barotrauma\Content\Items\Jobgear\Security\Old\securityofficer_legs_female_1.png"
"Content/Items/Jobgear/Security/Old/securityofficer_legs_female_2.png","securityofficer_legs_female_2.png","png","81968","2025-06-08T21:11:13.3499004Z","C:\Program Files (x86)\Steam\steamapps\common\Barotrauma\Content\Items\Jobgear\Security\Old\securityofficer_legs_female_2.png"
"Content/Items/Jobgear/Security/Old/securityofficer_legs_female_3.png","securityofficer_legs_female_3.png","png","102987","2025-06-08T21:11:13.3508876Z","C:\Program Files (x86)\Steam\steamapps\common\Barotrauma\Content\Items\Jobgear\Security\Old\securityofficer_legs_female_3.png"
"Content/Items/Jobgear/Security/Old/securityofficer_legs_male_1.png","securityofficer_legs_male_1.png","png","69601","2025-06-08T21:11:18.0538638Z","C:\Program Files (x86)\Steam\steamapps\common\Barotrauma\Content\Items\Jobgear\Security\Old\securityofficer_legs_male_1.png"
"Content/Items/Jobgear/Security/Old/securityofficer_legs_male_2.png","securityofficer_legs_male_2.png","png","81977","2025-06-08T21:11:18.1615214Z","C:\Program Files (x86)\Steam\steamapps\common\Barotrauma\Content\Items\Jobgear\Security\Old\securityofficer_legs_male_2.png"
"Content/Items/Jobgear/Security/Old/securityofficer_legs_male_3.png","securityofficer_legs_male_3.png","png","122766","2025-06-08T21:11:07.6425535Z","C:\Program Files (x86)\Steam\steamapps\common\Barotrauma\Content\Items\Jobgear\Security\Old\securityofficer_legs_male_3.png"
"Content/Items/Jobgear/Security/Old/securityofficer_torso_female_1.png","securityofficer_torso_female_1.png","png","58460","2025-06-08T21:11:13.3499004Z","C:\Program Files (x86)\Steam\steamapps\common\Barotrauma\Content\Items\Jobgear\Security\Old\securityofficer_torso_female_1.png"
"Content/Items/Jobgear/Security/Old/securityofficer_torso_female_2.png","securityofficer_torso_female_2.png","png","67392","2025-06-08T21:11:07.6405536Z","C:\Program Files (x86)\Steam\steamapps\common\Barotrauma\Content\Items\Jobgear\Security\Old\securityofficer_torso_female_2.png"
"Content/Items/Jobgear/Security/Old/securityofficer_torso_female_3.png","securityofficer_torso_female_3.png","png","89329","2025-06-08T21:11:18.1655206Z","C:\Program Files (x86)\Steam\steamapps\common\Barotrauma\Content\Items\Jobgear\Security\Old\securityofficer_torso_female_3.png"
"Content/Items/Jobgear/Security/Old/securityofficer_torso_male_1.png","securityofficer_torso_male_1.png","png","59936","2025-06-08T21:11:18.1655206Z","C:\Program Files (x86)\Steam\steamapps\common\Barotrauma\Content\Items\Jobgear\Security\Old\securityofficer_torso_male_1.png"
"Content/Items/Jobgear/Security/Old/securityofficer_torso_male_2.png","securityofficer_torso_male_2.png","png","68465","2025-06-08T21:11:06.1013079Z","C:\Program Files (x86)\Steam\steamapps\common\Barotrauma\Content\Items\Jobgear\Security\Old\securityofficer_torso_male_2.png"
"Content/Items/Jobgear/Security/Old/securityofficer_torso_male_3.png","securityofficer_torso_male_3.png","png","89189","2025-06-08T21:11:14.5732605Z","C:\Program Files (x86)\Steam\steamapps\common\Barotrauma\Content\Items\Jobgear\Security\Old\securityofficer_torso_male_3.png"
"Content/Items/Jobgear/Security/Old/Slipsuit_Legs.png","Slipsuit_Legs.png","png","108853","2025-06-08T21:11:13.3499004Z","C:\Program Files (x86)\Steam\steamapps\common\Barotrauma\Content\Items\Jobgear\Security\Old\Slipsuit_Legs.png"
"Content/Items/Jobgear/Security/Old/Slipsuit_Torso.png","Slipsuit_Torso.png","png","131194","2025-06-08T21:11:14.5712600Z","C:\Program Files (x86)\Steam\steamapps\common\Barotrauma\Content\Items\Jobgear\Security\Old\Slipsuit_Torso.png"
"Content/Items/Jobgear/Security/riotgear.png","riotgear.png","png","14104","2025-06-08T21:11:06.1023078Z","C:\Program Files (x86)\Steam\steamapps\common\Barotrauma\Content\Items\Jobgear\Security\riotgear.png"
"Content/Items/Jobgear/Security/SecurityOfficer_separatist_1.png","SecurityOfficer_separatist_1.png","png","90686","2025-06-08T21:11:14.6197666Z","C:\Program Files (x86)\Steam\steamapps\common\Barotrauma\Content\Items\Jobgear\Security\SecurityOfficer_separatist_1.png"
"Content/Items/Jobgear/Security/SecurityOfficer_separatist_2.png","SecurityOfficer_separatist_2.png","png","82890","2025-06-08T21:11:07.6998780Z","C:\Program Files (x86)\Steam\steamapps\common\Barotrauma\Content\Items\Jobgear\Security\SecurityOfficer_separatist_2.png"
"Content/Items/Jobgear/Security/SecurityOfficer_separatist_3.png","SecurityOfficer_separatist_3.png","png","30132","2025-06-08T21:11:07.6983753Z","C:\Program Files (x86)\Steam\steamapps\common\Barotrauma\Content\Items\Jobgear\Security\SecurityOfficer_separatist_3.png"
"Content/Items/Jobgear/Security/SecurityOfficer1.png","SecurityOfficer1.png","png","78809","2025-06-08T21:11:13.4121532Z","C:\Program Files (x86)\Steam\steamapps\common\Barotrauma\Content\Items\Jobgear\Security\SecurityOfficer1.png"
"Content/Items/Jobgear/Security/SecurityOfficer2.png","SecurityOfficer2.png","png","83512","2025-06-08T21:11:06.2171152Z","C:\Program Files (x86)\Steam\steamapps\common\Barotrauma\Content\Items\Jobgear\Security\SecurityOfficer2.png"
"Content/Items/Jobgear/Security/SecurityOfficer3.png","SecurityOfficer3.png","png","87005","2025-06-08T21:11:06.2081154Z","C:\Program Files (x86)\Steam\steamapps\common\Barotrauma\Content\Items\Jobgear\Security\SecurityOfficer3.png"
"Content/Items/Jobgear/Security/SecurityVest.png","SecurityVest.png","png","33798","2025-06-08T21:11:14.6217667Z","C:\Program Files (x86)\Steam\steamapps\common\Barotrauma\Content\Items\Jobgear\Security\SecurityVest.png"
"Content/Items/Jobgear/Security/slipsuit.png","slipsuit.png","png","38205","2025-06-08T21:11:14.6690957Z","C:\Program Files (x86)\Steam\steamapps\common\Barotrauma\Content\Items\Jobgear\Security\slipsuit.png"
"Content/Items/Jobgear/Security/Slipsuit_Items.png","Slipsuit_Items.png","png","76929","2025-06-08T21:11:14.7877100Z","C:\Program Files (x86)\Steam\steamapps\common\Barotrauma\Content\Items\Jobgear\Security\Slipsuit_Items.png"
"Content/Items/Jobgear/TalentGear.png","TalentGear.png","png","287767","2025-06-08T21:11:01.9514604Z","C:\Program Files (x86)\Steam\steamapps\common\Barotrauma\Content\Items\Jobgear\TalentGear.png"
"Content/Items/Jobgear/Watchman/old/watchman_legs_female_1.png","watchman_legs_female_1.png","png","81526","2025-06-08T21:11:14.8924627Z","C:\Program Files (x86)\Steam\steamapps\common\Barotrauma\Content\Items\Jobgear\Watchman\old\watchman_legs_female_1.png"
"Content/Items/Jobgear/Watchman/old/watchman_legs_female_2.png","watchman_legs_female_2.png","png","81756","2025-06-08T21:11:14.8924627Z","C:\Program Files (x86)\Steam\steamapps\common\Barotrauma\Content\Items\Jobgear\Watchman\old\watchman_legs_female_2.png"
"Content/Items/Jobgear/Watchman/old/watchman_legs_male_1.png","watchman_legs_male_1.png","png","81526","2025-06-08T21:11:14.8914617Z","C:\Program Files (x86)\Steam\steamapps\common\Barotrauma\Content\Items\Jobgear\Watchman\old\watchman_legs_male_1.png"
"Content/Items/Jobgear/Watchman/old/watchman_legs_male_2.png","watchman_legs_male_2.png","png","81756","2025-06-08T21:11:14.8924627Z","C:\Program Files (x86)\Steam\steamapps\common\Barotrauma\Content\Items\Jobgear\Watchman\old\watchman_legs_male_2.png"
"Content/Items/Jobgear/Watchman/old/watchman_torso_female_1.png","watchman_torso_female_1.png","png","65621","2025-06-08T21:11:06.2581147Z","C:\Program Files (x86)\Steam\steamapps\common\Barotrauma\Content\Items\Jobgear\Watchman\old\watchman_torso_female_1.png"
"Content/Items/Jobgear/Watchman/old/watchman_torso_female_2.png","watchman_torso_female_2.png","png","73462","2025-06-08T21:11:13.4111541Z","C:\Program Files (x86)\Steam\steamapps\common\Barotrauma\Content\Items\Jobgear\Watchman\old\watchman_torso_female_2.png"
"Content/Items/Jobgear/Watchman/old/watchman_torso_male_1.png","watchman_torso_male_1.png","png","68783","2025-06-08T21:11:14.8874589Z","C:\Program Files (x86)\Steam\steamapps\common\Barotrauma\Content\Items\Jobgear\Watchman\old\watchman_torso_male_1.png"
"Content/Items/Jobgear/Watchman/old/watchman_torso_male_2.png","watchman_torso_male_2.png","png","73241","2025-06-08T21:11:15.0009733Z","C:\Program Files (x86)\Steam\steamapps\common\Barotrauma\Content\Items\Jobgear\Watchman\old\watchman_torso_male_2.png"
"Content/Items/Jobgear/Watchman/watchman.png","watchman.png","png","33014","2025-06-08T21:11:13.4091529Z","C:\Program Files (x86)\Steam\steamapps\common\Barotrauma\Content\Items\Jobgear\Watchman\watchman.png"
"Content/Items/Labels/labels.png","labels.png","png","22946","2025-06-08T21:11:18.2281567Z","C:\Program Files (x86)\Steam\steamapps\common\Barotrauma\Content\Items\Labels\labels.png"
"Content/Items/Ladder/ladder.png","ladder.png","png","18003","2025-06-08T21:11:13.4101528Z","C:\Program Files (x86)\Steam\steamapps\common\Barotrauma\Content\Items\Ladder\ladder.png"
"Content/Items/Legacy/cabinets.png","cabinets.png","png","22819","2025-06-08T21:11:15.0009733Z","C:\Program Files (x86)\Steam\steamapps\common\Barotrauma\Content\Items\Legacy\cabinets.png"
"Content/Items/Legacy/engine.png","engine.png","png","101615","2025-06-08T21:11:13.4131534Z","C:\Program Files (x86)\Steam\steamapps\common\Barotrauma\Content\Items\Legacy\engine.png"
"Content/Items/Legacy/junctionbox.png","junctionbox.png","png","30226","2025-06-08T21:11:18.2281567Z","C:\Program Files (x86)\Steam\steamapps\common\Barotrauma\Content\Items\Legacy\junctionbox.png"
"Content/Items/Legacy/legacyrailgunbarrel.png","legacyrailgunbarrel.png","png","56559","2025-06-08T21:11:13.4141528Z","C:\Program Files (x86)\Steam\steamapps\common\Barotrauma\Content\Items\Legacy\legacyrailgunbarrel.png"
"Content/Items/Legacy/legacyrailgunbase.png","legacyrailgunbase.png","png","71727","2025-06-08T21:11:13.4141528Z","C:\Program Files (x86)\Steam\steamapps\common\Barotrauma\Content\Items\Legacy\legacyrailgunbase.png"
"Content/Items/Legacy/locker.png","locker.png","png","19843","2025-06-08T21:11:18.2281567Z","C:\Program Files (x86)\Steam\steamapps\common\Barotrauma\Content\Items\Legacy\locker.png"
"Content/Items/Legacy/machines.png","machines.png","png","73770","2025-06-08T21:11:15.0085756Z","C:\Program Files (x86)\Steam\steamapps\common\Barotrauma\Content\Items\Legacy\machines.png"
"Content/Items/Legacy/oxygengenerator.png","oxygengenerator.png","png","26590","2025-06-08T21:11:07.7561189Z","C:\Program Files (x86)\Steam\steamapps\common\Barotrauma\Content\Items\Legacy\oxygengenerator.png"
"Content/Items/Legacy/pump.png","pump.png","png","19118","2025-06-08T21:11:06.2591153Z","C:\Program Files (x86)\Steam\steamapps\common\Barotrauma\Content\Items\Legacy\pump.png"
"Content/Items/Legacy/SearchLight_legacy.png","SearchLight_legacy.png","png","3539","2025-06-08T21:11:13.4121532Z","C:\Program Files (x86)\Steam\steamapps\common\Barotrauma\Content\Items\Legacy\SearchLight_legacy.png"
"Content/Items/Legacy/SearchLightBase_legacy.png","SearchLightBase_legacy.png","png","5802","2025-06-08T21:11:15.0009733Z","C:\Program Files (x86)\Steam\steamapps\common\Barotrauma\Content\Items\Legacy\SearchLightBase_legacy.png"
"Content/Items/Legacy/smallpump.png","smallpump.png","png","5364","2025-06-08T21:11:06.2571146Z","C:\Program Files (x86)\Steam\steamapps\common\Barotrauma\Content\Items\Legacy\smallpump.png"
"Content/Items/MachineInterface.png","MachineInterface.png","png","234311","2025-06-08T21:11:06.2591153Z","C:\Program Files (x86)\Steam\steamapps\common\Barotrauma\Content\Items\MachineInterface.png"
"Content/Items/Materials/CraftingElements1.png","CraftingElements1.png","png","115700","2025-06-08T21:11:15.0019804Z","C:\Program Files (x86)\Steam\steamapps\common\Barotrauma\Content\Items\Materials\CraftingElements1.png"
"Content/Items/Materials/CraftingElements2.png","CraftingElements2.png","png","117783","2025-06-08T21:11:15.0019804Z","C:\Program Files (x86)\Steam\steamapps\common\Barotrauma\Content\Items\Materials\CraftingElements2.png"
"Content/Items/Materials/Crystal.png","Crystal.png","png","398292","2025-06-08T21:11:01.9524609Z","C:\Program Files (x86)\Steam\steamapps\common\Barotrauma\Content\Items\Materials\Crystal.png"
"Content/Items/Materials/LootablePlants.png","LootablePlants.png","png","101860","2025-06-08T21:11:13.4621525Z","C:\Program Files (x86)\Steam\steamapps\common\Barotrauma\Content\Items\Materials\LootablePlants.png"
"Content/Items/Materials/MineralEnvironment.png","MineralEnvironment.png","png","1167990","2025-06-08T21:11:01.9524609Z","C:\Program Files (x86)\Steam\steamapps\common\Barotrauma\Content\Items\Materials\MineralEnvironment.png"
"Content/Items/Materials/Minerals.png","Minerals.png","png","907556","2025-06-08T21:11:01.9524609Z","C:\Program Files (x86)\Steam\steamapps\common\Barotrauma\Content\Items\Materials\Minerals.png"
"Content/Items/Medical/Medicines.png","Medicines.png","png","199532","2025-06-08T21:11:06.4228688Z","C:\Program Files (x86)\Steam\steamapps\common\Barotrauma\Content\Items\Medical\Medicines.png"
"Content/Items/Misc/Misc.png","Misc.png","png","18915","2025-06-08T21:11:06.4187857Z","C:\Program Files (x86)\Steam\steamapps\common\Barotrauma\Content\Items\Misc\Misc.png"
"Content/Items/Misc/scribble1.png","scribble1.png","png","520592","2025-06-08T21:11:01.9536150Z","C:\Program Files (x86)\Steam\steamapps\common\Barotrauma\Content\Items\Misc\scribble1.png"
"Content/Items/Misc/scribble2.png","scribble2.png","png","450783","2025-06-08T21:11:01.9536150Z","C:\Program Files (x86)\Steam\steamapps\common\Barotrauma\Content\Items\Misc\scribble2.png"
"Content/Items/OxygenGenerator/oxygengenerator.png","oxygengenerator.png","png","795165","2025-06-08T21:11:01.9536150Z","C:\Program Files (x86)\Steam\steamapps\common\Barotrauma\Content\Items\OxygenGenerator\oxygengenerator.png"
"Content/Items/Pump/Pumps.png","Pumps.png","png","208798","2025-06-08T21:11:15.4719508Z","C:\Program Files (x86)\Steam\steamapps\common\Barotrauma\Content\Items\Pump\Pumps.png"
"Content/Items/Pump/Pumps2.png","Pumps2.png","png","68034","2025-09-18T02:31:39.2047639Z","C:\Program Files (x86)\Steam\steamapps\common\Barotrauma\Content\Items\Pump\Pumps2.png"
"Content/Items/Reactor/graphLine.png","graphLine.png","png","310","2025-06-08T21:11:13.6868615Z","C:\Program Files (x86)\Steam\steamapps\common\Barotrauma\Content\Items\Reactor\graphLine.png"
"Content/Items/Reactor/Meter.png","Meter.png","png","39280","2025-06-08T21:11:15.4719508Z","C:\Program Files (x86)\Steam\steamapps\common\Barotrauma\Content\Items\Reactor\Meter.png"
"Content/Items/Reactor/reactor.png","reactor.png","png","1043587","2025-06-08T21:11:01.9546182Z","C:\Program Files (x86)\Steam\steamapps\common\Barotrauma\Content\Items\Reactor\reactor.png"
"Content/Items/Reactor/Sector.png","Sector.png","png","3134","2025-06-08T21:11:06.4800716Z","C:\Program Files (x86)\Steam\steamapps\common\Barotrauma\Content\Items\Reactor\Sector.png"
"Content/Items/SearchLight/SearchLightBase.png","SearchLightBase.png","png","34987","2025-06-08T21:11:08.1253714Z","C:\Program Files (x86)\Steam\steamapps\common\Barotrauma\Content\Items\SearchLight\SearchLightBase.png"
"Content/Items/Shipwrecks/BackgroundStructuresWrecked.png","BackgroundStructuresWrecked.png","png","540741","2025-06-08T21:11:01.9546182Z","C:\Program Files (x86)\Steam\steamapps\common\Barotrauma\Content\Items\Shipwrecks\BackgroundStructuresWrecked.png"
"Content/Items/Shipwrecks/DecorativeVentilationWrecked.png","DecorativeVentilationWrecked.png","png","763450","2025-06-08T21:11:01.9546182Z","C:\Program Files (x86)\Steam\steamapps\common\Barotrauma\Content\Items\Shipwrecks\DecorativeVentilationWrecked.png"
"Content/Items/Shipwrecks/ExteriorWallsAWrecked.png","ExteriorWallsAWrecked.png","png","2135741","2025-06-08T21:11:01.9552816Z","C:\Program Files (x86)\Steam\steamapps\common\Barotrauma\Content\Items\Shipwrecks\ExteriorWallsAWrecked.png"
"Content/Items/Shipwrecks/FinsA_Wrecked.png","FinsA_Wrecked.png","png","1986046","2025-06-08T21:11:01.9552816Z","C:\Program Files (x86)\Steam\steamapps\common\Barotrauma\Content\Items\Shipwrecks\FinsA_Wrecked.png"
"Content/Items/Shipwrecks/MiscWrecked.png","MiscWrecked.png","png","3501874","2025-06-08T21:11:01.9552816Z","C:\Program Files (x86)\Steam\steamapps\common\Barotrauma\Content\Items\Shipwrecks\MiscWrecked.png"
"Content/Items/Shipwrecks/ShuttleWallsWrecked.png","ShuttleWallsWrecked.png","png","356928","2025-06-08T21:11:01.9552816Z","C:\Program Files (x86)\Steam\steamapps\common\Barotrauma\Content\Items\Shipwrecks\ShuttleWallsWrecked.png"
"Content/Items/Shipwrecks/ShuttleWallsWrecked2.png","ShuttleWallsWrecked2.png","png","2438579","2025-06-08T21:11:01.9552816Z","C:\Program Files (x86)\Steam\steamapps\common\Barotrauma\Content\Items\Shipwrecks\ShuttleWallsWrecked2.png"
"Content/Items/Shipwrecks/TurretsWrecked.png","TurretsWrecked.png","png","2464643","2025-06-08T21:11:01.9552816Z","C:\Program Files (x86)\Steam\steamapps\common\Barotrauma\Content\Items\Shipwrecks\TurretsWrecked.png"
"Content/Items/Shipwrecks/Wall_C_wrecked.png","Wall_C_wrecked.png","png","587481","2025-06-08T21:11:01.9552816Z","C:\Program Files (x86)\Steam\steamapps\common\Barotrauma\Content\Items\Shipwrecks\Wall_C_wrecked.png"
"Content/Items/Tools/tools.png","tools.png","png","148669","2025-06-19T20:07:30.0814671Z","C:\Program Files (x86)\Steam\steamapps\common\Barotrauma\Content\Items\Tools\tools.png"
"Content/Items/Weapons/Crosshairs.png","Crosshairs.png","png","17375","2025-06-08T21:11:21.6669496Z","C:\Program Files (x86)\Steam\steamapps\common\Barotrauma\Content\Items\Weapons\Crosshairs.png"
"Content/Items/Weapons/LegacyLoaders.png","LegacyLoaders.png","png","124066","2025-06-08T21:11:09.2531776Z","C:\Program Files (x86)\Steam\steamapps\common\Barotrauma\Content\Items\Weapons\LegacyLoaders.png"
"Content/Items/Weapons/Loaders.png","Loaders.png","png","756860","2025-06-08T21:11:01.9562846Z","C:\Program Files (x86)\Steam\steamapps\common\Barotrauma\Content\Items\Weapons\Loaders.png"
"Content/Items/Weapons/Turrets.png","Turrets.png","png","801040","2025-06-08T21:11:01.9562846Z","C:\Program Files (x86)\Steam\steamapps\common\Barotrauma\Content\Items\Weapons\Turrets.png"
"Content/Items/Weapons/TurretsAndDepthCharges.png","TurretsAndDepthCharges.png","png","1025445","2025-06-08T21:11:01.9572838Z","C:\Program Files (x86)\Steam\steamapps\common\Barotrauma\Content\Items\Weapons\TurretsAndDepthCharges.png"
"Content/Items/Weapons/weapons_new.png","weapons_new.png","png","225145","2025-06-08T21:11:10.5504509Z","C:\Program Files (x86)\Steam\steamapps\common\Barotrauma\Content\Items\Weapons\weapons_new.png"
"Content/Items/wireCorner.png","wireCorner.png","png","2157","2025-06-08T21:11:10.7885416Z","C:\Program Files (x86)\Steam\steamapps\common\Barotrauma\Content\Items\wireCorner.png"
"Content/Items/wireHorizontal.png","wireHorizontal.png","png","225","2025-06-08T21:11:14.1977540Z","C:\Program Files (x86)\Steam\steamapps\common\Barotrauma\Content\Items\wireHorizontal.png"
"Content/Items/wireVertical.png","wireVertical.png","png","193","2025-06-08T21:11:22.1765541Z","C:\Program Files (x86)\Steam\steamapps\common\Barotrauma\Content\Items\wireVertical.png"
"Content/Lights/alphaOne.png","alphaOne.png","png","86","2025-06-08T21:11:11.4279912Z","C:\Program Files (x86)\Steam\steamapps\common\Barotrauma\Content\Lights\alphaOne.png"
"Content/Lights/divinghelmetlight.png","divinghelmetlight.png","png","103045","2025-06-08T21:11:12.3399658Z","C:\Program Files (x86)\Steam\steamapps\common\Barotrauma\Content\Lights\divinghelmetlight.png"
"Content/Lights/Electricity.png","Electricity.png","png","68581","2025-06-08T21:11:09.4201850Z","C:\Program Files (x86)\Steam\steamapps\common\Barotrauma\Content\Lights\Electricity.png"
"Content/Lights/Guardianlight.png","Guardianlight.png","png","130930","2025-06-08T21:11:10.8481263Z","C:\Program Files (x86)\Steam\steamapps\common\Barotrauma\Content\Lights\Guardianlight.png"
"Content/Lights/light.png","light.png","png","490424","2025-06-08T21:11:01.9572838Z","C:\Program Files (x86)\Steam\steamapps\common\Barotrauma\Content\Lights\light.png"
"Content/Lights/light_fluorescent_L2.png","light_fluorescent_L2.png","png","244053","2025-06-08T21:11:07.0763491Z","C:\Program Files (x86)\Steam\steamapps\common\Barotrauma\Content\Lights\light_fluorescent_L2.png"
"Content/Lights/lightcone.png","lightcone.png","png","130930","2025-06-08T21:11:07.2907667Z","C:\Program Files (x86)\Steam\steamapps\common\Barotrauma\Content\Lights\lightcone.png"
"Content/Lights/lightcone_old.png","lightcone_old.png","png","49051","2025-06-08T21:11:09.4201850Z","C:\Program Files (x86)\Steam\steamapps\common\Barotrauma\Content\Lights\lightcone_old.png"
"Content/Lights/penumbra.png","penumbra.png","png","110876","2025-06-08T21:11:07.1290064Z","C:\Program Files (x86)\Steam\steamapps\common\Barotrauma\Content\Lights\penumbra.png"
"Content/Lights/pointlight_bounce.png","pointlight_bounce.png","png","306429","2025-06-08T21:11:01.9572838Z","C:\Program Files (x86)\Steam\steamapps\common\Barotrauma\Content\Lights\pointlight_bounce.png"
"Content/Lights/pointlight_bright.png","pointlight_bright.png","png","294422","2025-06-08T21:11:01.9572838Z","C:\Program Files (x86)\Steam\steamapps\common\Barotrauma\Content\Lights\pointlight_bright.png"
"Content/Lights/pointlight_falloff.png","pointlight_falloff.png","png","330801","2025-06-08T21:11:01.9582787Z","C:\Program Files (x86)\Steam\steamapps\common\Barotrauma\Content\Lights\pointlight_falloff.png"
"Content/Lights/pointlight_rays.png","pointlight_rays.png","png","624987","2025-06-08T21:11:01.9582787Z","C:\Program Files (x86)\Steam\steamapps\common\Barotrauma\Content\Lights\pointlight_rays.png"
"Content/Lights/visioncircle.png","visioncircle.png","png","46489","2025-06-08T21:11:22.2347361Z","C:\Program Files (x86)\Steam\steamapps\common\Barotrauma\Content\Lights\visioncircle.png"
"Content/Map/AlienBackground1.png","AlienBackground1.png","png","618259","2025-06-08T21:11:01.9582787Z","C:\Program Files (x86)\Steam\steamapps\common\Barotrauma\Content\Map\AlienBackground1.png"
"Content/Map/AlienBackground1End.png","AlienBackground1End.png","png","1495474","2025-06-08T21:11:01.9582787Z","C:\Program Files (x86)\Steam\steamapps\common\Barotrauma\Content\Map\AlienBackground1End.png"
"Content/Map/AlienBackground2.png","AlienBackground2.png","png","1639548","2025-06-08T21:11:01.9582787Z","C:\Program Files (x86)\Steam\steamapps\common\Barotrauma\Content\Map\AlienBackground2.png"
"Content/Map/AlienBackground3.png","AlienBackground3.png","png","767673","2025-06-08T21:11:01.9582787Z","C:\Program Files (x86)\Steam\steamapps\common\Barotrauma\Content\Map\AlienBackground3.png"
"Content/Map/AlienRuins_Backgrounds.png","AlienRuins_Backgrounds.png","png","685185","2025-06-08T21:11:01.9582787Z","C:\Program Files (x86)\Steam\steamapps\common\Barotrauma\Content\Map\AlienRuins_Backgrounds.png"
"Content/Map/AlienRuins_CornerWebbing.png","AlienRuins_CornerWebbing.png","png","1864475","2025-06-08T21:11:01.9592827Z","C:\Program Files (x86)\Steam\steamapps\common\Barotrauma\Content\Map\AlienRuins_CornerWebbing.png"
"Content/Map/AlienRuins_LevelAssets1.png","AlienRuins_LevelAssets1.png","png","1353820","2025-06-08T21:11:01.9592827Z","C:\Program Files (x86)\Steam\steamapps\common\Barotrauma\Content\Map\AlienRuins_LevelAssets1.png"
"Content/Map/AlienShrine.png","AlienShrine.png","png","1641967","2025-06-08T21:11:01.9592827Z","C:\Program Files (x86)\Steam\steamapps\common\Barotrauma\Content\Map\AlienShrine.png"
"Content/Map/AlienWallSet_Glow.png","AlienWallSet_Glow.png","png","1154589","2025-06-08T21:11:01.9592827Z","C:\Program Files (x86)\Steam\steamapps\common\Barotrauma\Content\Map\AlienWallSet_Glow.png"
"Content/Map/AlienWallSet1.png","AlienWallSet1.png","png","2707507","2025-06-08T21:11:01.9592827Z","C:\Program Files (x86)\Steam\steamapps\common\Barotrauma\Content\Map\AlienWallSet1.png"
"Content/Map/AlienWallSet2.png","AlienWallSet2.png","png","2395239","2025-06-08T21:11:01.9592827Z","C:\Program Files (x86)\Steam\steamapps\common\Barotrauma\Content\Map\AlienWallSet2.png"
"Content/Map/background.png","background.png","png","2459919","2025-06-08T21:11:01.9592827Z","C:\Program Files (x86)\Steam\steamapps\common\Barotrauma\Content\Map\background.png"
"Content/Map/background2.png","background2.png","png","1245264","2025-06-08T21:11:01.9592827Z","C:\Program Files (x86)\Steam\steamapps\common\Barotrauma\Content\Map\background2.png"
"Content/Map/BackgroundWalls.png","BackgroundWalls.png","png","397031","2025-06-08T21:11:01.9592827Z","C:\Program Files (x86)\Steam\steamapps\common\Barotrauma\Content\Map\BackgroundWalls.png"
"Content/Map/backgroundwalls1.png","backgroundwalls1.png","png","1451593","2025-06-08T21:11:01.9592827Z","C:\Program Files (x86)\Steam\steamapps\common\Barotrauma\Content\Map\backgroundwalls1.png"
"Content/Map/backgroundwalls2.png","backgroundwalls2.png","png","1149933","2025-06-08T21:11:01.9592827Z","C:\Program Files (x86)\Steam\steamapps\common\Barotrauma\Content\Map\backgroundwalls2.png"
"Content/Map/backgroundwalls3.png","backgroundwalls3.png","png","2755308","2025-06-08T21:11:01.9602810Z","C:\Program Files (x86)\Steam\steamapps\common\Barotrauma\Content\Map\backgroundwalls3.png"
"Content/Map/Biomes/AphoticPlateau/BackgroundChunks.png","BackgroundChunks.png","png","2264184","2025-06-08T21:11:01.9602810Z","C:\Program Files (x86)\Steam\steamapps\common\Barotrauma\Content\Map\Biomes\AphoticPlateau\BackgroundChunks.png"
"Content/Map/Biomes/AphoticPlateau/BackgroundParticles.png","BackgroundParticles.png","png","585128","2025-06-08T21:11:01.9612825Z","C:\Program Files (x86)\Steam\steamapps\common\Barotrauma\Content\Map\Biomes\AphoticPlateau\BackgroundParticles.png"
"Content/Map/Biomes/AphoticPlateau/LevelObjects.png","LevelObjects.png","png","1359455","2025-06-08T21:11:01.9612825Z","C:\Program Files (x86)\Steam\steamapps\common\Barotrauma\Content\Map\Biomes\AphoticPlateau\LevelObjects.png"
"Content/Map/Biomes/AphoticPlateau/LevelWall.png","LevelWall.png","png","923757","2025-06-08T21:11:01.9612825Z","C:\Program Files (x86)\Steam\steamapps\common\Barotrauma\Content\Map\Biomes\AphoticPlateau\LevelWall.png"
"Content/Map/Biomes/AphoticPlateau/LevelWallEdge.png","LevelWallEdge.png","png","881226","2025-06-08T21:11:01.9612825Z","C:\Program Files (x86)\Steam\steamapps\common\Barotrauma\Content\Map\Biomes\AphoticPlateau\LevelWallEdge.png"
"Content/Map/Biomes/BioluminescentCave/BackgroundChunks.png","BackgroundChunks.png","png","724434","2025-06-08T21:11:01.9612825Z","C:\Program Files (x86)\Steam\steamapps\common\Barotrauma\Content\Map\Biomes\BioluminescentCave\BackgroundChunks.png"
"Content/Map/Biomes/BioluminescentCave/LevelObjects.png","LevelObjects.png","png","1306714","2025-06-08T21:11:01.9622820Z","C:\Program Files (x86)\Steam\steamapps\common\Barotrauma\Content\Map\Biomes\BioluminescentCave\LevelObjects.png"
"Content/Map/Biomes/BioluminescentCave/LevelWall.png","LevelWall.png","png","985971","2025-06-08T21:11:01.9622820Z","C:\Program Files (x86)\Steam\steamapps\common\Barotrauma\Content\Map\Biomes\BioluminescentCave\LevelWall.png"
"Content/Map/Biomes/BioluminescentCave/LevelWallEdge.png","LevelWallEdge.png","png","647398","2025-06-08T21:11:01.9622820Z","C:\Program Files (x86)\Steam\steamapps\common\Barotrauma\Content\Map\Biomes\BioluminescentCave\LevelWallEdge.png"
"Content/Map/Biomes/ColdCaverns/BackgroundChunks.png","BackgroundChunks.png","png","936289","2025-06-08T21:11:01.9622820Z","C:\Program Files (x86)\Steam\steamapps\common\Barotrauma\Content\Map\Biomes\ColdCaverns\BackgroundChunks.png"
"Content/Map/Biomes/ColdCaverns/BackgroundElements1.png","BackgroundElements1.png","png","252329","2025-06-08T21:11:07.5755994Z","C:\Program Files (x86)\Steam\steamapps\common\Barotrauma\Content\Map\Biomes\ColdCaverns\BackgroundElements1.png"
"Content/Map/Biomes/ColdCaverns/BackgroundElements2.png","BackgroundElements2.png","png","447148","2025-06-08T21:11:01.9622820Z","C:\Program Files (x86)\Steam\steamapps\common\Barotrauma\Content\Map\Biomes\ColdCaverns\BackgroundElements2.png"
"Content/Map/Biomes/ColdCaverns/BackgroundParticles.png","BackgroundParticles.png","png","12845","2025-06-08T21:11:12.4438784Z","C:\Program Files (x86)\Steam\steamapps\common\Barotrauma\Content\Map\Biomes\ColdCaverns\BackgroundParticles.png"
"Content/Map/Biomes/ColdCaverns/LevelWall.png","LevelWall.png","png","741507","2025-06-08T21:11:01.9622820Z","C:\Program Files (x86)\Steam\steamapps\common\Barotrauma\Content\Map\Biomes\ColdCaverns\LevelWall.png"
"Content/Map/Biomes/ColdCaverns/LevelWallEdge.png","LevelWallEdge.png","png","1015502","2025-06-08T21:11:01.9632821Z","C:\Program Files (x86)\Steam\steamapps\common\Barotrauma\Content\Map\Biomes\ColdCaverns\LevelWallEdge.png"
"Content/Map/Biomes/ColdCaverns/WallEdgeChunks.png","WallEdgeChunks.png","png","819191","2025-06-08T21:11:01.9632821Z","C:\Program Files (x86)\Steam\steamapps\common\Barotrauma\Content\Map\Biomes\ColdCaverns\WallEdgeChunks.png"
"Content/Map/Biomes/Common/old/geothermalvents.png","geothermalvents.png","png","479771","2025-06-08T21:11:01.9632821Z","C:\Program Files (x86)\Steam\steamapps\common\Barotrauma\Content\Map\Biomes\Common\old\geothermalvents.png"
"Content/Map/Biomes/Common/old/seafloor.png","seafloor.png","png","1349466","2025-06-08T21:11:01.9632821Z","C:\Program Files (x86)\Steam\steamapps\common\Barotrauma\Content\Map\Biomes\Common\old\seafloor.png"
"Content/Map/Biomes/Common/old/SonarFloraBodies.png","SonarFloraBodies.png","png","301534","2025-06-08T21:11:01.9632821Z","C:\Program Files (x86)\Steam\steamapps\common\Barotrauma\Content\Map\Biomes\Common\old\SonarFloraBodies.png"
"Content/Map/Biomes/Common/old/SonarFloraGlow.png","SonarFloraGlow.png","png","229755","2025-06-08T21:11:12.6213729Z","C:\Program Files (x86)\Steam\steamapps\common\Barotrauma\Content\Map\Biomes\Common\old\SonarFloraGlow.png"
"Content/Map/Biomes/Common/old/Webs.png","Webs.png","png","541929","2025-06-08T21:11:01.9642818Z","C:\Program Files (x86)\Steam\steamapps\common\Barotrauma\Content\Map\Biomes\Common\old\Webs.png"
"Content/Map/Biomes/CrystalCave/BackgroundChunks.png","BackgroundChunks.png","png","1288563","2025-06-08T21:11:01.9642818Z","C:\Program Files (x86)\Steam\steamapps\common\Barotrauma\Content\Map\Biomes\CrystalCave\BackgroundChunks.png"
"Content/Map/Biomes/CrystalCave/CaveHazards.png","CaveHazards.png","png","956785","2025-06-08T21:11:01.9642818Z","C:\Program Files (x86)\Steam\steamapps\common\Barotrauma\Content\Map\Biomes\CrystalCave\CaveHazards.png"
"Content/Map/Biomes/CrystalCave/LevelObjects.png","LevelObjects.png","png","1118664","2025-06-08T21:11:01.9642818Z","C:\Program Files (x86)\Steam\steamapps\common\Barotrauma\Content\Map\Biomes\CrystalCave\LevelObjects.png"
"Content/Map/Biomes/CrystalCave/LevelWall.png","LevelWall.png","png","907946","2025-06-08T21:11:01.9642818Z","C:\Program Files (x86)\Steam\steamapps\common\Barotrauma\Content\Map\Biomes\CrystalCave\LevelWall.png"
"Content/Map/Biomes/CrystalCave/LevelWallEdge.png","LevelWallEdge.png","png","814716","2025-06-08T21:11:01.9642818Z","C:\Program Files (x86)\Steam\steamapps\common\Barotrauma\Content\Map\Biomes\CrystalCave\LevelWallEdge.png"
"Content/Map/Biomes/CrystalCave/WallEdgeChunks.png","WallEdgeChunks.png","png","1304545","2025-06-08T21:11:01.9652811Z","C:\Program Files (x86)\Steam\steamapps\common\Barotrauma\Content\Map\Biomes\CrystalCave\WallEdgeChunks.png"
"Content/Map/Biomes/DestroyedWall.png","DestroyedWall.png","png","296548","2025-06-08T21:11:01.9652811Z","C:\Program Files (x86)\Steam\steamapps\common\Barotrauma\Content\Map\Biomes\DestroyedWall.png"
"Content/Map/Biomes/DestructibleWall.png","DestructibleWall.png","png","870790","2025-06-08T21:11:01.9652811Z","C:\Program Files (x86)\Steam\steamapps\common\Barotrauma\Content\Map\Biomes\DestructibleWall.png"
"Content/Map/Biomes/DestructibleWallEdge.png","DestructibleWallEdge.png","png","570407","2025-06-08T21:11:01.9652811Z","C:\Program Files (x86)\Steam\steamapps\common\Barotrauma\Content\Map\Biomes\DestructibleWallEdge.png"
"Content/Map/Biomes/EndBiome/BackgroundParticles.png","BackgroundParticles.png","png","1343545","2025-06-08T21:11:01.9652811Z","C:\Program Files (x86)\Steam\steamapps\common\Barotrauma\Content\Map\Biomes\EndBiome\BackgroundParticles.png"
"Content/Map/Biomes/EuropanRidge/BackgroundChunks.png","BackgroundChunks.png","png","2743764","2025-06-08T21:11:01.9652811Z","C:\Program Files (x86)\Steam\steamapps\common\Barotrauma\Content\Map\Biomes\EuropanRidge\BackgroundChunks.png"
"Content/Map/Biomes/EuropanRidge/BackgroundParticles.png","BackgroundParticles.png","png","136441","2025-06-08T21:11:24.4808769Z","C:\Program Files (x86)\Steam\steamapps\common\Barotrauma\Content\Map\Biomes\EuropanRidge\BackgroundParticles.png"
"Content/Map/Biomes/EuropanRidge/LevelObjects.png","LevelObjects.png","png","1637807","2025-06-08T21:11:01.9652811Z","C:\Program Files (x86)\Steam\steamapps\common\Barotrauma\Content\Map\Biomes\EuropanRidge\LevelObjects.png"
"Content/Map/Biomes/EuropanRidge/LevelWall.png","LevelWall.png","png","332199","2025-06-08T21:11:01.9662812Z","C:\Program Files (x86)\Steam\steamapps\common\Barotrauma\Content\Map\Biomes\EuropanRidge\LevelWall.png"
"Content/Map/Biomes/EuropanRidge/LevelWallEdge.png","LevelWallEdge.png","png","1006941","2025-06-08T21:11:01.9662812Z","C:\Program Files (x86)\Steam\steamapps\common\Barotrauma\Content\Map\Biomes\EuropanRidge\LevelWallEdge.png"
"Content/Map/Biomes/ForestCave/CaveHazards.png","CaveHazards.png","png","1165079","2025-06-08T21:11:01.9662812Z","C:\Program Files (x86)\Steam\steamapps\common\Barotrauma\Content\Map\Biomes\ForestCave\CaveHazards.png"
"Content/Map/Biomes/ForestCave/LevelWall.png","LevelWall.png","png","904209","2025-06-08T21:11:01.9662812Z","C:\Program Files (x86)\Steam\steamapps\common\Barotrauma\Content\Map\Biomes\ForestCave\LevelWall.png"
"Content/Map/Biomes/ForestCave/LevelWallEdge.png","LevelWallEdge.png","png","689679","2025-06-08T21:11:01.9662812Z","C:\Program Files (x86)\Steam\steamapps\common\Barotrauma\Content\Map\Biomes\ForestCave\LevelWallEdge.png"
"Content/Map/Biomes/HydrothermalWastes/BackgroundChunks.png","BackgroundChunks.png","png","1155220","2025-06-08T21:11:01.9662812Z","C:\Program Files (x86)\Steam\steamapps\common\Barotrauma\Content\Map\Biomes\HydrothermalWastes\BackgroundChunks.png"
"Content/Map/Biomes/HydrothermalWastes/BackgroundParticles.png","BackgroundParticles.png","png","1702074","2025-06-08T21:11:01.9672812Z","C:\Program Files (x86)\Steam\steamapps\common\Barotrauma\Content\Map\Biomes\HydrothermalWastes\BackgroundParticles.png"
"Content/Map/Biomes/HydrothermalWastes/LevelObjects.png","LevelObjects.png","png","3022626","2025-06-08T21:11:01.9672812Z","C:\Program Files (x86)\Steam\steamapps\common\Barotrauma\Content\Map\Biomes\HydrothermalWastes\LevelObjects.png"
"Content/Map/Biomes/HydrothermalWastes/LevelWall.png","LevelWall.png","png","839676","2025-06-08T21:11:01.9672812Z","C:\Program Files (x86)\Steam\steamapps\common\Barotrauma\Content\Map\Biomes\HydrothermalWastes\LevelWall.png"
"Content/Map/Biomes/HydrothermalWastes/LevelWallEdge.png","LevelWallEdge.png","png","817069","2025-06-08T21:11:01.9672812Z","C:\Program Files (x86)\Steam\steamapps\common\Barotrauma\Content\Map\Biomes\HydrothermalWastes\LevelWallEdge.png"
"Content/Map/Biomes/HydrothermalWastes/WallEdgeChunks.png","WallEdgeChunks.png","png","2192590","2025-06-08T21:11:01.9672812Z","C:\Program Files (x86)\Steam\steamapps\common\Barotrauma\Content\Map\Biomes\HydrothermalWastes\WallEdgeChunks.png"
"Content/Map/Biomes/IceCave/BackgroundChunks.png","BackgroundChunks.png","png","498280","2025-06-08T21:11:01.9712886Z","C:\Program Files (x86)\Steam\steamapps\common\Barotrauma\Content\Map\Biomes\IceCave\BackgroundChunks.png"
"Content/Map/Biomes/IceCave/LevelWall.png","LevelWall.png","png","941771","2025-06-08T21:11:01.9712886Z","C:\Program Files (x86)\Steam\steamapps\common\Barotrauma\Content\Map\Biomes\IceCave\LevelWall.png"
"Content/Map/Biomes/IceCave/LevelWallEdge.png","LevelWallEdge.png","png","737681","2025-06-08T21:11:01.9712886Z","C:\Program Files (x86)\Steam\steamapps\common\Barotrauma\Content\Map\Biomes\IceCave\LevelWallEdge.png"
"Content/Map/Biomes/IceCave/WallEdgeChunks.png","WallEdgeChunks.png","png","553231","2025-06-08T21:11:01.9712886Z","C:\Program Files (x86)\Steam\steamapps\common\Barotrauma\Content\Map\Biomes\IceCave\WallEdgeChunks.png"
"Content/Map/Biomes/MushroomCave/CaveHazards.png","CaveHazards.png","png","947041","2025-06-08T21:11:01.9712886Z","C:\Program Files (x86)\Steam\steamapps\common\Barotrauma\Content\Map\Biomes\MushroomCave\CaveHazards.png"
"Content/Map/Biomes/MushroomCave/LevelObjects.png","LevelObjects.png","png","415178","2025-06-08T21:11:01.9722818Z","C:\Program Files (x86)\Steam\steamapps\common\Barotrauma\Content\Map\Biomes\MushroomCave\LevelObjects.png"
"Content/Map/Biomes/MushroomCave/LevelWall.png","LevelWall.png","png","987155","2025-06-08T21:11:01.9722818Z","C:\Program Files (x86)\Steam\steamapps\common\Barotrauma\Content\Map\Biomes\MushroomCave\LevelWall.png"
"Content/Map/Biomes/MushroomCave/LevelWallEdge.png","LevelWallEdge.png","png","486215","2025-06-08T21:11:01.9722818Z","C:\Program Files (x86)\Steam\steamapps\common\Barotrauma\Content\Map\Biomes\MushroomCave\LevelWallEdge.png"
"Content/Map/Biomes/MushroomCave/WallEdgeChunks.png","WallEdgeChunks.png","png","951591","2025-06-08T21:11:01.9722818Z","C:\Program Files (x86)\Steam\steamapps\common\Barotrauma\Content\Map\Biomes\MushroomCave\WallEdgeChunks.png"
"Content/Map/Biomes/NestObjects/NestObjects.png","NestObjects.png","png","234608","2025-06-08T21:11:15.0536829Z","C:\Program Files (x86)\Steam\steamapps\common\Barotrauma\Content\Map\Biomes\NestObjects\NestObjects.png"
"Content/Map/Biomes/RockCave/BackgroundChunks.png","BackgroundChunks.png","png","538052","2025-06-08T21:11:01.9722818Z","C:\Program Files (x86)\Steam\steamapps\common\Barotrauma\Content\Map\Biomes\RockCave\BackgroundChunks.png"
"Content/Map/Biomes/RockCave/LevelWall.png","LevelWall.png","png","890381","2025-06-08T21:11:01.9732818Z","C:\Program Files (x86)\Steam\steamapps\common\Barotrauma\Content\Map\Biomes\RockCave\LevelWall.png"
"Content/Map/Biomes/RockCave/LevelWallEdge.png","LevelWallEdge.png","png","235870","2025-06-08T21:11:15.4649512Z","C:\Program Files (x86)\Steam\steamapps\common\Barotrauma\Content\Map\Biomes\RockCave\LevelWallEdge.png"
"Content/Map/Biomes/RockCave/WallEdgeChunks.png","WallEdgeChunks.png","png","609994","2025-06-08T21:11:01.9732818Z","C:\Program Files (x86)\Steam\steamapps\common\Barotrauma\Content\Map\Biomes\RockCave\WallEdgeChunks.png"
"Content/Map/Biomes/TheGreatSea/BackgroundParticles.png","BackgroundParticles.png","png","12845","2025-06-08T21:11:12.4448815Z","C:\Program Files (x86)\Steam\steamapps\common\Barotrauma\Content\Map\Biomes\TheGreatSea\BackgroundParticles.png"
"Content/Map/Biomes/TheGreatSea/GreatSeaBackgroundChunks.png","GreatSeaBackgroundChunks.png","png","1128864","2025-06-08T21:11:01.9732818Z","C:\Program Files (x86)\Steam\steamapps\common\Barotrauma\Content\Map\Biomes\TheGreatSea\GreatSeaBackgroundChunks.png"
"Content/Map/Biomes/TheGreatSea/LevelObjects.png","LevelObjects.png","png","1499105","2025-06-08T21:11:01.9732818Z","C:\Program Files (x86)\Steam\steamapps\common\Barotrauma\Content\Map\Biomes\TheGreatSea\LevelObjects.png"
"Content/Map/Biomes/TheGreatSea/LevelWall.png","LevelWall.png","png","227478","2025-06-08T21:11:12.4438784Z","C:\Program Files (x86)\Steam\steamapps\common\Barotrauma\Content\Map\Biomes\TheGreatSea\LevelWall.png"
"Content/Map/Biomes/TheGreatSea/LevelWallEdge.png","LevelWallEdge.png","png","804382","2025-06-08T21:11:01.9732818Z","C:\Program Files (x86)\Steam\steamapps\common\Barotrauma\Content\Map\Biomes\TheGreatSea\LevelWallEdge.png"
"Content/Map/Biomes/TheGreatSea/Lightning.png","Lightning.png","png","477871","2025-06-08T21:11:01.9732818Z","C:\Program Files (x86)\Steam\steamapps\common\Barotrauma\Content\Map\Biomes\TheGreatSea\Lightning.png"
"Content/Map/Biomes/TheGreatSea/WallEdgeChunks.png","WallEdgeChunks.png","png","1637540","2025-06-08T21:11:01.9742817Z","C:\Program Files (x86)\Steam\steamapps\common\Barotrauma\Content\Map\Biomes\TheGreatSea\WallEdgeChunks.png"
"Content/Map/DecorativeVentilation.png","DecorativeVentilation.png","png","845409","2025-09-18T02:31:38.7724423Z","C:\Program Files (x86)\Steam\steamapps\common\Barotrauma\Content\Map\DecorativeVentilation.png"
"Content/Map/ExteriorWallsA.png","ExteriorWallsA.png","png","2091270","2025-06-08T21:11:01.9742817Z","C:\Program Files (x86)\Steam\steamapps\common\Barotrauma\Content\Map\ExteriorWallsA.png"
"Content/Map/ExteriorWallsABack.png","ExteriorWallsABack.png","png","1877176","2025-06-08T21:11:01.9742817Z","C:\Program Files (x86)\Steam\steamapps\common\Barotrauma\Content\Map\ExteriorWallsABack.png"
"Content/Map/FinsA.png","FinsA.png","png","1542669","2025-06-08T21:11:01.9742817Z","C:\Program Files (x86)\Steam\steamapps\common\Barotrauma\Content\Map\FinsA.png"
"Content/Map/LabelIcons.png","LabelIcons.png","png","98017","2025-06-08T21:11:15.4729514Z","C:\Program Files (x86)\Steam\steamapps\common\Barotrauma\Content\Map\LabelIcons.png"
"Content/Map/LabelLetters.png","LabelLetters.png","png","35222","2025-06-08T21:11:08.5526092Z","C:\Program Files (x86)\Steam\steamapps\common\Barotrauma\Content\Map\LabelLetters.png"
"Content/Map/LabelLetters2.png","LabelLetters2.png","png","257516","2025-06-08T21:11:16.6112913Z","C:\Program Files (x86)\Steam\steamapps\common\Barotrauma\Content\Map\LabelLetters2.png"
"Content/Map/LargeInsideWalls.png","LargeInsideWalls.png","png","411474","2025-12-10T00:32:43.2480253Z","C:\Program Files (x86)\Steam\steamapps\common\Barotrauma\Content\Map\LargeInsideWalls.png"
"Content/Map/LocationPortraits/AlienRuins.png","AlienRuins.png","png","1473317","2025-06-08T21:11:01.9742817Z","C:\Program Files (x86)\Steam\steamapps\common\Barotrauma\Content\Map\LocationPortraits\AlienRuins.png"
"Content/Map/LocationPortraits/AlienRuins2.png","AlienRuins2.png","png","1375120","2025-06-08T21:11:01.9752818Z","C:\Program Files (x86)\Steam\steamapps\common\Barotrauma\Content\Map\LocationPortraits\AlienRuins2.png"
"Content/Map/LocationPortraits/AlienRuins3.png","AlienRuins3.png","png","1375120","2025-06-08T21:11:01.9752818Z","C:\Program Files (x86)\Steam\steamapps\common\Barotrauma\Content\Map\LocationPortraits\AlienRuins3.png"
"Content/Map/LocationPortraits/AlienRuins4.png","AlienRuins4.png","png","1618308","2025-06-08T21:11:01.9752818Z","C:\Program Files (x86)\Steam\steamapps\common\Barotrauma\Content\Map\LocationPortraits\AlienRuins4.png"
"Content/Map/LocationPortraits/Colony.png","Colony.png","png","2890632","2025-06-08T21:11:01.9752818Z","C:\Program Files (x86)\Steam\steamapps\common\Barotrauma\Content\Map\LocationPortraits\Colony.png"
"Content/Map/LocationPortraits/Colony2.png","Colony2.png","png","1107947","2025-06-08T21:11:01.9752818Z","C:\Program Files (x86)\Steam\steamapps\common\Barotrauma\Content\Map\LocationPortraits\Colony2.png"
"Content/Map/LocationPortraits/Colony3.png","Colony3.png","png","1414997","2025-06-08T21:11:01.9752818Z","C:\Program Files (x86)\Steam\steamapps\common\Barotrauma\Content\Map\LocationPortraits\Colony3.png"
"Content/Map/LocationPortraits/Colony4.png","Colony4.png","png","1528861","2025-06-08T21:11:01.9752818Z","C:\Program Files (x86)\Steam\steamapps\common\Barotrauma\Content\Map\LocationPortraits\Colony4.png"
"Content/Map/LocationPortraits/EndPortrait1.png","EndPortrait1.png","png","1445132","2025-06-08T21:11:01.9752818Z","C:\Program Files (x86)\Steam\steamapps\common\Barotrauma\Content\Map\LocationPortraits\EndPortrait1.png"
"Content/Map/LocationPortraits/EndPortrait2.png","EndPortrait2.png","png","1430840","2025-06-08T21:11:01.9762820Z","C:\Program Files (x86)\Steam\steamapps\common\Barotrauma\Content\Map\LocationPortraits\EndPortrait2.png"
"Content/Map/LocationPortraits/EndPortrait3.png","EndPortrait3.png","png","1382585","2025-06-08T21:11:01.9762820Z","C:\Program Files (x86)\Steam\steamapps\common\Barotrauma\Content\Map\LocationPortraits\EndPortrait3.png"
"Content/Map/LocationPortraits/EndPortrait4.png","EndPortrait4.png","png","763597","2025-06-08T21:11:01.9762820Z","C:\Program Files (x86)\Steam\steamapps\common\Barotrauma\Content\Map\LocationPortraits\EndPortrait4.png"
"Content/Map/LocationPortraits/HabitationOutpost.png","HabitationOutpost.png","png","1183771","2025-06-08T21:11:01.9762820Z","C:\Program Files (x86)\Steam\steamapps\common\Barotrauma\Content\Map\LocationPortraits\HabitationOutpost.png"
"Content/Map/LocationPortraits/HabitationOutpost2.png","HabitationOutpost2.png","png","1095031","2025-06-08T21:11:01.9762820Z","C:\Program Files (x86)\Steam\steamapps\common\Barotrauma\Content\Map\LocationPortraits\HabitationOutpost2.png"
"Content/Map/LocationPortraits/HabitationOutpost3.png","HabitationOutpost3.png","png","1483900","2025-06-08T21:11:01.9762820Z","C:\Program Files (x86)\Steam\steamapps\common\Barotrauma\Content\Map\LocationPortraits\HabitationOutpost3.png"
"Content/Map/LocationPortraits/HabitationOutpost4.png","HabitationOutpost4.png","png","1447471","2025-06-08T21:11:01.9762820Z","C:\Program Files (x86)\Steam\steamapps\common\Barotrauma\Content\Map\LocationPortraits\HabitationOutpost4.png"
"Content/Map/LocationPortraits/MainMenu1.png","MainMenu1.png","png","2809282","2025-06-08T21:11:01.9762820Z","C:\Program Files (x86)\Steam\steamapps\common\Barotrauma\Content\Map\LocationPortraits\MainMenu1.png"
"Content/Map/LocationPortraits/MainMenu2.png","MainMenu2.png","png","1791039","2025-06-08T21:11:01.9762820Z","C:\Program Files (x86)\Steam\steamapps\common\Barotrauma\Content\Map\LocationPortraits\MainMenu2.png"
"Content/Map/LocationPortraits/NaturalFormations.png","NaturalFormations.png","png","869868","2025-06-08T21:11:01.9772820Z","C:\Program Files (x86)\Steam\steamapps\common\Barotrauma\Content\Map\LocationPortraits\NaturalFormations.png"
"Content/Map/LocationPortraits/NaturalFormations2.png","NaturalFormations2.png","png","1237300","2025-06-08T21:11:01.9772820Z","C:\Program Files (x86)\Steam\steamapps\common\Barotrauma\Content\Map\LocationPortraits\NaturalFormations2.png"
"Content/Map/LocationPortraits/NaturalFormations3.png","NaturalFormations3.png","png","1358941","2025-06-08T21:11:01.9772820Z","C:\Program Files (x86)\Steam\steamapps\common\Barotrauma\Content\Map\LocationPortraits\NaturalFormations3.png"
"Content/Map/LocationPortraits/NaturalFormations4.png","NaturalFormations4.png","png","1583879","2025-06-08T21:11:01.9782838Z","C:\Program Files (x86)\Steam\steamapps\common\Barotrauma\Content\Map\LocationPortraits\NaturalFormations4.png"
"Content/Map/LocationPortraits/WorkCampMilitary.png","WorkCampMilitary.png","png","2977716","2025-06-08T21:11:01.9782838Z","C:\Program Files (x86)\Steam\steamapps\common\Barotrauma\Content\Map\LocationPortraits\WorkCampMilitary.png"
"Content/Map/LocationPortraits/WorkCampMilitary2.png","WorkCampMilitary2.png","png","1585821","2025-06-08T21:11:01.9782838Z","C:\Program Files (x86)\Steam\steamapps\common\Barotrauma\Content\Map\LocationPortraits\WorkCampMilitary2.png"
"Content/Map/LocationPortraits/WorkCampMilitary3.png","WorkCampMilitary3.png","png","1479185","2025-06-08T21:11:01.9792904Z","C:\Program Files (x86)\Steam\steamapps\common\Barotrauma\Content\Map\LocationPortraits\WorkCampMilitary3.png"
"Content/Map/LocationPortraits/WorkCampMilitary4.png","WorkCampMilitary4.png","png","1623520","2025-06-08T21:11:01.9792904Z","C:\Program Files (x86)\Steam\steamapps\common\Barotrauma\Content\Map\LocationPortraits\WorkCampMilitary4.png"
"Content/Map/LocationPortraits/WorkCampMining1.png","WorkCampMining1.png","png","1317650","2025-06-08T21:11:01.9792904Z","C:\Program Files (x86)\Steam\steamapps\common\Barotrauma\Content\Map\LocationPortraits\WorkCampMining1.png"
"Content/Map/LocationPortraits/WorkCampMining2.png","WorkCampMining2.png","png","1368227","2025-06-08T21:11:01.9792904Z","C:\Program Files (x86)\Steam\steamapps\common\Barotrauma\Content\Map\LocationPortraits\WorkCampMining2.png"
"Content/Map/LocationPortraits/WorkCampMining3.png","WorkCampMining3.png","png","1414378","2025-06-08T21:11:01.9803050Z","C:\Program Files (x86)\Steam\steamapps\common\Barotrauma\Content\Map\LocationPortraits\WorkCampMining3.png"
"Content/Map/LocationPortraits/WorkCampMining4.png","WorkCampMining4.png","png","1405479","2025-06-08T21:11:01.9803050Z","C:\Program Files (x86)\Steam\steamapps\common\Barotrauma\Content\Map\LocationPortraits\WorkCampMining4.png"
"Content/Map/LocationPortraits/WorkCampResearchFacility1.png","WorkCampResearchFacility1.png","png","1077116","2025-06-08T21:11:01.9803050Z","C:\Program Files (x86)\Steam\steamapps\common\Barotrauma\Content\Map\LocationPortraits\WorkCampResearchFacility1.png"
"Content/Map/LocationPortraits/WorkCampResearchFacility2.png","WorkCampResearchFacility2.png","png","1414150","2025-06-08T21:11:01.9803050Z","C:\Program Files (x86)\Steam\steamapps\common\Barotrauma\Content\Map\LocationPortraits\WorkCampResearchFacility2.png"
"Content/Map/LocationPortraits/WorkCampResearchFacility3.png","WorkCampResearchFacility3.png","png","1257639","2025-06-08T21:11:01.9803050Z","C:\Program Files (x86)\Steam\steamapps\common\Barotrauma\Content\Map\LocationPortraits\WorkCampResearchFacility3.png"
"Content/Map/LocationPortraits/WorkCampResearchFacility4.png","WorkCampResearchFacility4.png","png","1601615","2025-06-08T21:11:01.9812964Z","C:\Program Files (x86)\Steam\steamapps\common\Barotrauma\Content\Map\LocationPortraits\WorkCampResearchFacility4.png"
"Content/Map/LocationPortraits/Wreck1.png","Wreck1.png","png","1570720","2025-06-08T21:11:01.9812964Z","C:\Program Files (x86)\Steam\steamapps\common\Barotrauma\Content\Map\LocationPortraits\Wreck1.png"
"Content/Map/LocationPortraits/Wreck2.png","Wreck2.png","png","1721843","2025-06-08T21:11:01.9812964Z","C:\Program Files (x86)\Steam\steamapps\common\Barotrauma\Content\Map\LocationPortraits\Wreck2.png"
"Content/Map/LocationPortraits/Wreck3.png","Wreck3.png","png","1661835","2025-06-08T21:11:01.9812964Z","C:\Program Files (x86)\Steam\steamapps\common\Barotrauma\Content\Map\LocationPortraits\Wreck3.png"
"Content/Map/LocationPortraits/Wreck4.png","Wreck4.png","png","1721914","2025-06-08T21:11:01.9812964Z","C:\Program Files (x86)\Steam\steamapps\common\Barotrauma\Content\Map\LocationPortraits\Wreck4.png"
"Content/Map/LocationPortraits/Wreck5.png","Wreck5.png","png","1714290","2025-06-08T21:11:01.9812964Z","C:\Program Files (x86)\Steam\steamapps\common\Barotrauma\Content\Map\LocationPortraits\Wreck5.png"
"Content/Map/MapAtlas.png","MapAtlas.png","png","444758","2025-06-19T20:07:27.3251531Z","C:\Program Files (x86)\Steam\steamapps\common\Barotrauma\Content\Map\MapAtlas.png"
"Content/Map/MapCircle.png","MapCircle.png","png","35540","2025-06-08T21:11:28.9245408Z","C:\Program Files (x86)\Steam\steamapps\common\Barotrauma\Content\Map\MapCircle.png"
"Content/Map/MapHUD.png","MapHUD.png","png","280899","2025-06-08T21:11:01.9812964Z","C:\Program Files (x86)\Steam\steamapps\common\Barotrauma\Content\Map\MapHUD.png"
"Content/Map/MapPieces/MapPieces.png","MapPieces.png","png","975519","2025-06-08T21:11:01.9822958Z","C:\Program Files (x86)\Steam\steamapps\common\Barotrauma\Content\Map\MapPieces\MapPieces.png"
"Content/Map/MiscStructures.png","MiscStructures.png","png","1447243","2025-06-08T21:11:01.9822958Z","C:\Program Files (x86)\Steam\steamapps\common\Barotrauma\Content\Map\MiscStructures.png"
"Content/Map/MiscStructures2.png","MiscStructures2.png","png","91841","2025-06-08T21:11:12.7948143Z","C:\Program Files (x86)\Steam\steamapps\common\Barotrauma\Content\Map\MiscStructures2.png"
"Content/Map/NeonSign_Light.png","NeonSign_Light.png","png","361578","2025-06-08T21:11:01.9822958Z","C:\Program Files (x86)\Steam\steamapps\common\Barotrauma\Content\Map\NeonSign_Light.png"
"Content/Map/OpbgMaintenanceBay.png","OpbgMaintenanceBay.png","png","1484475","2025-06-08T21:11:01.9822958Z","C:\Program Files (x86)\Steam\steamapps\common\Barotrauma\Content\Map\OpbgMaintenanceBay.png"
"Content/Map/OpbgShop.png","OpbgShop.png","png","1197738","2025-06-08T21:11:01.9822958Z","C:\Program Files (x86)\Steam\steamapps\common\Barotrauma\Content\Map\OpbgShop.png"
"Content/Map/Outposts/AbandonedOutpost/HumanEnemyA.png","HumanEnemyA.png","png","1052663","2025-06-08T21:11:01.9822958Z","C:\Program Files (x86)\Steam\steamapps\common\Barotrauma\Content\Map\Outposts\AbandonedOutpost\HumanEnemyA.png"
"Content/Map/Outposts/AbandonedOutpost/MonsterScumsA.png","MonsterScumsA.png","png","352234","2025-06-08T21:11:01.9822958Z","C:\Program Files (x86)\Steam\steamapps\common\Barotrauma\Content\Map\Outposts\AbandonedOutpost\MonsterScumsA.png"
"Content/Map/Outposts/AbandonedOutpost/RustedDecalItem.png","RustedDecalItem.png","png","534165","2025-06-08T21:11:01.9832486Z","C:\Program Files (x86)\Steam\steamapps\common\Barotrauma\Content\Map\Outposts\AbandonedOutpost\RustedDecalItem.png"
"Content/Map/Outposts/AbandonedOutpost/RustedDecalWall.png","RustedDecalWall.png","png","470593","2025-06-08T21:11:01.9832486Z","C:\Program Files (x86)\Steam\steamapps\common\Barotrauma\Content\Map\Outposts\AbandonedOutpost\RustedDecalWall.png"
"Content/Map/Outposts/Art/AdminResidentAssets.png","AdminResidentAssets.png","png","1121751","2025-06-08T21:11:01.9832486Z","C:\Program Files (x86)\Steam\steamapps\common\Barotrauma\Content\Map\Outposts\Art\AdminResidentAssets.png"
"Content/Map/Outposts/Art/ArmoryColonyModule.png","ArmoryColonyModule.png","png","182739","2025-06-08T21:11:12.8428497Z","C:\Program Files (x86)\Steam\steamapps\common\Barotrauma\Content\Map\Outposts\Art\ArmoryColonyModule.png"
"Content/Map/Outposts/Art/CafeteriaGardenAssets.png","CafeteriaGardenAssets.png","png","317118","2025-06-08T21:11:01.9832486Z","C:\Program Files (x86)\Steam\steamapps\common\Barotrauma\Content\Map\Outposts\Art\CafeteriaGardenAssets.png"
"Content/Map/Outposts/Art/ClownDistrict.png","ClownDistrict.png","png","1131973","2025-06-08T21:11:01.9840282Z","C:\Program Files (x86)\Steam\steamapps\common\Barotrauma\Content\Map\Outposts\Art\ClownDistrict.png"
"Content/Map/Outposts/Art/EngineerColonyModule.png","EngineerColonyModule.png","png","349877","2025-06-08T21:11:01.9840282Z","C:\Program Files (x86)\Steam\steamapps\common\Barotrauma\Content\Map\Outposts\Art\EngineerColonyModule.png"
"Content/Map/Outposts/Art/EngineerColonyModule2.png","EngineerColonyModule2.png","png","889293","2025-06-08T21:11:01.9840282Z","C:\Program Files (x86)\Steam\steamapps\common\Barotrauma\Content\Map\Outposts\Art\EngineerColonyModule2.png"
"Content/Map/Outposts/Art/EngineerColonyModule3.png","EngineerColonyModule3.png","png","354700","2025-06-08T21:11:01.9840282Z","C:\Program Files (x86)\Steam\steamapps\common\Barotrauma\Content\Map\Outposts\Art\EngineerColonyModule3.png"
"Content/Map/Outposts/Art/Event_pic1.png","Event_pic1.png","png","1144643","2025-06-08T21:11:01.9840282Z","C:\Program Files (x86)\Steam\steamapps\common\Barotrauma\Content\Map\Outposts\Art\Event_pic1.png"
"Content/Map/Outposts/Art/Event_pic2.png","Event_pic2.png","png","1232559","2025-06-08T21:11:01.9840282Z","C:\Program Files (x86)\Steam\steamapps\common\Barotrauma\Content\Map\Outposts\Art\Event_pic2.png"
"Content/Map/Outposts/Art/Event_pic3.png","Event_pic3.png","png","417929","2025-06-08T21:11:01.9840282Z","C:\Program Files (x86)\Steam\steamapps\common\Barotrauma\Content\Map\Outposts\Art\Event_pic3.png"
"Content/Map/Outposts/Art/Event_pic4.png","Event_pic4.png","png","2001964","2025-06-08T21:11:01.9840282Z","C:\Program Files (x86)\Steam\steamapps\common\Barotrauma\Content\Map\Outposts\Art\Event_pic4.png"
"Content/Map/Outposts/Art/FactionItems.png","FactionItems.png","png","210093","2025-06-08T21:11:23.1646202Z","C:\Program Files (x86)\Steam\steamapps\common\Barotrauma\Content\Map\Outposts\Art\FactionItems.png"
"Content/Map/Outposts/Art/GenericAssets2.png","GenericAssets2.png","png","1149401","2025-06-08T21:11:01.9840282Z","C:\Program Files (x86)\Steam\steamapps\common\Barotrauma\Content\Map\Outposts\Art\GenericAssets2.png"
"Content/Map/Outposts/Art/GenericWalls.png","GenericWalls.png","png","1599767","2025-06-08T21:11:01.9840282Z","C:\Program Files (x86)\Steam\steamapps\common\Barotrauma\Content\Map\Outposts\Art\GenericWalls.png"
"Content/Map/Outposts/Art/GenericWalls2.png","GenericWalls2.png","png","1298114","2025-06-08T21:11:01.9850338Z","C:\Program Files (x86)\Steam\steamapps\common\Barotrauma\Content\Map\Outposts\Art\GenericWalls2.png"
"Content/Map/Outposts/Art/HumanResourcesAssets.png","HumanResourcesAssets.png","png","280731","2025-06-08T21:11:01.9850338Z","C:\Program Files (x86)\Steam\steamapps\common\Barotrauma\Content\Map\Outposts\Art\HumanResourcesAssets.png"
"Content/Map/Outposts/Art/HuskDistrict.png","HuskDistrict.png","png","1170459","2025-06-08T21:11:01.9850338Z","C:\Program Files (x86)\Steam\steamapps\common\Barotrauma\Content\Map\Outposts\Art\HuskDistrict.png"
"Content/Map/Outposts/Art/ManagerOfficeAssets.png","ManagerOfficeAssets.png","png","342329","2025-06-08T21:11:01.9850338Z","C:\Program Files (x86)\Steam\steamapps\common\Barotrauma\Content\Map\Outposts\Art\ManagerOfficeAssets.png"
"Content/Map/Outposts/Art/MedBayAssets.png","MedBayAssets.png","png","316226","2025-06-08T21:11:01.9850338Z","C:\Program Files (x86)\Steam\steamapps\common\Barotrauma\Content\Map\Outposts\Art\MedBayAssets.png"
"Content/Map/Outposts/Art/MedicalColonyAssets.png","MedicalColonyAssets.png","png","345360","2025-06-08T21:11:01.9850338Z","C:\Program Files (x86)\Steam\steamapps\common\Barotrauma\Content\Map\Outposts\Art\MedicalColonyAssets.png"
"Content/Map/Outposts/Art/MedicalItemResearch.png","MedicalItemResearch.png","png","389151","2025-06-08T21:11:01.9850338Z","C:\Program Files (x86)\Steam\steamapps\common\Barotrauma\Content\Map\Outposts\Art\MedicalItemResearch.png"
"Content/Map/Outposts/Art/MedicalItemResearchLights.png","MedicalItemResearchLights.png","png","96363","2025-06-08T21:11:29.9459902Z","C:\Program Files (x86)\Steam\steamapps\common\Barotrauma\Content\Map\Outposts\Art\MedicalItemResearchLights.png"
"Content/Map/Outposts/Art/MiningMachine.png","MiningMachine.png","png","598611","2025-06-08T21:11:01.9850338Z","C:\Program Files (x86)\Steam\steamapps\common\Barotrauma\Content\Map\Outposts\Art\MiningMachine.png"
"Content/Map/Outposts/Art/ResearchBackgroundWalls.png","ResearchBackgroundWalls.png","png","1226419","2025-06-08T21:11:01.9860328Z","C:\Program Files (x86)\Steam\steamapps\common\Barotrauma\Content\Map\Outposts\Art\ResearchBackgroundWalls.png"
"Content/Map/Outposts/Art/SeparatistOutpost.png","SeparatistOutpost.png","png","1192914","2025-06-08T21:11:01.9860328Z","C:\Program Files (x86)\Steam\steamapps\common\Barotrauma\Content\Map\Outposts\Art\SeparatistOutpost.png"
"Content/Map/Outposts/Art/Shop.png","Shop.png","png","1134198","2025-06-08T21:11:01.9860328Z","C:\Program Files (x86)\Steam\steamapps\common\Barotrauma\Content\Map\Outposts\Art\Shop.png"
"Content/Map/Outposts/Art/SignAssets.png","SignAssets.png","png","235120","2025-06-08T21:11:18.2311561Z","C:\Program Files (x86)\Steam\steamapps\common\Barotrauma\Content\Map\Outposts\Art\SignAssets.png"
"Content/Map/Outposts/Art/Storage.png","Storage.png","png","1094297","2025-06-08T21:11:01.9864578Z","C:\Program Files (x86)\Steam\steamapps\common\Barotrauma\Content\Map\Outposts\Art\Storage.png"
"Content/Map/Outposts/Art/TunnelIceWalls.png","TunnelIceWalls.png","png","1079334","2025-06-08T21:11:01.9864578Z","C:\Program Files (x86)\Steam\steamapps\common\Barotrauma\Content\Map\Outposts\Art\TunnelIceWalls.png"
"Content/Map/Outposts/Art/TunnelWalls.png","TunnelWalls.png","png","1618886","2025-06-08T21:11:01.9864578Z","C:\Program Files (x86)\Steam\steamapps\common\Barotrauma\Content\Map\Outposts\Art\TunnelWalls.png"
"Content/Map/OutpostWall_A.png","OutpostWall_A.png","png","143520","2025-06-08T21:11:18.2907512Z","C:\Program Files (x86)\Steam\steamapps\common\Barotrauma\Content\Map\OutpostWall_A.png"
"Content/Map/Pirates/pirate_1.png","pirate_1.png","png","86196","2025-06-08T21:11:13.0742884Z","C:\Program Files (x86)\Steam\steamapps\common\Barotrauma\Content\Map\Pirates\pirate_1.png"
"Content/Map/Pirates/pirate_2.png","pirate_2.png","png","90116","2025-06-08T21:11:21.7175036Z","C:\Program Files (x86)\Steam\steamapps\common\Barotrauma\Content\Map\Pirates\pirate_2.png"
"Content/Map/Pirates/pirate_3.png","pirate_3.png","png","86350","2025-06-08T21:11:18.3973707Z","C:\Program Files (x86)\Steam\steamapps\common\Barotrauma\Content\Map\Pirates\pirate_3.png"
"Content/Map/Pirates/PirateEquip.png","PirateEquip.png","png","8101","2025-06-08T21:11:18.2311561Z","C:\Program Files (x86)\Steam\steamapps\common\Barotrauma\Content\Map\Pirates\PirateEquip.png"
"Content/Map/Pirates/PirateShipAssets.png","PirateShipAssets.png","png","1154559","2025-06-08T21:11:01.9874611Z","C:\Program Files (x86)\Steam\steamapps\common\Barotrauma\Content\Map\Pirates\PirateShipAssets.png"
"Content/Map/Pirates/PirateShipAssets2.png","PirateShipAssets2.png","png","1488467","2025-06-08T21:11:01.9874611Z","C:\Program Files (x86)\Steam\steamapps\common\Barotrauma\Content\Map\Pirates\PirateShipAssets2.png"
"Content/Map/Pirates/PirateShipAssets3.png","PirateShipAssets3.png","png","1153560","2025-06-08T21:11:01.9874611Z","C:\Program Files (x86)\Steam\steamapps\common\Barotrauma\Content\Map\Pirates\PirateShipAssets3.png"
"Content/Map/radiationborder.png","radiationborder.png","png","777490","2025-06-08T21:11:01.9874611Z","C:\Program Files (x86)\Steam\steamapps\common\Barotrauma\Content\Map\radiationborder.png"
"Content/Map/Reticles.png","Reticles.png","png","257452","2025-06-08T21:11:13.1319763Z","C:\Program Files (x86)\Steam\steamapps\common\Barotrauma\Content\Map\Reticles.png"
"Content/Map/ruins.png","ruins.png","png","674276","2025-06-08T21:11:01.9884609Z","C:\Program Files (x86)\Steam\steamapps\common\Barotrauma\Content\Map\ruins.png"
"Content/Map/ShuttleWalls.png","ShuttleWalls.png","png","982529","2025-06-08T21:11:01.9884609Z","C:\Program Files (x86)\Steam\steamapps\common\Barotrauma\Content\Map\ShuttleWalls.png"
"Content/Map/SubmarineDeco.png","SubmarineDeco.png","png","257990","2025-06-08T21:11:18.7552477Z","C:\Program Files (x86)\Steam\steamapps\common\Barotrauma\Content\Map\SubmarineDeco.png"
"Content/Map/SubRearBow3.png","SubRearBow3.png","png","436696","2025-06-08T21:11:01.9889978Z","C:\Program Files (x86)\Steam\steamapps\common\Barotrauma\Content\Map\SubRearBow3.png"
"Content/Map/SubWindows.png","SubWindows.png","png","81223","2025-06-08T21:11:18.5636225Z","C:\Program Files (x86)\Steam\steamapps\common\Barotrauma\Content\Map\SubWindows.png"
"Content/Map/testroom.png","testroom.png","png","953106","2025-06-08T21:11:01.9889978Z","C:\Program Files (x86)\Steam\steamapps\common\Barotrauma\Content\Map\testroom.png"
"Content/Map/Thalamus/thalamus.png","thalamus.png","png","865952","2025-06-08T21:11:01.9889978Z","C:\Program Files (x86)\Steam\steamapps\common\Barotrauma\Content\Map\Thalamus\thalamus.png"
"Content/Map/walldamage.png","walldamage.png","png","494133","2025-06-08T21:11:01.9900009Z","C:\Program Files (x86)\Steam\steamapps\common\Barotrauma\Content\Map\walldamage.png"
"Content/Particles/ballastfloraSpore.png","ballastfloraSpore.png","png","407448","2025-06-08T21:11:01.9920007Z","C:\Program Files (x86)\Steam\steamapps\common\Barotrauma\Content\Particles\ballastfloraSpore.png"
"Content/Particles/burnt.png","burnt.png","png","485003","2025-06-08T21:11:01.9920007Z","C:\Program Files (x86)\Steam\steamapps\common\Barotrauma\Content\Particles\burnt.png"
"Content/Particles/DebrisBurst.png","DebrisBurst.png","png","9467972","2025-06-08T21:11:01.9920007Z","C:\Program Files (x86)\Steam\steamapps\common\Barotrauma\Content\Particles\DebrisBurst.png"
"Content/Particles/ExplosionAtlas.png","ExplosionAtlas.png","png","4500221","2025-06-08T21:11:01.9920007Z","C:\Program Files (x86)\Steam\steamapps\common\Barotrauma\Content\Particles\ExplosionAtlas.png"
"Content/Particles/explosiondecal.png","explosiondecal.png","png","108902","2025-06-08T21:11:19.4343750Z","C:\Program Files (x86)\Steam\steamapps\common\Barotrauma\Content\Particles\explosiondecal.png"
"Content/Particles/FlameRoundParticleSheet.png","FlameRoundParticleSheet.png","png","702616","2025-06-08T21:11:01.9920007Z","C:\Program Files (x86)\Steam\steamapps\common\Barotrauma\Content\Particles\FlameRoundParticleSheet.png"
"Content/Particles/GrimeSheet.png","GrimeSheet.png","png","22014","2025-06-08T21:11:24.1872535Z","C:\Program Files (x86)\Steam\steamapps\common\Barotrauma\Content\Particles\GrimeSheet.png"
"Content/Particles/IceExplosion.png","IceExplosion.png","png","227214","2025-06-08T21:11:19.4343750Z","C:\Program Files (x86)\Steam\steamapps\common\Barotrauma\Content\Particles\IceExplosion.png"
"Content/Particles/LightningParticleSheet.png","LightningParticleSheet.png","png","78984","2025-06-08T21:11:13.4621525Z","C:\Program Files (x86)\Steam\steamapps\common\Barotrauma\Content\Particles\LightningParticleSheet.png"
"Content/Particles/MuzzleFlashParticleSheet.png","MuzzleFlashParticleSheet.png","png","430802","2025-06-08T21:11:01.9920007Z","C:\Program Files (x86)\Steam\steamapps\common\Barotrauma\Content\Particles\MuzzleFlashParticleSheet.png"
"Content/Particles/ParticleAtlas.png","ParticleAtlas.png","png","96149","2025-06-08T21:11:12.8981626Z","C:\Program Files (x86)\Steam\steamapps\common\Barotrauma\Content\Particles\ParticleAtlas.png"
"Content/Particles/RisingBubbleSheet.png","RisingBubbleSheet.png","png","280993","2025-06-08T21:11:01.9920007Z","C:\Program Files (x86)\Steam\steamapps\common\Barotrauma\Content\Particles\RisingBubbleSheet.png"
"Content/Particles/Smoke.png","Smoke.png","png","387298","2025-06-08T21:11:01.9930006Z","C:\Program Files (x86)\Steam\steamapps\common\Barotrauma\Content\Particles\Smoke.png"
"Content/Particles/SmokeParticleSheet.png","SmokeParticleSheet.png","png","195492","2025-06-08T21:11:13.5230742Z","C:\Program Files (x86)\Steam\steamapps\common\Barotrauma\Content\Particles\SmokeParticleSheet.png"
"Content/Particles/Spatter1.png","Spatter1.png","png","251643","2025-06-08T21:11:32.1241719Z","C:\Program Files (x86)\Steam\steamapps\common\Barotrauma\Content\Particles\Spatter1.png"
"Content/Particles/Spatter2.png","Spatter2.png","png","129870","2025-06-08T21:11:32.1231710Z","C:\Program Files (x86)\Steam\steamapps\common\Barotrauma\Content\Particles\Spatter2.png"
"Content/Particles/Spatter3.png","Spatter3.png","png","91655","2025-06-08T21:11:12.8991627Z","C:\Program Files (x86)\Steam\steamapps\common\Barotrauma\Content\Particles\Spatter3.png"
"Content/Particles/UnderwaterExplosionSheet.png","UnderwaterExplosionSheet.png","png","1168051","2025-06-08T21:11:01.9930006Z","C:\Program Files (x86)\Steam\steamapps\common\Barotrauma\Content\Particles\UnderwaterExplosionSheet.png"
"Content/Particles/vomitdecal.png","vomitdecal.png","png","28558","2025-06-08T21:11:19.3757528Z","C:\Program Files (x86)\Steam\steamapps\common\Barotrauma\Content\Particles\vomitdecal.png"
"Content/size_reference.png","size_reference.png","png","73506","2025-06-08T21:11:13.2378297Z","C:\Program Files (x86)\Steam\steamapps\common\Barotrauma\Content\size_reference.png"
"Content/Tutorials/BasicTutorialBanner.png","BasicTutorialBanner.png","png","630615","2025-06-08T21:11:02.0125068Z","C:\Program Files (x86)\Steam\steamapps\common\Barotrauma\Content\Tutorials\BasicTutorialBanner.png"
"Content/Tutorials/RolesTutorialBanner.png","RolesTutorialBanner.png","png","750988","2025-06-08T21:11:02.0125068Z","C:\Program Files (x86)\Steam\steamapps\common\Barotrauma\Content\Tutorials\RolesTutorialBanner.png"
"Content/UI/blindoverlay.png","blindoverlay.png","png","283803","2025-06-08T21:11:02.0125068Z","C:\Program Files (x86)\Steam\steamapps\common\Barotrauma\Content\UI\blindoverlay.png"
"Content/UI/CameraOverlay.png","CameraOverlay.png","png","4544225","2025-06-08T21:11:02.0125068Z","C:\Program Files (x86)\Steam\steamapps\common\Barotrauma\Content\UI\CameraOverlay.png"
"Content/UI/CampaignUIAtlas.png","CampaignUIAtlas.png","png","171087","2025-06-08T21:11:47.2561165Z","C:\Program Files (x86)\Steam\steamapps\common\Barotrauma\Content\UI\CampaignUIAtlas.png"
"Content/UI/CampaignUIAtlas2.png","CampaignUIAtlas2.png","png","383720","2025-06-19T20:07:27.3283982Z","C:\Program Files (x86)\Steam\steamapps\common\Barotrauma\Content\UI\CampaignUIAtlas2.png"
"Content/UI/caret.png","caret.png","png","74","2025-06-08T21:11:42.4270940Z","C:\Program Files (x86)\Steam\steamapps\common\Barotrauma\Content\UI\caret.png"
"Content/UI/CommandUIAtlas.png","CommandUIAtlas.png","png","402540","2025-06-08T21:11:02.0125068Z","C:\Program Files (x86)\Steam\steamapps\common\Barotrauma\Content\UI\CommandUIAtlas.png"
"Content/UI/CommandUIBackground.png","CommandUIBackground.png","png","378020","2025-06-08T21:11:02.0135063Z","C:\Program Files (x86)\Steam\steamapps\common\Barotrauma\Content\UI\CommandUIBackground.png"
"Content/UI/ContainerIndicators.png","ContainerIndicators.png","png","17755","2025-06-08T21:11:42.4280954Z","C:\Program Files (x86)\Steam\steamapps\common\Barotrauma\Content\UI\ContainerIndicators.png"
"Content/UI/cursor.png","cursor.png","png","4001","2025-06-08T21:11:31.4284353Z","C:\Program Files (x86)\Steam\steamapps\common\Barotrauma\Content\UI\cursor.png"
"Content/UI/damageOverlay.png","damageOverlay.png","png","635797","2025-06-08T21:11:02.0135063Z","C:\Program Files (x86)\Steam\steamapps\common\Barotrauma\Content\UI\damageOverlay.png"
"Content/UI/DeathScreenBg.png","DeathScreenBg.png","png","5234895","2025-06-08T21:11:02.0135063Z","C:\Program Files (x86)\Steam\steamapps\common\Barotrauma\Content\UI\DeathScreenBg.png"
"Content/UI/DeathScreenForeground.png","DeathScreenForeground.png","png","645121","2025-06-08T21:11:02.0135063Z","C:\Program Files (x86)\Steam\steamapps\common\Barotrauma\Content\UI\DeathScreenForeground.png"
"Content/UI/FocusIndicator.png","FocusIndicator.png","png","27238","2025-06-08T21:11:42.4913098Z","C:\Program Files (x86)\Steam\steamapps\common\Barotrauma\Content\UI\FocusIndicator.png"
"Content/UI/generic_throbber.png","generic_throbber.png","png","21866","2025-06-08T21:11:32.2885941Z","C:\Program Files (x86)\Steam\steamapps\common\Barotrauma\Content\UI\generic_throbber.png"
"Content/UI/Health/MedUI_Silhouette.png","MedUI_Silhouette.png","png","270361","2025-06-08T21:11:02.0135063Z","C:\Program Files (x86)\Steam\steamapps\common\Barotrauma\Content\UI\Health\MedUI_Silhouette.png"
"Content/UI/Health/MedUIAtlas.png","MedUIAtlas.png","png","146980","2025-06-08T21:11:42.4903103Z","C:\Program Files (x86)\Steam\steamapps\common\Barotrauma\Content\UI\Health\MedUIAtlas.png"
"Content/UI/Health/MedUIExtra.png","MedUIExtra.png","png","502614","2025-06-08T21:11:02.0135063Z","C:\Program Files (x86)\Steam\steamapps\common\Barotrauma\Content\UI\Health\MedUIExtra.png"
"Content/UI/HighlightGradient.png","HighlightGradient.png","png","30958","2025-06-08T21:11:46.8593203Z","C:\Program Files (x86)\Steam\steamapps\common\Barotrauma\Content\UI\HighlightGradient.png"
"Content/UI/HighlightRaster.png","HighlightRaster.png","png","722","2025-06-08T21:11:30.3667196Z","C:\Program Files (x86)\Steam\steamapps\common\Barotrauma\Content\UI\HighlightRaster.png"
"Content/UI/InnerGlow.png","InnerGlow.png","png","55669","2025-06-08T21:11:30.3677120Z","C:\Program Files (x86)\Steam\steamapps\common\Barotrauma\Content\UI\InnerGlow.png"
"Content/UI/InnerShadow.png","InnerShadow.png","png","36815","2025-06-08T21:11:46.8583200Z","C:\Program Files (x86)\Steam\steamapps\common\Barotrauma\Content\UI\InnerShadow.png"
"Content/UI/InventoryUIAtlas.png","InventoryUIAtlas.png","png","4202253","2025-06-19T20:07:27.3283982Z","C:\Program Files (x86)\Steam\steamapps\common\Barotrauma\Content\UI\InventoryUIAtlas.png"
"Content/UI/LoadingScreenOverlay.png","LoadingScreenOverlay.png","png","2603534","2025-06-08T21:11:02.0135063Z","C:\Program Files (x86)\Steam\steamapps\common\Barotrauma\Content\UI\LoadingScreenOverlay.png"
"Content/UI/MainIconsAtlas.png","MainIconsAtlas.png","png","391853","2025-06-08T21:11:02.0145063Z","C:\Program Files (x86)\Steam\steamapps\common\Barotrauma\Content\UI\MainIconsAtlas.png"
"Content/UI/MainMenuVignette.png","MainMenuVignette.png","png","5613307","2025-06-08T21:11:02.0145063Z","C:\Program Files (x86)\Steam\steamapps\common\Barotrauma\Content\UI\MainMenuVignette.png"
"Content/UI/MissionIcons.png","MissionIcons.png","png","1281908","2025-06-08T21:11:02.0145063Z","C:\Program Files (x86)\Steam\steamapps\common\Barotrauma\Content\UI\MissionIcons.png"
"Content/UI/MissionIcons2.png","MissionIcons2.png","png","776014","2025-06-08T21:11:02.0145063Z","C:\Program Files (x86)\Steam\steamapps\common\Barotrauma\Content\UI\MissionIcons2.png"
"Content/UI/noise.png","noise.png","png","154313","2025-06-08T21:11:43.1334650Z","C:\Program Files (x86)\Steam\steamapps\common\Barotrauma\Content\UI\noise.png"
"Content/UI/OuterGlow.png","OuterGlow.png","png","7717","2025-06-08T21:11:42.4280954Z","C:\Program Files (x86)\Steam\steamapps\common\Barotrauma\Content\UI\OuterGlow.png"
"Content/UI/Paper.png","Paper.png","png","173194","2025-06-08T21:11:30.5295750Z","C:\Program Files (x86)\Steam\steamapps\common\Barotrauma\Content\UI\Paper.png"
"Content/UI/Parchment.png","Parchment.png","png","236147","2025-06-08T21:11:45.3638583Z","C:\Program Files (x86)\Steam\steamapps\common\Barotrauma\Content\UI\Parchment.png"
"Content/UI/saving.png","saving.png","png","30409","2025-06-08T21:11:42.6546648Z","C:\Program Files (x86)\Steam\steamapps\common\Barotrauma\Content\UI\saving.png"
"Content/UI/Server/ClownFaction.png","ClownFaction.png","png","487234","2025-06-08T21:11:02.0155064Z","C:\Program Files (x86)\Steam\steamapps\common\Barotrauma\Content\UI\Server\ClownFaction.png"
"Content/UI/Server/PlaystyleCasual.png","PlaystyleCasual.png","png","656007","2025-06-08T21:11:02.0155064Z","C:\Program Files (x86)\Steam\steamapps\common\Barotrauma\Content\UI\Server\PlaystyleCasual.png"
"Content/UI/Server/PlaystyleRampage.png","PlaystyleRampage.png","png","550966","2025-06-08T21:11:02.0165066Z","C:\Program Files (x86)\Steam\steamapps\common\Barotrauma\Content\UI\Server\PlaystyleRampage.png"
"Content/UI/Server/PlaystyleRoleplay.png","PlaystyleRoleplay.png","png","526264","2025-06-08T21:11:02.0165066Z","C:\Program Files (x86)\Steam\steamapps\common\Barotrauma\Content\UI\Server\PlaystyleRoleplay.png"
"Content/UI/Server/PlaystyleSerious.png","PlaystyleSerious.png","png","628182","2025-06-08T21:11:02.0165066Z","C:\Program Files (x86)\Steam\steamapps\common\Barotrauma\Content\UI\Server\PlaystyleSerious.png"
"Content/UI/Server/PlaystyleSomethingDifferent.png","PlaystyleSomethingDifferent.png","png","496138","2025-06-08T21:11:02.0175064Z","C:\Program Files (x86)\Steam\steamapps\common\Barotrauma\Content\UI\Server\PlaystyleSomethingDifferent.png"
"Content/UI/Server/ServerAtlas1.png","ServerAtlas1.png","png","1309815","2025-06-08T21:11:02.0175064Z","C:\Program Files (x86)\Steam\steamapps\common\Barotrauma\Content\UI\Server\ServerAtlas1.png"
"Content/UI/Server/ServerAtlas2.png","ServerAtlas2.png","png","256737","2025-06-08T21:11:43.4838998Z","C:\Program Files (x86)\Steam\steamapps\common\Barotrauma\Content\UI\Server\ServerAtlas2.png"
"Content/UI/SettingsMenuAtlas.png","SettingsMenuAtlas.png","png","50503","2025-06-08T21:11:30.5285752Z","C:\Program Files (x86)\Steam\steamapps\common\Barotrauma\Content\UI\SettingsMenuAtlas.png"
"Content/UI/Social/SocialUiIcons.png","SocialUiIcons.png","png","11926","2025-06-08T21:11:30.5275752Z","C:\Program Files (x86)\Steam\steamapps\common\Barotrauma\Content\UI\Social\SocialUiIcons.png"
"Content/UI/StatusMonitorUI.png","StatusMonitorUI.png","png","73812","2025-06-08T21:11:43.4838998Z","C:\Program Files (x86)\Steam\steamapps\common\Barotrauma\Content\UI\StatusMonitorUI.png"
"Content/UI/TalentsIcons1.png","TalentsIcons1.png","png","741638","2025-06-08T21:11:02.0185058Z","C:\Program Files (x86)\Steam\steamapps\common\Barotrauma\Content\UI\TalentsIcons1.png"
"Content/UI/TalentsIcons2.png","TalentsIcons2.png","png","725219","2025-06-08T21:11:02.0185058Z","C:\Program Files (x86)\Steam\steamapps\common\Barotrauma\Content\UI\TalentsIcons2.png"
"Content/UI/TalentsIcons3.png","TalentsIcons3.png","png","781643","2025-06-08T21:11:02.0185058Z","C:\Program Files (x86)\Steam\steamapps\common\Barotrauma\Content\UI\TalentsIcons3.png"
"Content/UI/TalentsIcons4.png","TalentsIcons4.png","png","282542","2025-06-08T21:11:02.0185058Z","C:\Program Files (x86)\Steam\steamapps\common\Barotrauma\Content\UI\TalentsIcons4.png"
"Content/UI/titleText.png","titleText.png","png","931078","2025-06-08T21:11:02.0195055Z","C:\Program Files (x86)\Steam\steamapps\common\Barotrauma\Content\UI\titleText.png"
"Content/UI/UI_MainMenu.png","UI_MainMenu.png","png","568229","2025-06-08T21:11:02.0195055Z","C:\Program Files (x86)\Steam\steamapps\common\Barotrauma\Content\UI\UI_MainMenu.png"
"Content/UI/UIAtlasDevices.png","UIAtlasDevices.png","png","724322","2025-06-08T21:11:02.0195055Z","C:\Program Files (x86)\Steam\steamapps\common\Barotrauma\Content\UI\UIAtlasDevices.png"
"Content/UI/UIAtlasFrames.png","UIAtlasFrames.png","png","61135","2025-06-08T21:11:36.0825130Z","C:\Program Files (x86)\Steam\steamapps\common\Barotrauma\Content\UI\UIAtlasFrames.png"
"Content/UI/UIAtlasGeneral.png","UIAtlasGeneral.png","png","352861","2025-06-08T21:11:02.0195055Z","C:\Program Files (x86)\Steam\steamapps\common\Barotrauma\Content\UI\UIAtlasGeneral.png"
"Content/UI/UIAtlasSubEditor.png","UIAtlasSubEditor.png","png","95881","2025-06-08T21:11:36.0825130Z","C:\Program Files (x86)\Steam\steamapps\common\Barotrauma\Content\UI\UIAtlasSubEditor.png"
"Content/UI/UIPositionIndicators.png","UIPositionIndicators.png","png","36710","2025-06-08T21:11:40.6203811Z","C:\Program Files (x86)\Steam\steamapps\common\Barotrauma\Content\UI\UIPositionIndicators.png"
"Content/UI/WeaponUI.png","WeaponUI.png","png","413167","2025-06-08T21:11:02.0195055Z","C:\Program Files (x86)\Steam\steamapps\common\Barotrauma\Content\UI\WeaponUI.png"
"Content/UnstableBackground.png","UnstableBackground.png","png","764711","2025-06-08T21:11:02.0195055Z","C:\Program Files (x86)\Steam\steamapps\common\Barotrauma\Content\UnstableBackground.png"
"Downloads/barotraumagamecomgamedatasupporterpack_banner.png","barotraumagamecomgamedatasupporterpack_banner.png","png","472302","2025-07-08T20:25:45.5870791Z","C:\Program Files (x86)\Steam\steamapps\common\Barotrauma\Downloads\barotraumagamecomgamedatasupporterpack_banner.png"
