"Category","MediaType","RelativePath","Name","Extension","Bytes","ModifiedUtc","FullPath"
"ambience","audio","Content/Sounds/Ambient/Ambient1.ogg","Ambient1.ogg","ogg","114654","2025-06-08T21:11:19.4363750Z","C:\Program Files (x86)\Steam\steamapps\common\Barotrauma\Content\Sounds\Ambient\Ambient1.ogg"
"ambience","audio","Content/Sounds/Ambient/Ambient10.ogg","Ambient10.ogg","ogg","73666","2025-06-08T21:11:13.5220737Z","C:\Program Files (x86)\Steam\steamapps\common\Barotrauma\Content\Sounds\Ambient\Ambient10.ogg"
"ambience","audio","Content/Sounds/Ambient/Ambient11.ogg","Ambient11.ogg","ogg","102219","2025-06-08T21:11:13.2378297Z","C:\Program Files (x86)\Steam\steamapps\common\Barotrauma\Content\Sounds\Ambient\Ambient11.ogg"
"ambience","audio","Content/Sounds/Ambient/Ambient2.ogg","Ambient2.ogg","ogg","214313","2025-06-08T21:11:13.5230742Z","C:\Program Files (x86)\Steam\steamapps\common\Barotrauma\Content\Sounds\Ambient\Ambient2.ogg"
"ambience","audio","Content/Sounds/Ambient/Ambient3.ogg","Ambient3.ogg","ogg","127558","2025-06-08T21:11:13.6320898Z","C:\Program Files (x86)\Steam\steamapps\common\Barotrauma\Content\Sounds\Ambient\Ambient3.ogg"
"ambience","audio","Content/Sounds/Ambient/Ambient4.ogg","Ambient4.ogg","ogg","116380","2025-06-08T21:11:13.2368300Z","C:\Program Files (x86)\Steam\steamapps\common\Barotrauma\Content\Sounds\Ambient\Ambient4.ogg"
"ambience","audio","Content/Sounds/Ambient/Ambient5.ogg","Ambient5.ogg","ogg","88902","2025-06-08T21:11:19.4353871Z","C:\Program Files (x86)\Steam\steamapps\common\Barotrauma\Content\Sounds\Ambient\Ambient5.ogg"
"ambience","audio","Content/Sounds/Ambient/Ambient6.ogg","Ambient6.ogg","ogg","160719","2025-06-08T21:11:24.0716837Z","C:\Program Files (x86)\Steam\steamapps\common\Barotrauma\Content\Sounds\Ambient\Ambient6.ogg"
"ambience","audio","Content/Sounds/Ambient/Ambient7.ogg","Ambient7.ogg","ogg","118911","2025-06-08T21:11:24.0696837Z","C:\Program Files (x86)\Steam\steamapps\common\Barotrauma\Content\Sounds\Ambient\Ambient7.ogg"
"ambience","audio","Content/Sounds/Ambient/Ambient8.ogg","Ambient8.ogg","ogg","76170","2025-06-08T21:11:19.4353871Z","C:\Program Files (x86)\Steam\steamapps\common\Barotrauma\Content\Sounds\Ambient\Ambient8.ogg"
"ambience","audio","Content/Sounds/Ambient/Ambient9.ogg","Ambient9.ogg","ogg","115181","2025-06-08T21:11:19.5421486Z","C:\Program Files (x86)\Steam\steamapps\common\Barotrauma\Content\Sounds\Ambient\Ambient9.ogg"
"ambience","audio","Content/Sounds/Ambient/DistantPod1.ogg","DistantPod1.ogg","ogg","80227","2025-06-08T21:11:32.1803873Z","C:\Program Files (x86)\Steam\steamapps\common\Barotrauma\Content\Sounds\Ambient\DistantPod1.ogg"
"ambience","audio","Content/Sounds/Ambient/DistantPod2.ogg","DistantPod2.ogg","ogg","104959","2025-06-08T21:11:32.1803873Z","C:\Program Files (x86)\Steam\steamapps\common\Barotrauma\Content\Sounds\Ambient\DistantPod2.ogg"
"ambience","audio","Content/Sounds/Ambient/DistantPod3.ogg","DistantPod3.ogg","ogg","100522","2025-06-08T21:11:31.4284353Z","C:\Program Files (x86)\Steam\steamapps\common\Barotrauma\Content\Sounds\Ambient\DistantPod3.ogg"
"ambience","audio","Content/Sounds/Ambient/GlacialMovement.ogg","GlacialMovement.ogg","ogg","69358","2025-06-08T21:11:24.0716837Z","C:\Program Files (x86)\Steam\steamapps\common\Barotrauma\Content\Sounds\Ambient\GlacialMovement.ogg"
"ambience","audio","Content/Sounds/Ambient/Thunder1.ogg","Thunder1.ogg","ogg","37690","2025-06-08T21:11:24.0716837Z","C:\Program Files (x86)\Steam\steamapps\common\Barotrauma\Content\Sounds\Ambient\Thunder1.ogg"
"backgrounds","image","Content/Items/Command/directionalPingBackground.png","directionalPingBackground.png","png","184944","2025-06-08T21:11:11.1414343Z","C:\Program Files (x86)\Steam\steamapps\common\Barotrauma\Content\Items\Command\directionalPingBackground.png"
"backgrounds","image","Content/Items/Command/sonarBackground.png","sonarBackground.png","png","301084","2025-06-08T21:11:01.9419161Z","C:\Program Files (x86)\Steam\steamapps\common\Barotrauma\Content\Items\Command\sonarBackground.png"
"backgrounds","image","Content/Items/Shipwrecks/BackgroundStructuresWrecked.png","BackgroundStructuresWrecked.png","png","540741","2025-06-08T21:11:01.9546182Z","C:\Program Files (x86)\Steam\steamapps\common\Barotrauma\Content\Items\Shipwrecks\BackgroundStructuresWrecked.png"
"backgrounds","image","Content/Map/AlienBackground1.png","AlienBackground1.png","png","618259","2025-06-08T21:11:01.9582787Z","C:\Program Files (x86)\Steam\steamapps\common\Barotrauma\Content\Map\AlienBackground1.png"
"backgrounds","image","Content/Map/AlienBackground1End.png","AlienBackground1End.png","png","1495474","2025-06-08T21:11:01.9582787Z","C:\Program Files (x86)\Steam\steamapps\common\Barotrauma\Content\Map\AlienBackground1End.png"
"backgrounds","image","Content/Map/AlienBackground2.png","AlienBackground2.png","png","1639548","2025-06-08T21:11:01.9582787Z","C:\Program Files (x86)\Steam\steamapps\common\Barotrauma\Content\Map\AlienBackground2.png"
"backgrounds","image","Content/Map/AlienBackground3.png","AlienBackground3.png","png","767673","2025-06-08T21:11:01.9582787Z","C:\Program Files (x86)\Steam\steamapps\common\Barotrauma\Content\Map\AlienBackground3.png"
"backgrounds","image","Content/Map/AlienRuins_Backgrounds.png","AlienRuins_Backgrounds.png","png","685185","2025-06-08T21:11:01.9582787Z","C:\Program Files (x86)\Steam\steamapps\common\Barotrauma\Content\Map\AlienRuins_Backgrounds.png"
"backgrounds","image","Content/Map/background.png","background.png","png","2459919","2025-06-08T21:11:01.9592827Z","C:\Program Files (x86)\Steam\steamapps\common\Barotrauma\Content\Map\background.png"
"backgrounds","image","Content/Map/background2.png","background2.png","png","1245264","2025-06-08T21:11:01.9592827Z","C:\Program Files (x86)\Steam\steamapps\common\Barotrauma\Content\Map\background2.png"
"backgrounds","image","Content/Map/BackgroundWalls.png","BackgroundWalls.png","png","397031","2025-06-08T21:11:01.9592827Z","C:\Program Files (x86)\Steam\steamapps\common\Barotrauma\Content\Map\BackgroundWalls.png"
"backgrounds","image","Content/Map/backgroundwalls1.png","backgroundwalls1.png","png","1451593","2025-06-08T21:11:01.9592827Z","C:\Program Files (x86)\Steam\steamapps\common\Barotrauma\Content\Map\backgroundwalls1.png"
"backgrounds","image","Content/Map/backgroundwalls2.png","backgroundwalls2.png","png","1149933","2025-06-08T21:11:01.9592827Z","C:\Program Files (x86)\Steam\steamapps\common\Barotrauma\Content\Map\backgroundwalls2.png"
"backgrounds","image","Content/Map/backgroundwalls3.png","backgroundwalls3.png","png","2755308","2025-06-08T21:11:01.9602810Z","C:\Program Files (x86)\Steam\steamapps\common\Barotrauma\Content\Map\backgroundwalls3.png"
"backgrounds","image","Content/Map/Biomes/AphoticPlateau/BackgroundChunks.png","BackgroundChunks.png","png","2264184","2025-06-08T21:11:01.9602810Z","C:\Program Files (x86)\Steam\steamapps\common\Barotrauma\Content\Map\Biomes\AphoticPlateau\BackgroundChunks.png"
"backgrounds","image","Content/Map/Biomes/AphoticPlateau/BackgroundParticles.png","BackgroundParticles.png","png","585128","2025-06-08T21:11:01.9612825Z","C:\Program Files (x86)\Steam\steamapps\common\Barotrauma\Content\Map\Biomes\AphoticPlateau\BackgroundParticles.png"
"backgrounds","image","Content/Map/Biomes/BioluminescentCave/BackgroundChunks.png","BackgroundChunks.png","png","724434","2025-06-08T21:11:01.9612825Z","C:\Program Files (x86)\Steam\steamapps\common\Barotrauma\Content\Map\Biomes\BioluminescentCave\BackgroundChunks.png"
"backgrounds","image","Content/Map/Biomes/ColdCaverns/BackgroundChunks.png","BackgroundChunks.png","png","936289","2025-06-08T21:11:01.9622820Z","C:\Program Files (x86)\Steam\steamapps\common\Barotrauma\Content\Map\Biomes\ColdCaverns\BackgroundChunks.png"
"backgrounds","image","Content/Map/Biomes/ColdCaverns/BackgroundElements1.png","BackgroundElements1.png","png","252329","2025-06-08T21:11:07.5755994Z","C:\Program Files (x86)\Steam\steamapps\common\Barotrauma\Content\Map\Biomes\ColdCaverns\BackgroundElements1.png"
"backgrounds","image","Content/Map/Biomes/ColdCaverns/BackgroundElements2.png","BackgroundElements2.png","png","447148","2025-06-08T21:11:01.9622820Z","C:\Program Files (x86)\Steam\steamapps\common\Barotrauma\Content\Map\Biomes\ColdCaverns\BackgroundElements2.png"
"backgrounds","image","Content/Map/Biomes/ColdCaverns/BackgroundParticles.png","BackgroundParticles.png","png","12845","2025-06-08T21:11:12.4438784Z","C:\Program Files (x86)\Steam\steamapps\common\Barotrauma\Content\Map\Biomes\ColdCaverns\BackgroundParticles.png"
"backgrounds","image","Content/Map/Biomes/CrystalCave/BackgroundChunks.png","BackgroundChunks.png","png","1288563","2025-06-08T21:11:01.9642818Z","C:\Program Files (x86)\Steam\steamapps\common\Barotrauma\Content\Map\Biomes\CrystalCave\BackgroundChunks.png"
"backgrounds","image","Content/Map/Biomes/EndBiome/BackgroundParticles.png","BackgroundParticles.png","png","1343545","2025-06-08T21:11:01.9652811Z","C:\Program Files (x86)\Steam\steamapps\common\Barotrauma\Content\Map\Biomes\EndBiome\BackgroundParticles.png"
"backgrounds","image","Content/Map/Biomes/EuropanRidge/BackgroundChunks.png","BackgroundChunks.png","png","2743764","2025-06-08T21:11:01.9652811Z","C:\Program Files (x86)\Steam\steamapps\common\Barotrauma\Content\Map\Biomes\EuropanRidge\BackgroundChunks.png"
"backgrounds","image","Content/Map/Biomes/EuropanRidge/BackgroundParticles.png","BackgroundParticles.png","png","136441","2025-06-08T21:11:24.4808769Z","C:\Program Files (x86)\Steam\steamapps\common\Barotrauma\Content\Map\Biomes\EuropanRidge\BackgroundParticles.png"
"backgrounds","image","Content/Map/Biomes/HydrothermalWastes/BackgroundChunks.png","BackgroundChunks.png","png","1155220","2025-06-08T21:11:01.9662812Z","C:\Program Files (x86)\Steam\steamapps\common\Barotrauma\Content\Map\Biomes\HydrothermalWastes\BackgroundChunks.png"
"backgrounds","image","Content/Map/Biomes/HydrothermalWastes/BackgroundParticles.png","BackgroundParticles.png","png","1702074","2025-06-08T21:11:01.9672812Z","C:\Program Files (x86)\Steam\steamapps\common\Barotrauma\Content\Map\Biomes\HydrothermalWastes\BackgroundParticles.png"
"backgrounds","image","Content/Map/Biomes/IceCave/BackgroundChunks.png","BackgroundChunks.png","png","498280","2025-06-08T21:11:01.9712886Z","C:\Program Files (x86)\Steam\steamapps\common\Barotrauma\Content\Map\Biomes\IceCave\BackgroundChunks.png"
"backgrounds","image","Content/Map/Biomes/RockCave/BackgroundChunks.png","BackgroundChunks.png","png","538052","2025-06-08T21:11:01.9722818Z","C:\Program Files (x86)\Steam\steamapps\common\Barotrauma\Content\Map\Biomes\RockCave\BackgroundChunks.png"
"backgrounds","image","Content/Map/Biomes/TheGreatSea/BackgroundParticles.png","BackgroundParticles.png","png","12845","2025-06-08T21:11:12.4448815Z","C:\Program Files (x86)\Steam\steamapps\common\Barotrauma\Content\Map\Biomes\TheGreatSea\BackgroundParticles.png"
"backgrounds","image","Content/Map/Biomes/TheGreatSea/GreatSeaBackgroundChunks.png","GreatSeaBackgroundChunks.png","png","1128864","2025-06-08T21:11:01.9732818Z","C:\Program Files (x86)\Steam\steamapps\common\Barotrauma\Content\Map\Biomes\TheGreatSea\GreatSeaBackgroundChunks.png"
"backgrounds","image","Content/Map/Outposts/Art/ResearchBackgroundWalls.png","ResearchBackgroundWalls.png","png","1226419","2025-06-08T21:11:01.9860328Z","C:\Program Files (x86)\Steam\steamapps\common\Barotrauma\Content\Map\Outposts\Art\ResearchBackgroundWalls.png"
"backgrounds","video","Content/SplashScreens/Ending.webm","Ending.webm","webm","10277607","2025-06-08T21:11:02.0035069Z","C:\Program Files (x86)\Steam\steamapps\common\Barotrauma\Content\SplashScreens\Ending.webm"
"backgrounds","video","Content/SplashScreens/Original/Splash_Daedalic.mp4","Splash_Daedalic.mp4","mp4","26213993","2025-06-08T21:11:02.0035069Z","C:\Program Files (x86)\Steam\steamapps\common\Barotrauma\Content\SplashScreens\Original\Splash_Daedalic.mp4"
"backgrounds","video","Content/SplashScreens/Original/Splash_FF.mp4","Splash_FF.mp4","mp4","6199617","2025-06-08T21:11:02.0035069Z","C:\Program Files (x86)\Steam\steamapps\common\Barotrauma\Content\SplashScreens\Original\Splash_FF.mp4"
"backgrounds","video","Content/SplashScreens/Original/Splash_UTG.mp4","Splash_UTG.mp4","mp4","21301753","2025-06-08T21:11:02.0035069Z","C:\Program Files (x86)\Steam\steamapps\common\Barotrauma\Content\SplashScreens\Original\Splash_UTG.mp4"
"backgrounds","video","Content/SplashScreens/Splash_Daedalic.webm","Splash_Daedalic.webm","webm","11254792","2025-06-08T21:11:02.0035069Z","C:\Program Files (x86)\Steam\steamapps\common\Barotrauma\Content\SplashScreens\Splash_Daedalic.webm"
"backgrounds","video","Content/SplashScreens/Splash_FF.webm","Splash_FF.webm","webm","1043885","2025-06-08T21:11:02.0035069Z","C:\Program Files (x86)\Steam\steamapps\common\Barotrauma\Content\SplashScreens\Splash_FF.webm"
"backgrounds","video","Content/SplashScreens/Splash_UTG.webm","Splash_UTG.webm","webm","3794773","2025-06-08T21:11:02.0035069Z","C:\Program Files (x86)\Steam\steamapps\common\Barotrauma\Content\SplashScreens\Splash_UTG.webm"
"backgrounds","image","Content/Tutorials/BasicTutorialBanner.png","BasicTutorialBanner.png","png","630615","2025-06-08T21:11:02.0125068Z","C:\Program Files (x86)\Steam\steamapps\common\Barotrauma\Content\Tutorials\BasicTutorialBanner.png"
"backgrounds","image","Content/Tutorials/RolesTutorialBanner.png","RolesTutorialBanner.png","png","750988","2025-06-08T21:11:02.0125068Z","C:\Program Files (x86)\Steam\steamapps\common\Barotrauma\Content\Tutorials\RolesTutorialBanner.png"
"backgrounds","image","Content/UI/CommandUIBackground.png","CommandUIBackground.png","png","378020","2025-06-08T21:11:02.0135063Z","C:\Program Files (x86)\Steam\steamapps\common\Barotrauma\Content\UI\CommandUIBackground.png"
"backgrounds","image","Content/UnstableBackground.png","UnstableBackground.png","png","764711","2025-06-08T21:11:02.0195055Z","C:\Program Files (x86)\Steam\steamapps\common\Barotrauma\Content\UnstableBackground.png"
"creature-audio","audio","Content/Characters/Bonethresher/TIGERTRESHERb_attack1.ogg","TIGERTRESHERb_attack1.ogg","ogg","134154","2025-06-08T21:11:03.0408037Z","C:\Program Files (x86)\Steam\steamapps\common\Barotrauma\Content\Characters\Bonethresher\TIGERTRESHERb_attack1.ogg"
"creature-audio","audio","Content/Characters/Bonethresher/TIGERTRESHERb_attack2.ogg","TIGERTRESHERb_attack2.ogg","ogg","115320","2025-06-08T21:11:02.5158812Z","C:\Program Files (x86)\Steam\steamapps\common\Barotrauma\Content\Characters\Bonethresher\TIGERTRESHERb_attack2.ogg"
"creature-audio","audio","Content/Characters/Bonethresher/TIGERTRESHERb_damage1.ogg","TIGERTRESHERb_damage1.ogg","ogg","70131","2025-06-08T21:11:02.8137459Z","C:\Program Files (x86)\Steam\steamapps\common\Barotrauma\Content\Characters\Bonethresher\TIGERTRESHERb_damage1.ogg"
"creature-audio","audio","Content/Characters/Bonethresher/TIGERTRESHERb_damage2.ogg","TIGERTRESHERb_damage2.ogg","ogg","124624","2025-06-08T21:11:03.0418052Z","C:\Program Files (x86)\Steam\steamapps\common\Barotrauma\Content\Characters\Bonethresher\TIGERTRESHERb_damage2.ogg"
"creature-audio","audio","Content/Characters/Bonethresher/TIGERTRESHERb_death1.ogg","TIGERTRESHERb_death1.ogg","ogg","125857","2025-06-08T21:11:03.5339200Z","C:\Program Files (x86)\Steam\steamapps\common\Barotrauma\Content\Characters\Bonethresher\TIGERTRESHERb_death1.ogg"
"creature-audio","audio","Content/Characters/Bonethresher/TIGERTRESHERb_death2.ogg","TIGERTRESHERb_death2.ogg","ogg","111762","2025-06-08T21:11:02.7056702Z","C:\Program Files (x86)\Steam\steamapps\common\Barotrauma\Content\Characters\Bonethresher\TIGERTRESHERb_death2.ogg"
"creature-audio","audio","Content/Characters/Bonethresher/TIGERTRESHERb_idle1.ogg","TIGERTRESHERb_idle1.ogg","ogg","89412","2025-06-08T21:11:03.1689856Z","C:\Program Files (x86)\Steam\steamapps\common\Barotrauma\Content\Characters\Bonethresher\TIGERTRESHERb_idle1.ogg"
"creature-audio","audio","Content/Characters/Bonethresher/TIGERTRESHERb_idle2.ogg","TIGERTRESHERb_idle2.ogg","ogg","106096","2025-06-08T21:11:03.2277259Z","C:\Program Files (x86)\Steam\steamapps\common\Barotrauma\Content\Characters\Bonethresher\TIGERTRESHERb_idle2.ogg"
"creature-audio","audio","Content/Characters/Carrier/CARRIER_alarmLoop.ogg","CARRIER_alarmLoop.ogg","ogg","78923","2025-06-08T21:11:11.9404511Z","C:\Program Files (x86)\Steam\steamapps\common\Barotrauma\Content\Characters\Carrier\CARRIER_alarmLoop.ogg"
"creature-audio","audio","Content/Characters/Carrier/CARRIER_attack1.ogg","CARRIER_attack1.ogg","ogg","30182","2025-06-08T21:11:03.2344747Z","C:\Program Files (x86)\Steam\steamapps\common\Barotrauma\Content\Characters\Carrier\CARRIER_attack1.ogg"
"creature-audio","audio","Content/Characters/Carrier/CARRIER_attack2.ogg","CARRIER_attack2.ogg","ogg","31954","2025-06-08T21:11:03.2287266Z","C:\Program Files (x86)\Steam\steamapps\common\Barotrauma\Content\Characters\Carrier\CARRIER_attack2.ogg"
"creature-audio","audio","Content/Characters/Carrier/CARRIER_attack3.ogg","CARRIER_attack3.ogg","ogg","34120","2025-06-08T21:11:03.2364752Z","C:\Program Files (x86)\Steam\steamapps\common\Barotrauma\Content\Characters\Carrier\CARRIER_attack3.ogg"
"creature-audio","audio","Content/Characters/Carrier/CARRIER_damage1.ogg","CARRIER_damage1.ogg","ogg","32028","2025-06-08T21:11:03.2877999Z","C:\Program Files (x86)\Steam\steamapps\common\Barotrauma\Content\Characters\Carrier\CARRIER_damage1.ogg"
"creature-audio","audio","Content/Characters/Carrier/CARRIER_damage2.ogg","CARRIER_damage2.ogg","ogg","32488","2025-06-08T21:11:03.2897912Z","C:\Program Files (x86)\Steam\steamapps\common\Barotrauma\Content\Characters\Carrier\CARRIER_damage2.ogg"
"creature-audio","audio","Content/Characters/Carrier/CARRIER_death1.ogg","CARRIER_death1.ogg","ogg","50053","2025-06-08T21:11:02.8137459Z","C:\Program Files (x86)\Steam\steamapps\common\Barotrauma\Content\Characters\Carrier\CARRIER_death1.ogg"
"creature-audio","audio","Content/Characters/Carrier/CARRIER_idle1.ogg","CARRIER_idle1.ogg","ogg","225021","2025-06-08T21:11:21.9536255Z","C:\Program Files (x86)\Steam\steamapps\common\Barotrauma\Content\Characters\Carrier\CARRIER_idle1.ogg"
"creature-audio","audio","Content/Characters/Carrier/CARRIER_idle2.ogg","CARRIER_idle2.ogg","ogg","232563","2025-06-08T21:11:24.1212092Z","C:\Program Files (x86)\Steam\steamapps\common\Barotrauma\Content\Characters\Carrier\CARRIER_idle2.ogg"
"creature-audio","audio","Content/Characters/Charybdis/Bite1.ogg","Bite1.ogg","ogg","21751","2025-06-08T21:11:02.4024604Z","C:\Program Files (x86)\Steam\steamapps\common\Barotrauma\Content\Characters\Charybdis\Bite1.ogg"
"creature-audio","audio","Content/Characters/Charybdis/Bite2.ogg","Bite2.ogg","ogg","21918","2025-06-08T21:11:03.7613872Z","C:\Program Files (x86)\Steam\steamapps\common\Barotrauma\Content\Characters\Charybdis\Bite2.ogg"
"creature-audio","audio","Content/Characters/Charybdis/Bite3.ogg","Bite3.ogg","ogg","20660","2025-06-08T21:11:02.3994678Z","C:\Program Files (x86)\Steam\steamapps\common\Barotrauma\Content\Characters\Charybdis\Bite3.ogg"
"creature-audio","audio","Content/Characters/Charybdis/CHARYBDIS_attack1.ogg","CHARYBDIS_attack1.ogg","ogg","68570","2025-06-08T21:11:02.4034605Z","C:\Program Files (x86)\Steam\steamapps\common\Barotrauma\Content\Characters\Charybdis\CHARYBDIS_attack1.ogg"
"creature-audio","audio","Content/Characters/Charybdis/CHARYBDIS_attack2.ogg","CHARYBDIS_attack2.ogg","ogg","86234","2025-06-08T21:11:03.4065664Z","C:\Program Files (x86)\Steam\steamapps\common\Barotrauma\Content\Characters\Charybdis\CHARYBDIS_attack2.ogg"
"creature-audio","audio","Content/Characters/Charybdis/CHARYBDIS_attack3.ogg","CHARYBDIS_attack3.ogg","ogg","71274","2025-06-08T21:11:03.4670225Z","C:\Program Files (x86)\Steam\steamapps\common\Barotrauma\Content\Characters\Charybdis\CHARYBDIS_attack3.ogg"
"creature-audio","audio","Content/Characters/Charybdis/CHARYBDIS_damage1.ogg","CHARYBDIS_damage1.ogg","ogg","114232","2025-06-08T21:11:02.4532838Z","C:\Program Files (x86)\Steam\steamapps\common\Barotrauma\Content\Characters\Charybdis\CHARYBDIS_damage1.ogg"
"creature-audio","audio","Content/Characters/Charybdis/CHARYBDIS_damage2.ogg","CHARYBDIS_damage2.ogg","ogg","159373","2025-06-08T21:11:03.5349204Z","C:\Program Files (x86)\Steam\steamapps\common\Barotrauma\Content\Characters\Charybdis\CHARYBDIS_damage2.ogg"
"creature-audio","audio","Content/Characters/Charybdis/CHARYBDIS_death1.ogg","CHARYBDIS_death1.ogg","ogg","119627","2025-06-08T21:11:03.7016145Z","C:\Program Files (x86)\Steam\steamapps\common\Barotrauma\Content\Characters\Charybdis\CHARYBDIS_death1.ogg"
"creature-audio","audio","Content/Characters/Charybdis/CHARYBDIS_death2.ogg","CHARYBDIS_death2.ogg","ogg","107223","2025-06-08T21:11:03.7643870Z","C:\Program Files (x86)\Steam\steamapps\common\Barotrauma\Content\Characters\Charybdis\CHARYBDIS_death2.ogg"
"creature-audio","audio","Content/Characters/Charybdis/CHARYBDIS_idle1.ogg","CHARYBDIS_idle1.ogg","ogg","69009","2025-06-08T21:11:02.8127459Z","C:\Program Files (x86)\Steam\steamapps\common\Barotrauma\Content\Characters\Charybdis\CHARYBDIS_idle1.ogg"
"creature-audio","audio","Content/Characters/Charybdis/CHARYBDIS_idle2.ogg","CHARYBDIS_idle2.ogg","ogg","101364","2025-06-08T21:11:03.7016145Z","C:\Program Files (x86)\Steam\steamapps\common\Barotrauma\Content\Characters\Charybdis\CHARYBDIS_idle2.ogg"
"creature-audio","audio","Content/Characters/Charybdis/CHARYBDIS_IdleLoop.ogg","CHARYBDIS_IdleLoop.ogg","ogg","470422","2025-06-08T21:11:01.8931629Z","C:\Program Files (x86)\Steam\steamapps\common\Barotrauma\Content\Characters\Charybdis\CHARYBDIS_IdleLoop.ogg"
"creature-audio","audio","Content/Characters/Charybdisold/CHARYBDIS_attack1.ogg","CHARYBDIS_attack1.ogg","ogg","70515","2025-06-08T21:11:02.4044603Z","C:\Program Files (x86)\Steam\steamapps\common\Barotrauma\Content\Characters\Charybdisold\CHARYBDIS_attack1.ogg"
"creature-audio","audio","Content/Characters/Charybdisold/CHARYBDIS_attack2.ogg","CHARYBDIS_attack2.ogg","ogg","97620","2025-06-08T21:11:02.4214678Z","C:\Program Files (x86)\Steam\steamapps\common\Barotrauma\Content\Characters\Charybdisold\CHARYBDIS_attack2.ogg"
"creature-audio","audio","Content/Characters/Charybdisold/CHARYBDIS_attack3.ogg","CHARYBDIS_attack3.ogg","ogg","66846","2025-06-08T21:11:02.7076700Z","C:\Program Files (x86)\Steam\steamapps\common\Barotrauma\Content\Characters\Charybdisold\CHARYBDIS_attack3.ogg"
"creature-audio","audio","Content/Characters/Charybdisold/CHARYBDIS_damage1.ogg","CHARYBDIS_damage1.ogg","ogg","117124","2025-06-08T21:11:03.4620219Z","C:\Program Files (x86)\Steam\steamapps\common\Barotrauma\Content\Characters\Charybdisold\CHARYBDIS_damage1.ogg"
"creature-audio","audio","Content/Characters/Charybdisold/CHARYBDIS_damage2.ogg","CHARYBDIS_damage2.ogg","ogg","159507","2025-06-08T21:11:02.8147456Z","C:\Program Files (x86)\Steam\steamapps\common\Barotrauma\Content\Characters\Charybdisold\CHARYBDIS_damage2.ogg"
"creature-audio","audio","Content/Characters/Charybdisold/CHARYBDIS_death1.ogg","CHARYBDIS_death1.ogg","ogg","126838","2025-06-08T21:11:02.8117457Z","C:\Program Files (x86)\Steam\steamapps\common\Barotrauma\Content\Characters\Charybdisold\CHARYBDIS_death1.ogg"
"creature-audio","audio","Content/Characters/Charybdisold/CHARYBDIS_death2.ogg","CHARYBDIS_death2.ogg","ogg","103425","2025-06-08T21:11:03.7623872Z","C:\Program Files (x86)\Steam\steamapps\common\Barotrauma\Content\Characters\Charybdisold\CHARYBDIS_death2.ogg"
"creature-audio","audio","Content/Characters/Charybdisold/CHARYBDIS_idle1.ogg","CHARYBDIS_idle1.ogg","ogg","83178","2025-06-08T21:11:03.5349204Z","C:\Program Files (x86)\Steam\steamapps\common\Barotrauma\Content\Characters\Charybdisold\CHARYBDIS_idle1.ogg"
"creature-audio","audio","Content/Characters/Charybdisold/CHARYBDIS_idle2.ogg","CHARYBDIS_idle2.ogg","ogg","96739","2025-06-08T21:11:03.4650226Z","C:\Program Files (x86)\Steam\steamapps\common\Barotrauma\Content\Characters\Charybdisold\CHARYBDIS_idle2.ogg"
"creature-audio","audio","Content/Characters/Coelanth/attack1.ogg","attack1.ogg","ogg","49948","2025-06-08T21:11:03.7613872Z","C:\Program Files (x86)\Steam\steamapps\common\Barotrauma\Content\Characters\Coelanth\attack1.ogg"
"creature-audio","audio","Content/Characters/Coelanth/idle1.ogg","idle1.ogg","ogg","35122","2025-06-08T21:11:03.7583863Z","C:\Program Files (x86)\Steam\steamapps\common\Barotrauma\Content\Characters\Coelanth\idle1.ogg"
"creature-audio","audio","Content/Characters/Coelanth/idle2.ogg","idle2.ogg","ogg","31088","2025-06-08T21:11:03.6996146Z","C:\Program Files (x86)\Steam\steamapps\common\Barotrauma\Content\Characters\Coelanth\idle2.ogg"
"creature-audio","audio","Content/Characters/Crawler/CRAWLER_attack1.ogg","CRAWLER_attack1.ogg","ogg","26951","2025-06-08T21:11:03.5339200Z","C:\Program Files (x86)\Steam\steamapps\common\Barotrauma\Content\Characters\Crawler\CRAWLER_attack1.ogg"
"creature-audio","audio","Content/Characters/Crawler/CRAWLER_attack2.ogg","CRAWLER_attack2.ogg","ogg","28901","2025-06-08T21:11:03.8044092Z","C:\Program Files (x86)\Steam\steamapps\common\Barotrauma\Content\Characters\Crawler\CRAWLER_attack2.ogg"
"creature-audio","audio","Content/Characters/Crawler/CRAWLER_attack3.ogg","CRAWLER_attack3.ogg","ogg","25206","2025-06-08T21:11:04.1797198Z","C:\Program Files (x86)\Steam\steamapps\common\Barotrauma\Content\Characters\Crawler\CRAWLER_attack3.ogg"
"creature-audio","audio","Content/Characters/Crawler/CRAWLER_attack4.ogg","CRAWLER_attack4.ogg","ogg","36899","2025-06-08T21:11:03.5848674Z","C:\Program Files (x86)\Steam\steamapps\common\Barotrauma\Content\Characters\Crawler\CRAWLER_attack4.ogg"
"creature-audio","audio","Content/Characters/Crawler/CRAWLER_damage1.ogg","CRAWLER_damage1.ogg","ogg","26083","2025-06-08T21:11:03.7613872Z","C:\Program Files (x86)\Steam\steamapps\common\Barotrauma\Content\Characters\Crawler\CRAWLER_damage1.ogg"
"creature-audio","audio","Content/Characters/Crawler/CRAWLER_damage2.ogg","CRAWLER_damage2.ogg","ogg","26061","2025-06-08T21:11:03.7633869Z","C:\Program Files (x86)\Steam\steamapps\common\Barotrauma\Content\Characters\Crawler\CRAWLER_damage2.ogg"
"creature-audio","audio","Content/Characters/Crawler/CRAWLER_damage3.ogg","CRAWLER_damage3.ogg","ogg","27471","2025-06-08T21:11:02.5148767Z","C:\Program Files (x86)\Steam\steamapps\common\Barotrauma\Content\Characters\Crawler\CRAWLER_damage3.ogg"
"creature-audio","audio","Content/Characters/Crawler/CRAWLER_death1.ogg","CRAWLER_death1.ogg","ogg","31356","2025-06-08T21:11:04.1797198Z","C:\Program Files (x86)\Steam\steamapps\common\Barotrauma\Content\Characters\Crawler\CRAWLER_death1.ogg"
"creature-audio","audio","Content/Characters/Crawler/CRAWLER_death2.ogg","CRAWLER_death2.ogg","ogg","44429","2025-06-08T21:11:03.7623872Z","C:\Program Files (x86)\Steam\steamapps\common\Barotrauma\Content\Characters\Crawler\CRAWLER_death2.ogg"
"creature-audio","audio","Content/Characters/Crawler/CRAWLER_idle1.ogg","CRAWLER_idle1.ogg","ogg","41622","2025-06-08T21:11:02.5138614Z","C:\Program Files (x86)\Steam\steamapps\common\Barotrauma\Content\Characters\Crawler\CRAWLER_idle1.ogg"
"creature-audio","audio","Content/Characters/Crawler/CRAWLER_idle2.ogg","CRAWLER_idle2.ogg","ogg","42035","2025-06-08T21:11:04.2293725Z","C:\Program Files (x86)\Steam\steamapps\common\Barotrauma\Content\Characters\Crawler\CRAWLER_idle2.ogg"
"creature-audio","audio","Content/Characters/Crawler/CRAWLER_idle3.ogg","CRAWLER_idle3.ogg","ogg","36895","2025-06-08T21:11:03.7026158Z","C:\Program Files (x86)\Steam\steamapps\common\Barotrauma\Content\Characters\Crawler\CRAWLER_idle3.ogg"
"creature-audio","audio","Content/Characters/Crawlerbroodmother/CRAWLERBR_attack1.ogg","CRAWLERBR_attack1.ogg","ogg","30742","2025-06-08T21:11:02.8187455Z","C:\Program Files (x86)\Steam\steamapps\common\Barotrauma\Content\Characters\Crawlerbroodmother\CRAWLERBR_attack1.ogg"
"creature-audio","audio","Content/Characters/Crawlerbroodmother/CRAWLERBR_attack2.ogg","CRAWLERBR_attack2.ogg","ogg","30827","2025-06-08T21:11:03.7663877Z","C:\Program Files (x86)\Steam\steamapps\common\Barotrauma\Content\Characters\Crawlerbroodmother\CRAWLERBR_attack2.ogg"
"creature-audio","audio","Content/Characters/Crawlerbroodmother/CRAWLERBR_attack3.ogg","CRAWLERBR_attack3.ogg","ogg","30825","2025-06-08T21:11:03.7663877Z","C:\Program Files (x86)\Steam\steamapps\common\Barotrauma\Content\Characters\Crawlerbroodmother\CRAWLERBR_attack3.ogg"
"creature-audio","audio","Content/Characters/Crawlerbroodmother/CRAWLERBR_attack4.ogg","CRAWLERBR_attack4.ogg","ogg","29875","2025-06-08T21:11:03.5359197Z","C:\Program Files (x86)\Steam\steamapps\common\Barotrauma\Content\Characters\Crawlerbroodmother\CRAWLERBR_attack4.ogg"
"creature-audio","audio","Content/Characters/Crawlerbroodmother/CRAWLERBR_damage1.ogg","CRAWLERBR_damage1.ogg","ogg","29043","2025-06-08T21:11:03.7593862Z","C:\Program Files (x86)\Steam\steamapps\common\Barotrauma\Content\Characters\Crawlerbroodmother\CRAWLERBR_damage1.ogg"
"creature-audio","audio","Content/Characters/Crawlerbroodmother/CRAWLERBR_damage2.ogg","CRAWLERBR_damage2.ogg","ogg","30052","2025-06-08T21:11:02.8157456Z","C:\Program Files (x86)\Steam\steamapps\common\Barotrauma\Content\Characters\Crawlerbroodmother\CRAWLERBR_damage2.ogg"
"creature-audio","audio","Content/Characters/Crawlerbroodmother/CRAWLERBR_damage3.ogg","CRAWLERBR_damage3.ogg","ogg","29624","2025-06-08T21:11:04.0641914Z","C:\Program Files (x86)\Steam\steamapps\common\Barotrauma\Content\Characters\Crawlerbroodmother\CRAWLERBR_damage3.ogg"
"creature-audio","audio","Content/Characters/Crawlerbroodmother/CRAWLERBR_death1.ogg","CRAWLERBR_death1.ogg","ogg","28727","2025-06-08T21:11:03.6996146Z","C:\Program Files (x86)\Steam\steamapps\common\Barotrauma\Content\Characters\Crawlerbroodmother\CRAWLERBR_death1.ogg"
"creature-audio","audio","Content/Characters/Crawlerbroodmother/CRAWLERBR_death2.ogg","CRAWLERBR_death2.ogg","ogg","31677","2025-06-08T21:11:02.4542839Z","C:\Program Files (x86)\Steam\steamapps\common\Barotrauma\Content\Characters\Crawlerbroodmother\CRAWLERBR_death2.ogg"
"creature-audio","audio","Content/Characters/Crawlerbroodmother/CRAWLERBR_eggHit1.ogg","CRAWLERBR_eggHit1.ogg","ogg","43952","2025-06-08T21:11:02.4542839Z","C:\Program Files (x86)\Steam\steamapps\common\Barotrauma\Content\Characters\Crawlerbroodmother\CRAWLERBR_eggHit1.ogg"
"creature-audio","audio","Content/Characters/Crawlerbroodmother/CRAWLERBR_eggHit2.ogg","CRAWLERBR_eggHit2.ogg","ogg","50017","2025-06-08T21:11:03.7623872Z","C:\Program Files (x86)\Steam\steamapps\common\Barotrauma\Content\Characters\Crawlerbroodmother\CRAWLERBR_eggHit2.ogg"
"creature-audio","audio","Content/Characters/Crawlerbroodmother/CRAWLERBR_eggHit3.ogg","CRAWLERBR_eggHit3.ogg","ogg","36373","2025-06-08T21:11:02.8187455Z","C:\Program Files (x86)\Steam\steamapps\common\Barotrauma\Content\Characters\Crawlerbroodmother\CRAWLERBR_eggHit3.ogg"
"creature-audio","audio","Content/Characters/Crawlerbroodmother/CRAWLERBR_eggHit4.ogg","CRAWLERBR_eggHit4.ogg","ogg","35122","2025-06-08T21:11:03.7006153Z","C:\Program Files (x86)\Steam\steamapps\common\Barotrauma\Content\Characters\Crawlerbroodmother\CRAWLERBR_eggHit4.ogg"
"creature-audio","audio","Content/Characters/Crawlerbroodmother/CRAWLERBR_eggHit5.ogg","CRAWLERBR_eggHit5.ogg","ogg","44247","2025-06-08T21:11:02.4542839Z","C:\Program Files (x86)\Steam\steamapps\common\Barotrauma\Content\Characters\Crawlerbroodmother\CRAWLERBR_eggHit5.ogg"
"creature-audio","audio","Content/Characters/Crawlerbroodmother/CRAWLERBR_idle1.ogg","CRAWLERBR_idle1.ogg","ogg","26622","2025-06-08T21:11:02.4552839Z","C:\Program Files (x86)\Steam\steamapps\common\Barotrauma\Content\Characters\Crawlerbroodmother\CRAWLERBR_idle1.ogg"
"creature-audio","audio","Content/Characters/Crawlerbroodmother/CRAWLERBR_idle2.ogg","CRAWLERBR_idle2.ogg","ogg","32602","2025-06-08T21:11:03.7643870Z","C:\Program Files (x86)\Steam\steamapps\common\Barotrauma\Content\Characters\Crawlerbroodmother\CRAWLERBR_idle2.ogg"
"creature-audio","audio","Content/Characters/Crawlerbroodmother/CRAWLERBR_idle3.ogg","CRAWLERBR_idle3.ogg","ogg","30755","2025-06-08T21:11:03.7563869Z","C:\Program Files (x86)\Steam\steamapps\common\Barotrauma\Content\Characters\Crawlerbroodmother\CRAWLERBR_idle3.ogg"
"creature-audio","audio","Content/Characters/Crawlerbroodmother/CRAWLERBR_vomit1.ogg","CRAWLERBR_vomit1.ogg","ogg","59034","2025-06-08T21:11:02.8147456Z","C:\Program Files (x86)\Steam\steamapps\common\Barotrauma\Content\Characters\Crawlerbroodmother\CRAWLERBR_vomit1.ogg"
"creature-audio","audio","Content/Characters/Crawlerbroodmother/CRAWLERBR_vomit2.ogg","CRAWLERBR_vomit2.ogg","ogg","56385","2025-06-08T21:11:02.8187455Z","C:\Program Files (x86)\Steam\steamapps\common\Barotrauma\Content\Characters\Crawlerbroodmother\CRAWLERBR_vomit2.ogg"
"creature-audio","audio","Content/Characters/Crawlerhusk/HUSKEDCRAWLER_attack1.ogg","HUSKEDCRAWLER_attack1.ogg","ogg","70028","2025-06-08T21:11:03.5868768Z","C:\Program Files (x86)\Steam\steamapps\common\Barotrauma\Content\Characters\Crawlerhusk\HUSKEDCRAWLER_attack1.ogg"
"creature-audio","audio","Content/Characters/Crawlerhusk/HUSKEDCRAWLER_attack2.ogg","HUSKEDCRAWLER_attack2.ogg","ogg","83829","2025-06-08T21:11:04.1230914Z","C:\Program Files (x86)\Steam\steamapps\common\Barotrauma\Content\Characters\Crawlerhusk\HUSKEDCRAWLER_attack2.ogg"
"creature-audio","audio","Content/Characters/Crawlerhusk/HUSKEDCRAWLER_attack3.ogg","HUSKEDCRAWLER_attack3.ogg","ogg","79964","2025-06-08T21:11:03.7613872Z","C:\Program Files (x86)\Steam\steamapps\common\Barotrauma\Content\Characters\Crawlerhusk\HUSKEDCRAWLER_attack3.ogg"
"creature-audio","audio","Content/Characters/Crawlerhusk/HUSKEDCRAWLER_attack4.ogg","HUSKEDCRAWLER_attack4.ogg","ogg","77675","2025-06-08T21:11:02.4542839Z","C:\Program Files (x86)\Steam\steamapps\common\Barotrauma\Content\Characters\Crawlerhusk\HUSKEDCRAWLER_attack4.ogg"
"creature-audio","audio","Content/Characters/Crawlerhusk/HUSKEDCRAWLER_damage1.ogg","HUSKEDCRAWLER_damage1.ogg","ogg","61175","2025-06-08T21:11:04.1170300Z","C:\Program Files (x86)\Steam\steamapps\common\Barotrauma\Content\Characters\Crawlerhusk\HUSKEDCRAWLER_damage1.ogg"
"creature-audio","audio","Content/Characters/Crawlerhusk/HUSKEDCRAWLER_damage2.ogg","HUSKEDCRAWLER_damage2.ogg","ogg","48786","2025-06-08T21:11:04.1767208Z","C:\Program Files (x86)\Steam\steamapps\common\Barotrauma\Content\Characters\Crawlerhusk\HUSKEDCRAWLER_damage2.ogg"
"creature-audio","audio","Content/Characters/Crawlerhusk/HUSKEDCRAWLER_damage3.ogg","HUSKEDCRAWLER_damage3.ogg","ogg","49226","2025-06-08T21:11:02.8147456Z","C:\Program Files (x86)\Steam\steamapps\common\Barotrauma\Content\Characters\Crawlerhusk\HUSKEDCRAWLER_damage3.ogg"
"creature-audio","audio","Content/Characters/Crawlerhusk/HUSKEDCRAWLER_damage4.ogg","HUSKEDCRAWLER_damage4.ogg","ogg","54279","2025-06-08T21:11:02.4542839Z","C:\Program Files (x86)\Steam\steamapps\common\Barotrauma\Content\Characters\Crawlerhusk\HUSKEDCRAWLER_damage4.ogg"
"creature-audio","audio","Content/Characters/Crawlerhusk/HUSKEDCRAWLER_dead1.ogg","HUSKEDCRAWLER_dead1.ogg","ogg","84355","2025-06-08T21:11:03.8044092Z","C:\Program Files (x86)\Steam\steamapps\common\Barotrauma\Content\Characters\Crawlerhusk\HUSKEDCRAWLER_dead1.ogg"
"creature-audio","audio","Content/Characters/Crawlerhusk/HUSKEDCRAWLER_idle1.ogg","HUSKEDCRAWLER_idle1.ogg","ogg","58959","2025-06-08T21:11:03.7623872Z","C:\Program Files (x86)\Steam\steamapps\common\Barotrauma\Content\Characters\Crawlerhusk\HUSKEDCRAWLER_idle1.ogg"
"creature-audio","audio","Content/Characters/Crawlerhusk/HUSKEDCRAWLER_idle2.ogg","HUSKEDCRAWLER_idle2.ogg","ogg","50891","2025-06-08T21:11:03.5878731Z","C:\Program Files (x86)\Steam\steamapps\common\Barotrauma\Content\Characters\Crawlerhusk\HUSKEDCRAWLER_idle2.ogg"
"creature-audio","audio","Content/Characters/Crawlerhusk/HUSKEDCRAWLER_idle3.ogg","HUSKEDCRAWLER_idle3.ogg","ogg","59270","2025-06-08T21:11:04.1767208Z","C:\Program Files (x86)\Steam\steamapps\common\Barotrauma\Content\Characters\Crawlerhusk\HUSKEDCRAWLER_idle3.ogg"
"creature-audio","audio","Content/Characters/Crawlerhusk/HUSKEDCRAWLER_idle4.ogg","HUSKEDCRAWLER_idle4.ogg","ogg","45406","2025-06-08T21:11:02.4542839Z","C:\Program Files (x86)\Steam\steamapps\common\Barotrauma\Content\Characters\Crawlerhusk\HUSKEDCRAWLER_idle4.ogg"
"creature-audio","audio","Content/Characters/Defensebot/DEFENCEBOT_damage1.ogg","DEFENCEBOT_damage1.ogg","ogg","37062","2025-06-08T21:11:03.8054094Z","C:\Program Files (x86)\Steam\steamapps\common\Barotrauma\Content\Characters\Defensebot\DEFENCEBOT_damage1.ogg"
"creature-audio","audio","Content/Characters/Defensebot/DEFENCEBOT_damage2.ogg","DEFENCEBOT_damage2.ogg","ogg","37503","2025-06-08T21:11:03.7603940Z","C:\Program Files (x86)\Steam\steamapps\common\Barotrauma\Content\Characters\Defensebot\DEFENCEBOT_damage2.ogg"
"creature-audio","audio","Content/Characters/Defensebot/DEFENCEBOT_damage3.ogg","DEFENCEBOT_damage3.ogg","ogg","34784","2025-06-08T21:11:02.5138614Z","C:\Program Files (x86)\Steam\steamapps\common\Barotrauma\Content\Characters\Defensebot\DEFENCEBOT_damage3.ogg"
"creature-audio","audio","Content/Characters/Defensebot/DEFENCEBOT_damage4.ogg","DEFENCEBOT_damage4.ogg","ogg","31361","2025-06-08T21:11:02.8137459Z","C:\Program Files (x86)\Steam\steamapps\common\Barotrauma\Content\Characters\Defensebot\DEFENCEBOT_damage4.ogg"
"creature-audio","audio","Content/Characters/Defensebot/DEFENCEBOT_idle1.ogg","DEFENCEBOT_idle1.ogg","ogg","66638","2025-06-08T21:11:02.8187455Z","C:\Program Files (x86)\Steam\steamapps\common\Barotrauma\Content\Characters\Defensebot\DEFENCEBOT_idle1.ogg"
"creature-audio","audio","Content/Characters/Defensebot/DEFENCEBOT_idle2.ogg","DEFENCEBOT_idle2.ogg","ogg","63743","2025-06-08T21:11:02.8187455Z","C:\Program Files (x86)\Steam\steamapps\common\Barotrauma\Content\Characters\Defensebot\DEFENCEBOT_idle2.ogg"
"creature-audio","audio","Content/Characters/Defensebot/DEFENCEBOT_idle3.ogg","DEFENCEBOT_idle3.ogg","ogg","45811","2025-06-08T21:11:02.5148767Z","C:\Program Files (x86)\Steam\steamapps\common\Barotrauma\Content\Characters\Defensebot\DEFENCEBOT_idle3.ogg"
"creature-audio","audio","Content/Characters/Defensebot/DEFENCEBOT_idle4.ogg","DEFENCEBOT_idle4.ogg","ogg","70444","2025-06-08T21:11:02.5168796Z","C:\Program Files (x86)\Steam\steamapps\common\Barotrauma\Content\Characters\Defensebot\DEFENCEBOT_idle4.ogg"
"creature-audio","audio","Content/Characters/Defensebot/DEFENCEBOT_interact1.ogg","DEFENCEBOT_interact1.ogg","ogg","37320","2025-06-08T21:11:03.7663877Z","C:\Program Files (x86)\Steam\steamapps\common\Barotrauma\Content\Characters\Defensebot\DEFENCEBOT_interact1.ogg"
"creature-audio","audio","Content/Characters/Defensebot/DEFENCEBOT_interact2.ogg","DEFENCEBOT_interact2.ogg","ogg","20320","2025-06-08T21:11:03.8694486Z","C:\Program Files (x86)\Steam\steamapps\common\Barotrauma\Content\Characters\Defensebot\DEFENCEBOT_interact2.ogg"
"creature-audio","audio","Content/Characters/Defensebot/DEFENCEBOT_interact3.ogg","DEFENCEBOT_interact3.ogg","ogg","23651","2025-06-08T21:11:02.8167457Z","C:\Program Files (x86)\Steam\steamapps\common\Barotrauma\Content\Characters\Defensebot\DEFENCEBOT_interact3.ogg"
"creature-audio","audio","Content/Characters/Defensebot/DEFENCEBOT_interact4.ogg","DEFENCEBOT_interact4.ogg","ogg","29269","2025-06-08T21:11:02.8197456Z","C:\Program Files (x86)\Steam\steamapps\common\Barotrauma\Content\Characters\Defensebot\DEFENCEBOT_interact4.ogg"
"creature-audio","audio","Content/Characters/Endworm/ENDWORM_attack1.ogg","ENDWORM_attack1.ogg","ogg","128370","2025-06-08T21:11:04.7059740Z","C:\Program Files (x86)\Steam\steamapps\common\Barotrauma\Content\Characters\Endworm\ENDWORM_attack1.ogg"
"creature-audio","audio","Content/Characters/Endworm/ENDWORM_attack2.ogg","ENDWORM_attack2.ogg","ogg","114413","2025-06-08T21:11:04.5798683Z","C:\Program Files (x86)\Steam\steamapps\common\Barotrauma\Content\Characters\Endworm\ENDWORM_attack2.ogg"
"creature-audio","audio","Content/Characters/Endworm/ENDWORM_attack3.ogg","ENDWORM_attack3.ogg","ogg","120991","2025-06-08T21:11:04.5798683Z","C:\Program Files (x86)\Steam\steamapps\common\Barotrauma\Content\Characters\Endworm\ENDWORM_attack3.ogg"
"creature-audio","audio","Content/Characters/Endworm/ENDWORM_damage1.ogg","ENDWORM_damage1.ogg","ogg","64901","2025-06-08T21:11:04.5758677Z","C:\Program Files (x86)\Steam\steamapps\common\Barotrauma\Content\Characters\Endworm\ENDWORM_damage1.ogg"
"creature-audio","audio","Content/Characters/Endworm/ENDWORM_damage2.ogg","ENDWORM_damage2.ogg","ogg","59959","2025-06-08T21:11:04.7059740Z","C:\Program Files (x86)\Steam\steamapps\common\Barotrauma\Content\Characters\Endworm\ENDWORM_damage2.ogg"
"creature-audio","audio","Content/Characters/Endworm/ENDWORM_damage3.ogg","ENDWORM_damage3.ogg","ogg","83331","2025-06-08T21:11:02.9298002Z","C:\Program Files (x86)\Steam\steamapps\common\Barotrauma\Content\Characters\Endworm\ENDWORM_damage3.ogg"
"creature-audio","audio","Content/Characters/Endworm/ENDWORM_death1.ogg","ENDWORM_death1.ogg","ogg","122890","2025-06-08T21:11:04.5798683Z","C:\Program Files (x86)\Steam\steamapps\common\Barotrauma\Content\Characters\Endworm\ENDWORM_death1.ogg"
"creature-audio","audio","Content/Characters/Endworm/ENDWORM_death2.ogg","ENDWORM_death2.ogg","ogg","96040","2025-06-08T21:11:03.7603940Z","C:\Program Files (x86)\Steam\steamapps\common\Barotrauma\Content\Characters\Endworm\ENDWORM_death2.ogg"
"creature-audio","audio","Content/Characters/Endworm/ENDWORM_idle1.ogg","ENDWORM_idle1.ogg","ogg","129962","2025-06-08T21:11:02.9830624Z","C:\Program Files (x86)\Steam\steamapps\common\Barotrauma\Content\Characters\Endworm\ENDWORM_idle1.ogg"
"creature-audio","audio","Content/Characters/Endworm/ENDWORM_idle2.ogg","ENDWORM_idle2.ogg","ogg","145085","2025-06-08T21:11:03.7583863Z","C:\Program Files (x86)\Steam\steamapps\common\Barotrauma\Content\Characters\Endworm\ENDWORM_idle2.ogg"
"creature-audio","audio","Content/Characters/Endworm/ENDWORM_idle3.ogg","ENDWORM_idle3.ogg","ogg","126802","2025-06-08T21:11:02.9870620Z","C:\Program Files (x86)\Steam\steamapps\common\Barotrauma\Content\Characters\Endworm\ENDWORM_idle3.ogg"
"creature-audio","audio","Content/Characters/Endworm/ENDWORM_idleLoop.ogg","ENDWORM_idleLoop.ogg","ogg","519784","2025-06-08T21:11:01.8972447Z","C:\Program Files (x86)\Steam\steamapps\common\Barotrauma\Content\Characters\Endworm\ENDWORM_idleLoop.ogg"
"creature-audio","audio","Content/Characters/Endworm/ENDWORM_tailCut.ogg","ENDWORM_tailCut.ogg","ogg","205268","2025-06-08T21:11:03.0408037Z","C:\Program Files (x86)\Steam\steamapps\common\Barotrauma\Content\Characters\Endworm\ENDWORM_tailCut.ogg"
"creature-audio","audio","Content/Characters/Fractalguardian/ALIEN_fractalGuardianPanicLoop.ogg","ALIEN_fractalGuardianPanicLoop.ogg","ogg","205724","2025-06-08T21:11:03.8044092Z","C:\Program Files (x86)\Steam\steamapps\common\Barotrauma\Content\Characters\Fractalguardian\ALIEN_fractalGuardianPanicLoop.ogg"
"creature-audio","audio","Content/Characters/Fractalguardian/FRACTALGUARDIAN1_attack1.ogg","FRACTALGUARDIAN1_attack1.ogg","ogg","23859","2025-06-08T21:11:04.8543213Z","C:\Program Files (x86)\Steam\steamapps\common\Barotrauma\Content\Characters\Fractalguardian\FRACTALGUARDIAN1_attack1.ogg"
"creature-audio","audio","Content/Characters/Fractalguardian/FRACTALGUARDIAN1_attack2.ogg","FRACTALGUARDIAN1_attack2.ogg","ogg","22997","2025-06-08T21:11:03.7673866Z","C:\Program Files (x86)\Steam\steamapps\common\Barotrauma\Content\Characters\Fractalguardian\FRACTALGUARDIAN1_attack2.ogg"
"creature-audio","audio","Content/Characters/Fractalguardian/FRACTALGUARDIAN1_attack3.ogg","FRACTALGUARDIAN1_attack3.ogg","ogg","22657","2025-06-08T21:11:04.8543213Z","C:\Program Files (x86)\Steam\steamapps\common\Barotrauma\Content\Characters\Fractalguardian\FRACTALGUARDIAN1_attack3.ogg"
"creature-audio","audio","Content/Characters/Fractalguardian/FRACTALGUARDIAN1_attack4.ogg","FRACTALGUARDIAN1_attack4.ogg","ogg","24326","2025-06-08T21:11:04.8273643Z","C:\Program Files (x86)\Steam\steamapps\common\Barotrauma\Content\Characters\Fractalguardian\FRACTALGUARDIAN1_attack4.ogg"
"creature-audio","audio","Content/Characters/Fractalguardian/FRACTALGUARDIAN1_attack5.ogg","FRACTALGUARDIAN1_attack5.ogg","ogg","23842","2025-06-08T21:11:03.0418052Z","C:\Program Files (x86)\Steam\steamapps\common\Barotrauma\Content\Characters\Fractalguardian\FRACTALGUARDIAN1_attack5.ogg"
"creature-audio","audio","Content/Characters/Fractalguardian/FRACTALGUARDIAN1_damage.ogg","FRACTALGUARDIAN1_damage.ogg","ogg","14401","2025-06-08T21:11:04.8903523Z","C:\Program Files (x86)\Steam\steamapps\common\Barotrauma\Content\Characters\Fractalguardian\FRACTALGUARDIAN1_damage.ogg"
"creature-audio","audio","Content/Characters/Fractalguardian/FRACTALGUARDIAN1_damage2.ogg","FRACTALGUARDIAN1_damage2.ogg","ogg","15539","2025-06-08T21:11:02.5168796Z","C:\Program Files (x86)\Steam\steamapps\common\Barotrauma\Content\Characters\Fractalguardian\FRACTALGUARDIAN1_damage2.ogg"
"creature-audio","audio","Content/Characters/Fractalguardian/FRACTALGUARDIAN1_damage3.ogg","FRACTALGUARDIAN1_damage3.ogg","ogg","15752","2025-06-08T21:11:03.7703939Z","C:\Program Files (x86)\Steam\steamapps\common\Barotrauma\Content\Characters\Fractalguardian\FRACTALGUARDIAN1_damage3.ogg"
"creature-audio","audio","Content/Characters/Fractalguardian/FRACTALGUARDIAN1_damage4.ogg","FRACTALGUARDIAN1_damage4.ogg","ogg","15809","2025-06-08T21:11:03.7683869Z","C:\Program Files (x86)\Steam\steamapps\common\Barotrauma\Content\Characters\Fractalguardian\FRACTALGUARDIAN1_damage4.ogg"
"creature-audio","audio","Content/Characters/Fractalguardian/FRACTALGUARDIAN1_damage5.ogg","FRACTALGUARDIAN1_damage5.ogg","ogg","14102","2025-06-08T21:11:03.0418052Z","C:\Program Files (x86)\Steam\steamapps\common\Barotrauma\Content\Characters\Fractalguardian\FRACTALGUARDIAN1_damage5.ogg"
"creature-audio","audio","Content/Characters/Fractalguardian/FRACTALGUARDIAN1_death1.ogg","FRACTALGUARDIAN1_death1.ogg","ogg","25656","2025-06-08T21:11:03.7673866Z","C:\Program Files (x86)\Steam\steamapps\common\Barotrauma\Content\Characters\Fractalguardian\FRACTALGUARDIAN1_death1.ogg"
"creature-audio","audio","Content/Characters/Fractalguardian/FRACTALGUARDIAN1_death2.ogg","FRACTALGUARDIAN1_death2.ogg","ogg","27088","2025-06-08T21:11:03.7703939Z","C:\Program Files (x86)\Steam\steamapps\common\Barotrauma\Content\Characters\Fractalguardian\FRACTALGUARDIAN1_death2.ogg"
"creature-audio","audio","Content/Characters/Fractalguardian/FRACTALGUARDIAN1_death3.ogg","FRACTALGUARDIAN1_death3.ogg","ogg","27158","2025-06-08T21:11:02.5779734Z","C:\Program Files (x86)\Steam\steamapps\common\Barotrauma\Content\Characters\Fractalguardian\FRACTALGUARDIAN1_death3.ogg"
"creature-audio","audio","Content/Characters/Fractalguardian/FRACTALGUARDIAN1_death4.ogg","FRACTALGUARDIAN1_death4.ogg","ogg","27925","2025-06-08T21:11:04.8273643Z","C:\Program Files (x86)\Steam\steamapps\common\Barotrauma\Content\Characters\Fractalguardian\FRACTALGUARDIAN1_death4.ogg"
"creature-audio","audio","Content/Characters/Fractalguardian/FRACTALGUARDIAN1_idle1.ogg","FRACTALGUARDIAN1_idle1.ogg","ogg","65865","2025-06-08T21:11:03.7633869Z","C:\Program Files (x86)\Steam\steamapps\common\Barotrauma\Content\Characters\Fractalguardian\FRACTALGUARDIAN1_idle1.ogg"
"creature-audio","audio","Content/Characters/Fractalguardian/FRACTALGUARDIAN1_idle2.ogg","FRACTALGUARDIAN1_idle2.ogg","ogg","67179","2025-06-08T21:11:03.0418052Z","C:\Program Files (x86)\Steam\steamapps\common\Barotrauma\Content\Characters\Fractalguardian\FRACTALGUARDIAN1_idle2.ogg"
"creature-audio","audio","Content/Characters/Fractalguardian/FRACTALGUARDIAN2_attack1.ogg","FRACTALGUARDIAN2_attack1.ogg","ogg","22378","2025-06-08T21:11:03.7653867Z","C:\Program Files (x86)\Steam\steamapps\common\Barotrauma\Content\Characters\Fractalguardian\FRACTALGUARDIAN2_attack1.ogg"
"creature-audio","audio","Content/Characters/Fractalguardian/FRACTALGUARDIAN2_damage1.ogg","FRACTALGUARDIAN2_damage1.ogg","ogg","14742","2025-06-08T21:11:02.5769723Z","C:\Program Files (x86)\Steam\steamapps\common\Barotrauma\Content\Characters\Fractalguardian\FRACTALGUARDIAN2_damage1.ogg"
"creature-audio","audio","Content/Characters/Fractalguardian/FRACTALGUARDIAN2_damage2.ogg","FRACTALGUARDIAN2_damage2.ogg","ogg","17047","2025-06-08T21:11:03.0418052Z","C:\Program Files (x86)\Steam\steamapps\common\Barotrauma\Content\Characters\Fractalguardian\FRACTALGUARDIAN2_damage2.ogg"
"creature-audio","audio","Content/Characters/Fractalguardian/FRACTALGUARDIAN2_damage3.ogg","FRACTALGUARDIAN2_damage3.ogg","ogg","16492","2025-06-08T21:11:02.5779734Z","C:\Program Files (x86)\Steam\steamapps\common\Barotrauma\Content\Characters\Fractalguardian\FRACTALGUARDIAN2_damage3.ogg"
"creature-audio","audio","Content/Characters/Fractalguardian/FRACTALGUARDIAN2_damage4.ogg","FRACTALGUARDIAN2_damage4.ogg","ogg","17466","2025-06-08T21:11:02.7036778Z","C:\Program Files (x86)\Steam\steamapps\common\Barotrauma\Content\Characters\Fractalguardian\FRACTALGUARDIAN2_damage4.ogg"
"creature-audio","audio","Content/Characters/Fractalguardian/FRACTALGUARDIAN2_damage5.ogg","FRACTALGUARDIAN2_damage5.ogg","ogg","17725","2025-06-08T21:11:03.7693863Z","C:\Program Files (x86)\Steam\steamapps\common\Barotrauma\Content\Characters\Fractalguardian\FRACTALGUARDIAN2_damage5.ogg"
"creature-audio","audio","Content/Characters/Fractalguardian/FRACTALGUARDIAN2_death1.ogg","FRACTALGUARDIAN2_death1.ogg","ogg","25879","2025-06-08T21:11:02.7046698Z","C:\Program Files (x86)\Steam\steamapps\common\Barotrauma\Content\Characters\Fractalguardian\FRACTALGUARDIAN2_death1.ogg"
"creature-audio","audio","Content/Characters/Fractalguardian/FRACTALGUARDIAN2_death2.ogg","FRACTALGUARDIAN2_death2.ogg","ogg","25623","2025-06-08T21:11:04.8923520Z","C:\Program Files (x86)\Steam\steamapps\common\Barotrauma\Content\Characters\Fractalguardian\FRACTALGUARDIAN2_death2.ogg"
"creature-audio","audio","Content/Characters/Fractalguardian/FRACTALGUARDIAN2_death3.ogg","FRACTALGUARDIAN2_death3.ogg","ogg","27237","2025-06-08T21:11:03.7623872Z","C:\Program Files (x86)\Steam\steamapps\common\Barotrauma\Content\Characters\Fractalguardian\FRACTALGUARDIAN2_death3.ogg"
"creature-audio","audio","Content/Characters/Fractalguardian/FRACTALGUARDIAN2_idle1.ogg","FRACTALGUARDIAN2_idle1.ogg","ogg","52941","2025-06-08T21:11:03.7693863Z","C:\Program Files (x86)\Steam\steamapps\common\Barotrauma\Content\Characters\Fractalguardian\FRACTALGUARDIAN2_idle1.ogg"
"creature-audio","audio","Content/Characters/Fractalguardian/FRACTALGUARDIAN2_idle2.ogg","FRACTALGUARDIAN2_idle2.ogg","ogg","56435","2025-06-08T21:11:04.8923520Z","C:\Program Files (x86)\Steam\steamapps\common\Barotrauma\Content\Characters\Fractalguardian\FRACTALGUARDIAN2_idle2.ogg"
"creature-audio","audio","Content/Characters/Fractalguardian/FRACTALGUARDIAN2_idle3.ogg","FRACTALGUARDIAN2_idle3.ogg","ogg","56362","2025-06-08T21:11:04.8543213Z","C:\Program Files (x86)\Steam\steamapps\common\Barotrauma\Content\Characters\Fractalguardian\FRACTALGUARDIAN2_idle3.ogg"
"creature-audio","audio","Content/Characters/Fractalguardian/FRACTALGUARDIAN2_idle4.ogg","FRACTALGUARDIAN2_idle4.ogg","ogg","60823","2025-06-08T21:11:03.1689856Z","C:\Program Files (x86)\Steam\steamapps\common\Barotrauma\Content\Characters\Fractalguardian\FRACTALGUARDIAN2_idle4.ogg"
"creature-audio","audio","Content/Characters/Hammerhead/HAMMERHEAD_attack1.ogg","HAMMERHEAD_attack1.ogg","ogg","28461","2025-06-08T21:11:03.5918658Z","C:\Program Files (x86)\Steam\steamapps\common\Barotrauma\Content\Characters\Hammerhead\HAMMERHEAD_attack1.ogg"
"creature-audio","audio","Content/Characters/Hammerhead/HAMMERHEAD_attack2.ogg","HAMMERHEAD_attack2.ogg","ogg","26735","2025-06-08T21:11:03.7703939Z","C:\Program Files (x86)\Steam\steamapps\common\Barotrauma\Content\Characters\Hammerhead\HAMMERHEAD_attack2.ogg"
"creature-audio","audio","Content/Characters/Hammerhead/HAMMERHEAD_attack3.ogg","HAMMERHEAD_attack3.ogg","ogg","31479","2025-06-08T21:11:04.2293725Z","C:\Program Files (x86)\Steam\steamapps\common\Barotrauma\Content\Characters\Hammerhead\HAMMERHEAD_attack3.ogg"
"creature-audio","audio","Content/Characters/Hammerhead/HAMMERHEAD_damage1.ogg","HAMMERHEAD_damage1.ogg","ogg","22286","2025-06-08T21:11:05.2870754Z","C:\Program Files (x86)\Steam\steamapps\common\Barotrauma\Content\Characters\Hammerhead\HAMMERHEAD_damage1.ogg"
"creature-audio","audio","Content/Characters/Hammerhead/HAMMERHEAD_damage2.ogg","HAMMERHEAD_damage2.ogg","ogg","25207","2025-06-08T21:11:04.9478689Z","C:\Program Files (x86)\Steam\steamapps\common\Barotrauma\Content\Characters\Hammerhead\HAMMERHEAD_damage2.ogg"
"creature-audio","audio","Content/Characters/Hammerhead/HAMMERHEAD_damage3.ogg","HAMMERHEAD_damage3.ogg","ogg","22705","2025-06-08T21:11:05.2830730Z","C:\Program Files (x86)\Steam\steamapps\common\Barotrauma\Content\Characters\Hammerhead\HAMMERHEAD_damage3.ogg"
"creature-audio","audio","Content/Characters/Hammerhead/HAMMERHEAD_damage4.ogg","HAMMERHEAD_damage4.ogg","ogg","24653","2025-06-08T21:11:03.5908662Z","C:\Program Files (x86)\Steam\steamapps\common\Barotrauma\Content\Characters\Hammerhead\HAMMERHEAD_damage4.ogg"
"creature-audio","audio","Content/Characters/Hammerhead/HAMMERHEAD_death1.ogg","HAMMERHEAD_death1.ogg","ogg","50064","2025-06-08T21:11:03.5878731Z","C:\Program Files (x86)\Steam\steamapps\common\Barotrauma\Content\Characters\Hammerhead\HAMMERHEAD_death1.ogg"
"creature-audio","audio","Content/Characters/Hammerhead/HAMMERHEAD_death2.ogg","HAMMERHEAD_death2.ogg","ogg","47342","2025-06-08T21:11:02.7046698Z","C:\Program Files (x86)\Steam\steamapps\common\Barotrauma\Content\Characters\Hammerhead\HAMMERHEAD_death2.ogg"
"creature-audio","audio","Content/Characters/Hammerhead/HAMMERHEAD_death3.ogg","HAMMERHEAD_death3.ogg","ogg","38122","2025-06-08T21:11:04.2333714Z","C:\Program Files (x86)\Steam\steamapps\common\Barotrauma\Content\Characters\Hammerhead\HAMMERHEAD_death3.ogg"
"creature-audio","audio","Content/Characters/Hammerhead/HAMMERHEAD_idle1.ogg","HAMMERHEAD_idle1.ogg","ogg","36368","2025-06-08T21:11:05.2840760Z","C:\Program Files (x86)\Steam\steamapps\common\Barotrauma\Content\Characters\Hammerhead\HAMMERHEAD_idle1.ogg"
"creature-audio","audio","Content/Characters/Hammerhead/HAMMERHEAD_idle2.ogg","HAMMERHEAD_idle2.ogg","ogg","31943","2025-06-08T21:11:05.2770732Z","C:\Program Files (x86)\Steam\steamapps\common\Barotrauma\Content\Characters\Hammerhead\HAMMERHEAD_idle2.ogg"
"creature-audio","audio","Content/Characters/Hammerhead/HAMMERHEAD_idle3.ogg","HAMMERHEAD_idle3.ogg","ogg","45118","2025-06-08T21:11:04.2323722Z","C:\Program Files (x86)\Steam\steamapps\common\Barotrauma\Content\Characters\Hammerhead\HAMMERHEAD_idle3.ogg"
"creature-audio","audio","Content/Characters/Hammerhead/HAMMERHEAD_idle4.ogg","HAMMERHEAD_idle4.ogg","ogg","45222","2025-06-08T21:11:03.5908662Z","C:\Program Files (x86)\Steam\steamapps\common\Barotrauma\Content\Characters\Hammerhead\HAMMERHEAD_idle4.ogg"
"creature-audio","audio","Content/Characters/Hammerhead/HAMMERHEAD_idle5.ogg","HAMMERHEAD_idle5.ogg","ogg","51425","2025-06-08T21:11:05.2820724Z","C:\Program Files (x86)\Steam\steamapps\common\Barotrauma\Content\Characters\Hammerhead\HAMMERHEAD_idle5.ogg"
"creature-audio","audio","Content/Characters/Hammerheadgold/HAMMERHEADg_attack1.ogg","HAMMERHEADg_attack1.ogg","ogg","20717","2025-06-08T21:11:05.0612587Z","C:\Program Files (x86)\Steam\steamapps\common\Barotrauma\Content\Characters\Hammerheadgold\HAMMERHEADg_attack1.ogg"
"creature-audio","audio","Content/Characters/Hammerheadgold/HAMMERHEADg_attack2.ogg","HAMMERHEADg_attack2.ogg","ogg","19395","2025-06-08T21:11:05.0632626Z","C:\Program Files (x86)\Steam\steamapps\common\Barotrauma\Content\Characters\Hammerheadgold\HAMMERHEADg_attack2.ogg"
"creature-audio","audio","Content/Characters/Hammerheadgold/HAMMERHEADg_attack3.ogg","HAMMERHEADg_attack3.ogg","ogg","17974","2025-06-08T21:11:02.7056702Z","C:\Program Files (x86)\Steam\steamapps\common\Barotrauma\Content\Characters\Hammerheadgold\HAMMERHEADg_attack3.ogg"
"creature-audio","audio","Content/Characters/Hammerheadgold/HAMMERHEADg_attack4.ogg","HAMMERHEADg_attack4.ogg","ogg","17454","2025-06-08T21:11:03.8044092Z","C:\Program Files (x86)\Steam\steamapps\common\Barotrauma\Content\Characters\Hammerheadgold\HAMMERHEADg_attack4.ogg"
"creature-audio","audio","Content/Characters/Hammerheadgold/HAMMERHEADg_damage1.ogg","HAMMERHEADg_damage1.ogg","ogg","20597","2025-06-08T21:11:04.8283222Z","C:\Program Files (x86)\Steam\steamapps\common\Barotrauma\Content\Characters\Hammerheadgold\HAMMERHEADg_damage1.ogg"
"creature-audio","audio","Content/Characters/Hammerheadgold/HAMMERHEADg_damage2.ogg","HAMMERHEADg_damage2.ogg","ogg","17855","2025-06-08T21:11:04.8253211Z","C:\Program Files (x86)\Steam\steamapps\common\Barotrauma\Content\Characters\Hammerheadgold\HAMMERHEADg_damage2.ogg"
"creature-audio","audio","Content/Characters/Hammerheadgold/HAMMERHEADg_damage3.ogg","HAMMERHEADg_damage3.ogg","ogg","16312","2025-06-08T21:11:05.0642583Z","C:\Program Files (x86)\Steam\steamapps\common\Barotrauma\Content\Characters\Hammerheadgold\HAMMERHEADg_damage3.ogg"
"creature-audio","audio","Content/Characters/Hammerheadgold/HAMMERHEADg_damage4.ogg","HAMMERHEADg_damage4.ogg","ogg","14154","2025-06-08T21:11:03.1689856Z","C:\Program Files (x86)\Steam\steamapps\common\Barotrauma\Content\Characters\Hammerheadgold\HAMMERHEADg_damage4.ogg"
"creature-audio","audio","Content/Characters/Hammerheadgold/HAMMERHEADg_death1.ogg","HAMMERHEADg_death1.ogg","ogg","25117","2025-06-08T21:11:05.1190476Z","C:\Program Files (x86)\Steam\steamapps\common\Barotrauma\Content\Characters\Hammerheadgold\HAMMERHEADg_death1.ogg"
"creature-audio","audio","Content/Characters/Hammerheadgold/HAMMERHEADg_death2.ogg","HAMMERHEADg_death2.ogg","ogg","27299","2025-06-08T21:11:03.8694486Z","C:\Program Files (x86)\Steam\steamapps\common\Barotrauma\Content\Characters\Hammerheadgold\HAMMERHEADg_death2.ogg"
"creature-audio","audio","Content/Characters/Hammerheadgold/HAMMERHEADg_death3.ogg","HAMMERHEADg_death3.ogg","ogg","25845","2025-06-08T21:11:02.7046698Z","C:\Program Files (x86)\Steam\steamapps\common\Barotrauma\Content\Characters\Hammerheadgold\HAMMERHEADg_death3.ogg"
"creature-audio","audio","Content/Characters/Hammerheadgold/HAMMERHEADg_idle1.ogg","HAMMERHEADg_idle1.ogg","ogg","25354","2025-06-08T21:11:02.7066701Z","C:\Program Files (x86)\Steam\steamapps\common\Barotrauma\Content\Characters\Hammerheadgold\HAMMERHEADg_idle1.ogg"
"creature-audio","audio","Content/Characters/Hammerheadgold/HAMMERHEADg_idle2.ogg","HAMMERHEADg_idle2.ogg","ogg","20441","2025-06-08T21:11:04.8293226Z","C:\Program Files (x86)\Steam\steamapps\common\Barotrauma\Content\Characters\Hammerheadgold\HAMMERHEADg_idle2.ogg"
"creature-audio","audio","Content/Characters/Hammerheadgold/HAMMERHEADg_idle3.ogg","HAMMERHEADg_idle3.ogg","ogg","25797","2025-06-08T21:11:03.2344747Z","C:\Program Files (x86)\Steam\steamapps\common\Barotrauma\Content\Characters\Hammerheadgold\HAMMERHEADg_idle3.ogg"
"creature-audio","audio","Content/Characters/Hammerheadgold/HAMMERHEADg_idle4.ogg","HAMMERHEADg_idle4.ogg","ogg","25484","2025-06-08T21:11:05.1230482Z","C:\Program Files (x86)\Steam\steamapps\common\Barotrauma\Content\Characters\Hammerheadgold\HAMMERHEADg_idle4.ogg"
"creature-audio","audio","Content/Characters/Hammerheadgold/HAMMERHEADg_idle5.ogg","HAMMERHEADg_idle5.ogg","ogg","28637","2025-06-08T21:11:05.2800733Z","C:\Program Files (x86)\Steam\steamapps\common\Barotrauma\Content\Characters\Hammerheadgold\HAMMERHEADg_idle5.ogg"
"creature-audio","audio","Content/Characters/Hammerheadmatriarch/MHAMMERHEAD_damage1.ogg","MHAMMERHEAD_damage1.ogg","ogg","29114","2025-06-08T21:11:04.8283222Z","C:\Program Files (x86)\Steam\steamapps\common\Barotrauma\Content\Characters\Hammerheadmatriarch\MHAMMERHEAD_damage1.ogg"
"creature-audio","audio","Content/Characters/Hammerheadmatriarch/MHAMMERHEAD_damage2.ogg","MHAMMERHEAD_damage2.ogg","ogg","29776","2025-06-08T21:11:05.2770732Z","C:\Program Files (x86)\Steam\steamapps\common\Barotrauma\Content\Characters\Hammerheadmatriarch\MHAMMERHEAD_damage2.ogg"
"creature-audio","audio","Content/Characters/Hammerheadmatriarch/MHAMMERHEAD_explosion1.ogg","MHAMMERHEAD_explosion1.ogg","ogg","90488","2025-06-08T21:11:04.1230914Z","C:\Program Files (x86)\Steam\steamapps\common\Barotrauma\Content\Characters\Hammerheadmatriarch\MHAMMERHEAD_explosion1.ogg"
"creature-audio","audio","Content/Characters/Hammerheadmatriarch/MHAMMERHEAD_explosion2.ogg","MHAMMERHEAD_explosion2.ogg","ogg","69463","2025-06-08T21:11:03.7653867Z","C:\Program Files (x86)\Steam\steamapps\common\Barotrauma\Content\Characters\Hammerheadmatriarch\MHAMMERHEAD_explosion2.ogg"
"creature-audio","audio","Content/Characters/Hammerheadmatriarch/MHAMMERHEAD_explosion3.ogg","MHAMMERHEAD_explosion3.ogg","ogg","90073","2025-06-08T21:11:04.8923520Z","C:\Program Files (x86)\Steam\steamapps\common\Barotrauma\Content\Characters\Hammerheadmatriarch\MHAMMERHEAD_explosion3.ogg"
"creature-audio","audio","Content/Characters/Hammerheadmatriarch/MHAMMERHEAD_explosion4.ogg","MHAMMERHEAD_explosion4.ogg","ogg","73991","2025-06-08T21:11:04.8923520Z","C:\Program Files (x86)\Steam\steamapps\common\Barotrauma\Content\Characters\Hammerheadmatriarch\MHAMMERHEAD_explosion4.ogg"
"creature-audio","audio","Content/Characters/Hammerheadmatriarch/MHAMMERHEAD_idle1.ogg","MHAMMERHEAD_idle1.ogg","ogg","84887","2025-06-08T21:11:03.5898729Z","C:\Program Files (x86)\Steam\steamapps\common\Barotrauma\Content\Characters\Hammerheadmatriarch\MHAMMERHEAD_idle1.ogg"
"creature-audio","audio","Content/Characters/Hammerheadmatriarch/MHAMMERHEAD_idle2.ogg","MHAMMERHEAD_idle2.ogg","ogg","53385","2025-06-08T21:11:02.7056702Z","C:\Program Files (x86)\Steam\steamapps\common\Barotrauma\Content\Characters\Hammerheadmatriarch\MHAMMERHEAD_idle2.ogg"
"creature-audio","audio","Content/Characters/Hammerheadmatriarch/MHAMMERHEAD_idle3.ogg","MHAMMERHEAD_idle3.ogg","ogg","45536","2025-06-08T21:11:05.2780736Z","C:\Program Files (x86)\Steam\steamapps\common\Barotrauma\Content\Characters\Hammerheadmatriarch\MHAMMERHEAD_idle3.ogg"
"creature-audio","audio","Content/Characters/Human/female_damage1.ogg","female_damage1.ogg","ogg","10637","2025-06-08T21:11:04.2293725Z","C:\Program Files (x86)\Steam\steamapps\common\Barotrauma\Content\Characters\Human\female_damage1.ogg"
"creature-audio","audio","Content/Characters/Human/female_damage10.ogg","female_damage10.ogg","ogg","12501","2025-06-08T21:11:03.5858768Z","C:\Program Files (x86)\Steam\steamapps\common\Barotrauma\Content\Characters\Human\female_damage10.ogg"
"creature-audio","audio","Content/Characters/Human/female_damage2.ogg","female_damage2.ogg","ogg","11583","2025-06-08T21:11:04.9528691Z","C:\Program Files (x86)\Steam\steamapps\common\Barotrauma\Content\Characters\Human\female_damage2.ogg"
"creature-audio","audio","Content/Characters/Human/female_damage3.ogg","female_damage3.ogg","ogg","12530","2025-06-08T21:11:02.7066701Z","C:\Program Files (x86)\Steam\steamapps\common\Barotrauma\Content\Characters\Human\female_damage3.ogg"
"creature-audio","audio","Content/Characters/Human/female_damage4.ogg","female_damage4.ogg","ogg","10662","2025-06-08T21:11:03.5898729Z","C:\Program Files (x86)\Steam\steamapps\common\Barotrauma\Content\Characters\Human\female_damage4.ogg"
"creature-audio","audio","Content/Characters/Human/female_damage5.ogg","female_damage5.ogg","ogg","11130","2025-06-08T21:11:04.2313725Z","C:\Program Files (x86)\Steam\steamapps\common\Barotrauma\Content\Characters\Human\female_damage5.ogg"
"creature-audio","audio","Content/Characters/Human/female_damage6.ogg","female_damage6.ogg","ogg","11338","2025-06-08T21:11:04.9488696Z","C:\Program Files (x86)\Steam\steamapps\common\Barotrauma\Content\Characters\Human\female_damage6.ogg"
"creature-audio","audio","Content/Characters/Human/female_damage7.ogg","female_damage7.ogg","ogg","12227","2025-06-08T21:11:04.9528691Z","C:\Program Files (x86)\Steam\steamapps\common\Barotrauma\Content\Characters\Human\female_damage7.ogg"
"creature-audio","audio","Content/Characters/Human/female_damage8.ogg","female_damage8.ogg","ogg","11544","2025-06-08T21:11:05.2780736Z","C:\Program Files (x86)\Steam\steamapps\common\Barotrauma\Content\Characters\Human\female_damage8.ogg"
"creature-audio","audio","Content/Characters/Human/female_damage9.ogg","female_damage9.ogg","ogg","14756","2025-06-08T21:11:02.7046698Z","C:\Program Files (x86)\Steam\steamapps\common\Barotrauma\Content\Characters\Human\female_damage9.ogg"
"creature-audio","audio","Content/Characters/Human/male_damage1.ogg","male_damage1.ogg","ogg","12081","2025-06-08T21:11:03.7583863Z","C:\Program Files (x86)\Steam\steamapps\common\Barotrauma\Content\Characters\Human\male_damage1.ogg"
"creature-audio","audio","Content/Characters/Human/male_damage10.ogg","male_damage10.ogg","ogg","9981","2025-06-08T21:11:03.7703939Z","C:\Program Files (x86)\Steam\steamapps\common\Barotrauma\Content\Characters\Human\male_damage10.ogg"
"creature-audio","audio","Content/Characters/Human/male_damage11.ogg","male_damage11.ogg","ogg","12244","2025-06-08T21:11:05.8164236Z","C:\Program Files (x86)\Steam\steamapps\common\Barotrauma\Content\Characters\Human\male_damage11.ogg"
"creature-audio","audio","Content/Characters/Human/male_damage2.ogg","male_damage2.ogg","ogg","11284","2025-06-08T21:11:03.9924605Z","C:\Program Files (x86)\Steam\steamapps\common\Barotrauma\Content\Characters\Human\male_damage2.ogg"
"creature-audio","audio","Content/Characters/Human/male_damage3.ogg","male_damage3.ogg","ogg","10772","2025-06-08T21:11:05.2290733Z","C:\Program Files (x86)\Steam\steamapps\common\Barotrauma\Content\Characters\Human\male_damage3.ogg"
"creature-audio","audio","Content/Characters/Human/male_damage4.ogg","male_damage4.ogg","ogg","11468","2025-06-08T21:11:05.2310731Z","C:\Program Files (x86)\Steam\steamapps\common\Barotrauma\Content\Characters\Human\male_damage4.ogg"
"creature-audio","audio","Content/Characters/Human/male_damage5.ogg","male_damage5.ogg","ogg","12835","2025-06-08T21:11:02.7086697Z","C:\Program Files (x86)\Steam\steamapps\common\Barotrauma\Content\Characters\Human\male_damage5.ogg"
"creature-audio","audio","Content/Characters/Human/male_damage6.ogg","male_damage6.ogg","ogg","9419","2025-06-08T21:11:03.7593862Z","C:\Program Files (x86)\Steam\steamapps\common\Barotrauma\Content\Characters\Human\male_damage6.ogg"
"creature-audio","audio","Content/Characters/Human/male_damage7.ogg","male_damage7.ogg","ogg","13828","2025-06-08T21:11:05.8104237Z","C:\Program Files (x86)\Steam\steamapps\common\Barotrauma\Content\Characters\Human\male_damage7.ogg"
"creature-audio","audio","Content/Characters/Human/male_damage8.ogg","male_damage8.ogg","ogg","11351","2025-06-08T21:11:04.5798683Z","C:\Program Files (x86)\Steam\steamapps\common\Barotrauma\Content\Characters\Human\male_damage8.ogg"
"creature-audio","audio","Content/Characters/Human/male_damage9.ogg","male_damage9.ogg","ogg","10487","2025-06-08T21:11:05.8114241Z","C:\Program Files (x86)\Steam\steamapps\common\Barotrauma\Content\Characters\Human\male_damage9.ogg"
"creature-audio","audio","Content/Characters/Husk/HUSK_attack1.ogg","HUSK_attack1.ogg","ogg","30386","2025-06-08T21:11:03.7623872Z","C:\Program Files (x86)\Steam\steamapps\common\Barotrauma\Content\Characters\Husk\HUSK_attack1.ogg"
"creature-audio","audio","Content/Characters/Husk/HUSK_attack2.ogg","HUSK_attack2.ogg","ogg","16365","2025-06-08T21:11:05.2320739Z","C:\Program Files (x86)\Steam\steamapps\common\Barotrauma\Content\Characters\Husk\HUSK_attack2.ogg"
"creature-audio","audio","Content/Characters/Husk/HUSK_attack3.ogg","HUSK_attack3.ogg","ogg","21494","2025-06-08T21:11:04.1777205Z","C:\Program Files (x86)\Steam\steamapps\common\Barotrauma\Content\Characters\Husk\HUSK_attack3.ogg"
"creature-audio","audio","Content/Characters/Husk/HUSK_attack4.ogg","HUSK_attack4.ogg","ogg","28903","2025-06-08T21:11:03.7603940Z","C:\Program Files (x86)\Steam\steamapps\common\Barotrauma\Content\Characters\Husk\HUSK_attack4.ogg"
"creature-audio","audio","Content/Characters/Husk/HUSK_damage1.ogg","HUSK_damage1.ogg","ogg","23585","2025-06-08T21:11:03.7683869Z","C:\Program Files (x86)\Steam\steamapps\common\Barotrauma\Content\Characters\Husk\HUSK_damage1.ogg"
"creature-audio","audio","Content/Characters/Husk/HUSK_damage2.ogg","HUSK_damage2.ogg","ogg","20182","2025-06-08T21:11:04.1767208Z","C:\Program Files (x86)\Steam\steamapps\common\Barotrauma\Content\Characters\Husk\HUSK_damage2.ogg"
"creature-audio","audio","Content/Characters/Husk/HUSK_damage3.ogg","HUSK_damage3.ogg","ogg","14464","2025-06-08T21:11:05.8104237Z","C:\Program Files (x86)\Steam\steamapps\common\Barotrauma\Content\Characters\Husk\HUSK_damage3.ogg"
"creature-audio","audio","Content/Characters/Husk/HUSK_death1.ogg","HUSK_death1.ogg","ogg","20174","2025-06-08T21:11:04.1797198Z","C:\Program Files (x86)\Steam\steamapps\common\Barotrauma\Content\Characters\Husk\HUSK_death1.ogg"
"creature-audio","audio","Content/Characters/Husk/HUSK_death2.ogg","HUSK_death2.ogg","ogg","17554","2025-06-08T21:11:05.2310731Z","C:\Program Files (x86)\Steam\steamapps\common\Barotrauma\Content\Characters\Husk\HUSK_death2.ogg"
"creature-audio","audio","Content/Characters/Husk/HUSK_idle1.ogg","HUSK_idle1.ogg","ogg","26421","2025-06-08T21:11:02.8197456Z","C:\Program Files (x86)\Steam\steamapps\common\Barotrauma\Content\Characters\Husk\HUSK_idle1.ogg"
"creature-audio","audio","Content/Characters/Husk/HUSK_idle2.ogg","HUSK_idle2.ogg","ogg","22829","2025-06-08T21:11:03.7703939Z","C:\Program Files (x86)\Steam\steamapps\common\Barotrauma\Content\Characters\Husk\HUSK_idle2.ogg"
"creature-audio","audio","Content/Characters/Husk/HUSK_idle3.ogg","HUSK_idle3.ogg","ogg","16697","2025-06-08T21:11:04.1797198Z","C:\Program Files (x86)\Steam\steamapps\common\Barotrauma\Content\Characters\Husk\HUSK_idle3.ogg"
"creature-audio","audio","Content/Characters/Husk/HUSK_idle4.ogg","HUSK_idle4.ogg","ogg","25764","2025-06-08T21:11:04.1757199Z","C:\Program Files (x86)\Steam\steamapps\common\Barotrauma\Content\Characters\Husk\HUSK_idle4.ogg"
"creature-audio","audio","Content/Characters/Husk_chimera/HUSKCHIMERA_attack1.ogg","HUSKCHIMERA_attack1.ogg","ogg","15199","2025-06-08T21:11:04.6429726Z","C:\Program Files (x86)\Steam\steamapps\common\Barotrauma\Content\Characters\Husk_chimera\HUSKCHIMERA_attack1.ogg"
"creature-audio","audio","Content/Characters/Husk_chimera/HUSKCHIMERA_attack2.ogg","HUSKCHIMERA_attack2.ogg","ogg","11564","2025-06-08T21:11:02.8197456Z","C:\Program Files (x86)\Steam\steamapps\common\Barotrauma\Content\Characters\Husk_chimera\HUSKCHIMERA_attack2.ogg"
"creature-audio","audio","Content/Characters/Husk_chimera/HUSKCHIMERA_attack3.ogg","HUSKCHIMERA_attack3.ogg","ogg","12492","2025-06-08T21:11:02.8147456Z","C:\Program Files (x86)\Steam\steamapps\common\Barotrauma\Content\Characters\Husk_chimera\HUSKCHIMERA_attack3.ogg"
"creature-audio","audio","Content/Characters/Husk_chimera/HUSKCHIMERA_damage1.ogg","HUSKCHIMERA_damage1.ogg","ogg","10108","2025-06-08T21:11:03.7693863Z","C:\Program Files (x86)\Steam\steamapps\common\Barotrauma\Content\Characters\Husk_chimera\HUSKCHIMERA_damage1.ogg"
"creature-audio","audio","Content/Characters/Husk_chimera/HUSKCHIMERA_damage2.ogg","HUSKCHIMERA_damage2.ogg","ogg","11916","2025-06-08T21:11:04.6399709Z","C:\Program Files (x86)\Steam\steamapps\common\Barotrauma\Content\Characters\Husk_chimera\HUSKCHIMERA_damage2.ogg"
"creature-audio","audio","Content/Characters/Husk_chimera/HUSKCHIMERA_damage3.ogg","HUSKCHIMERA_damage3.ogg","ogg","9260","2025-06-08T21:11:05.8124237Z","C:\Program Files (x86)\Steam\steamapps\common\Barotrauma\Content\Characters\Husk_chimera\HUSKCHIMERA_damage3.ogg"
"creature-audio","audio","Content/Characters/Husk_chimera/HUSKCHIMERA_death1.ogg","HUSKCHIMERA_death1.ogg","ogg","13561","2025-06-08T21:11:02.8177456Z","C:\Program Files (x86)\Steam\steamapps\common\Barotrauma\Content\Characters\Husk_chimera\HUSKCHIMERA_death1.ogg"
"creature-audio","audio","Content/Characters/Husk_chimera/HUSKCHIMERA_death2.ogg","HUSKCHIMERA_death2.ogg","ogg","13234","2025-06-08T21:11:03.7633869Z","C:\Program Files (x86)\Steam\steamapps\common\Barotrauma\Content\Characters\Husk_chimera\HUSKCHIMERA_death2.ogg"
"creature-audio","audio","Content/Characters/Husk_chimera/HUSKCHIMERA_eatingAttack.ogg","HUSKCHIMERA_eatingAttack.ogg","ogg","68172","2025-06-08T21:11:05.9917453Z","C:\Program Files (x86)\Steam\steamapps\common\Barotrauma\Content\Characters\Husk_chimera\HUSKCHIMERA_eatingAttack.ogg"
"creature-audio","audio","Content/Characters/Husk_chimera/HUSKCHIMERA_idle1.ogg","HUSKCHIMERA_idle1.ogg","ogg","11586","2025-06-08T21:11:05.2310731Z","C:\Program Files (x86)\Steam\steamapps\common\Barotrauma\Content\Characters\Husk_chimera\HUSKCHIMERA_idle1.ogg"
"creature-audio","audio","Content/Characters/Husk_chimera/HUSKCHIMERA_idle2.ogg","HUSKCHIMERA_idle2.ogg","ogg","11512","2025-06-08T21:11:02.8187455Z","C:\Program Files (x86)\Steam\steamapps\common\Barotrauma\Content\Characters\Husk_chimera\HUSKCHIMERA_idle2.ogg"
"creature-audio","audio","Content/Characters/Husk_chimera/HUSKCHIMERA_idle3.ogg","HUSKCHIMERA_idle3.ogg","ogg","11040","2025-06-08T21:11:04.6439720Z","C:\Program Files (x86)\Steam\steamapps\common\Barotrauma\Content\Characters\Husk_chimera\HUSKCHIMERA_idle3.ogg"
"creature-audio","audio","Content/Characters/Husk_chimera/HUSKCHIMERA_idle4.ogg","HUSKCHIMERA_idle4.ogg","ogg","11496","2025-06-08T21:11:05.2310731Z","C:\Program Files (x86)\Steam\steamapps\common\Barotrauma\Content\Characters\Husk_chimera\HUSKCHIMERA_idle4.ogg"
"creature-audio","audio","Content/Characters/Husk_exosuit/HUSKEXO_attack1.ogg","HUSKEXO_attack1.ogg","ogg","13633","2025-06-08T21:11:04.7703909Z","C:\Program Files (x86)\Steam\steamapps\common\Barotrauma\Content\Characters\Husk_exosuit\HUSKEXO_attack1.ogg"
"creature-audio","audio","Content/Characters/Husk_exosuit/HUSKEXO_attack2.ogg","HUSKEXO_attack2.ogg","ogg","13294","2025-06-08T21:11:05.9937449Z","C:\Program Files (x86)\Steam\steamapps\common\Barotrauma\Content\Characters\Husk_exosuit\HUSKEXO_attack2.ogg"
"creature-audio","audio","Content/Characters/Husk_exosuit/HUSKEXO_attack3.ogg","HUSKEXO_attack3.ogg","ogg","14800","2025-06-08T21:11:05.2860753Z","C:\Program Files (x86)\Steam\steamapps\common\Barotrauma\Content\Characters\Husk_exosuit\HUSKEXO_attack3.ogg"
"creature-audio","audio","Content/Characters/Husk_exosuit/HUSKEXO_attack4.ogg","HUSKEXO_attack4.ogg","ogg","13526","2025-06-08T21:11:05.9927441Z","C:\Program Files (x86)\Steam\steamapps\common\Barotrauma\Content\Characters\Husk_exosuit\HUSKEXO_attack4.ogg"
"creature-audio","audio","Content/Characters/Husk_exosuit/HUSKEXO_damage1.ogg","HUSKEXO_damage1.ogg","ogg","9766","2025-06-08T21:11:05.2820724Z","C:\Program Files (x86)\Steam\steamapps\common\Barotrauma\Content\Characters\Husk_exosuit\HUSKEXO_damage1.ogg"
"creature-audio","audio","Content/Characters/Husk_exosuit/HUSKEXO_damage2.ogg","HUSKEXO_damage2.ogg","ogg","10249","2025-06-08T21:11:05.9927441Z","C:\Program Files (x86)\Steam\steamapps\common\Barotrauma\Content\Characters\Husk_exosuit\HUSKEXO_damage2.ogg"
"creature-audio","audio","Content/Characters/Husk_exosuit/HUSKEXO_damage3.ogg","HUSKEXO_damage3.ogg","ogg","9904","2025-06-08T21:11:02.8147456Z","C:\Program Files (x86)\Steam\steamapps\common\Barotrauma\Content\Characters\Husk_exosuit\HUSKEXO_damage3.ogg"
"creature-audio","audio","Content/Characters/Husk_exosuit/HUSKEXO_death1.ogg","HUSKEXO_death1.ogg","ogg","12369","2025-06-08T21:11:04.7703909Z","C:\Program Files (x86)\Steam\steamapps\common\Barotrauma\Content\Characters\Husk_exosuit\HUSKEXO_death1.ogg"
"creature-audio","audio","Content/Characters/Husk_exosuit/HUSKEXO_death2.ogg","HUSKEXO_death2.ogg","ogg","11314","2025-06-08T21:11:04.7693905Z","C:\Program Files (x86)\Steam\steamapps\common\Barotrauma\Content\Characters\Husk_exosuit\HUSKEXO_death2.ogg"
"creature-audio","audio","Content/Characters/Husk_exosuit/HUSKEXO_idle1.ogg","HUSKEXO_idle1.ogg","ogg","11387","2025-06-08T21:11:03.7633869Z","C:\Program Files (x86)\Steam\steamapps\common\Barotrauma\Content\Characters\Husk_exosuit\HUSKEXO_idle1.ogg"
"creature-audio","audio","Content/Characters/Husk_exosuit/HUSKEXO_idle2.ogg","HUSKEXO_idle2.ogg","ogg","11993","2025-06-08T21:11:05.2840760Z","C:\Program Files (x86)\Steam\steamapps\common\Barotrauma\Content\Characters\Husk_exosuit\HUSKEXO_idle2.ogg"
"creature-audio","audio","Content/Characters/Husk_exosuit/HUSKEXO_idle3.ogg","HUSKEXO_idle3.ogg","ogg","11020","2025-06-08T21:11:02.8177456Z","C:\Program Files (x86)\Steam\steamapps\common\Barotrauma\Content\Characters\Husk_exosuit\HUSKEXO_idle3.ogg"
"creature-audio","audio","Content/Characters/Husk_exosuit/HUSKEXO_idle4.ogg","HUSKEXO_idle4.ogg","ogg","11162","2025-06-08T21:11:05.9927441Z","C:\Program Files (x86)\Steam\steamapps\common\Barotrauma\Content\Characters\Husk_exosuit\HUSKEXO_idle4.ogg"
"creature-audio","audio","Content/Characters/Husk_prowler/HUSKPROWLER_attack1.ogg","HUSKPROWLER_attack1.ogg","ogg","14355","2025-06-08T21:11:05.2780736Z","C:\Program Files (x86)\Steam\steamapps\common\Barotrauma\Content\Characters\Husk_prowler\HUSKPROWLER_attack1.ogg"
"creature-audio","audio","Content/Characters/Husk_prowler/HUSKPROWLER_attack2.ogg","HUSKPROWLER_attack2.ogg","ogg","12784","2025-06-08T21:11:05.2880754Z","C:\Program Files (x86)\Steam\steamapps\common\Barotrauma\Content\Characters\Husk_prowler\HUSKPROWLER_attack2.ogg"
"creature-audio","audio","Content/Characters/Husk_prowler/HUSKPROWLER_attack3.ogg","HUSKPROWLER_attack3.ogg","ogg","14450","2025-06-08T21:11:05.2880754Z","C:\Program Files (x86)\Steam\steamapps\common\Barotrauma\Content\Characters\Husk_prowler\HUSKPROWLER_attack3.ogg"
"creature-audio","audio","Content/Characters/Husk_prowler/HUSKPROWLER_attack4.ogg","HUSKPROWLER_attack4.ogg","ogg","13170","2025-06-08T21:11:02.8157456Z","C:\Program Files (x86)\Steam\steamapps\common\Barotrauma\Content\Characters\Husk_prowler\HUSKPROWLER_attack4.ogg"
"creature-audio","audio","Content/Characters/Husk_prowler/HUSKPROWLER_damage1.ogg","HUSKPROWLER_damage1.ogg","ogg","9120","2025-06-08T21:11:03.7653867Z","C:\Program Files (x86)\Steam\steamapps\common\Barotrauma\Content\Characters\Husk_prowler\HUSKPROWLER_damage1.ogg"
"creature-audio","audio","Content/Characters/Husk_prowler/HUSKPROWLER_damage2.ogg","HUSKPROWLER_damage2.ogg","ogg","10349","2025-06-08T21:11:05.9927441Z","C:\Program Files (x86)\Steam\steamapps\common\Barotrauma\Content\Characters\Husk_prowler\HUSKPROWLER_damage2.ogg"
"creature-audio","audio","Content/Characters/Husk_prowler/HUSKPROWLER_damage3.ogg","HUSKPROWLER_damage3.ogg","ogg","9503","2025-06-08T21:11:04.4651042Z","C:\Program Files (x86)\Steam\steamapps\common\Barotrauma\Content\Characters\Husk_prowler\HUSKPROWLER_damage3.ogg"
"creature-audio","audio","Content/Characters/Husk_prowler/HUSKPROWLER_death1.ogg","HUSKPROWLER_death1.ogg","ogg","12581","2025-06-08T21:11:05.9937449Z","C:\Program Files (x86)\Steam\steamapps\common\Barotrauma\Content\Characters\Husk_prowler\HUSKPROWLER_death1.ogg"
"creature-audio","audio","Content/Characters/Husk_prowler/HUSKPROWLER_death2.ogg","HUSKPROWLER_death2.ogg","ogg","12379","2025-06-08T21:11:04.7683911Z","C:\Program Files (x86)\Steam\steamapps\common\Barotrauma\Content\Characters\Husk_prowler\HUSKPROWLER_death2.ogg"
"creature-audio","audio","Content/Characters/Husk_prowler/HUSKPROWLER_idle1.ogg","HUSKPROWLER_idle1.ogg","ogg","11158","2025-06-08T21:11:05.2830730Z","C:\Program Files (x86)\Steam\steamapps\common\Barotrauma\Content\Characters\Husk_prowler\HUSKPROWLER_idle1.ogg"
"creature-audio","audio","Content/Characters/Husk_prowler/HUSKPROWLER_idle2.ogg","HUSKPROWLER_idle2.ogg","ogg","11771","2025-06-08T21:11:02.8177456Z","C:\Program Files (x86)\Steam\steamapps\common\Barotrauma\Content\Characters\Husk_prowler\HUSKPROWLER_idle2.ogg"
"creature-audio","audio","Content/Characters/Husk_prowler/HUSKPROWLER_idle3.ogg","HUSKPROWLER_idle3.ogg","ogg","11091","2025-06-08T21:11:04.4660967Z","C:\Program Files (x86)\Steam\steamapps\common\Barotrauma\Content\Characters\Husk_prowler\HUSKPROWLER_idle3.ogg"
"creature-audio","audio","Content/Characters/Husk_prowler/HUSKPROWLER_idle4.ogg","HUSKPROWLER_idle4.ogg","ogg","11806","2025-06-08T21:11:04.7663907Z","C:\Program Files (x86)\Steam\steamapps\common\Barotrauma\Content\Characters\Husk_prowler\HUSKPROWLER_idle4.ogg"
"creature-audio","audio","Content/Characters/Jove/JOVE_collapse.ogg","JOVE_collapse.ogg","ogg","1793949","2025-06-08T21:11:01.9052445Z","C:\Program Files (x86)\Steam\steamapps\common\Barotrauma\Content\Characters\Jove\JOVE_collapse.ogg"
"creature-audio","audio","Content/Characters/Jove/JOVE_damage1.ogg","JOVE_damage1.ogg","ogg","183374","2025-06-08T21:11:05.3410137Z","C:\Program Files (x86)\Steam\steamapps\common\Barotrauma\Content\Characters\Jove\JOVE_damage1.ogg"
"creature-audio","audio","Content/Characters/Jove/JOVE_damage2.ogg","JOVE_damage2.ogg","ogg","153516","2025-06-08T21:11:05.0632626Z","C:\Program Files (x86)\Steam\steamapps\common\Barotrauma\Content\Characters\Jove\JOVE_damage2.ogg"
"creature-audio","audio","Content/Characters/Jove/JOVE_damage3.ogg","JOVE_damage3.ogg","ogg","146613","2025-06-08T21:11:05.0652612Z","C:\Program Files (x86)\Steam\steamapps\common\Barotrauma\Content\Characters\Jove\JOVE_damage3.ogg"
"creature-audio","audio","Content/Characters/Jove/JOVE_damage4.ogg","JOVE_damage4.ogg","ogg","153067","2025-06-08T21:11:02.8207454Z","C:\Program Files (x86)\Steam\steamapps\common\Barotrauma\Content\Characters\Jove\JOVE_damage4.ogg"
"creature-audio","audio","Content/Characters/Jove/JOVE_damage5.ogg","JOVE_damage5.ogg","ogg","167422","2025-06-08T21:11:02.8187455Z","C:\Program Files (x86)\Steam\steamapps\common\Barotrauma\Content\Characters\Jove\JOVE_damage5.ogg"
"creature-audio","audio","Content/Characters/Jove/JOVE_damage6.ogg","JOVE_damage6.ogg","ogg","189177","2025-06-08T21:11:03.7673866Z","C:\Program Files (x86)\Steam\steamapps\common\Barotrauma\Content\Characters\Jove\JOVE_damage6.ogg"
"creature-audio","audio","Content/Characters/Jove/JOVE_dead1.ogg","JOVE_dead1.ogg","ogg","250596","2025-06-08T21:11:05.1210474Z","C:\Program Files (x86)\Steam\steamapps\common\Barotrauma\Content\Characters\Jove\JOVE_dead1.ogg"
"creature-audio","audio","Content/Characters/Jove/JOVE_emp.ogg","JOVE_emp.ogg","ogg","179593","2025-06-08T21:11:03.7693863Z","C:\Program Files (x86)\Steam\steamapps\common\Barotrauma\Content\Characters\Jove\JOVE_emp.ogg"
"creature-audio","audio","Content/Characters/Jove/JOVE_idle1.ogg","JOVE_idle1.ogg","ogg","227065","2025-06-08T21:11:03.8084096Z","C:\Program Files (x86)\Steam\steamapps\common\Barotrauma\Content\Characters\Jove\JOVE_idle1.ogg"
"creature-audio","audio","Content/Characters/Jove/JOVE_idle2.ogg","JOVE_idle2.ogg","ogg","239990","2025-06-08T21:11:05.2820724Z","C:\Program Files (x86)\Steam\steamapps\common\Barotrauma\Content\Characters\Jove\JOVE_idle2.ogg"
"creature-audio","audio","Content/Characters/Jove/JOVE_idle3.ogg","JOVE_idle3.ogg","ogg","197375","2025-06-08T21:11:06.6473334Z","C:\Program Files (x86)\Steam\steamapps\common\Barotrauma\Content\Characters\Jove\JOVE_idle3.ogg"
"creature-audio","audio","Content/Characters/Jove/JOVE_idle4.ogg","JOVE_idle4.ogg","ogg","207338","2025-06-08T21:11:03.8084096Z","C:\Program Files (x86)\Steam\steamapps\common\Barotrauma\Content\Characters\Jove\JOVE_idle4.ogg"
"creature-audio","audio","Content/Characters/Jove/JOVE_projectile1.ogg","JOVE_projectile1.ogg","ogg","114722","2025-06-08T21:11:05.2840760Z","C:\Program Files (x86)\Steam\steamapps\common\Barotrauma\Content\Characters\Jove\JOVE_projectile1.ogg"
"creature-audio","audio","Content/Characters/Jove/JOVE_projectile2.ogg","JOVE_projectile2.ogg","ogg","186648","2025-06-08T21:11:05.4414497Z","C:\Program Files (x86)\Steam\steamapps\common\Barotrauma\Content\Characters\Jove\JOVE_projectile2.ogg"
"creature-audio","audio","Content/Characters/Jove/JOVE_projectile3.ogg","JOVE_projectile3.ogg","ogg","188042","2025-06-08T21:11:02.8207454Z","C:\Program Files (x86)\Steam\steamapps\common\Barotrauma\Content\Characters\Jove\JOVE_projectile3.ogg"
"creature-audio","audio","Content/Characters/Jove/JOVE_projectile4.ogg","JOVE_projectile4.ogg","ogg","149977","2025-06-08T21:11:03.8044092Z","C:\Program Files (x86)\Steam\steamapps\common\Barotrauma\Content\Characters\Jove\JOVE_projectile4.ogg"
"creature-audio","audio","Content/Characters/Jove/JOVE_projectileLoop.ogg","JOVE_projectileLoop.ogg","ogg","320526","2025-06-08T21:11:01.9052445Z","C:\Program Files (x86)\Steam\steamapps\common\Barotrauma\Content\Characters\Jove\JOVE_projectileLoop.ogg"
"creature-audio","audio","Content/Characters/Jove/JOVE_pylonDestroyed.ogg","JOVE_pylonDestroyed.ogg","ogg","203725","2025-06-08T21:11:06.6953475Z","C:\Program Files (x86)\Steam\steamapps\common\Barotrauma\Content\Characters\Jove\JOVE_pylonDestroyed.ogg"
"creature-audio","audio","Content/Characters/Jove/JOVE_sleepingLoop.ogg","JOVE_sleepingLoop.ogg","ogg","334601","2025-06-08T21:11:01.9052445Z","C:\Program Files (x86)\Steam\steamapps\common\Barotrauma\Content\Characters\Jove\JOVE_sleepingLoop.ogg"
"creature-audio","audio","Content/Characters/Latcher/ABYSSM_attack.ogg","ABYSSM_attack.ogg","ogg","112693","2025-06-08T21:11:06.8913279Z","C:\Program Files (x86)\Steam\steamapps\common\Barotrauma\Content\Characters\Latcher\ABYSSM_attack.ogg"
"creature-audio","audio","Content/Characters/Latcher/ABYSSM_attack_1.ogg","ABYSSM_attack_1.ogg","ogg","60421","2025-06-08T21:11:03.8054094Z","C:\Program Files (x86)\Steam\steamapps\common\Barotrauma\Content\Characters\Latcher\ABYSSM_attack_1.ogg"
"creature-audio","audio","Content/Characters/Latcher/ABYSSM_attack_2.ogg","ABYSSM_attack_2.ogg","ogg","67225","2025-06-08T21:11:03.8694486Z","C:\Program Files (x86)\Steam\steamapps\common\Barotrauma\Content\Characters\Latcher\ABYSSM_attack_2.ogg"
"creature-audio","audio","Content/Characters/Latcher/ABYSSM_attack_3.ogg","ABYSSM_attack_3.ogg","ogg","86285","2025-06-08T21:11:05.2820724Z","C:\Program Files (x86)\Steam\steamapps\common\Barotrauma\Content\Characters\Latcher\ABYSSM_attack_3.ogg"
"creature-audio","audio","Content/Characters/Latcher/ABYSSM_attack_4.ogg","ABYSSM_attack_4.ogg","ogg","80025","2025-06-08T21:11:03.8744507Z","C:\Program Files (x86)\Steam\steamapps\common\Barotrauma\Content\Characters\Latcher\ABYSSM_attack_4.ogg"
"creature-audio","audio","Content/Characters/Latcher/ABYSSM_bite.ogg","ABYSSM_bite.ogg","ogg","62005","2025-06-08T21:11:02.8187455Z","C:\Program Files (x86)\Steam\steamapps\common\Barotrauma\Content\Characters\Latcher\ABYSSM_bite.ogg"
"creature-audio","audio","Content/Characters/Latcher/ABYSSM_bite_1.ogg","ABYSSM_bite_1.ogg","ogg","66026","2025-06-08T21:11:02.8167457Z","C:\Program Files (x86)\Steam\steamapps\common\Barotrauma\Content\Characters\Latcher\ABYSSM_bite_1.ogg"
"creature-audio","audio","Content/Characters/Latcher/ABYSSM_damage.ogg","ABYSSM_damage.ogg","ogg","73983","2025-06-08T21:11:05.4404505Z","C:\Program Files (x86)\Steam\steamapps\common\Barotrauma\Content\Characters\Latcher\ABYSSM_damage.ogg"
"creature-audio","audio","Content/Characters/Latcher/ABYSSM_damage_1.ogg","ABYSSM_damage_1.ogg","ogg","84814","2025-06-08T21:11:03.8734494Z","C:\Program Files (x86)\Steam\steamapps\common\Barotrauma\Content\Characters\Latcher\ABYSSM_damage_1.ogg"
"creature-audio","audio","Content/Characters/Latcher/ABYSSM_damage_2.ogg","ABYSSM_damage_2.ogg","ogg","46844","2025-06-08T21:11:02.8147456Z","C:\Program Files (x86)\Steam\steamapps\common\Barotrauma\Content\Characters\Latcher\ABYSSM_damage_2.ogg"
"creature-audio","audio","Content/Characters/Latcher/ABYSSM_damage_3.ogg","ABYSSM_damage_3.ogg","ogg","74453","2025-06-08T21:11:02.8137459Z","C:\Program Files (x86)\Steam\steamapps\common\Barotrauma\Content\Characters\Latcher\ABYSSM_damage_3.ogg"
"creature-audio","audio","Content/Characters/Latcher/ABYSSM_escape.ogg","ABYSSM_escape.ogg","ogg","167833","2025-06-08T21:11:05.3851160Z","C:\Program Files (x86)\Steam\steamapps\common\Barotrauma\Content\Characters\Latcher\ABYSSM_escape.ogg"
"creature-audio","audio","Content/Characters/Latcher/ABYSSM_escape_1.ogg","ABYSSM_escape_1.ogg","ogg","134394","2025-06-08T21:11:05.5085485Z","C:\Program Files (x86)\Steam\steamapps\common\Barotrauma\Content\Characters\Latcher\ABYSSM_escape_1.ogg"
"creature-audio","audio","Content/Characters/Latcher/ABYSSM_idle.ogg","ABYSSM_idle.ogg","ogg","142461","2025-06-08T21:11:02.8217453Z","C:\Program Files (x86)\Steam\steamapps\common\Barotrauma\Content\Characters\Latcher\ABYSSM_idle.ogg"
"creature-audio","audio","Content/Characters/Latcher/ABYSSM_idle_1.ogg","ABYSSM_idle_1.ogg","ogg","144402","2025-06-08T21:11:03.9278834Z","C:\Program Files (x86)\Steam\steamapps\common\Barotrauma\Content\Characters\Latcher\ABYSSM_idle_1.ogg"
"creature-audio","audio","Content/Characters/Latcher/ABYSSM_idle_2.ogg","ABYSSM_idle_2.ogg","ogg","155482","2025-06-08T21:11:05.5085485Z","C:\Program Files (x86)\Steam\steamapps\common\Barotrauma\Content\Characters\Latcher\ABYSSM_idle_2.ogg"
"creature-audio","audio","Content/Characters/Latcher/ABYSSM_idle_3.ogg","ABYSSM_idle_3.ogg","ogg","185675","2025-06-08T21:11:03.9268829Z","C:\Program Files (x86)\Steam\steamapps\common\Barotrauma\Content\Characters\Latcher\ABYSSM_idle_3.ogg"
"creature-audio","audio","Content/Characters/Latcher/ABYSSM_movingLoop.ogg","ABYSSM_movingLoop.ogg","ogg","450391","2025-06-08T21:11:01.9062443Z","C:\Program Files (x86)\Steam\steamapps\common\Barotrauma\Content\Characters\Latcher\ABYSSM_movingLoop.ogg"
"creature-audio","audio","Content/Characters/Latcher/ABYSSM_swallow.ogg","ABYSSM_swallow.ogg","ogg","147298","2025-06-08T21:11:06.9510502Z","C:\Program Files (x86)\Steam\steamapps\common\Barotrauma\Content\Characters\Latcher\ABYSSM_swallow.ogg"
"creature-audio","audio","Content/Characters/Latcher/ABYSSM_swallow_1.ogg","ABYSSM_swallow_1.ogg","ogg","115621","2025-06-08T21:11:03.9914471Z","C:\Program Files (x86)\Steam\steamapps\common\Barotrauma\Content\Characters\Latcher\ABYSSM_swallow_1.ogg"
"creature-audio","audio","Content/Characters/Latcher/ABYSSM_teeth.ogg","ABYSSM_teeth.ogg","ogg","69958","2025-06-08T21:11:05.5672159Z","C:\Program Files (x86)\Steam\steamapps\common\Barotrauma\Content\Characters\Latcher\ABYSSM_teeth.ogg"
"creature-audio","audio","Content/Characters/Latcher/ABYSSM_tongueHit.ogg","ABYSSM_tongueHit.ogg","ogg","78253","2025-06-08T21:11:05.5682156Z","C:\Program Files (x86)\Steam\steamapps\common\Barotrauma\Content\Characters\Latcher\ABYSSM_tongueHit.ogg"
"creature-audio","audio","Content/Characters/Latcher/ABYSSM_tongueHit_1.ogg","ABYSSM_tongueHit_1.ogg","ogg","78638","2025-06-08T21:11:05.5642156Z","C:\Program Files (x86)\Steam\steamapps\common\Barotrauma\Content\Characters\Latcher\ABYSSM_tongueHit_1.ogg"
"creature-audio","audio","Content/Characters/Latcher/ABYSSM_tongueMove.ogg","ABYSSM_tongueMove.ogg","ogg","49205","2025-06-08T21:11:05.5642156Z","C:\Program Files (x86)\Steam\steamapps\common\Barotrauma\Content\Characters\Latcher\ABYSSM_tongueMove.ogg"
"creature-audio","audio","Content/Characters/Latcher/ABYSSM_tongueMove_1.ogg","ABYSSM_tongueMove_1.ogg","ogg","60567","2025-06-08T21:11:05.5662157Z","C:\Program Files (x86)\Steam\steamapps\common\Barotrauma\Content\Characters\Latcher\ABYSSM_tongueMove_1.ogg"
"creature-audio","audio","Content/Characters/Legacycharybdis/charybdisattack.ogg","charybdisattack.ogg","ogg","77683","2025-06-08T21:11:02.8797389Z","C:\Program Files (x86)\Steam\steamapps\common\Barotrauma\Content\Characters\Legacycharybdis\charybdisattack.ogg"
"creature-audio","audio","Content/Characters/Legacycrawler/attack1.ogg","attack1.ogg","ogg","23445","2025-06-08T21:11:05.5682156Z","C:\Program Files (x86)\Steam\steamapps\common\Barotrauma\Content\Characters\Legacycrawler\attack1.ogg"
"creature-audio","audio","Content/Characters/Legacycrawler/attack2.ogg","attack2.ogg","ogg","34437","2025-06-08T21:11:06.1003084Z","C:\Program Files (x86)\Steam\steamapps\common\Barotrauma\Content\Characters\Legacycrawler\attack2.ogg"
"creature-audio","audio","Content/Characters/Legacycrawler/idle1.ogg","idle1.ogg","ogg","28449","2025-06-08T21:11:07.5246964Z","C:\Program Files (x86)\Steam\steamapps\common\Barotrauma\Content\Characters\Legacycrawler\idle1.ogg"
"creature-audio","audio","Content/Characters/Legacycrawler/idle2.ogg","idle2.ogg","ogg","24074","2025-06-08T21:11:02.8747381Z","C:\Program Files (x86)\Steam\steamapps\common\Barotrauma\Content\Characters\Legacycrawler\idle2.ogg"
"creature-audio","audio","Content/Characters/Legacyendworm/ENDWORM_attack1.ogg","ENDWORM_attack1.ogg","ogg","26557","2025-06-08T21:11:05.6235595Z","C:\Program Files (x86)\Steam\steamapps\common\Barotrauma\Content\Characters\Legacyendworm\ENDWORM_attack1.ogg"
"creature-audio","audio","Content/Characters/Legacyendworm/ENDWORM_attack2.ogg","ENDWORM_attack2.ogg","ogg","27536","2025-06-08T21:11:05.6275593Z","C:\Program Files (x86)\Steam\steamapps\common\Barotrauma\Content\Characters\Legacyendworm\ENDWORM_attack2.ogg"
"creature-audio","audio","Content/Characters/Legacyendworm/ENDWORM_attack3.ogg","ENDWORM_attack3.ogg","ogg","27506","2025-06-08T21:11:03.9894489Z","C:\Program Files (x86)\Steam\steamapps\common\Barotrauma\Content\Characters\Legacyendworm\ENDWORM_attack3.ogg"
"creature-audio","audio","Content/Characters/Legacyendworm/ENDWORM_damage1.ogg","ENDWORM_damage1.ogg","ogg","15410","2025-06-08T21:11:03.9894489Z","C:\Program Files (x86)\Steam\steamapps\common\Barotrauma\Content\Characters\Legacyendworm\ENDWORM_damage1.ogg"
"creature-audio","audio","Content/Characters/Legacyendworm/ENDWORM_damage2.ogg","ENDWORM_damage2.ogg","ogg","15852","2025-06-08T21:11:03.9924605Z","C:\Program Files (x86)\Steam\steamapps\common\Barotrauma\Content\Characters\Legacyendworm\ENDWORM_damage2.ogg"
"creature-audio","audio","Content/Characters/Legacyendworm/ENDWORM_damage3.ogg","ENDWORM_damage3.ogg","ogg","17371","2025-06-08T21:11:03.9924605Z","C:\Program Files (x86)\Steam\steamapps\common\Barotrauma\Content\Characters\Legacyendworm\ENDWORM_damage3.ogg"
"creature-audio","audio","Content/Characters/Legacyendworm/ENDWORM_death1.ogg","ENDWORM_death1.ogg","ogg","37174","2025-06-08T21:11:05.9927441Z","C:\Program Files (x86)\Steam\steamapps\common\Barotrauma\Content\Characters\Legacyendworm\ENDWORM_death1.ogg"
"creature-audio","audio","Content/Characters/Legacyendworm/ENDWORM_idle1.ogg","ENDWORM_idle1.ogg","ogg","53997","2025-06-08T21:11:07.5765991Z","C:\Program Files (x86)\Steam\steamapps\common\Barotrauma\Content\Characters\Legacyendworm\ENDWORM_idle1.ogg"
"creature-audio","audio","Content/Characters/Legacyendworm/ENDWORM_idle2.ogg","ENDWORM_idle2.ogg","ogg","57028","2025-06-08T21:11:06.1003084Z","C:\Program Files (x86)\Steam\steamapps\common\Barotrauma\Content\Characters\Legacyendworm\ENDWORM_idle2.ogg"
"creature-audio","audio","Content/Characters/Legacyendworm/ENDWORM_idle3.ogg","ENDWORM_idle3.ogg","ogg","51794","2025-06-08T21:11:07.5775993Z","C:\Program Files (x86)\Steam\steamapps\common\Barotrauma\Content\Characters\Legacyendworm\ENDWORM_idle3.ogg"
"creature-audio","audio","Content/Characters/Legacyfractalguardian/FRACTALGUARDIAN1_attack1.ogg","FRACTALGUARDIAN1_attack1.ogg","ogg","54265","2025-06-08T21:11:05.8674225Z","C:\Program Files (x86)\Steam\steamapps\common\Barotrauma\Content\Characters\Legacyfractalguardian\FRACTALGUARDIAN1_attack1.ogg"
"creature-audio","audio","Content/Characters/Legacyfractalguardian/FRACTALGUARDIAN1_attack2.ogg","FRACTALGUARDIAN1_attack2.ogg","ogg","55830","2025-06-08T21:11:06.2151149Z","C:\Program Files (x86)\Steam\steamapps\common\Barotrauma\Content\Characters\Legacyfractalguardian\FRACTALGUARDIAN1_attack2.ogg"
"creature-audio","audio","Content/Characters/Legacyfractalguardian/FRACTALGUARDIAN1_attack3.ogg","FRACTALGUARDIAN1_attack3.ogg","ogg","51212","2025-06-08T21:11:04.0641914Z","C:\Program Files (x86)\Steam\steamapps\common\Barotrauma\Content\Characters\Legacyfractalguardian\FRACTALGUARDIAN1_attack3.ogg"
"creature-audio","audio","Content/Characters/Legacyfractalguardian/FRACTALGUARDIAN1_attack4.ogg","FRACTALGUARDIAN1_attack4.ogg","ogg","57809","2025-06-08T21:11:05.8674225Z","C:\Program Files (x86)\Steam\steamapps\common\Barotrauma\Content\Characters\Legacyfractalguardian\FRACTALGUARDIAN1_attack4.ogg"
"creature-audio","audio","Content/Characters/Legacyfractalguardian/FRACTALGUARDIAN1_attack5.ogg","FRACTALGUARDIAN1_attack5.ogg","ogg","52993","2025-06-08T21:11:06.2141186Z","C:\Program Files (x86)\Steam\steamapps\common\Barotrauma\Content\Characters\Legacyfractalguardian\FRACTALGUARDIAN1_attack5.ogg"
"creature-audio","audio","Content/Characters/Legacyfractalguardian/FRACTALGUARDIAN1_damage1.ogg","FRACTALGUARDIAN1_damage1.ogg","ogg","30323","2025-06-08T21:11:02.8797389Z","C:\Program Files (x86)\Steam\steamapps\common\Barotrauma\Content\Characters\Legacyfractalguardian\FRACTALGUARDIAN1_damage1.ogg"
"creature-audio","audio","Content/Characters/Legacyfractalguardian/FRACTALGUARDIAN1_damage2.ogg","FRACTALGUARDIAN1_damage2.ogg","ogg","33616","2025-06-08T21:11:05.8154237Z","C:\Program Files (x86)\Steam\steamapps\common\Barotrauma\Content\Characters\Legacyfractalguardian\FRACTALGUARDIAN1_damage2.ogg"
"creature-audio","audio","Content/Characters/Legacyfractalguardian/FRACTALGUARDIAN1_damage3.ogg","FRACTALGUARDIAN1_damage3.ogg","ogg","34049","2025-06-08T21:11:07.6983753Z","C:\Program Files (x86)\Steam\steamapps\common\Barotrauma\Content\Characters\Legacyfractalguardian\FRACTALGUARDIAN1_damage3.ogg"
"creature-audio","audio","Content/Characters/Legacyfractalguardian/FRACTALGUARDIAN1_damage4.ogg","FRACTALGUARDIAN1_damage4.ogg","ogg","31314","2025-06-08T21:11:05.8104237Z","C:\Program Files (x86)\Steam\steamapps\common\Barotrauma\Content\Characters\Legacyfractalguardian\FRACTALGUARDIAN1_damage4.ogg"
"creature-audio","audio","Content/Characters/Legacyfractalguardian/FRACTALGUARDIAN1_damage5.ogg","FRACTALGUARDIAN1_damage5.ogg","ogg","29151","2025-06-08T21:11:04.0661908Z","C:\Program Files (x86)\Steam\steamapps\common\Barotrauma\Content\Characters\Legacyfractalguardian\FRACTALGUARDIAN1_damage5.ogg"
"creature-audio","audio","Content/Characters/Legacyfractalguardian/FRACTALGUARDIAN1_death1.ogg","FRACTALGUARDIAN1_death1.ogg","ogg","52835","2025-06-08T21:11:07.7571263Z","C:\Program Files (x86)\Steam\steamapps\common\Barotrauma\Content\Characters\Legacyfractalguardian\FRACTALGUARDIAN1_death1.ogg"
"creature-audio","audio","Content/Characters/Legacyfractalguardian/FRACTALGUARDIAN1_death2.ogg","FRACTALGUARDIAN1_death2.ogg","ogg","54002","2025-06-08T21:11:06.2151149Z","C:\Program Files (x86)\Steam\steamapps\common\Barotrauma\Content\Characters\Legacyfractalguardian\FRACTALGUARDIAN1_death2.ogg"
"creature-audio","audio","Content/Characters/Legacyfractalguardian/FRACTALGUARDIAN1_death3.ogg","FRACTALGUARDIAN1_death3.ogg","ogg","48543","2025-06-08T21:11:06.2151149Z","C:\Program Files (x86)\Steam\steamapps\common\Barotrauma\Content\Characters\Legacyfractalguardian\FRACTALGUARDIAN1_death3.ogg"
"creature-audio","audio","Content/Characters/Legacyfractalguardian/FRACTALGUARDIAN1_death4.ogg","FRACTALGUARDIAN1_death4.ogg","ogg","53846","2025-06-08T21:11:06.2081154Z","C:\Program Files (x86)\Steam\steamapps\common\Barotrauma\Content\Characters\Legacyfractalguardian\FRACTALGUARDIAN1_death4.ogg"
"creature-audio","audio","Content/Characters/Legacyfractalguardian/FRACTALGUARDIAN1_idle1.ogg","FRACTALGUARDIAN1_idle1.ogg","ogg","145052","2025-06-08T21:11:04.0661908Z","C:\Program Files (x86)\Steam\steamapps\common\Barotrauma\Content\Characters\Legacyfractalguardian\FRACTALGUARDIAN1_idle1.ogg"
"creature-audio","audio","Content/Characters/Legacyfractalguardian/FRACTALGUARDIAN1_idle2.ogg","FRACTALGUARDIAN1_idle2.ogg","ogg","147416","2025-06-08T21:11:06.2161162Z","C:\Program Files (x86)\Steam\steamapps\common\Barotrauma\Content\Characters\Legacyfractalguardian\FRACTALGUARDIAN1_idle2.ogg"
"creature-audio","audio","Content/Characters/Legacyfractalguardian2/FRACTALGUARDIAN2_attack1.ogg","FRACTALGUARDIAN2_attack1.ogg","ogg","48282","2025-06-08T21:11:07.5775993Z","C:\Program Files (x86)\Steam\steamapps\common\Barotrauma\Content\Characters\Legacyfractalguardian2\FRACTALGUARDIAN2_attack1.ogg"
"creature-audio","audio","Content/Characters/Legacyfractalguardian2/FRACTALGUARDIAN2_attack2.ogg","FRACTALGUARDIAN2_attack2.ogg","ogg","50087","2025-06-08T21:11:02.8797389Z","C:\Program Files (x86)\Steam\steamapps\common\Barotrauma\Content\Characters\Legacyfractalguardian2\FRACTALGUARDIAN2_attack2.ogg"
"creature-audio","audio","Content/Characters/Legacyfractalguardian2/FRACTALGUARDIAN2_attack3.ogg","FRACTALGUARDIAN2_attack3.ogg","ogg","41745","2025-06-08T21:11:05.6295606Z","C:\Program Files (x86)\Steam\steamapps\common\Barotrauma\Content\Characters\Legacyfractalguardian2\FRACTALGUARDIAN2_attack3.ogg"
"creature-audio","audio","Content/Characters/Legacyfractalguardian2/FRACTALGUARDIAN2_attack4.ogg","FRACTALGUARDIAN2_attack4.ogg","ogg","51713","2025-06-08T21:11:07.6415532Z","C:\Program Files (x86)\Steam\steamapps\common\Barotrauma\Content\Characters\Legacyfractalguardian2\FRACTALGUARDIAN2_attack4.ogg"
"creature-audio","audio","Content/Characters/Legacyfractalguardian2/FRACTALGUARDIAN2_attack5.ogg","FRACTALGUARDIAN2_attack5.ogg","ogg","49049","2025-06-08T21:11:03.9884472Z","C:\Program Files (x86)\Steam\steamapps\common\Barotrauma\Content\Characters\Legacyfractalguardian2\FRACTALGUARDIAN2_attack5.ogg"
"creature-audio","audio","Content/Characters/Legacyfractalguardian2/FRACTALGUARDIAN2_damage1.ogg","FRACTALGUARDIAN2_damage1.ogg","ogg","33506","2025-06-08T21:11:07.6355624Z","C:\Program Files (x86)\Steam\steamapps\common\Barotrauma\Content\Characters\Legacyfractalguardian2\FRACTALGUARDIAN2_damage1.ogg"
"creature-audio","audio","Content/Characters/Legacyfractalguardian2/FRACTALGUARDIAN2_damage2.ogg","FRACTALGUARDIAN2_damage2.ogg","ogg","36741","2025-06-08T21:11:05.6245588Z","C:\Program Files (x86)\Steam\steamapps\common\Barotrauma\Content\Characters\Legacyfractalguardian2\FRACTALGUARDIAN2_damage2.ogg"
"creature-audio","audio","Content/Characters/Legacyfractalguardian2/FRACTALGUARDIAN2_damage3.ogg","FRACTALGUARDIAN2_damage3.ogg","ogg","37474","2025-06-08T21:11:03.9924605Z","C:\Program Files (x86)\Steam\steamapps\common\Barotrauma\Content\Characters\Legacyfractalguardian2\FRACTALGUARDIAN2_damage3.ogg"
"creature-audio","audio","Content/Characters/Legacyfractalguardian2/FRACTALGUARDIAN2_damage4.ogg","FRACTALGUARDIAN2_damage4.ogg","ogg","43179","2025-06-08T21:11:07.6425535Z","C:\Program Files (x86)\Steam\steamapps\common\Barotrauma\Content\Characters\Legacyfractalguardian2\FRACTALGUARDIAN2_damage4.ogg"
"creature-audio","audio","Content/Characters/Legacyfractalguardian2/FRACTALGUARDIAN2_damage5.ogg","FRACTALGUARDIAN2_damage5.ogg","ogg","43329","2025-06-08T21:11:05.6285597Z","C:\Program Files (x86)\Steam\steamapps\common\Barotrauma\Content\Characters\Legacyfractalguardian2\FRACTALGUARDIAN2_damage5.ogg"
"creature-audio","audio","Content/Characters/Legacyfractalguardian2/FRACTALGUARDIAN2_death1.ogg","FRACTALGUARDIAN2_death1.ogg","ogg","49178","2025-06-08T21:11:02.8817424Z","C:\Program Files (x86)\Steam\steamapps\common\Barotrauma\Content\Characters\Legacyfractalguardian2\FRACTALGUARDIAN2_death1.ogg"
"creature-audio","audio","Content/Characters/Legacyfractalguardian2/FRACTALGUARDIAN2_death2.ogg","FRACTALGUARDIAN2_death2.ogg","ogg","51890","2025-06-08T21:11:06.2081154Z","C:\Program Files (x86)\Steam\steamapps\common\Barotrauma\Content\Characters\Legacyfractalguardian2\FRACTALGUARDIAN2_death2.ogg"
"creature-audio","audio","Content/Characters/Legacyfractalguardian2/FRACTALGUARDIAN2_death3.ogg","FRACTALGUARDIAN2_death3.ogg","ogg","55192","2025-06-08T21:11:03.9924605Z","C:\Program Files (x86)\Steam\steamapps\common\Barotrauma\Content\Characters\Legacyfractalguardian2\FRACTALGUARDIAN2_death3.ogg"
"creature-audio","audio","Content/Characters/Legacyfractalguardian2/FRACTALGUARDIAN2_idle1.ogg","FRACTALGUARDIAN2_idle1.ogg","ogg","118877","2025-06-08T21:11:05.6826953Z","C:\Program Files (x86)\Steam\steamapps\common\Barotrauma\Content\Characters\Legacyfractalguardian2\FRACTALGUARDIAN2_idle1.ogg"
"creature-audio","audio","Content/Characters/Legacyfractalguardian2/FRACTALGUARDIAN2_idle2.ogg","FRACTALGUARDIAN2_idle2.ogg","ogg","130289","2025-06-08T21:11:07.6998780Z","C:\Program Files (x86)\Steam\steamapps\common\Barotrauma\Content\Characters\Legacyfractalguardian2\FRACTALGUARDIAN2_idle2.ogg"
"creature-audio","audio","Content/Characters/Legacyfractalguardian2/FRACTALGUARDIAN2_idle3.ogg","FRACTALGUARDIAN2_idle3.ogg","ogg","132991","2025-06-08T21:11:05.7449274Z","C:\Program Files (x86)\Steam\steamapps\common\Barotrauma\Content\Characters\Legacyfractalguardian2\FRACTALGUARDIAN2_idle3.ogg"
"creature-audio","audio","Content/Characters/Legacyfractalguardian2/FRACTALGUARDIAN2_idle4.ogg","FRACTALGUARDIAN2_idle4.ogg","ogg","133687","2025-06-08T21:11:04.6459724Z","C:\Program Files (x86)\Steam\steamapps\common\Barotrauma\Content\Characters\Legacyfractalguardian2\FRACTALGUARDIAN2_idle4.ogg"
"creature-audio","audio","Content/Characters/Legacyhusk/Husk1.ogg","Husk1.ogg","ogg","59017","2025-06-08T21:11:02.8858062Z","C:\Program Files (x86)\Steam\steamapps\common\Barotrauma\Content\Characters\Legacyhusk\Husk1.ogg"
"creature-audio","audio","Content/Characters/Legacyhusk/Husk2.ogg","Husk2.ogg","ogg","44813","2025-06-08T21:11:04.0641914Z","C:\Program Files (x86)\Steam\steamapps\common\Barotrauma\Content\Characters\Legacyhusk\Husk2.ogg"
"creature-audio","audio","Content/Characters/Legacyhusk/Husk3.ogg","Husk3.ogg","ogg","22525","2025-06-08T21:11:06.2161162Z","C:\Program Files (x86)\Steam\steamapps\common\Barotrauma\Content\Characters\Legacyhusk\Husk3.ogg"
"creature-audio","audio","Content/Characters/Legacymantis/attack1.ogg","attack1.ogg","ogg","65747","2025-06-08T21:11:02.8807386Z","C:\Program Files (x86)\Steam\steamapps\common\Barotrauma\Content\Characters\Legacymantis\attack1.ogg"
"creature-audio","audio","Content/Characters/Legacymantis/attack2.ogg","attack2.ogg","ogg","75609","2025-06-08T21:11:07.7580397Z","C:\Program Files (x86)\Steam\steamapps\common\Barotrauma\Content\Characters\Legacymantis\attack2.ogg"
"creature-audio","audio","Content/Characters/Legacymantis/idle1.ogg","idle1.ogg","ogg","85983","2025-06-08T21:11:06.2151149Z","C:\Program Files (x86)\Steam\steamapps\common\Barotrauma\Content\Characters\Legacymantis\idle1.ogg"
"creature-audio","audio","Content/Characters/Legacymantis/idle2.ogg","idle2.ogg","ogg","53950","2025-06-08T21:11:04.0661908Z","C:\Program Files (x86)\Steam\steamapps\common\Barotrauma\Content\Characters\Legacymantis\idle2.ogg"
"creature-audio","audio","Content/Characters/Legacymantis/idle3.ogg","idle3.ogg","ogg","64453","2025-06-08T21:11:04.0651904Z","C:\Program Files (x86)\Steam\steamapps\common\Barotrauma\Content\Characters\Legacymantis\idle3.ogg"
"creature-audio","audio","Content/Characters/Legacymoloch/attack1.ogg","attack1.ogg","ogg","44883","2025-06-08T21:11:02.8827980Z","C:\Program Files (x86)\Steam\steamapps\common\Barotrauma\Content\Characters\Legacymoloch\attack1.ogg"
"creature-audio","audio","Content/Characters/Legacymoloch/attack2.ogg","attack2.ogg","ogg","40461","2025-06-08T21:11:06.2131157Z","C:\Program Files (x86)\Steam\steamapps\common\Barotrauma\Content\Characters\Legacymoloch\attack2.ogg"
"creature-audio","audio","Content/Characters/Legacymoloch/idle1.ogg","idle1.ogg","ogg","34737","2025-06-08T21:11:06.2151149Z","C:\Program Files (x86)\Steam\steamapps\common\Barotrauma\Content\Characters\Legacymoloch\idle1.ogg"
"creature-audio","audio","Content/Characters/Legacymoloch/idle2.ogg","idle2.ogg","ogg","49197","2025-06-08T21:11:04.1170300Z","C:\Program Files (x86)\Steam\steamapps\common\Barotrauma\Content\Characters\Legacymoloch\idle2.ogg"
"creature-audio","audio","Content/Characters/Legacytigerthresher/thresherattack1.ogg","thresherattack1.ogg","ogg","17867","2025-06-08T21:11:06.2081154Z","C:\Program Files (x86)\Steam\steamapps\common\Barotrauma\Content\Characters\Legacytigerthresher\thresherattack1.ogg"
"creature-audio","audio","Content/Characters/Legacytigerthresher/thresheridle1.ogg","thresheridle1.ogg","ogg","44870","2025-06-08T21:11:04.2293725Z","C:\Program Files (x86)\Steam\steamapps\common\Barotrauma\Content\Characters\Legacytigerthresher\thresheridle1.ogg"
"creature-audio","audio","Content/Characters/Legacytigerthresher/thresheridle2.ogg","thresheridle2.ogg","ogg","22815","2025-06-08T21:11:06.2131157Z","C:\Program Files (x86)\Steam\steamapps\common\Barotrauma\Content\Characters\Legacytigerthresher\thresheridle2.ogg"
"creature-audio","audio","Content/Characters/Legacywatcher/attack1.ogg","attack1.ogg","ogg","17650","2025-06-08T21:11:05.9857422Z","C:\Program Files (x86)\Steam\steamapps\common\Barotrauma\Content\Characters\Legacywatcher\attack1.ogg"
"creature-audio","audio","Content/Characters/Legacywatcher/attack2.ogg","attack2.ogg","ogg","24606","2025-06-08T21:11:02.8797389Z","C:\Program Files (x86)\Steam\steamapps\common\Barotrauma\Content\Characters\Legacywatcher\attack2.ogg"
"creature-audio","audio","Content/Characters/Legacywatcher/attack3.ogg","attack3.ogg","ogg","30366","2025-06-08T21:11:02.8787383Z","C:\Program Files (x86)\Steam\steamapps\common\Barotrauma\Content\Characters\Legacywatcher\attack3.ogg"
"creature-audio","audio","Content/Characters/Legacywatcher/watch1.ogg","watch1.ogg","ogg","19226","2025-06-08T21:11:06.2101156Z","C:\Program Files (x86)\Steam\steamapps\common\Barotrauma\Content\Characters\Legacywatcher\watch1.ogg"
"creature-audio","audio","Content/Characters/Legacywatcher/watch2.ogg","watch2.ogg","ogg","22434","2025-06-08T21:11:05.9917453Z","C:\Program Files (x86)\Steam\steamapps\common\Barotrauma\Content\Characters\Legacywatcher\watch2.ogg"
"creature-audio","audio","Content/Characters/Legacywatcher/watch3.ogg","watch3.ogg","ogg","23469","2025-06-08T21:11:06.2101156Z","C:\Program Files (x86)\Steam\steamapps\common\Barotrauma\Content\Characters\Legacywatcher\watch3.ogg"
"creature-audio","audio","Content/Characters/Legacywatcher/watch4.ogg","watch4.ogg","ogg","21810","2025-06-08T21:11:06.2151149Z","C:\Program Files (x86)\Steam\steamapps\common\Barotrauma\Content\Characters\Legacywatcher\watch4.ogg"
"creature-audio","audio","Content/Characters/Legacywatcher/watch5.ogg","watch5.ogg","ogg","19539","2025-06-08T21:11:06.1003084Z","C:\Program Files (x86)\Steam\steamapps\common\Barotrauma\Content\Characters\Legacywatcher\watch5.ogg"
"creature-audio","audio","Content/Characters/Legacywatcher/watch6.ogg","watch6.ogg","ogg","21987","2025-06-08T21:11:02.8807386Z","C:\Program Files (x86)\Steam\steamapps\common\Barotrauma\Content\Characters\Legacywatcher\watch6.ogg"
"creature-audio","audio","Content/Characters/Leucocyte/CARRIER_cellAttack1.ogg","CARRIER_cellAttack1.ogg","ogg","79100","2025-06-08T21:11:06.2601161Z","C:\Program Files (x86)\Steam\steamapps\common\Barotrauma\Content\Characters\Leucocyte\CARRIER_cellAttack1.ogg"
"creature-audio","audio","Content/Characters/Leucocyte/CARRIER_cellAttack2.ogg","CARRIER_cellAttack2.ogg","ogg","82802","2025-06-08T21:11:04.2323722Z","C:\Program Files (x86)\Steam\steamapps\common\Barotrauma\Content\Characters\Leucocyte\CARRIER_cellAttack2.ogg"
"creature-audio","audio","Content/Characters/Leucocyte/CARRIER_cellAttack3.ogg","CARRIER_cellAttack3.ogg","ogg","70673","2025-06-08T21:11:06.1003084Z","C:\Program Files (x86)\Steam\steamapps\common\Barotrauma\Content\Characters\Leucocyte\CARRIER_cellAttack3.ogg"
"creature-audio","audio","Content/Characters/Leucocyte/CARRIER_cellDamage1.ogg","CARRIER_cellDamage1.ogg","ogg","83756","2025-06-08T21:11:06.2601161Z","C:\Program Files (x86)\Steam\steamapps\common\Barotrauma\Content\Characters\Leucocyte\CARRIER_cellDamage1.ogg"
"creature-audio","audio","Content/Characters/Leucocyte/CARRIER_cellDamage2.ogg","CARRIER_cellDamage2.ogg","ogg","128293","2025-06-08T21:11:06.2141186Z","C:\Program Files (x86)\Steam\steamapps\common\Barotrauma\Content\Characters\Leucocyte\CARRIER_cellDamage2.ogg"
"creature-audio","audio","Content/Characters/Leucocyte/CARRIER_cellDamage3.ogg","CARRIER_cellDamage3.ogg","ogg","78056","2025-06-08T21:11:02.8807386Z","C:\Program Files (x86)\Steam\steamapps\common\Barotrauma\Content\Characters\Leucocyte\CARRIER_cellDamage3.ogg"
"creature-audio","audio","Content/Characters/Leucocyte/CARRIER_cellDeath1.ogg","CARRIER_cellDeath1.ogg","ogg","17314","2025-06-08T21:11:06.2071161Z","C:\Program Files (x86)\Steam\steamapps\common\Barotrauma\Content\Characters\Leucocyte\CARRIER_cellDeath1.ogg"
"creature-audio","audio","Content/Characters/Leucocyte/CARRIER_cellDeath2.ogg","CARRIER_cellDeath2.ogg","ogg","19354","2025-06-08T21:11:06.1003084Z","C:\Program Files (x86)\Steam\steamapps\common\Barotrauma\Content\Characters\Leucocyte\CARRIER_cellDeath2.ogg"
"creature-audio","audio","Content/Characters/Leucocyte/CARRIER_cellDeath3.ogg","CARRIER_cellDeath3.ogg","ogg","16813","2025-06-08T21:11:04.2303728Z","C:\Program Files (x86)\Steam\steamapps\common\Barotrauma\Content\Characters\Leucocyte\CARRIER_cellDeath3.ogg"
"creature-audio","audio","Content/Characters/Leucocyte/CARRIER_cellIdle1.ogg","CARRIER_cellIdle1.ogg","ogg","92876","2025-06-08T21:11:02.9248078Z","C:\Program Files (x86)\Steam\steamapps\common\Barotrauma\Content\Characters\Leucocyte\CARRIER_cellIdle1.ogg"
"creature-audio","audio","Content/Characters/Leucocyte/CARRIER_cellIdle2.ogg","CARRIER_cellIdle2.ogg","ogg","94689","2025-06-08T21:11:02.9308008Z","C:\Program Files (x86)\Steam\steamapps\common\Barotrauma\Content\Characters\Leucocyte\CARRIER_cellIdle2.ogg"
"creature-audio","audio","Content/Characters/Leucocyte/CARRIER_cellIdle3.ogg","CARRIER_cellIdle3.ogg","ogg","59910","2025-06-08T21:11:06.2571146Z","C:\Program Files (x86)\Steam\steamapps\common\Barotrauma\Content\Characters\Leucocyte\CARRIER_cellIdle3.ogg"
"creature-audio","audio","Content/Characters/Leucocyte/CARRIER_cellIdle4.ogg","CARRIER_cellIdle4.ogg","ogg","121108","2025-06-08T21:11:06.2161162Z","C:\Program Files (x86)\Steam\steamapps\common\Barotrauma\Content\Characters\Leucocyte\CARRIER_cellIdle4.ogg"
"creature-audio","audio","Content/Characters/Leucocyte/CARRIER_cellIdle5.ogg","CARRIER_cellIdle5.ogg","ogg","103620","2025-06-08T21:11:02.9308008Z","C:\Program Files (x86)\Steam\steamapps\common\Barotrauma\Content\Characters\Leucocyte\CARRIER_cellIdle5.ogg"
"creature-audio","audio","Content/Characters/Mantis/MANTIS_attack1.ogg","MANTIS_attack1.ogg","ogg","21102","2025-06-08T21:11:04.2323722Z","C:\Program Files (x86)\Steam\steamapps\common\Barotrauma\Content\Characters\Mantis\MANTIS_attack1.ogg"
"creature-audio","audio","Content/Characters/Mantis/MANTIS_attack2.ogg","MANTIS_attack2.ogg","ogg","21283","2025-06-08T21:11:07.7561189Z","C:\Program Files (x86)\Steam\steamapps\common\Barotrauma\Content\Characters\Mantis\MANTIS_attack2.ogg"
"creature-audio","audio","Content/Characters/Mantis/MANTIS_attack3.ogg","MANTIS_attack3.ogg","ogg","21586","2025-06-08T21:11:06.3142345Z","C:\Program Files (x86)\Steam\steamapps\common\Barotrauma\Content\Characters\Mantis\MANTIS_attack3.ogg"
"creature-audio","audio","Content/Characters/Mantis/MANTIS_death1.ogg","MANTIS_death1.ogg","ogg","30564","2025-06-08T21:11:02.9277998Z","C:\Program Files (x86)\Steam\steamapps\common\Barotrauma\Content\Characters\Mantis\MANTIS_death1.ogg"
"creature-audio","audio","Content/Characters/Mantis/MANTIS_death2.ogg","MANTIS_death2.ogg","ogg","30722","2025-06-08T21:11:04.2869377Z","C:\Program Files (x86)\Steam\steamapps\common\Barotrauma\Content\Characters\Mantis\MANTIS_death2.ogg"
"creature-audio","audio","Content/Characters/Moloch/MOLOCH_attack1.ogg","MOLOCH_attack1.ogg","ogg","142582","2025-06-08T21:11:07.9106860Z","C:\Program Files (x86)\Steam\steamapps\common\Barotrauma\Content\Characters\Moloch\MOLOCH_attack1.ogg"
"creature-audio","audio","Content/Characters/Moloch/MOLOCH_attack2.ogg","MOLOCH_attack2.ogg","ogg","152992","2025-06-08T21:11:04.7019742Z","C:\Program Files (x86)\Steam\steamapps\common\Barotrauma\Content\Characters\Moloch\MOLOCH_attack2.ogg"
"creature-audio","audio","Content/Characters/Moloch/MOLOCH_attack3.ogg","MOLOCH_attack3.ogg","ogg","149781","2025-06-08T21:11:04.7039737Z","C:\Program Files (x86)\Steam\steamapps\common\Barotrauma\Content\Characters\Moloch\MOLOCH_attack3.ogg"
"creature-audio","audio","Content/Characters/Moloch/MOLOCH_attack4.ogg","MOLOCH_attack4.ogg","ogg","148651","2025-06-08T21:11:07.9586477Z","C:\Program Files (x86)\Steam\steamapps\common\Barotrauma\Content\Characters\Moloch\MOLOCH_attack4.ogg"
"creature-audio","audio","Content/Characters/Moloch/MOLOCH_attack5.ogg","MOLOCH_attack5.ogg","ogg","128925","2025-06-08T21:11:08.0183587Z","C:\Program Files (x86)\Steam\steamapps\common\Barotrauma\Content\Characters\Moloch\MOLOCH_attack5.ogg"
"creature-audio","audio","Content/Characters/Moloch/MOLOCH_attack6.ogg","MOLOCH_attack6.ogg","ogg","133057","2025-06-08T21:11:08.1293721Z","C:\Program Files (x86)\Steam\steamapps\common\Barotrauma\Content\Characters\Moloch\MOLOCH_attack6.ogg"
"creature-audio","audio","Content/Characters/Moloch/MOLOCH_bumpAttack.ogg","MOLOCH_bumpAttack.ogg","ogg","161337","2025-06-08T21:11:03.4650226Z","C:\Program Files (x86)\Steam\steamapps\common\Barotrauma\Content\Characters\Moloch\MOLOCH_bumpAttack.ogg"
"creature-audio","audio","Content/Characters/Moloch/MOLOCH_damage1.ogg","MOLOCH_damage1.ogg","ogg","116721","2025-06-08T21:11:04.7653908Z","C:\Program Files (x86)\Steam\steamapps\common\Barotrauma\Content\Characters\Moloch\MOLOCH_damage1.ogg"
"creature-audio","audio","Content/Characters/Moloch/MOLOCH_damage2.ogg","MOLOCH_damage2.ogg","ogg","130522","2025-06-08T21:11:04.7683911Z","C:\Program Files (x86)\Steam\steamapps\common\Barotrauma\Content\Characters\Moloch\MOLOCH_damage2.ogg"
"creature-audio","audio","Content/Characters/Moloch/MOLOCH_damage3.ogg","MOLOCH_damage3.ogg","ogg","119575","2025-06-08T21:11:04.8253211Z","C:\Program Files (x86)\Steam\steamapps\common\Barotrauma\Content\Characters\Moloch\MOLOCH_damage3.ogg"
"creature-audio","audio","Content/Characters/Moloch/MOLOCH_death1.ogg","MOLOCH_death1.ogg","ogg","146823","2025-06-08T21:11:04.8283222Z","C:\Program Files (x86)\Steam\steamapps\common\Barotrauma\Content\Characters\Moloch\MOLOCH_death1.ogg"
"creature-audio","audio","Content/Characters/Moloch/MOLOCH_death2.ogg","MOLOCH_death2.ogg","ogg","141822","2025-06-08T21:11:06.4187857Z","C:\Program Files (x86)\Steam\steamapps\common\Barotrauma\Content\Characters\Moloch\MOLOCH_death2.ogg"
"creature-audio","audio","Content/Characters/Moloch/MOLOCH_idle1.ogg","MOLOCH_idle1.ogg","ogg","209806","2025-06-08T21:11:06.4810725Z","C:\Program Files (x86)\Steam\steamapps\common\Barotrauma\Content\Characters\Moloch\MOLOCH_idle1.ogg"
"creature-audio","audio","Content/Characters/Moloch/MOLOCH_idle2.ogg","MOLOCH_idle2.ogg","ogg","193619","2025-06-08T21:11:06.5439052Z","C:\Program Files (x86)\Steam\steamapps\common\Barotrauma\Content\Characters\Moloch\MOLOCH_idle2.ogg"
"creature-audio","audio","Content/Characters/Moloch/MOLOCH_idle3.ogg","MOLOCH_idle3.ogg","ogg","212857","2025-06-08T21:11:06.4840747Z","C:\Program Files (x86)\Steam\steamapps\common\Barotrauma\Content\Characters\Moloch\MOLOCH_idle3.ogg"
"creature-audio","audio","Content/Characters/Moloch/MOLOCH_idle4.ogg","MOLOCH_idle4.ogg","ogg","184440","2025-06-08T21:11:06.6483410Z","C:\Program Files (x86)\Steam\steamapps\common\Barotrauma\Content\Characters\Moloch\MOLOCH_idle4.ogg"
"creature-audio","audio","Content/Characters/Moloch/MOLOCH_idle5.ogg","MOLOCH_idle5.ogg","ogg","192697","2025-06-08T21:11:05.3841161Z","C:\Program Files (x86)\Steam\steamapps\common\Barotrauma\Content\Characters\Moloch\MOLOCH_idle5.ogg"
"creature-audio","audio","Content/Characters/Moloch/MOLOCH_moving.ogg","MOLOCH_moving.ogg","ogg","299954","2025-06-08T21:11:01.9222879Z","C:\Program Files (x86)\Steam\steamapps\common\Barotrauma\Content\Characters\Moloch\MOLOCH_moving.ogg"
"creature-audio","audio","Content/Characters/Molochbaby/BABYMOLOCH_alarm1.ogg","BABYMOLOCH_alarm1.ogg","ogg","132463","2025-06-08T21:11:02.9298002Z","C:\Program Files (x86)\Steam\steamapps\common\Barotrauma\Content\Characters\Molochbaby\BABYMOLOCH_alarm1.ogg"
"creature-audio","audio","Content/Characters/Molochbaby/BABYMOLOCH_alarm2.ogg","BABYMOLOCH_alarm2.ogg","ogg","143473","2025-06-08T21:11:06.2581147Z","C:\Program Files (x86)\Steam\steamapps\common\Barotrauma\Content\Characters\Molochbaby\BABYMOLOCH_alarm2.ogg"
"creature-audio","audio","Content/Characters/Molochbaby/BABYMOLOCH_alarm3.ogg","BABYMOLOCH_alarm3.ogg","ogg","140210","2025-06-08T21:11:06.3652295Z","C:\Program Files (x86)\Steam\steamapps\common\Barotrauma\Content\Characters\Molochbaby\BABYMOLOCH_alarm3.ogg"
"creature-audio","audio","Content/Characters/Molochbaby/BABYMOLOCH_alarm4.ogg","BABYMOLOCH_alarm4.ogg","ogg","156717","2025-06-08T21:11:06.2601161Z","C:\Program Files (x86)\Steam\steamapps\common\Barotrauma\Content\Characters\Molochbaby\BABYMOLOCH_alarm4.ogg"
"creature-audio","audio","Content/Characters/Molochbaby/BABYMOLOCH_alarm5.ogg","BABYMOLOCH_alarm5.ogg","ogg","138813","2025-06-08T21:11:02.9288007Z","C:\Program Files (x86)\Steam\steamapps\common\Barotrauma\Content\Characters\Molochbaby\BABYMOLOCH_alarm5.ogg"
"creature-audio","audio","Content/Characters/Molochbaby/BABYMOLOCH_damage1.ogg","BABYMOLOCH_damage1.ogg","ogg","68351","2025-06-08T21:11:07.8200528Z","C:\Program Files (x86)\Steam\steamapps\common\Barotrauma\Content\Characters\Molochbaby\BABYMOLOCH_damage1.ogg"
"creature-audio","audio","Content/Characters/Molochbaby/BABYMOLOCH_damage2.ogg","BABYMOLOCH_damage2.ogg","ogg","84230","2025-06-08T21:11:02.9820697Z","C:\Program Files (x86)\Steam\steamapps\common\Barotrauma\Content\Characters\Molochbaby\BABYMOLOCH_damage2.ogg"
"creature-audio","audio","Content/Characters/Molochbaby/BABYMOLOCH_damage3.ogg","BABYMOLOCH_damage3.ogg","ogg","64280","2025-06-08T21:11:07.8180605Z","C:\Program Files (x86)\Steam\steamapps\common\Barotrauma\Content\Characters\Molochbaby\BABYMOLOCH_damage3.ogg"
"creature-audio","audio","Content/Characters/Molochbaby/BABYMOLOCH_damage4.ogg","BABYMOLOCH_damage4.ogg","ogg","68745","2025-06-08T21:11:06.3152297Z","C:\Program Files (x86)\Steam\steamapps\common\Barotrauma\Content\Characters\Molochbaby\BABYMOLOCH_damage4.ogg"
"creature-audio","audio","Content/Characters/Molochbaby/BABYMOLOCH_damage5.ogg","BABYMOLOCH_damage5.ogg","ogg","64115","2025-06-08T21:11:06.3642292Z","C:\Program Files (x86)\Steam\steamapps\common\Barotrauma\Content\Characters\Molochbaby\BABYMOLOCH_damage5.ogg"
"creature-audio","audio","Content/Characters/Molochbaby/BABYMOLOCH_dead1.ogg","BABYMOLOCH_dead1.ogg","ogg","106019","2025-06-08T21:11:06.2601161Z","C:\Program Files (x86)\Steam\steamapps\common\Barotrauma\Content\Characters\Molochbaby\BABYMOLOCH_dead1.ogg"
"creature-audio","audio","Content/Characters/Molochbaby/BABYMOLOCH_dead2.ogg","BABYMOLOCH_dead2.ogg","ogg","101940","2025-06-08T21:11:02.9830624Z","C:\Program Files (x86)\Steam\steamapps\common\Barotrauma\Content\Characters\Molochbaby\BABYMOLOCH_dead2.ogg"
"creature-audio","audio","Content/Characters/Molochbaby/BABYMOLOCH_dead3.ogg","BABYMOLOCH_dead3.ogg","ogg","126292","2025-06-08T21:11:06.2601161Z","C:\Program Files (x86)\Steam\steamapps\common\Barotrauma\Content\Characters\Molochbaby\BABYMOLOCH_dead3.ogg"
"creature-audio","audio","Content/Characters/Molochbaby/BABYMOLOCH_dead4.ogg","BABYMOLOCH_dead4.ogg","ogg","119314","2025-06-08T21:11:05.0652612Z","C:\Program Files (x86)\Steam\steamapps\common\Barotrauma\Content\Characters\Molochbaby\BABYMOLOCH_dead4.ogg"
"creature-audio","audio","Content/Characters/Molochbaby/BABYMOLOCH_idle1.ogg","BABYMOLOCH_idle1.ogg","ogg","107679","2025-06-08T21:11:06.3692295Z","C:\Program Files (x86)\Steam\steamapps\common\Barotrauma\Content\Characters\Molochbaby\BABYMOLOCH_idle1.ogg"
"creature-audio","audio","Content/Characters/Molochbaby/BABYMOLOCH_idle2.ogg","BABYMOLOCH_idle2.ogg","ogg","106896","2025-06-08T21:11:02.9870620Z","C:\Program Files (x86)\Steam\steamapps\common\Barotrauma\Content\Characters\Molochbaby\BABYMOLOCH_idle2.ogg"
"creature-audio","audio","Content/Characters/Molochbaby/BABYMOLOCH_idle3.ogg","BABYMOLOCH_idle3.ogg","ogg","159222","2025-06-08T21:11:07.8621449Z","C:\Program Files (x86)\Steam\steamapps\common\Barotrauma\Content\Characters\Molochbaby\BABYMOLOCH_idle3.ogg"
"creature-audio","audio","Content/Characters/Molochbaby/BABYMOLOCH_idle4.ogg","BABYMOLOCH_idle4.ogg","ogg","97421","2025-06-08T21:11:05.7459272Z","C:\Program Files (x86)\Steam\steamapps\common\Barotrauma\Content\Characters\Molochbaby\BABYMOLOCH_idle4.ogg"
"creature-audio","audio","Content/Characters/Molochbaby/BABYMOLOCH_idle5.ogg","BABYMOLOCH_idle5.ogg","ogg","88255","2025-06-08T21:11:06.4187857Z","C:\Program Files (x86)\Steam\steamapps\common\Barotrauma\Content\Characters\Molochbaby\BABYMOLOCH_idle5.ogg"
"creature-audio","audio","Content/Characters/Molochbaby/BABYMOLOCH_idle6.ogg","BABYMOLOCH_idle6.ogg","ogg","150209","2025-06-08T21:11:05.9917453Z","C:\Program Files (x86)\Steam\steamapps\common\Barotrauma\Content\Characters\Molochbaby\BABYMOLOCH_idle6.ogg"
"creature-audio","audio","Content/Characters/Molochblack/BLACKMOLOCH_EMPHit.ogg","BLACKMOLOCH_EMPHit.ogg","ogg","71214","2025-06-08T21:11:07.8621449Z","C:\Program Files (x86)\Steam\steamapps\common\Barotrauma\Content\Characters\Molochblack\BLACKMOLOCH_EMPHit.ogg"
"creature-audio","audio","Content/Characters/Mudraptor/MUDRAPTOR_attack1.ogg","MUDRAPTOR_attack1.ogg","ogg","49824","2025-06-08T21:11:04.8553214Z","C:\Program Files (x86)\Steam\steamapps\common\Barotrauma\Content\Characters\Mudraptor\MUDRAPTOR_attack1.ogg"
"creature-audio","audio","Content/Characters/Mudraptor/MUDRAPTOR_attack2.ogg","MUDRAPTOR_attack2.ogg","ogg","39946","2025-06-08T21:11:06.6493336Z","C:\Program Files (x86)\Steam\steamapps\common\Barotrauma\Content\Characters\Mudraptor\MUDRAPTOR_attack2.ogg"
"creature-audio","audio","Content/Characters/Mudraptor/MUDRAPTOR_attack3.ogg","MUDRAPTOR_attack3.ogg","ogg","33822","2025-06-08T21:11:06.6493336Z","C:\Program Files (x86)\Steam\steamapps\common\Barotrauma\Content\Characters\Mudraptor\MUDRAPTOR_attack3.ogg"
"creature-audio","audio","Content/Characters/Mudraptor/MUDRAPTOR_damage1.ogg","MUDRAPTOR_damage1.ogg","ogg","33874","2025-06-08T21:11:05.5065486Z","C:\Program Files (x86)\Steam\steamapps\common\Barotrauma\Content\Characters\Mudraptor\MUDRAPTOR_damage1.ogg"
"creature-audio","audio","Content/Characters/Mudraptor/MUDRAPTOR_damage2.ogg","MUDRAPTOR_damage2.ogg","ogg","41709","2025-06-08T21:11:05.5065486Z","C:\Program Files (x86)\Steam\steamapps\common\Barotrauma\Content\Characters\Mudraptor\MUDRAPTOR_damage2.ogg"
"creature-audio","audio","Content/Characters/Mudraptor/MUDRAPTOR_damage3.ogg","MUDRAPTOR_damage3.ogg","ogg","43509","2025-06-08T21:11:08.6558956Z","C:\Program Files (x86)\Steam\steamapps\common\Barotrauma\Content\Characters\Mudraptor\MUDRAPTOR_damage3.ogg"
"creature-audio","audio","Content/Characters/Mudraptor/MUDRAPTOR_death1.ogg","MUDRAPTOR_death1.ogg","ogg","32976","2025-06-08T21:11:04.8293226Z","C:\Program Files (x86)\Steam\steamapps\common\Barotrauma\Content\Characters\Mudraptor\MUDRAPTOR_death1.ogg"
"creature-audio","audio","Content/Characters/Mudraptor/MUDRAPTOR_death2.ogg","MUDRAPTOR_death2.ogg","ogg","28845","2025-06-08T21:11:06.6503347Z","C:\Program Files (x86)\Steam\steamapps\common\Barotrauma\Content\Characters\Mudraptor\MUDRAPTOR_death2.ogg"
"creature-audio","audio","Content/Characters/Mudraptor/MUDRAPTOR_idle1.ogg","MUDRAPTOR_idle1.ogg","ogg","41086","2025-06-08T21:11:06.5398985Z","C:\Program Files (x86)\Steam\steamapps\common\Barotrauma\Content\Characters\Mudraptor\MUDRAPTOR_idle1.ogg"
"creature-audio","audio","Content/Characters/Mudraptor/MUDRAPTOR_idle2.ogg","MUDRAPTOR_idle2.ogg","ogg","43515","2025-06-08T21:11:03.4065664Z","C:\Program Files (x86)\Steam\steamapps\common\Barotrauma\Content\Characters\Mudraptor\MUDRAPTOR_idle2.ogg"
"creature-audio","audio","Content/Characters/Mudraptor/MUDRAPTOR_idle3.ogg","MUDRAPTOR_idle3.ogg","ogg","44488","2025-06-08T21:11:06.6493336Z","C:\Program Files (x86)\Steam\steamapps\common\Barotrauma\Content\Characters\Mudraptor\MUDRAPTOR_idle3.ogg"
"creature-audio","audio","Content/Characters/Mudraptor/MUDRAPTOR_idle4.ogg","MUDRAPTOR_idle4.ogg","ogg","44213","2025-06-08T21:11:06.6513417Z","C:\Program Files (x86)\Steam\steamapps\common\Barotrauma\Content\Characters\Mudraptor\MUDRAPTOR_idle4.ogg"
"creature-audio","audio","Content/Characters/Orangeboy/ORANGEBOY_idle1.ogg","ORANGEBOY_idle1.ogg","ogg","39221","2025-06-08T21:11:06.6493336Z","C:\Program Files (x86)\Steam\steamapps\common\Barotrauma\Content\Characters\Orangeboy\ORANGEBOY_idle1.ogg"
"creature-audio","audio","Content/Characters/Orangeboy/ORANGEBOY_idle2.ogg","ORANGEBOY_idle2.ogg","ogg","50375","2025-06-08T21:11:05.5672159Z","C:\Program Files (x86)\Steam\steamapps\common\Barotrauma\Content\Characters\Orangeboy\ORANGEBOY_idle2.ogg"
"creature-audio","audio","Content/Characters/Orangeboy/ORANGEBOY_idle3.ogg","ORANGEBOY_idle3.ogg","ogg","36572","2025-06-08T21:11:03.4075790Z","C:\Program Files (x86)\Steam\steamapps\common\Barotrauma\Content\Characters\Orangeboy\ORANGEBOY_idle3.ogg"
"creature-audio","audio","Content/Characters/Orangeboy/ORANGEBOY_negative.ogg","ORANGEBOY_negative.ogg","ogg","20353","2025-06-08T21:11:04.8293226Z","C:\Program Files (x86)\Steam\steamapps\common\Barotrauma\Content\Characters\Orangeboy\ORANGEBOY_negative.ogg"
"creature-audio","audio","Content/Characters/Orangeboy/ORANGEBOY_positive.ogg","ORANGEBOY_positive.ogg","ogg","21539","2025-06-08T21:11:03.4055681Z","C:\Program Files (x86)\Steam\steamapps\common\Barotrauma\Content\Characters\Orangeboy\ORANGEBOY_positive.ogg"
"creature-audio","audio","Content/Characters/Orangeboy/ORANGEBOY_takeDamage1.ogg","ORANGEBOY_takeDamage1.ogg","ogg","22919","2025-06-08T21:11:04.8923520Z","C:\Program Files (x86)\Steam\steamapps\common\Barotrauma\Content\Characters\Orangeboy\ORANGEBOY_takeDamage1.ogg"
"creature-audio","audio","Content/Characters/Orangeboy/ORANGEBOY_takeDamage2.ogg","ORANGEBOY_takeDamage2.ogg","ogg","24601","2025-06-08T21:11:06.6443335Z","C:\Program Files (x86)\Steam\steamapps\common\Barotrauma\Content\Characters\Orangeboy\ORANGEBOY_takeDamage2.ogg"
"creature-audio","audio","Content/Characters/Peanut/PEANUT_idle1.ogg","PEANUT_idle1.ogg","ogg","43834","2025-06-08T21:11:04.9528691Z","C:\Program Files (x86)\Steam\steamapps\common\Barotrauma\Content\Characters\Peanut\PEANUT_idle1.ogg"
"creature-audio","audio","Content/Characters/Peanut/PEANUT_idle2.ogg","PEANUT_idle2.ogg","ogg","68218","2025-06-08T21:11:06.2571146Z","C:\Program Files (x86)\Steam\steamapps\common\Barotrauma\Content\Characters\Peanut\PEANUT_idle2.ogg"
"creature-audio","audio","Content/Characters/Peanut/PEANUT_negative.ogg","PEANUT_negative.ogg","ogg","20435","2025-06-08T21:11:04.8883518Z","C:\Program Files (x86)\Steam\steamapps\common\Barotrauma\Content\Characters\Peanut\PEANUT_negative.ogg"
"creature-audio","audio","Content/Characters/Peanut/PEANUT_positive.ogg","PEANUT_positive.ogg","ogg","20426","2025-06-08T21:11:04.9468692Z","C:\Program Files (x86)\Steam\steamapps\common\Barotrauma\Content\Characters\Peanut\PEANUT_positive.ogg"
"creature-audio","audio","Content/Characters/Peanut/PEANUT_takeDamage1.ogg","PEANUT_takeDamage1.ogg","ogg","19286","2025-06-08T21:11:06.2591153Z","C:\Program Files (x86)\Steam\steamapps\common\Barotrauma\Content\Characters\Peanut\PEANUT_takeDamage1.ogg"
"creature-audio","audio","Content/Characters/Peanut/PEANUT_takeDamage2.ogg","PEANUT_takeDamage2.ogg","ogg","21279","2025-06-08T21:11:06.6493336Z","C:\Program Files (x86)\Steam\steamapps\common\Barotrauma\Content\Characters\Peanut\PEANUT_takeDamage2.ogg"
"creature-audio","audio","Content/Characters/Psilotoad/PSILOTOAD_idle1.ogg","PSILOTOAD_idle1.ogg","ogg","23207","2025-06-08T21:11:06.6443335Z","C:\Program Files (x86)\Steam\steamapps\common\Barotrauma\Content\Characters\Psilotoad\PSILOTOAD_idle1.ogg"
"creature-audio","audio","Content/Characters/Psilotoad/PSILOTOAD_idle2.ogg","PSILOTOAD_idle2.ogg","ogg","22462","2025-06-08T21:11:08.6568954Z","C:\Program Files (x86)\Steam\steamapps\common\Barotrauma\Content\Characters\Psilotoad\PSILOTOAD_idle2.ogg"
"creature-audio","audio","Content/Characters/Psilotoad/PSILOTOAD_negative.ogg","PSILOTOAD_negative.ogg","ogg","22314","2025-06-08T21:11:04.9528691Z","C:\Program Files (x86)\Steam\steamapps\common\Barotrauma\Content\Characters\Psilotoad\PSILOTOAD_negative.ogg"
"creature-audio","audio","Content/Characters/Psilotoad/PSILOTOAD_positive.ogg","PSILOTOAD_positive.ogg","ogg","19705","2025-06-08T21:11:04.9478689Z","C:\Program Files (x86)\Steam\steamapps\common\Barotrauma\Content\Characters\Psilotoad\PSILOTOAD_positive.ogg"
"creature-audio","audio","Content/Characters/Psilotoad/PSILOTOAD_takeDamage1.ogg","PSILOTOAD_takeDamage1.ogg","ogg","24102","2025-06-08T21:11:04.9528691Z","C:\Program Files (x86)\Steam\steamapps\common\Barotrauma\Content\Characters\Psilotoad\PSILOTOAD_takeDamage1.ogg"
"creature-audio","audio","Content/Characters/Psilotoad/PSILOTOAD_takeDamage2.ogg","PSILOTOAD_takeDamage2.ogg","ogg","26296","2025-06-08T21:11:03.4075790Z","C:\Program Files (x86)\Steam\steamapps\common\Barotrauma\Content\Characters\Psilotoad\PSILOTOAD_takeDamage2.ogg"
"creature-audio","audio","Content/Characters/Spineling/SPINELING_attackProjectile1.ogg","SPINELING_attackProjectile1.ogg","ogg","42491","2025-06-08T21:11:08.6578957Z","C:\Program Files (x86)\Steam\steamapps\common\Barotrauma\Content\Characters\Spineling\SPINELING_attackProjectile1.ogg"
"creature-audio","audio","Content/Characters/Spineling/SPINELING_attackProjectile2.ogg","SPINELING_attackProjectile2.ogg","ogg","39103","2025-06-08T21:11:06.6973464Z","C:\Program Files (x86)\Steam\steamapps\common\Barotrauma\Content\Characters\Spineling\SPINELING_attackProjectile2.ogg"
"creature-audio","audio","Content/Characters/Spineling/SPINELING_attackProjectile3.ogg","SPINELING_attackProjectile3.ogg","ogg","43973","2025-06-08T21:11:06.6493336Z","C:\Program Files (x86)\Steam\steamapps\common\Barotrauma\Content\Characters\Spineling\SPINELING_attackProjectile3.ogg"
"creature-audio","audio","Content/Characters/Spineling/SPINELING_damage1.ogg","SPINELING_damage1.ogg","ogg","52747","2025-06-08T21:11:06.6503347Z","C:\Program Files (x86)\Steam\steamapps\common\Barotrauma\Content\Characters\Spineling\SPINELING_damage1.ogg"
"creature-audio","audio","Content/Characters/Spineling/SPINELING_damage2.ogg","SPINELING_damage2.ogg","ogg","50200","2025-06-08T21:11:03.4650226Z","C:\Program Files (x86)\Steam\steamapps\common\Barotrauma\Content\Characters\Spineling\SPINELING_damage2.ogg"
"creature-audio","audio","Content/Characters/Spineling/SPINELING_damage3.ogg","SPINELING_damage3.ogg","ogg","43092","2025-06-08T21:11:08.6588963Z","C:\Program Files (x86)\Steam\steamapps\common\Barotrauma\Content\Characters\Spineling\SPINELING_damage3.ogg"
"creature-audio","audio","Content/Characters/Spineling/SPINELING_damage4.ogg","SPINELING_damage4.ogg","ogg","44592","2025-06-08T21:11:06.5398985Z","C:\Program Files (x86)\Steam\steamapps\common\Barotrauma\Content\Characters\Spineling\SPINELING_damage4.ogg"
"creature-audio","audio","Content/Characters/Spineling/SPINELING_damage5.ogg","SPINELING_damage5.ogg","ogg","43726","2025-06-08T21:11:03.4630229Z","C:\Program Files (x86)\Steam\steamapps\common\Barotrauma\Content\Characters\Spineling\SPINELING_damage5.ogg"
"creature-audio","audio","Content/Characters/Spineling/SPINELING_damage6.ogg","SPINELING_damage6.ogg","ogg","44387","2025-06-08T21:11:06.6493336Z","C:\Program Files (x86)\Steam\steamapps\common\Barotrauma\Content\Characters\Spineling\SPINELING_damage6.ogg"
"creature-audio","audio","Content/Characters/Spineling/SPINELING_dead1.ogg","SPINELING_dead1.ogg","ogg","72152","2025-06-08T21:11:06.6513417Z","C:\Program Files (x86)\Steam\steamapps\common\Barotrauma\Content\Characters\Spineling\SPINELING_dead1.ogg"
"creature-audio","audio","Content/Characters/Spineling/SPINELING_dead2.ogg","SPINELING_dead2.ogg","ogg","77314","2025-06-08T21:11:06.6493336Z","C:\Program Files (x86)\Steam\steamapps\common\Barotrauma\Content\Characters\Spineling\SPINELING_dead2.ogg"
"creature-audio","audio","Content/Characters/Spineling/SPINELING_dead3.ogg","SPINELING_dead3.ogg","ogg","57552","2025-06-08T21:11:06.9460510Z","C:\Program Files (x86)\Steam\steamapps\common\Barotrauma\Content\Characters\Spineling\SPINELING_dead3.ogg"
"creature-audio","audio","Content/Characters/Spineling/SPINELING_dead4.ogg","SPINELING_dead4.ogg","ogg","58062","2025-06-08T21:11:03.4680220Z","C:\Program Files (x86)\Steam\steamapps\common\Barotrauma\Content\Characters\Spineling\SPINELING_dead4.ogg"
"creature-audio","audio","Content/Characters/Spineling/SPINELING_idle1.ogg","SPINELING_idle1.ogg","ogg","144792","2025-06-08T21:11:04.9478689Z","C:\Program Files (x86)\Steam\steamapps\common\Barotrauma\Content\Characters\Spineling\SPINELING_idle1.ogg"
"creature-audio","audio","Content/Characters/Spineling/SPINELING_idle2.ogg","SPINELING_idle2.ogg","ogg","138250","2025-06-08T21:11:06.6973464Z","C:\Program Files (x86)\Steam\steamapps\common\Barotrauma\Content\Characters\Spineling\SPINELING_idle2.ogg"
"creature-audio","audio","Content/Characters/Spineling/SPINELING_idle3.ogg","SPINELING_idle3.ogg","ogg","173250","2025-06-08T21:11:03.4670225Z","C:\Program Files (x86)\Steam\steamapps\common\Barotrauma\Content\Characters\Spineling\SPINELING_idle3.ogg"
"creature-audio","audio","Content/Characters/Spineling/SPINELING_idle4.ogg","SPINELING_idle4.ogg","ogg","122968","2025-06-08T21:11:06.9510502Z","C:\Program Files (x86)\Steam\steamapps\common\Barotrauma\Content\Characters\Spineling\SPINELING_idle4.ogg"
"creature-audio","audio","Content/Characters/Spineling_giant/SPINELINGGIANT_attackProjectile1.ogg","SPINELINGGIANT_attackProjectile1.ogg","ogg","76213","2025-06-08T21:11:03.4650226Z","C:\Program Files (x86)\Steam\steamapps\common\Barotrauma\Content\Characters\Spineling_giant\SPINELINGGIANT_attackProjectile1.ogg"
"creature-audio","audio","Content/Characters/Spineling_giant/SPINELINGGIANT_attackProjectile2.ogg","SPINELINGGIANT_attackProjectile2.ogg","ogg","79933","2025-06-08T21:11:03.4660222Z","C:\Program Files (x86)\Steam\steamapps\common\Barotrauma\Content\Characters\Spineling_giant\SPINELINGGIANT_attackProjectile2.ogg"
"creature-audio","audio","Content/Characters/Spineling_giant/SPINELINGGIANT_attackProjectile3.ogg","SPINELINGGIANT_attackProjectile3.ogg","ogg","74825","2025-06-08T21:11:08.6598965Z","C:\Program Files (x86)\Steam\steamapps\common\Barotrauma\Content\Characters\Spineling_giant\SPINELINGGIANT_attackProjectile3.ogg"
"creature-audio","audio","Content/Characters/Spineling_giant/SPINELINGGIANT_damage1.ogg","SPINELINGGIANT_damage1.ogg","ogg","57240","2025-06-08T21:11:03.4670225Z","C:\Program Files (x86)\Steam\steamapps\common\Barotrauma\Content\Characters\Spineling_giant\SPINELINGGIANT_damage1.ogg"
"creature-audio","audio","Content/Characters/Spineling_giant/SPINELINGGIANT_damage2.ogg","SPINELINGGIANT_damage2.ogg","ogg","64313","2025-06-08T21:11:06.8923281Z","C:\Program Files (x86)\Steam\steamapps\common\Barotrauma\Content\Characters\Spineling_giant\SPINELINGGIANT_damage2.ogg"
"creature-audio","audio","Content/Characters/Spineling_giant/SPINELINGGIANT_damage3.ogg","SPINELINGGIANT_damage3.ogg","ogg","71509","2025-06-08T21:11:08.6578957Z","C:\Program Files (x86)\Steam\steamapps\common\Barotrauma\Content\Characters\Spineling_giant\SPINELINGGIANT_damage3.ogg"
"creature-audio","audio","Content/Characters/Spineling_giant/SPINELINGGIANT_damage4.ogg","SPINELINGGIANT_damage4.ogg","ogg","66040","2025-06-08T21:11:04.9518691Z","C:\Program Files (x86)\Steam\steamapps\common\Barotrauma\Content\Characters\Spineling_giant\SPINELINGGIANT_damage4.ogg"
"creature-audio","audio","Content/Characters/Spineling_giant/SPINELINGGIANT_damage5.ogg","SPINELINGGIANT_damage5.ogg","ogg","67941","2025-06-08T21:11:06.9520502Z","C:\Program Files (x86)\Steam\steamapps\common\Barotrauma\Content\Characters\Spineling_giant\SPINELINGGIANT_damage5.ogg"
"creature-audio","audio","Content/Characters/Spineling_giant/SPINELINGGIANT_damage6.ogg","SPINELINGGIANT_damage6.ogg","ogg","67195","2025-06-08T21:11:08.7231441Z","C:\Program Files (x86)\Steam\steamapps\common\Barotrauma\Content\Characters\Spineling_giant\SPINELINGGIANT_damage6.ogg"
"creature-audio","audio","Content/Characters/Spineling_giant/SPINELINGGIANT_dead1.ogg","SPINELINGGIANT_dead1.ogg","ogg","70815","2025-06-08T21:11:08.7231441Z","C:\Program Files (x86)\Steam\steamapps\common\Barotrauma\Content\Characters\Spineling_giant\SPINELINGGIANT_dead1.ogg"
"creature-audio","audio","Content/Characters/Spineling_giant/SPINELINGGIANT_dead2.ogg","SPINELINGGIANT_dead2.ogg","ogg","76699","2025-06-08T21:11:03.4670225Z","C:\Program Files (x86)\Steam\steamapps\common\Barotrauma\Content\Characters\Spineling_giant\SPINELINGGIANT_dead2.ogg"
"creature-audio","audio","Content/Characters/Spineling_giant/SPINELINGGIANT_dead3.ogg","SPINELINGGIANT_dead3.ogg","ogg","74511","2025-06-08T21:11:04.9528691Z","C:\Program Files (x86)\Steam\steamapps\common\Barotrauma\Content\Characters\Spineling_giant\SPINELINGGIANT_dead3.ogg"
"creature-audio","audio","Content/Characters/Spineling_giant/SPINELINGGIANT_dead4.ogg","SPINELINGGIANT_dead4.ogg","ogg","75826","2025-06-08T21:11:04.9478689Z","C:\Program Files (x86)\Steam\steamapps\common\Barotrauma\Content\Characters\Spineling_giant\SPINELINGGIANT_dead4.ogg"
"creature-audio","audio","Content/Characters/Spineling_giant/SPINELINGGIANT_idle1.ogg","SPINELINGGIANT_idle1.ogg","ogg","65632","2025-06-08T21:11:06.8923281Z","C:\Program Files (x86)\Steam\steamapps\common\Barotrauma\Content\Characters\Spineling_giant\SPINELINGGIANT_idle1.ogg"
"creature-audio","audio","Content/Characters/Spineling_giant/SPINELINGGIANT_idle2.ogg","SPINELINGGIANT_idle2.ogg","ogg","70463","2025-06-08T21:11:08.7231441Z","C:\Program Files (x86)\Steam\steamapps\common\Barotrauma\Content\Characters\Spineling_giant\SPINELINGGIANT_idle2.ogg"
"creature-audio","audio","Content/Characters/Spineling_giant/SPINELINGGIANT_idle3.ogg","SPINELINGGIANT_idle3.ogg","ogg","86973","2025-06-08T21:11:06.9470513Z","C:\Program Files (x86)\Steam\steamapps\common\Barotrauma\Content\Characters\Spineling_giant\SPINELINGGIANT_idle3.ogg"
"creature-audio","audio","Content/Characters/Spineling_giant/SPINELINGGIANT_idle4.ogg","SPINELINGGIANT_idle4.ogg","ogg","73856","2025-06-08T21:11:08.7231441Z","C:\Program Files (x86)\Steam\steamapps\common\Barotrauma\Content\Characters\Spineling_giant\SPINELINGGIANT_idle4.ogg"
"creature-audio","audio","Content/Characters/Swarmfeeder/SWARMENEMY_death1.ogg","SWARMENEMY_death1.ogg","ogg","44213","2025-06-08T21:11:04.9648695Z","C:\Program Files (x86)\Steam\steamapps\common\Barotrauma\Content\Characters\Swarmfeeder\SWARMENEMY_death1.ogg"
"creature-audio","audio","Content/Characters/Swarmfeeder/SWARMENEMY_death2.ogg","SWARMENEMY_death2.ogg","ogg","38548","2025-06-08T21:11:06.6963474Z","C:\Program Files (x86)\Steam\steamapps\common\Barotrauma\Content\Characters\Swarmfeeder\SWARMENEMY_death2.ogg"
"creature-audio","audio","Content/Characters/Swarmfeeder/SWARMENEMY_death3.ogg","SWARMENEMY_death3.ogg","ogg","43432","2025-06-08T21:11:06.6953475Z","C:\Program Files (x86)\Steam\steamapps\common\Barotrauma\Content\Characters\Swarmfeeder\SWARMENEMY_death3.ogg"
"creature-audio","audio","Content/Characters/Swarmfeeder/SWARMENEMY_death4.ogg","SWARMENEMY_death4.ogg","ogg","41832","2025-06-08T21:11:04.9488696Z","C:\Program Files (x86)\Steam\steamapps\common\Barotrauma\Content\Characters\Swarmfeeder\SWARMENEMY_death4.ogg"
"creature-audio","audio","Content/Characters/Swarmfeeder/SWARMENEMY_Hit1Loop.ogg","SWARMENEMY_Hit1Loop.ogg","ogg","80275","2025-06-08T21:11:06.9500501Z","C:\Program Files (x86)\Steam\steamapps\common\Barotrauma\Content\Characters\Swarmfeeder\SWARMENEMY_Hit1Loop.ogg"
"creature-audio","audio","Content/Characters/Swarmfeeder/SWARMENEMY_Hit2Loop.ogg","SWARMENEMY_Hit2Loop.ogg","ogg","73664","2025-06-08T21:11:03.4670225Z","C:\Program Files (x86)\Steam\steamapps\common\Barotrauma\Content\Characters\Swarmfeeder\SWARMENEMY_Hit2Loop.ogg"
"creature-audio","audio","Content/Characters/Swarmfeeder/SWARMENEMY_idle1Loop.ogg","SWARMENEMY_idle1Loop.ogg","ogg","111129","2025-06-08T21:11:04.9648695Z","C:\Program Files (x86)\Steam\steamapps\common\Barotrauma\Content\Characters\Swarmfeeder\SWARMENEMY_idle1Loop.ogg"
"creature-audio","audio","Content/Characters/Swarmfeeder/SWARMENEMY_idle2Loop.ogg","SWARMENEMY_idle2Loop.ogg","ogg","110794","2025-06-08T21:11:06.9510502Z","C:\Program Files (x86)\Steam\steamapps\common\Barotrauma\Content\Characters\Swarmfeeder\SWARMENEMY_idle2Loop.ogg"
"creature-audio","audio","Content/Characters/Tigerthresher/TIGERTRESHER_attack1.ogg","TIGERTRESHER_attack1.ogg","ogg","116799","2025-06-08T21:11:06.9550507Z","C:\Program Files (x86)\Steam\steamapps\common\Barotrauma\Content\Characters\Tigerthresher\TIGERTRESHER_attack1.ogg"
"creature-audio","audio","Content/Characters/Tigerthresher/TIGERTRESHER_attack2.ogg","TIGERTRESHER_attack2.ogg","ogg","118304","2025-06-08T21:11:03.4680220Z","C:\Program Files (x86)\Steam\steamapps\common\Barotrauma\Content\Characters\Tigerthresher\TIGERTRESHER_attack2.ogg"
"creature-audio","audio","Content/Characters/Tigerthresher/TIGERTRESHER_damage1.ogg","TIGERTRESHER_damage1.ogg","ogg","68487","2025-06-08T21:11:08.9537981Z","C:\Program Files (x86)\Steam\steamapps\common\Barotrauma\Content\Characters\Tigerthresher\TIGERTRESHER_damage1.ogg"
"creature-audio","audio","Content/Characters/Tigerthresher/TIGERTRESHER_damage2.ogg","TIGERTRESHER_damage2.ogg","ogg","117495","2025-06-08T21:11:08.9557976Z","C:\Program Files (x86)\Steam\steamapps\common\Barotrauma\Content\Characters\Tigerthresher\TIGERTRESHER_damage2.ogg"
"creature-audio","audio","Content/Characters/Tigerthresher/TIGERTRESHER_death1.ogg","TIGERTRESHER_death1.ogg","ogg","108195","2025-06-08T21:11:04.9498693Z","C:\Program Files (x86)\Steam\steamapps\common\Barotrauma\Content\Characters\Tigerthresher\TIGERTRESHER_death1.ogg"
"creature-audio","audio","Content/Characters/Tigerthresher/TIGERTRESHER_death2.ogg","TIGERTRESHER_death2.ogg","ogg","144922","2025-06-08T21:11:04.9488696Z","C:\Program Files (x86)\Steam\steamapps\common\Barotrauma\Content\Characters\Tigerthresher\TIGERTRESHER_death2.ogg"
"creature-audio","audio","Content/Characters/Tigerthresher/TIGERTRESHER_idle1.ogg","TIGERTRESHER_idle1.ogg","ogg","84534","2025-06-08T21:11:06.9490497Z","C:\Program Files (x86)\Steam\steamapps\common\Barotrauma\Content\Characters\Tigerthresher\TIGERTRESHER_idle1.ogg"
"creature-audio","audio","Content/Characters/Tigerthresher/TIGERTRESHER_idle2.ogg","TIGERTRESHER_idle2.ogg","ogg","102098","2025-06-08T21:11:05.0612587Z","C:\Program Files (x86)\Steam\steamapps\common\Barotrauma\Content\Characters\Tigerthresher\TIGERTRESHER_idle2.ogg"
"creature-audio","audio","Content/Characters/Variants/Mudraptor_pet/MUDRAPTOR_petHappy1.ogg","MUDRAPTOR_petHappy1.ogg","ogg","78928","2025-06-08T21:11:06.9500501Z","C:\Program Files (x86)\Steam\steamapps\common\Barotrauma\Content\Characters\Variants\Mudraptor_pet\MUDRAPTOR_petHappy1.ogg"
"creature-audio","audio","Content/Characters/Variants/Mudraptor_pet/MUDRAPTOR_petHappy2.ogg","MUDRAPTOR_petHappy2.ogg","ogg","41342","2025-06-08T21:11:03.4650226Z","C:\Program Files (x86)\Steam\steamapps\common\Barotrauma\Content\Characters\Variants\Mudraptor_pet\MUDRAPTOR_petHappy2.ogg"
"creature-audio","audio","Content/Characters/Variants/Mudraptor_pet/MUDRAPTOR_petHappy3.ogg","MUDRAPTOR_petHappy3.ogg","ogg","92537","2025-06-08T21:11:05.0622586Z","C:\Program Files (x86)\Steam\steamapps\common\Barotrauma\Content\Characters\Variants\Mudraptor_pet\MUDRAPTOR_petHappy3.ogg"
"creature-audio","audio","Content/Characters/Variants/Mudraptor_pet/MUDRAPTOR_petHappy4.ogg","MUDRAPTOR_petHappy4.ogg","ogg","177058","2025-06-08T21:11:07.0693489Z","C:\Program Files (x86)\Steam\steamapps\common\Barotrauma\Content\Characters\Variants\Mudraptor_pet\MUDRAPTOR_petHappy4.ogg"
"creature-audio","audio","Content/Characters/Variants/Mudraptor_pet/MUDRAPTOR_petHappy5.ogg","MUDRAPTOR_petHappy5.ogg","ogg","93073","2025-06-08T21:11:07.1340051Z","C:\Program Files (x86)\Steam\steamapps\common\Barotrauma\Content\Characters\Variants\Mudraptor_pet\MUDRAPTOR_petHappy5.ogg"
"creature-audio","audio","Content/Characters/Variants/Mudraptor_pet/MUDRAPTOR_petHungry1.ogg","MUDRAPTOR_petHungry1.ogg","ogg","205186","2025-06-08T21:11:07.2927655Z","C:\Program Files (x86)\Steam\steamapps\common\Barotrauma\Content\Characters\Variants\Mudraptor_pet\MUDRAPTOR_petHungry1.ogg"
"creature-audio","audio","Content/Characters/Variants/Mudraptor_pet/MUDRAPTOR_petHungry2.ogg","MUDRAPTOR_petHungry2.ogg","ogg","218845","2025-06-08T21:11:07.2937661Z","C:\Program Files (x86)\Steam\steamapps\common\Barotrauma\Content\Characters\Variants\Mudraptor_pet\MUDRAPTOR_petHungry2.ogg"
"creature-audio","audio","Content/Characters/Variants/Mudraptor_pet/MUDRAPTOR_petHungry3.ogg","MUDRAPTOR_petHungry3.ogg","ogg","216328","2025-06-08T21:11:05.0642583Z","C:\Program Files (x86)\Steam\steamapps\common\Barotrauma\Content\Characters\Variants\Mudraptor_pet\MUDRAPTOR_petHungry3.ogg"
"creature-audio","audio","Content/Characters/Watcher/WATCHER_burst1.ogg","WATCHER_burst1.ogg","ogg","13931","2025-06-08T21:11:07.0713495Z","C:\Program Files (x86)\Steam\steamapps\common\Barotrauma\Content\Characters\Watcher\WATCHER_burst1.ogg"
"creature-audio","audio","Content/Characters/Watcher/WATCHER_burst2.ogg","WATCHER_burst2.ogg","ogg","12439","2025-06-08T21:11:03.4620219Z","C:\Program Files (x86)\Steam\steamapps\common\Barotrauma\Content\Characters\Watcher\WATCHER_burst2.ogg"
"creature-audio","audio","Content/Characters/Watcher/WATCHER_burst3.ogg","WATCHER_burst3.ogg","ogg","13903","2025-06-08T21:11:07.1290064Z","C:\Program Files (x86)\Steam\steamapps\common\Barotrauma\Content\Characters\Watcher\WATCHER_burst3.ogg"
"creature-audio","audio","Content/Characters/Watcher/WATCHER_burst4.ogg","WATCHER_burst4.ogg","ogg","14233","2025-06-08T21:11:05.0632626Z","C:\Program Files (x86)\Steam\steamapps\common\Barotrauma\Content\Characters\Watcher\WATCHER_burst4.ogg"
"creature-audio","audio","Content/Characters/Watcher/WATCHER_burst5.ogg","WATCHER_burst5.ogg","ogg","13786","2025-06-08T21:11:05.0622586Z","C:\Program Files (x86)\Steam\steamapps\common\Barotrauma\Content\Characters\Watcher\WATCHER_burst5.ogg"
"creature-audio","audio","Content/Characters/Watcher/WATCHER_burst6.ogg","WATCHER_burst6.ogg","ogg","12661","2025-06-08T21:11:07.1280057Z","C:\Program Files (x86)\Steam\steamapps\common\Barotrauma\Content\Characters\Watcher\WATCHER_burst6.ogg"
"creature-audio","audio","Content/Characters/Watcher/WATCHER_burst7.ogg","WATCHER_burst7.ogg","ogg","14462","2025-06-08T21:11:07.4688538Z","C:\Program Files (x86)\Steam\steamapps\common\Barotrauma\Content\Characters\Watcher\WATCHER_burst7.ogg"
"creature-audio","audio","Content/Characters/Watcher/WATCHER_burst8.ogg","WATCHER_burst8.ogg","ogg","13897","2025-06-08T21:11:03.4680220Z","C:\Program Files (x86)\Steam\steamapps\common\Barotrauma\Content\Characters\Watcher\WATCHER_burst8.ogg"
"creature-audio","audio","Content/Characters/Watcher/WATCHER_death1.ogg","WATCHER_death1.ogg","ogg","175777","2025-06-08T21:11:08.9607972Z","C:\Program Files (x86)\Steam\steamapps\common\Barotrauma\Content\Characters\Watcher\WATCHER_death1.ogg"
"creature-audio","audio","Content/Characters/Watcher/WATCHER_death2.ogg","WATCHER_death2.ogg","ogg","182647","2025-06-08T21:11:07.5236966Z","C:\Program Files (x86)\Steam\steamapps\common\Barotrauma\Content\Characters\Watcher\WATCHER_death2.ogg"
"creature-audio","audio","Content/Characters/Watcher/WATCHER_idleLoop.ogg","WATCHER_idleLoop.ogg","ogg","1837449","2025-06-08T21:11:01.9359178Z","C:\Program Files (x86)\Steam\steamapps\common\Barotrauma\Content\Characters\Watcher\WATCHER_idleLoop.ogg"
"creature-audio","audio","Content/Characters/Watcher/WATCHER_takeDamage1.ogg","WATCHER_takeDamage1.ogg","ogg","161235","2025-06-08T21:11:09.1892716Z","C:\Program Files (x86)\Steam\steamapps\common\Barotrauma\Content\Characters\Watcher\WATCHER_takeDamage1.ogg"
"creature-audio","audio","Content/Characters/Watcher/WATCHER_takeDamage2.ogg","WATCHER_takeDamage2.ogg","ogg","141843","2025-06-08T21:11:07.5745988Z","C:\Program Files (x86)\Steam\steamapps\common\Barotrauma\Content\Characters\Watcher\WATCHER_takeDamage2.ogg"
"creature-audio","audio","Content/Characters/Watcher/WATCHER_takeDamage3.ogg","WATCHER_takeDamage3.ogg","ogg","138942","2025-06-08T21:11:03.7703939Z","C:\Program Files (x86)\Steam\steamapps\common\Barotrauma\Content\Characters\Watcher\WATCHER_takeDamage3.ogg"
"creature-audio","audio","Content/Characters/Watcher/WATCHER_takeDamage4.ogg","WATCHER_takeDamage4.ogg","ogg","164675","2025-06-08T21:11:07.2927655Z","C:\Program Files (x86)\Steam\steamapps\common\Barotrauma\Content\Characters\Watcher\WATCHER_takeDamage4.ogg"
"creature-elements","image","Content/BackgroundCreatures/BackgroundCreatures.png","BackgroundCreatures.png","png","224021","2025-06-08T21:11:03.2297267Z","C:\Program Files (x86)\Steam\steamapps\common\Barotrauma\Content\BackgroundCreatures\BackgroundCreatures.png"
"creature-elements","image","Content/BackgroundCreatures/Behemoth.png","Behemoth.png","png","226495","2025-06-08T21:11:02.8147456Z","C:\Program Files (x86)\Steam\steamapps\common\Barotrauma\Content\BackgroundCreatures\Behemoth.png"
"creature-elements","image","Content/BackgroundCreatures/bgFish1.png","bgFish1.png","png","313346","2025-06-08T21:11:01.8897521Z","C:\Program Files (x86)\Steam\steamapps\common\Barotrauma\Content\BackgroundCreatures\bgFish1.png"
"creature-elements","image","Content/BackgroundCreatures/GlowingBgCreatures.png","GlowingBgCreatures.png","png","51127","2025-06-08T21:11:03.5349204Z","C:\Program Files (x86)\Steam\steamapps\common\Barotrauma\Content\BackgroundCreatures\GlowingBgCreatures.png"
"creature-elements","image","Content/BackgroundCreatures/TheGreatSeaBG.png","TheGreatSeaBG.png","png","741690","2025-06-08T21:11:01.8897521Z","C:\Program Files (x86)\Steam\steamapps\common\Barotrauma\Content\BackgroundCreatures\TheGreatSeaBG.png"
"creature-elements","image","Content/Characters/Ancient/Ancient.png","Ancient.png","png","124524","2025-06-08T21:11:02.8147456Z","C:\Program Files (x86)\Steam\steamapps\common\Barotrauma\Content\Characters\Ancient\Ancient.png"
"creature-elements","image","Content/Characters/Carrier/carrier.png","carrier.png","png","627792","2025-06-08T21:11:01.8911585Z","C:\Program Files (x86)\Steam\steamapps\common\Barotrauma\Content\Characters\Carrier\carrier.png"
"creature-elements","image","Content/Characters/Charybdis/Charybdis.png","Charybdis.png","png","1317316","2025-06-08T21:11:01.8931629Z","C:\Program Files (x86)\Steam\steamapps\common\Barotrauma\Content\Characters\Charybdis\Charybdis.png"
"creature-elements","image","Content/Characters/Charybdisold/Charybdis.png","Charybdis.png","png","1248574","2025-06-08T21:11:01.8921633Z","C:\Program Files (x86)\Steam\steamapps\common\Barotrauma\Content\Characters\Charybdisold\Charybdis.png"
"creature-elements","image","Content/Characters/Coelanth/coelanth.png","coelanth.png","png","376570","2025-06-08T21:11:01.8931629Z","C:\Program Files (x86)\Steam\steamapps\common\Barotrauma\Content\Characters\Coelanth\coelanth.png"
"creature-elements","image","Content/Characters/Crawler/crawler.png","crawler.png","png","125137","2025-06-08T21:11:02.5138614Z","C:\Program Files (x86)\Steam\steamapps\common\Barotrauma\Content\Characters\Crawler\crawler.png"
"creature-elements","image","Content/Characters/Crawlerbroodmother/crawlerbroodmother.png","crawlerbroodmother.png","png","533457","2025-06-08T21:11:01.8946662Z","C:\Program Files (x86)\Steam\steamapps\common\Barotrauma\Content\Characters\Crawlerbroodmother\crawlerbroodmother.png"
"creature-elements","image","Content/Characters/Crawlerhusk/crawlerhusk.png","crawlerhusk.png","png","124862","2025-06-08T21:11:02.8167457Z","C:\Program Files (x86)\Steam\steamapps\common\Barotrauma\Content\Characters\Crawlerhusk\crawlerhusk.png"
"creature-elements","image","Content/Characters/Defensebot/DefenseBot.png","DefenseBot.png","png","70401","2025-06-08T21:11:04.2303728Z","C:\Program Files (x86)\Steam\steamapps\common\Barotrauma\Content\Characters\Defensebot\DefenseBot.png"
"creature-elements","image","Content/Characters/Endworm/endworm.png","endworm.png","png","1882180","2025-06-08T21:11:01.8972447Z","C:\Program Files (x86)\Steam\steamapps\common\Barotrauma\Content\Characters\Endworm\endworm.png"
"creature-elements","image","Content/Characters/Fractalguardian/fractalguardian.png","fractalguardian.png","png","235227","2025-06-08T21:11:04.8253211Z","C:\Program Files (x86)\Steam\steamapps\common\Barotrauma\Content\Characters\Fractalguardian\fractalguardian.png"
"creature-elements","image","Content/Characters/Hammerhead/Hammerhead.png","Hammerhead.png","png","325361","2025-06-08T21:11:01.9012450Z","C:\Program Files (x86)\Steam\steamapps\common\Barotrauma\Content\Characters\Hammerhead\Hammerhead.png"
"creature-elements","image","Content/Characters/Hammerheadgold/Hammerheadgold.png","Hammerheadgold.png","png","427813","2025-06-08T21:11:01.8992444Z","C:\Program Files (x86)\Steam\steamapps\common\Barotrauma\Content\Characters\Hammerheadgold\Hammerheadgold.png"
"creature-elements","image","Content/Characters/Hammerheadmatriarch/Hammerheadmatriarch.png","Hammerheadmatriarch.png","png","1001444","2025-06-08T21:11:01.9002447Z","C:\Program Files (x86)\Steam\steamapps\common\Barotrauma\Content\Characters\Hammerheadmatriarch\Hammerheadmatriarch.png"
"creature-elements","image","Content/Characters/Human/Heads/head_female_asian.png","head_female_asian.png","png","75462","2025-06-08T21:11:04.2323722Z","C:\Program Files (x86)\Steam\steamapps\common\Barotrauma\Content\Characters\Human\Heads\head_female_asian.png"
"creature-elements","image","Content/Characters/Human/Heads/head_female_asian_hair_dark_1.png","head_female_asian_hair_dark_1.png","png","41397","2025-06-08T21:11:02.7096697Z","C:\Program Files (x86)\Steam\steamapps\common\Barotrauma\Content\Characters\Human\Heads\head_female_asian_hair_dark_1.png"
"creature-elements","image","Content/Characters/Human/Heads/head_female_asian_hair_dark_2.png","head_female_asian_hair_dark_2.png","png","37193","2025-06-08T21:11:02.7086697Z","C:\Program Files (x86)\Steam\steamapps\common\Barotrauma\Content\Characters\Human\Heads\head_female_asian_hair_dark_2.png"
"creature-elements","image","Content/Characters/Human/Heads/head_female_asian_herpes.png","head_female_asian_herpes.png","png","72561","2025-06-08T21:11:04.9518691Z","C:\Program Files (x86)\Steam\steamapps\common\Barotrauma\Content\Characters\Human\Heads\head_female_asian_herpes.png"
"creature-elements","image","Content/Characters/Human/Heads/head_female_asian_husk.png","head_female_asian_husk.png","png","74920","2025-06-08T21:11:02.7066701Z","C:\Program Files (x86)\Steam\steamapps\common\Barotrauma\Content\Characters\Human\Heads\head_female_asian_husk.png"
"creature-elements","image","Content/Characters/Human/Heads/head_female_black.png","head_female_black.png","png","71446","2025-06-08T21:11:03.5898729Z","C:\Program Files (x86)\Steam\steamapps\common\Barotrauma\Content\Characters\Human\Heads\head_female_black.png"
"creature-elements","image","Content/Characters/Human/Heads/head_female_black_hair_1.png","head_female_black_hair_1.png","png","29991","2025-06-08T21:11:03.5908662Z","C:\Program Files (x86)\Steam\steamapps\common\Barotrauma\Content\Characters\Human\Heads\head_female_black_hair_1.png"
"creature-elements","image","Content/Characters/Human/Heads/head_female_black_herpes.png","head_female_black_herpes.png","png","75094","2025-06-08T21:11:03.5908662Z","C:\Program Files (x86)\Steam\steamapps\common\Barotrauma\Content\Characters\Human\Heads\head_female_black_herpes.png"
"creature-elements","image","Content/Characters/Human/Heads/head_female_black_husk.png","head_female_black_husk.png","png","69620","2025-06-08T21:11:04.4660967Z","C:\Program Files (x86)\Steam\steamapps\common\Barotrauma\Content\Characters\Human\Heads\head_female_black_husk.png"
"creature-elements","image","Content/Characters/Human/Heads/head_female_brown.png","head_female_brown.png","png","79046","2025-06-08T21:11:04.9528691Z","C:\Program Files (x86)\Steam\steamapps\common\Barotrauma\Content\Characters\Human\Heads\head_female_brown.png"
"creature-elements","image","Content/Characters/Human/Heads/head_female_brown_hair_1.png","head_female_brown_hair_1.png","png","35554","2025-06-08T21:11:04.4660967Z","C:\Program Files (x86)\Steam\steamapps\common\Barotrauma\Content\Characters\Human\Heads\head_female_brown_hair_1.png"
"creature-elements","image","Content/Characters/Human/Heads/head_female_brown_herpes.png","head_female_brown_herpes.png","png","83662","2025-06-08T21:11:02.7046698Z","C:\Program Files (x86)\Steam\steamapps\common\Barotrauma\Content\Characters\Human\Heads\head_female_brown_herpes.png"
"creature-elements","image","Content/Characters/Human/Heads/head_female_brown_husk.png","head_female_brown_husk.png","png","75794","2025-06-08T21:11:04.4670966Z","C:\Program Files (x86)\Steam\steamapps\common\Barotrauma\Content\Characters\Human\Heads\head_female_brown_husk.png"
"creature-elements","image","Content/Characters/Human/Heads/head_female_white.png","head_female_white.png","png","85654","2025-06-08T21:11:04.4670966Z","C:\Program Files (x86)\Steam\steamapps\common\Barotrauma\Content\Characters\Human\Heads\head_female_white.png"
"creature-elements","image","Content/Characters/Human/Heads/head_female_white_hair_dark.png","head_female_white_hair_dark.png","png","32231","2025-06-08T21:11:05.0632626Z","C:\Program Files (x86)\Steam\steamapps\common\Barotrauma\Content\Characters\Human\Heads\head_female_white_hair_dark.png"
"creature-elements","image","Content/Characters/Human/Heads/head_female_white_hair_light.png","head_female_white_hair_light.png","png","51431","2025-06-08T21:11:05.3360146Z","C:\Program Files (x86)\Steam\steamapps\common\Barotrauma\Content\Characters\Human\Heads\head_female_white_hair_light.png"
"creature-elements","image","Content/Characters/Human/Heads/head_female_white_herpes.png","head_female_white_herpes.png","png","92031","2025-06-08T21:11:02.7086697Z","C:\Program Files (x86)\Steam\steamapps\common\Barotrauma\Content\Characters\Human\Heads\head_female_white_herpes.png"
"creature-elements","image","Content/Characters/Human/Heads/head_female_white_husk.png","head_female_white_husk.png","png","90063","2025-06-08T21:11:05.4404505Z","C:\Program Files (x86)\Steam\steamapps\common\Barotrauma\Content\Characters\Human\Heads\head_female_white_husk.png"
"creature-elements","image","Content/Characters/Human/Heads/head_male_asian.png","head_male_asian.png","png","72059","2025-06-08T21:11:02.7076700Z","C:\Program Files (x86)\Steam\steamapps\common\Barotrauma\Content\Characters\Human\Heads\head_male_asian.png"
"creature-elements","image","Content/Characters/Human/Heads/head_male_asian_beard_1.png","head_male_asian_beard_1.png","png","10597","2025-06-08T21:11:03.5868768Z","C:\Program Files (x86)\Steam\steamapps\common\Barotrauma\Content\Characters\Human\Heads\head_male_asian_beard_1.png"
"creature-elements","image","Content/Characters/Human/Heads/head_male_asian_hair_1.png","head_male_asian_hair_1.png","png","40482","2025-06-08T21:11:03.7026158Z","C:\Program Files (x86)\Steam\steamapps\common\Barotrauma\Content\Characters\Human\Heads\head_male_asian_hair_1.png"
"creature-elements","image","Content/Characters/Human/Heads/head_male_asian_hair_2.png","head_male_asian_hair_2.png","png","36008","2025-06-08T21:11:02.7086697Z","C:\Program Files (x86)\Steam\steamapps\common\Barotrauma\Content\Characters\Human\Heads\head_male_asian_hair_2.png"
"creature-elements","image","Content/Characters/Human/Heads/head_male_asian_hair_3.png","head_male_asian_hair_3.png","png","36721","2025-06-08T21:11:05.0602580Z","C:\Program Files (x86)\Steam\steamapps\common\Barotrauma\Content\Characters\Human\Heads\head_male_asian_hair_3.png"
"creature-elements","image","Content/Characters/Human/Heads/head_male_asian_herpes.png","head_male_asian_herpes.png","png","75505","2025-06-08T21:11:05.4414497Z","C:\Program Files (x86)\Steam\steamapps\common\Barotrauma\Content\Characters\Human\Heads\head_male_asian_herpes.png"
"creature-elements","image","Content/Characters/Human/Heads/head_male_asian_husk.png","head_male_asian_husk.png","png","71718","2025-06-08T21:11:03.7683869Z","C:\Program Files (x86)\Steam\steamapps\common\Barotrauma\Content\Characters\Human\Heads\head_male_asian_husk.png"
"creature-elements","image","Content/Characters/Human/Heads/head_male_asian_moustache_1.png","head_male_asian_moustache_1.png","png","3188","2025-06-08T21:11:05.3871158Z","C:\Program Files (x86)\Steam\steamapps\common\Barotrauma\Content\Characters\Human\Heads\head_male_asian_moustache_1.png"
"creature-elements","image","Content/Characters/Human/Heads/head_male_black.png","head_male_black.png","png","72544","2025-06-08T21:11:03.7036144Z","C:\Program Files (x86)\Steam\steamapps\common\Barotrauma\Content\Characters\Human\Heads\head_male_black.png"
"creature-elements","image","Content/Characters/Human/Heads/head_male_black_beard_1.png","head_male_black_beard_1.png","png","19913","2025-06-08T21:11:03.7643870Z","C:\Program Files (x86)\Steam\steamapps\common\Barotrauma\Content\Characters\Human\Heads\head_male_black_beard_1.png"
"creature-elements","image","Content/Characters/Human/Heads/head_male_black_hair_1.png","head_male_black_hair_1.png","png","26645","2025-06-08T21:11:02.7086697Z","C:\Program Files (x86)\Steam\steamapps\common\Barotrauma\Content\Characters\Human\Heads\head_male_black_hair_1.png"
"creature-elements","image","Content/Characters/Human/Heads/head_male_black_herpes.png","head_male_black_herpes.png","png","75849","2025-06-08T21:11:03.7653867Z","C:\Program Files (x86)\Steam\steamapps\common\Barotrauma\Content\Characters\Human\Heads\head_male_black_herpes.png"
"creature-elements","image","Content/Characters/Human/Heads/head_male_black_husk.png","head_male_black_husk.png","png","71837","2025-06-08T21:11:03.7046146Z","C:\Program Files (x86)\Steam\steamapps\common\Barotrauma\Content\Characters\Human\Heads\head_male_black_husk.png"
"creature-elements","image","Content/Characters/Human/Heads/head_male_black_moustache_1.png","head_male_black_moustache_1.png","png","7772","2025-06-08T21:11:03.7683869Z","C:\Program Files (x86)\Steam\steamapps\common\Barotrauma\Content\Characters\Human\Heads\head_male_black_moustache_1.png"
"creature-elements","image","Content/Characters/Human/Heads/head_male_brown.png","head_male_brown.png","png","73529","2025-06-08T21:11:03.7683869Z","C:\Program Files (x86)\Steam\steamapps\common\Barotrauma\Content\Characters\Human\Heads\head_male_brown.png"
"creature-elements","image","Content/Characters/Human/Heads/head_male_brown_beard_1.png","head_male_brown_beard_1.png","png","24533","2025-06-08T21:11:04.4680967Z","C:\Program Files (x86)\Steam\steamapps\common\Barotrauma\Content\Characters\Human\Heads\head_male_brown_beard_1.png"
"creature-elements","image","Content/Characters/Human/Heads/head_male_brown_hair_1.png","head_male_brown_hair_1.png","png","33642","2025-06-08T21:11:03.7026158Z","C:\Program Files (x86)\Steam\steamapps\common\Barotrauma\Content\Characters\Human\Heads\head_male_brown_hair_1.png"
"creature-elements","image","Content/Characters/Human/Heads/head_male_brown_hair_2.png","head_male_brown_hair_2.png","png","29808","2025-06-08T21:11:05.0642583Z","C:\Program Files (x86)\Steam\steamapps\common\Barotrauma\Content\Characters\Human\Heads\head_male_brown_hair_2.png"
"creature-elements","image","Content/Characters/Human/Heads/head_male_brown_hair_3.png","head_male_brown_hair_3.png","png","32743","2025-06-08T21:11:03.7046146Z","C:\Program Files (x86)\Steam\steamapps\common\Barotrauma\Content\Characters\Human\Heads\head_male_brown_hair_3.png"
"creature-elements","image","Content/Characters/Human/Heads/head_male_brown_herpes.png","head_male_brown_herpes.png","png","75296","2025-06-08T21:11:02.7076700Z","C:\Program Files (x86)\Steam\steamapps\common\Barotrauma\Content\Characters\Human\Heads\head_male_brown_herpes.png"
"creature-elements","image","Content/Characters/Human/Heads/head_male_brown_husk.png","head_male_brown_husk.png","png","73294","2025-06-08T21:11:03.7623872Z","C:\Program Files (x86)\Steam\steamapps\common\Barotrauma\Content\Characters\Human\Heads\head_male_brown_husk.png"
"creature-elements","image","Content/Characters/Human/Heads/head_male_brown_moustache_1.png","head_male_brown_moustache_1.png","png","5418","2025-06-08T21:11:02.7066701Z","C:\Program Files (x86)\Steam\steamapps\common\Barotrauma\Content\Characters\Human\Heads\head_male_brown_moustache_1.png"
"creature-elements","image","Content/Characters/Human/Heads/head_male_white.png","head_male_white.png","png","97404","2025-06-08T21:11:05.5662157Z","C:\Program Files (x86)\Steam\steamapps\common\Barotrauma\Content\Characters\Human\Heads\head_male_white.png"
"creature-elements","image","Content/Characters/Human/Heads/head_male_white_beard_dark.png","head_male_white_beard_dark.png","png","17446","2025-06-08T21:11:05.0652612Z","C:\Program Files (x86)\Steam\steamapps\common\Barotrauma\Content\Characters\Human\Heads\head_male_white_beard_dark.png"
"creature-elements","image","Content/Characters/Human/Heads/head_male_white_hair_dark.png","head_male_white_hair_dark.png","png","49361","2025-06-08T21:11:05.5652157Z","C:\Program Files (x86)\Steam\steamapps\common\Barotrauma\Content\Characters\Human\Heads\head_male_white_hair_dark.png"
"creature-elements","image","Content/Characters/Human/Heads/head_male_white_hair_light.png","head_male_white_hair_light.png","png","48034","2025-06-08T21:11:05.0662582Z","C:\Program Files (x86)\Steam\steamapps\common\Barotrauma\Content\Characters\Human\Heads\head_male_white_hair_light.png"
"creature-elements","image","Content/Characters/Human/Heads/head_male_white_herpes.png","head_male_white_herpes.png","png","101324","2025-06-08T21:11:03.7713941Z","C:\Program Files (x86)\Steam\steamapps\common\Barotrauma\Content\Characters\Human\Heads\head_male_white_herpes.png"
"creature-elements","image","Content/Characters/Human/Heads/head_male_white_husk.png","head_male_white_husk.png","png","97157","2025-06-08T21:11:03.8084096Z","C:\Program Files (x86)\Steam\steamapps\common\Barotrauma\Content\Characters\Human\Heads\head_male_white_husk.png"
"creature-elements","image","Content/Characters/Human/Heads/head_male_white_moustache_dark.png","head_male_white_moustache_dark.png","png","4854","2025-06-08T21:11:05.5075409Z","C:\Program Files (x86)\Steam\steamapps\common\Barotrauma\Content\Characters\Human\Heads\head_male_white_moustache_dark.png"
"creature-elements","image","Content/Characters/Human/Heads/head_male_white_moustache_light.png","head_male_white_moustache_light.png","png","7881","2025-06-08T21:11:05.5055486Z","C:\Program Files (x86)\Steam\steamapps\common\Barotrauma\Content\Characters\Human\Heads\head_male_white_moustache_light.png"
"creature-elements","image","Content/Characters/Human/Human_beards.png","Human_beards.png","png","189471","2025-06-08T21:11:05.6265590Z","C:\Program Files (x86)\Steam\steamapps\common\Barotrauma\Content\Characters\Human\Human_beards.png"
"creature-elements","image","Content/Characters/Human/Human_damage.png","Human_damage.png","png","21835","2025-06-08T21:11:02.7086697Z","C:\Program Files (x86)\Steam\steamapps\common\Barotrauma\Content\Characters\Human\Human_damage.png"
"creature-elements","image","Content/Characters/Human/Human_damageoverlay.png","Human_damageoverlay.png","png","86128","2025-06-08T21:11:05.0612587Z","C:\Program Files (x86)\Steam\steamapps\common\Barotrauma\Content\Characters\Human\Human_damageoverlay.png"
"creature-elements","image","Content/Characters/Human/Human_female.png","Human_female.png","png","53696","2025-06-08T21:11:04.4651042Z","C:\Program Files (x86)\Steam\steamapps\common\Barotrauma\Content\Characters\Human\Human_female.png"
"creature-elements","image","Content/Characters/Human/Human_female_hair.png","Human_female_hair.png","png","178723","2025-06-08T21:11:03.8694486Z","C:\Program Files (x86)\Steam\steamapps\common\Barotrauma\Content\Characters\Human\Human_female_hair.png"
"creature-elements","image","Content/Characters/Human/Human_female_heads.png","Human_female_heads.png","png","235280","2025-06-08T21:11:03.9924605Z","C:\Program Files (x86)\Steam\steamapps\common\Barotrauma\Content\Characters\Human\Human_female_heads.png"
"creature-elements","image","Content/Characters/Human/Human_female_heads_mask.png","Human_female_heads_mask.png","png","38702","2025-06-08T21:11:05.0652612Z","C:\Program Files (x86)\Steam\steamapps\common\Barotrauma\Content\Characters\Human\Human_female_heads_mask.png"
"creature-elements","image","Content/Characters/Human/Human_female_mask.png","Human_female_mask.png","png","11700","2025-06-08T21:11:03.7563869Z","C:\Program Files (x86)\Steam\steamapps\common\Barotrauma\Content\Characters\Human\Human_female_mask.png"
"creature-elements","image","Content/Characters/Human/Human_head_accessories.png","Human_head_accessories.png","png","53665","2025-06-08T21:11:04.5808687Z","C:\Program Files (x86)\Steam\steamapps\common\Barotrauma\Content\Characters\Human\Human_head_accessories.png"
"creature-elements","image","Content/Characters/Human/Human_husk.png","Human_husk.png","png","17073","2025-06-08T21:11:04.5758677Z","C:\Program Files (x86)\Steam\steamapps\common\Barotrauma\Content\Characters\Human\Human_husk.png"
"creature-elements","image","Content/Characters/Human/Human_husk_mask.png","Human_husk_mask.png","png","369","2025-06-08T21:11:03.9924605Z","C:\Program Files (x86)\Steam\steamapps\common\Barotrauma\Content\Characters\Human\Human_husk_mask.png"
"creature-elements","image","Content/Characters/Human/Human_karma.png","Human_karma.png","png","7143","2025-06-08T21:11:05.0642583Z","C:\Program Files (x86)\Steam\steamapps\common\Barotrauma\Content\Characters\Human\Human_karma.png"
"creature-elements","image","Content/Characters/Human/Human_male.png","Human_male.png","png","57546","2025-06-08T21:11:02.7096697Z","C:\Program Files (x86)\Steam\steamapps\common\Barotrauma\Content\Characters\Human\Human_male.png"
"creature-elements","image","Content/Characters/Human/Human_male_hair.png","Human_male_hair.png","png","177377","2025-06-08T21:11:05.1160556Z","C:\Program Files (x86)\Steam\steamapps\common\Barotrauma\Content\Characters\Human\Human_male_hair.png"
"creature-elements","image","Content/Characters/Human/Human_male_heads.png","Human_male_heads.png","png","234016","2025-06-08T21:11:05.6826953Z","C:\Program Files (x86)\Steam\steamapps\common\Barotrauma\Content\Characters\Human\Human_male_heads.png"
"creature-elements","image","Content/Characters/Human/Human_male_heads_mask.png","Human_male_heads_mask.png","png","41733","2025-06-08T21:11:05.8104237Z","C:\Program Files (x86)\Steam\steamapps\common\Barotrauma\Content\Characters\Human\Human_male_heads_mask.png"
"creature-elements","image","Content/Characters/Human/Human_male_mask.png","Human_male_mask.png","png","11132","2025-06-08T21:11:02.7086697Z","C:\Program Files (x86)\Steam\steamapps\common\Barotrauma\Content\Characters\Human\Human_male_mask.png"
"creature-elements","image","Content/Characters/Human/Human_neck_collar.png","Human_neck_collar.png","png","7736","2025-06-08T21:11:03.9924605Z","C:\Program Files (x86)\Steam\steamapps\common\Barotrauma\Content\Characters\Human\Human_neck_collar.png"
"creature-elements","image","Content/Characters/Human/old/defaultportrait.png","defaultportrait.png","png","50237","2025-06-08T21:11:05.8124237Z","C:\Program Files (x86)\Steam\steamapps\common\Barotrauma\Content\Characters\Human\old\defaultportrait.png"
"creature-elements","image","Content/Characters/Human/old/fhead1.png","fhead1.png","png","2247","2025-06-08T21:11:03.7643870Z","C:\Program Files (x86)\Steam\steamapps\common\Barotrauma\Content\Characters\Human\old\fhead1.png"
"creature-elements","image","Content/Characters/Human/old/fhead2.png","fhead2.png","png","2429","2025-06-08T21:11:04.5798683Z","C:\Program Files (x86)\Steam\steamapps\common\Barotrauma\Content\Characters\Human\old\fhead2.png"
"creature-elements","image","Content/Characters/Human/old/fhead3.png","fhead3.png","png","1962","2025-06-08T21:11:04.5808687Z","C:\Program Files (x86)\Steam\steamapps\common\Barotrauma\Content\Characters\Human\old\fhead3.png"
"creature-elements","image","Content/Characters/Human/old/fhead4.png","fhead4.png","png","2291","2025-06-08T21:11:03.7693863Z","C:\Program Files (x86)\Steam\steamapps\common\Barotrauma\Content\Characters\Human\old\fhead4.png"
"creature-elements","image","Content/Characters/Human/old/fhead5.png","fhead5.png","png","2353","2025-06-08T21:11:05.8154237Z","C:\Program Files (x86)\Steam\steamapps\common\Barotrauma\Content\Characters\Human\old\fhead5.png"
"creature-elements","image","Content/Characters/Human/old/fhead6.png","fhead6.png","png","2139","2025-06-08T21:11:03.7703939Z","C:\Program Files (x86)\Steam\steamapps\common\Barotrauma\Content\Characters\Human\old\fhead6.png"
"creature-elements","image","Content/Characters/Human/old/fhead7[black].png","fhead7[black].png","png","1911","2025-06-08T21:11:04.5798683Z","C:\Program Files (x86)\Steam\steamapps\common\Barotrauma\Content\Characters\Human\old\fhead7[black].png"
"creature-elements","image","Content/Characters/Human/old/fhead8.png","fhead8.png","png","1682","2025-06-08T21:11:04.5758677Z","C:\Program Files (x86)\Steam\steamapps\common\Barotrauma\Content\Characters\Human\old\fhead8.png"
"creature-elements","image","Content/Characters/Human/old/flegs.png","flegs.png","png","7079","2025-06-08T21:11:05.2290733Z","C:\Program Files (x86)\Steam\steamapps\common\Barotrauma\Content\Characters\Human\old\flegs.png"
"creature-elements","image","Content/Characters/Human/old/ftorso.png","ftorso.png","png","5607","2025-06-08T21:11:04.6399709Z","C:\Program Files (x86)\Steam\steamapps\common\Barotrauma\Content\Characters\Human\old\ftorso.png"
"creature-elements","image","Content/Characters/Human/old/ftorso[black].png","ftorso[black].png","png","5790","2025-06-08T21:11:03.7683869Z","C:\Program Files (x86)\Steam\steamapps\common\Barotrauma\Content\Characters\Human\old\ftorso[black].png"
"creature-elements","image","Content/Characters/Human/old/head_1.png","head_1.png","png","56170","2025-06-08T21:11:02.8107454Z","C:\Program Files (x86)\Steam\steamapps\common\Barotrauma\Content\Characters\Human\old\head_1.png"
"creature-elements","image","Content/Characters/Human/old/head_2.png","head_2.png","png","48654","2025-06-08T21:11:03.9924605Z","C:\Program Files (x86)\Steam\steamapps\common\Barotrauma\Content\Characters\Human\old\head_2.png"
"creature-elements","image","Content/Characters/Human/old/head_3.png","head_3.png","png","66620","2025-06-08T21:11:02.8107454Z","C:\Program Files (x86)\Steam\steamapps\common\Barotrauma\Content\Characters\Human\old\head_3.png"
"creature-elements","image","Content/Characters/Human/old/head_4.png","head_4.png","png","60376","2025-06-08T21:11:04.6449727Z","C:\Program Files (x86)\Steam\steamapps\common\Barotrauma\Content\Characters\Human\old\head_4.png"
"creature-elements","image","Content/Characters/Human/old/head1.png","head1.png","png","2015","2025-06-08T21:11:05.2320739Z","C:\Program Files (x86)\Steam\steamapps\common\Barotrauma\Content\Characters\Human\old\head1.png"
"creature-elements","image","Content/Characters/Human/old/head2.png","head2.png","png","1899","2025-06-08T21:11:03.7673866Z","C:\Program Files (x86)\Steam\steamapps\common\Barotrauma\Content\Characters\Human\old\head2.png"
"creature-elements","image","Content/Characters/Human/old/head3.png","head3.png","png","2199","2025-06-08T21:11:02.7056702Z","C:\Program Files (x86)\Steam\steamapps\common\Barotrauma\Content\Characters\Human\old\head3.png"
"creature-elements","image","Content/Characters/Human/old/head4.png","head4.png","png","2047","2025-06-08T21:11:04.5798683Z","C:\Program Files (x86)\Steam\steamapps\common\Barotrauma\Content\Characters\Human\old\head4.png"
"creature-elements","image","Content/Characters/Human/old/head5.png","head5.png","png","1952","2025-06-08T21:11:04.5798683Z","C:\Program Files (x86)\Steam\steamapps\common\Barotrauma\Content\Characters\Human\old\head5.png"
"creature-elements","image","Content/Characters/Human/old/head6.png","head6.png","png","2003","2025-06-08T21:11:05.8094236Z","C:\Program Files (x86)\Steam\steamapps\common\Barotrauma\Content\Characters\Human\old\head6.png"
"creature-elements","image","Content/Characters/Human/old/head7[black].png","head7[black].png","png","2008","2025-06-08T21:11:04.5798683Z","C:\Program Files (x86)\Steam\steamapps\common\Barotrauma\Content\Characters\Human\old\head7[black].png"
"creature-elements","image","Content/Characters/Human/old/head8[black].png","head8[black].png","png","1777","2025-06-08T21:11:03.7683869Z","C:\Program Files (x86)\Steam\steamapps\common\Barotrauma\Content\Characters\Human\old\head8[black].png"
"creature-elements","image","Content/Characters/Human/old/legs.png","legs.png","png","7474","2025-06-08T21:11:02.8797389Z","C:\Program Files (x86)\Steam\steamapps\common\Barotrauma\Content\Characters\Human\old\legs.png"
"creature-elements","image","Content/Characters/Human/old/legs_female.png","legs_female.png","png","7079","2025-06-08T21:11:05.2310731Z","C:\Program Files (x86)\Steam\steamapps\common\Barotrauma\Content\Characters\Human\old\legs_female.png"
"creature-elements","image","Content/Characters/Human/old/legs_female2.png","legs_female2.png","png","33821","2025-06-08T21:11:02.8187455Z","C:\Program Files (x86)\Steam\steamapps\common\Barotrauma\Content\Characters\Human\old\legs_female2.png"
"creature-elements","image","Content/Characters/Human/old/legs_male.png","legs_male.png","png","33690","2025-06-08T21:11:04.6449727Z","C:\Program Files (x86)\Steam\steamapps\common\Barotrauma\Content\Characters\Human\old\legs_male.png"
"creature-elements","image","Content/Characters/Human/old/mugshotCircle.png","mugshotCircle.png","png","203917","2025-06-08T21:11:04.1797198Z","C:\Program Files (x86)\Steam\steamapps\common\Barotrauma\Content\Characters\Human\old\mugshotCircle.png"
"creature-elements","image","Content/Characters/Human/old/torso.png","torso.png","png","6206","2025-06-08T21:11:03.7613872Z","C:\Program Files (x86)\Steam\steamapps\common\Barotrauma\Content\Characters\Human\old\torso.png"
"creature-elements","image","Content/Characters/Human/old/torso[black].png","torso[black].png","png","6165","2025-06-08T21:11:02.8207454Z","C:\Program Files (x86)\Steam\steamapps\common\Barotrauma\Content\Characters\Human\old\torso[black].png"
"creature-elements","image","Content/Characters/Human/old/torso_female_asian.png","torso_female_asian.png","png","42791","2025-06-08T21:11:03.7663877Z","C:\Program Files (x86)\Steam\steamapps\common\Barotrauma\Content\Characters\Human\old\torso_female_asian.png"
"creature-elements","image","Content/Characters/Human/old/torso_female_black.png","torso_female_black.png","png","5790","2025-06-08T21:11:03.7683869Z","C:\Program Files (x86)\Steam\steamapps\common\Barotrauma\Content\Characters\Human\old\torso_female_black.png"
"creature-elements","image","Content/Characters/Human/old/torso_female_black2.png","torso_female_black2.png","png","42518","2025-06-08T21:11:03.7633869Z","C:\Program Files (x86)\Steam\steamapps\common\Barotrauma\Content\Characters\Human\old\torso_female_black2.png"
"creature-elements","image","Content/Characters/Human/old/torso_female_brown.png","torso_female_brown.png","png","42518","2025-06-08T21:11:03.7683869Z","C:\Program Files (x86)\Steam\steamapps\common\Barotrauma\Content\Characters\Human\old\torso_female_brown.png"
"creature-elements","image","Content/Characters/Human/old/torso_female_white.png","torso_female_white.png","png","5607","2025-06-08T21:11:04.6449727Z","C:\Program Files (x86)\Steam\steamapps\common\Barotrauma\Content\Characters\Human\old\torso_female_white.png"
"creature-elements","image","Content/Characters/Human/old/torso_female_white2.png","torso_female_white2.png","png","42791","2025-06-08T21:11:03.7623872Z","C:\Program Files (x86)\Steam\steamapps\common\Barotrauma\Content\Characters\Human\old\torso_female_white2.png"
"creature-elements","image","Content/Characters/Human/old/torso_male_asian.png","torso_male_asian.png","png","43398","2025-06-08T21:11:04.1777205Z","C:\Program Files (x86)\Steam\steamapps\common\Barotrauma\Content\Characters\Human\old\torso_male_asian.png"
"creature-elements","image","Content/Characters/Human/old/torso_male_black.png","torso_male_black.png","png","6165","2025-06-08T21:11:02.8157456Z","C:\Program Files (x86)\Steam\steamapps\common\Barotrauma\Content\Characters\Human\old\torso_male_black.png"
"creature-elements","image","Content/Characters/Human/old/torso_male_black2.png","torso_male_black2.png","png","43267","2025-06-08T21:11:04.6439720Z","C:\Program Files (x86)\Steam\steamapps\common\Barotrauma\Content\Characters\Human\old\torso_male_black2.png"
"creature-elements","image","Content/Characters/Human/old/torso_male_brown.png","torso_male_brown.png","png","43267","2025-06-08T21:11:04.6449727Z","C:\Program Files (x86)\Steam\steamapps\common\Barotrauma\Content\Characters\Human\old\torso_male_brown.png"
"creature-elements","image","Content/Characters/Human/old/torso_male_white.png","torso_male_white.png","png","43398","2025-06-08T21:11:04.1797198Z","C:\Program Files (x86)\Steam\steamapps\common\Barotrauma\Content\Characters\Human\old\torso_male_white.png"
"creature-elements","image","Content/Characters/Humanhusk/Husk_Injector.png","Husk_Injector.png","png","3701","2025-06-08T21:11:03.7573863Z","C:\Program Files (x86)\Steam\steamapps\common\Barotrauma\Content\Characters\Humanhusk\Husk_Injector.png"
"creature-elements","image","Content/Characters/Husk/DivingSuit_LegsHusk.png","DivingSuit_LegsHusk.png","png","118739","2025-06-08T21:11:02.8117457Z","C:\Program Files (x86)\Steam\steamapps\common\Barotrauma\Content\Characters\Husk\DivingSuit_LegsHusk.png"
"creature-elements","image","Content/Characters/Husk/DivingSuit_TorsoHusk.png","DivingSuit_TorsoHusk.png","png","85782","2025-06-08T21:11:02.8177456Z","C:\Program Files (x86)\Steam\steamapps\common\Barotrauma\Content\Characters\Husk\DivingSuit_TorsoHusk.png"
"creature-elements","image","Content/Characters/Husk/HuskStinger.png","HuskStinger.png","png","25314","2025-06-08T21:11:05.2290733Z","C:\Program Files (x86)\Steam\steamapps\common\Barotrauma\Content\Characters\Husk\HuskStinger.png"
"creature-elements","image","Content/Characters/Husk_chimera/Husk_chimera.png","Husk_chimera.png","png","239899","2025-06-08T21:11:04.2313725Z","C:\Program Files (x86)\Steam\steamapps\common\Barotrauma\Content\Characters\Husk_chimera\Husk_chimera.png"
"creature-elements","image","Content/Characters/Husk_exosuit/Husk_exosuit.png","Husk_exosuit.png","png","65050","2025-06-08T21:11:04.4651042Z","C:\Program Files (x86)\Steam\steamapps\common\Barotrauma\Content\Characters\Husk_exosuit\Husk_exosuit.png"
"creature-elements","image","Content/Characters/Husk_prowler/Husk_prowler.png","Husk_prowler.png","png","50585","2025-06-08T21:11:04.7693905Z","C:\Program Files (x86)\Steam\steamapps\common\Barotrauma\Content\Characters\Husk_prowler\Husk_prowler.png"
"creature-elements","image","Content/Characters/Jove/Jove.png","Jove.png","png","1689470","2025-06-08T21:11:01.9052445Z","C:\Program Files (x86)\Steam\steamapps\common\Barotrauma\Content\Characters\Jove\Jove.png"
"creature-elements","image","Content/Characters/Latcher/Latcher.png","Latcher.png","png","1701170","2025-06-08T21:11:01.9072448Z","C:\Program Files (x86)\Steam\steamapps\common\Barotrauma\Content\Characters\Latcher\Latcher.png"
"creature-elements","image","Content/Characters/Legacycharybdis/charybdis.png","charybdis.png","png","583065","2025-06-08T21:11:01.9082442Z","C:\Program Files (x86)\Steam\steamapps\common\Barotrauma\Content\Characters\Legacycharybdis\charybdis.png"
"creature-elements","image","Content/Characters/Legacycrawler/legacycrawler.png","legacycrawler.png","png","35975","2025-06-08T21:11:05.5662157Z","C:\Program Files (x86)\Steam\steamapps\common\Barotrauma\Content\Characters\Legacycrawler\legacycrawler.png"
"creature-elements","image","Content/Characters/Legacyendworm/endworm.png","endworm.png","png","995308","2025-06-08T21:11:01.9102436Z","C:\Program Files (x86)\Steam\steamapps\common\Barotrauma\Content\Characters\Legacyendworm\endworm.png"
"creature-elements","image","Content/Characters/Legacyfractalguardian/fractalguardian.png","fractalguardian.png","png","185431","2025-06-08T21:11:03.9914471Z","C:\Program Files (x86)\Steam\steamapps\common\Barotrauma\Content\Characters\Legacyfractalguardian\fractalguardian.png"
"creature-elements","image","Content/Characters/Legacyhusk/DivingSuit.png","DivingSuit.png","png","21780","2025-06-08T21:11:02.8827980Z","C:\Program Files (x86)\Steam\steamapps\common\Barotrauma\Content\Characters\Legacyhusk\DivingSuit.png"
"creature-elements","image","Content/Characters/Legacyhusk/legs.png","legs.png","png","7474","2025-06-08T21:11:02.8797389Z","C:\Program Files (x86)\Steam\steamapps\common\Barotrauma\Content\Characters\Legacyhusk\legs.png"
"creature-elements","image","Content/Characters/Legacymantis/mantis.png","mantis.png","png","79270","2025-06-08T21:11:05.8724301Z","C:\Program Files (x86)\Steam\steamapps\common\Barotrauma\Content\Characters\Legacymantis\mantis.png"
"creature-elements","image","Content/Characters/Legacymoloch/legacymoloch.png","legacymoloch.png","png","964028","2025-06-08T21:11:01.9152878Z","C:\Program Files (x86)\Steam\steamapps\common\Barotrauma\Content\Characters\Legacymoloch\legacymoloch.png"
"creature-elements","image","Content/Characters/Legacytigerthresher/damagedtigerthresher.png","damagedtigerthresher.png","png","86550","2025-06-08T21:11:02.8827980Z","C:\Program Files (x86)\Steam\steamapps\common\Barotrauma\Content\Characters\Legacytigerthresher\damagedtigerthresher.png"
"creature-elements","image","Content/Characters/Legacytigerthresher/Legacytigerthresher.png","Legacytigerthresher.png","png","232781","2025-06-08T21:11:05.8674225Z","C:\Program Files (x86)\Steam\steamapps\common\Barotrauma\Content\Characters\Legacytigerthresher\Legacytigerthresher.png"
"creature-elements","image","Content/Characters/Legacywatcher/watcher.png","watcher.png","png","220968","2025-06-08T21:11:06.2581147Z","C:\Program Files (x86)\Steam\steamapps\common\Barotrauma\Content\Characters\Legacywatcher\watcher.png"
"creature-elements","image","Content/Characters/Mantis/mantis.png","mantis.png","png","160147","2025-06-08T21:11:06.3122329Z","C:\Program Files (x86)\Steam\steamapps\common\Barotrauma\Content\Characters\Mantis\mantis.png"
"creature-elements","image","Content/Characters/Moloch/Moloch.png","Moloch.png","png","1307408","2025-06-08T21:11:01.9212877Z","C:\Program Files (x86)\Steam\steamapps\common\Barotrauma\Content\Characters\Moloch\Moloch.png"
"creature-elements","image","Content/Characters/Molochbaby/molochbaby.png","molochbaby.png","png","146609","2025-06-08T21:11:02.9880627Z","C:\Program Files (x86)\Steam\steamapps\common\Barotrauma\Content\Characters\Molochbaby\molochbaby.png"
"creature-elements","image","Content/Characters/Molochblack/Molochblack.png","Molochblack.png","png","1581894","2025-06-08T21:11:01.9212877Z","C:\Program Files (x86)\Steam\steamapps\common\Barotrauma\Content\Characters\Molochblack\Molochblack.png"
"creature-elements","image","Content/Characters/Mudraptor/Mudraptor.png","Mudraptor.png","png","161051","2025-06-08T21:11:06.5428900Z","C:\Program Files (x86)\Steam\steamapps\common\Barotrauma\Content\Characters\Mudraptor\Mudraptor.png"
"creature-elements","image","Content/Characters/Pets/pets.png","pets.png","png","229440","2025-06-19T20:07:27.9202488Z","C:\Program Files (x86)\Steam\steamapps\common\Barotrauma\Content\Characters\Pets\pets.png"
"creature-elements","image","Content/Characters/Pets/pets_event.png","pets_event.png","png","208287","2025-06-08T21:11:06.4800716Z","C:\Program Files (x86)\Steam\steamapps\common\Barotrauma\Content\Characters\Pets\pets_event.png"
"creature-elements","image","Content/Characters/Spineling/Spineling.png","Spineling.png","png","66548","2025-06-08T21:11:06.6973464Z","C:\Program Files (x86)\Steam\steamapps\common\Barotrauma\Content\Characters\Spineling\Spineling.png"
"creature-elements","image","Content/Characters/Spineling_giant/Spineling_giant.png","Spineling_giant.png","png","391845","2025-06-08T21:11:01.9322883Z","C:\Program Files (x86)\Steam\steamapps\common\Barotrauma\Content\Characters\Spineling_giant\Spineling_giant.png"
"creature-elements","image","Content/Characters/Spineling_morbusine/Spineling_morbusine.png","Spineling_morbusine.png","png","44432","2025-06-08T21:11:08.7201450Z","C:\Program Files (x86)\Steam\steamapps\common\Barotrauma\Content\Characters\Spineling_morbusine\Spineling_morbusine.png"
"creature-elements","image","Content/Characters/Swarmfeeder/Swarmfeeder.png","Swarmfeeder.png","png","5944","2025-06-08T21:11:06.9550507Z","C:\Program Files (x86)\Steam\steamapps\common\Barotrauma\Content\Characters\Swarmfeeder\Swarmfeeder.png"
"creature-elements","image","Content/Characters/Tigerthresher/Tigerthresher.png","Tigerthresher.png","png","117894","2025-06-08T21:11:08.9547983Z","C:\Program Files (x86)\Steam\steamapps\common\Barotrauma\Content\Characters\Tigerthresher\Tigerthresher.png"
"creature-elements","image","Content/Characters/Variants/Crawler_hatchling/crawlerhatchling.png","crawlerhatchling.png","png","36042","2025-06-08T21:11:03.4620219Z","C:\Program Files (x86)\Steam\steamapps\common\Barotrauma\Content\Characters\Variants\Crawler_hatchling\crawlerhatchling.png"
"creature-elements","image","Content/Characters/Variants/Mopingjack.png","Mopingjack.png","png","320313","2026-06-16T13:01:19.4979204Z","C:\Program Files (x86)\Steam\steamapps\common\Barotrauma\Content\Characters\Variants\Mopingjack.png"
"creature-elements","image","Content/Characters/Variants/Mudraptor_hatchling/Mudraptorhatchling.png","Mudraptorhatchling.png","png","91243","2025-06-08T21:11:06.9580497Z","C:\Program Files (x86)\Steam\steamapps\common\Barotrauma\Content\Characters\Variants\Mudraptor_hatchling\Mudraptorhatchling.png"
"creature-elements","image","Content/Characters/Variants/Mudraptor_pet/Mudraptorpet.png","Mudraptorpet.png","png","161691","2025-06-08T21:11:08.9557976Z","C:\Program Files (x86)\Steam\steamapps\common\Barotrauma\Content\Characters\Variants\Mudraptor_pet\Mudraptorpet.png"
"creature-elements","image","Content/Characters/Variants/Mudraptor_veteran/Mudraptor_veteran.png","Mudraptor_veteran.png","png","171779","2025-06-08T21:11:05.0632626Z","C:\Program Files (x86)\Steam\steamapps\common\Barotrauma\Content\Characters\Variants\Mudraptor_veteran\Mudraptor_veteran.png"
"creature-elements","image","Content/Characters/Variants/Tigerthresher_hatchling/Tigerthresherhatchling.png","Tigerthresherhatchling.png","png","34350","2025-06-08T21:11:07.2947669Z","C:\Program Files (x86)\Steam\steamapps\common\Barotrauma\Content\Characters\Variants\Tigerthresher_hatchling\Tigerthresherhatchling.png"
"creature-elements","image","Content/Characters/Watcher/gazerage.png","gazerage.png","png","27926","2025-06-08T21:11:07.0723494Z","C:\Program Files (x86)\Steam\steamapps\common\Barotrauma\Content\Characters\Watcher\gazerage.png"
"creature-elements","image","Content/Characters/Watcher/Watcher.png","Watcher.png","png","687574","2025-06-08T21:11:01.9359178Z","C:\Program Files (x86)\Steam\steamapps\common\Barotrauma\Content\Characters\Watcher\Watcher.png"
"effects","compiled-content","Content/Effects/blueprintshader.xnb","blueprintshader.xnb","xnb","2462","2025-06-08T21:11:05.0622586Z","C:\Program Files (x86)\Steam\steamapps\common\Barotrauma\Content\Effects\blueprintshader.xnb"
"effects","compiled-content","Content/Effects/blueprintshader_opengl.xnb","blueprintshader_opengl.xnb","xnb","2010","2025-06-08T21:11:09.0770352Z","C:\Program Files (x86)\Steam\steamapps\common\Barotrauma\Content\Effects\blueprintshader_opengl.xnb"
"effects","compiled-content","Content/Effects/blurshader.xnb","blurshader.xnb","xnb","2186","2025-06-08T21:11:07.5246964Z","C:\Program Files (x86)\Steam\steamapps\common\Barotrauma\Content\Effects\blurshader.xnb"
"effects","compiled-content","Content/Effects/blurshader_opengl.xnb","blurshader_opengl.xnb","xnb","3933","2025-06-08T21:11:03.7036144Z","C:\Program Files (x86)\Steam\steamapps\common\Barotrauma\Content\Effects\blurshader_opengl.xnb"
"effects","compiled-content","Content/Effects/damageshader.xnb","damageshader.xnb","xnb","2341","2025-06-08T21:11:07.4668538Z","C:\Program Files (x86)\Steam\steamapps\common\Barotrauma\Content\Effects\damageshader.xnb"
"effects","compiled-content","Content/Effects/damageshader_opengl.xnb","damageshader_opengl.xnb","xnb","2274","2025-06-08T21:11:07.5256968Z","C:\Program Files (x86)\Steam\steamapps\common\Barotrauma\Content\Effects\damageshader_opengl.xnb"
"effects","compiled-content","Content/Effects/deformshader.xnb","deformshader.xnb","xnb","8781","2025-06-08T21:11:09.0780349Z","C:\Program Files (x86)\Steam\steamapps\common\Barotrauma\Content\Effects\deformshader.xnb"
"effects","compiled-content","Content/Effects/deformshader_opengl.xnb","deformshader_opengl.xnb","xnb","8871","2025-06-08T21:11:07.5236966Z","C:\Program Files (x86)\Steam\steamapps\common\Barotrauma\Content\Effects\deformshader_opengl.xnb"
"effects","image","Content/Effects/distortnormals.png","distortnormals.png","png","403607","2025-06-08T21:11:01.9369163Z","C:\Program Files (x86)\Steam\steamapps\common\Barotrauma\Content\Effects\distortnormals.png"
"effects","compiled-content","Content/Effects/gradientshader.xnb","gradientshader.xnb","xnb","1174","2025-06-08T21:11:03.7036144Z","C:\Program Files (x86)\Steam\steamapps\common\Barotrauma\Content\Effects\gradientshader.xnb"
"effects","compiled-content","Content/Effects/gradientshader_opengl.xnb","gradientshader_opengl.xnb","xnb","1125","2025-06-08T21:11:09.0760345Z","C:\Program Files (x86)\Steam\steamapps\common\Barotrauma\Content\Effects\gradientshader_opengl.xnb"
"effects","compiled-content","Content/Effects/grainshader.xnb","grainshader.xnb","xnb","1249","2025-06-08T21:11:07.7008812Z","C:\Program Files (x86)\Steam\steamapps\common\Barotrauma\Content\Effects\grainshader.xnb"
"effects","compiled-content","Content/Effects/grainshader_opengl.xnb","grainshader_opengl.xnb","xnb","1215","2025-06-08T21:11:03.7026158Z","C:\Program Files (x86)\Steam\steamapps\common\Barotrauma\Content\Effects\grainshader_opengl.xnb"
"effects","compiled-content","Content/Effects/losshader.xnb","losshader.xnb","xnb","1962","2025-06-08T21:11:05.0622586Z","C:\Program Files (x86)\Steam\steamapps\common\Barotrauma\Content\Effects\losshader.xnb"
"effects","compiled-content","Content/Effects/losshader_opengl.xnb","losshader_opengl.xnb","xnb","1901","2025-06-08T21:11:03.7026158Z","C:\Program Files (x86)\Steam\steamapps\common\Barotrauma\Content\Effects\losshader_opengl.xnb"
"effects","compiled-content","Content/Effects/postprocess.xnb","postprocess.xnb","xnb","13222","2025-06-08T21:11:09.0770352Z","C:\Program Files (x86)\Steam\steamapps\common\Barotrauma\Content\Effects\postprocess.xnb"
"effects","compiled-content","Content/Effects/postprocess_opengl.xnb","postprocess_opengl.xnb","xnb","10634","2025-06-08T21:11:07.6998780Z","C:\Program Files (x86)\Steam\steamapps\common\Barotrauma\Content\Effects\postprocess_opengl.xnb"
"effects","compiled-content","Content/Effects/solidcolor.xnb","solidcolor.xnb","xnb","2429","2025-06-08T21:11:03.7046146Z","C:\Program Files (x86)\Steam\steamapps\common\Barotrauma\Content\Effects\solidcolor.xnb"
"effects","compiled-content","Content/Effects/solidcolor_opengl.xnb","solidcolor_opengl.xnb","xnb","1890","2025-06-08T21:11:07.1902334Z","C:\Program Files (x86)\Steam\steamapps\common\Barotrauma\Content\Effects\solidcolor_opengl.xnb"
"effects","compiled-content","Content/Effects/thresholdtint.xnb","thresholdtint.xnb","xnb","1501","2025-06-08T21:11:07.6983753Z","C:\Program Files (x86)\Steam\steamapps\common\Barotrauma\Content\Effects\thresholdtint.xnb"
"effects","compiled-content","Content/Effects/thresholdtint_opengl.xnb","thresholdtint_opengl.xnb","xnb","1394","2025-06-08T21:11:07.7008812Z","C:\Program Files (x86)\Steam\steamapps\common\Barotrauma\Content\Effects\thresholdtint_opengl.xnb"
"effects","image","Content/Effects/waterbump.png","waterbump.png","png","452781","2025-06-08T21:11:01.9369163Z","C:\Program Files (x86)\Steam\steamapps\common\Barotrauma\Content\Effects\waterbump.png"
"effects","compiled-content","Content/Effects/watershader.xnb","watershader.xnb","xnb","6673","2025-06-08T21:11:07.6405536Z","C:\Program Files (x86)\Steam\steamapps\common\Barotrauma\Content\Effects\watershader.xnb"
"effects","compiled-content","Content/Effects/watershader_opengl.xnb","watershader_opengl.xnb","xnb","6373","2025-06-08T21:11:07.7008812Z","C:\Program Files (x86)\Steam\steamapps\common\Barotrauma\Content\Effects\watershader_opengl.xnb"
"effects","compiled-content","Content/Effects/wearableclip.xnb","wearableclip.xnb","xnb","2416","2025-06-08T21:11:03.6996146Z","C:\Program Files (x86)\Steam\steamapps\common\Barotrauma\Content\Effects\wearableclip.xnb"
"effects","compiled-content","Content/Effects/wearableclip_opengl.xnb","wearableclip_opengl.xnb","xnb","2380","2025-06-08T21:11:03.7046146Z","C:\Program Files (x86)\Steam\steamapps\common\Barotrauma\Content\Effects\wearableclip_opengl.xnb"
"effects","image","Content/Lights/alphaOne.png","alphaOne.png","png","86","2025-06-08T21:11:11.4279912Z","C:\Program Files (x86)\Steam\steamapps\common\Barotrauma\Content\Lights\alphaOne.png"
"effects","image","Content/Lights/divinghelmetlight.png","divinghelmetlight.png","png","103045","2025-06-08T21:11:12.3399658Z","C:\Program Files (x86)\Steam\steamapps\common\Barotrauma\Content\Lights\divinghelmetlight.png"
"effects","image","Content/Lights/Electricity.png","Electricity.png","png","68581","2025-06-08T21:11:09.4201850Z","C:\Program Files (x86)\Steam\steamapps\common\Barotrauma\Content\Lights\Electricity.png"
"effects","image","Content/Lights/Guardianlight.png","Guardianlight.png","png","130930","2025-06-08T21:11:10.8481263Z","C:\Program Files (x86)\Steam\steamapps\common\Barotrauma\Content\Lights\Guardianlight.png"
"effects","image","Content/Lights/light.png","light.png","png","490424","2025-06-08T21:11:01.9572838Z","C:\Program Files (x86)\Steam\steamapps\common\Barotrauma\Content\Lights\light.png"
"effects","image","Content/Lights/light_fluorescent_L2.png","light_fluorescent_L2.png","png","244053","2025-06-08T21:11:07.0763491Z","C:\Program Files (x86)\Steam\steamapps\common\Barotrauma\Content\Lights\light_fluorescent_L2.png"
"effects","image","Content/Lights/lightcone.png","lightcone.png","png","130930","2025-06-08T21:11:07.2907667Z","C:\Program Files (x86)\Steam\steamapps\common\Barotrauma\Content\Lights\lightcone.png"
"effects","image","Content/Lights/lightcone_old.png","lightcone_old.png","png","49051","2025-06-08T21:11:09.4201850Z","C:\Program Files (x86)\Steam\steamapps\common\Barotrauma\Content\Lights\lightcone_old.png"
"effects","image","Content/Lights/penumbra.png","penumbra.png","png","110876","2025-06-08T21:11:07.1290064Z","C:\Program Files (x86)\Steam\steamapps\common\Barotrauma\Content\Lights\penumbra.png"
"effects","image","Content/Lights/pointlight_bounce.png","pointlight_bounce.png","png","306429","2025-06-08T21:11:01.9572838Z","C:\Program Files (x86)\Steam\steamapps\common\Barotrauma\Content\Lights\pointlight_bounce.png"
"effects","image","Content/Lights/pointlight_bright.png","pointlight_bright.png","png","294422","2025-06-08T21:11:01.9572838Z","C:\Program Files (x86)\Steam\steamapps\common\Barotrauma\Content\Lights\pointlight_bright.png"
"effects","image","Content/Lights/pointlight_falloff.png","pointlight_falloff.png","png","330801","2025-06-08T21:11:01.9582787Z","C:\Program Files (x86)\Steam\steamapps\common\Barotrauma\Content\Lights\pointlight_falloff.png"
"effects","image","Content/Lights/pointlight_rays.png","pointlight_rays.png","png","624987","2025-06-08T21:11:01.9582787Z","C:\Program Files (x86)\Steam\steamapps\common\Barotrauma\Content\Lights\pointlight_rays.png"
"effects","image","Content/Lights/visioncircle.png","visioncircle.png","png","46489","2025-06-08T21:11:22.2347361Z","C:\Program Files (x86)\Steam\steamapps\common\Barotrauma\Content\Lights\visioncircle.png"
"effects","image","Content/Particles/ballastfloraSpore.png","ballastfloraSpore.png","png","407448","2025-06-08T21:11:01.9920007Z","C:\Program Files (x86)\Steam\steamapps\common\Barotrauma\Content\Particles\ballastfloraSpore.png"
"effects","image","Content/Particles/burnt.png","burnt.png","png","485003","2025-06-08T21:11:01.9920007Z","C:\Program Files (x86)\Steam\steamapps\common\Barotrauma\Content\Particles\burnt.png"
"effects","image","Content/Particles/DebrisBurst.png","DebrisBurst.png","png","9467972","2025-06-08T21:11:01.9920007Z","C:\Program Files (x86)\Steam\steamapps\common\Barotrauma\Content\Particles\DebrisBurst.png"
"effects","image","Content/Particles/ExplosionAtlas.png","ExplosionAtlas.png","png","4500221","2025-06-08T21:11:01.9920007Z","C:\Program Files (x86)\Steam\steamapps\common\Barotrauma\Content\Particles\ExplosionAtlas.png"
"effects","image","Content/Particles/explosiondecal.png","explosiondecal.png","png","108902","2025-06-08T21:11:19.4343750Z","C:\Program Files (x86)\Steam\steamapps\common\Barotrauma\Content\Particles\explosiondecal.png"
"effects","image","Content/Particles/FlameRoundParticleSheet.png","FlameRoundParticleSheet.png","png","702616","2025-06-08T21:11:01.9920007Z","C:\Program Files (x86)\Steam\steamapps\common\Barotrauma\Content\Particles\FlameRoundParticleSheet.png"
"effects","image","Content/Particles/GrimeSheet.png","GrimeSheet.png","png","22014","2025-06-08T21:11:24.1872535Z","C:\Program Files (x86)\Steam\steamapps\common\Barotrauma\Content\Particles\GrimeSheet.png"
"effects","image","Content/Particles/IceExplosion.png","IceExplosion.png","png","227214","2025-06-08T21:11:19.4343750Z","C:\Program Files (x86)\Steam\steamapps\common\Barotrauma\Content\Particles\IceExplosion.png"
"effects","image","Content/Particles/LightningParticleSheet.png","LightningParticleSheet.png","png","78984","2025-06-08T21:11:13.4621525Z","C:\Program Files (x86)\Steam\steamapps\common\Barotrauma\Content\Particles\LightningParticleSheet.png"
"effects","image","Content/Particles/MuzzleFlashParticleSheet.png","MuzzleFlashParticleSheet.png","png","430802","2025-06-08T21:11:01.9920007Z","C:\Program Files (x86)\Steam\steamapps\common\Barotrauma\Content\Particles\MuzzleFlashParticleSheet.png"
"effects","image","Content/Particles/ParticleAtlas.png","ParticleAtlas.png","png","96149","2025-06-08T21:11:12.8981626Z","C:\Program Files (x86)\Steam\steamapps\common\Barotrauma\Content\Particles\ParticleAtlas.png"
"effects","image","Content/Particles/RisingBubbleSheet.png","RisingBubbleSheet.png","png","280993","2025-06-08T21:11:01.9920007Z","C:\Program Files (x86)\Steam\steamapps\common\Barotrauma\Content\Particles\RisingBubbleSheet.png"
"effects","image","Content/Particles/Smoke.png","Smoke.png","png","387298","2025-06-08T21:11:01.9930006Z","C:\Program Files (x86)\Steam\steamapps\common\Barotrauma\Content\Particles\Smoke.png"
"effects","image","Content/Particles/SmokeParticleSheet.png","SmokeParticleSheet.png","png","195492","2025-06-08T21:11:13.5230742Z","C:\Program Files (x86)\Steam\steamapps\common\Barotrauma\Content\Particles\SmokeParticleSheet.png"
"effects","image","Content/Particles/Spatter1.png","Spatter1.png","png","251643","2025-06-08T21:11:32.1241719Z","C:\Program Files (x86)\Steam\steamapps\common\Barotrauma\Content\Particles\Spatter1.png"
"effects","image","Content/Particles/Spatter2.png","Spatter2.png","png","129870","2025-06-08T21:11:32.1231710Z","C:\Program Files (x86)\Steam\steamapps\common\Barotrauma\Content\Particles\Spatter2.png"
"effects","image","Content/Particles/Spatter3.png","Spatter3.png","png","91655","2025-06-08T21:11:12.8991627Z","C:\Program Files (x86)\Steam\steamapps\common\Barotrauma\Content\Particles\Spatter3.png"
"effects","image","Content/Particles/UnderwaterExplosionSheet.png","UnderwaterExplosionSheet.png","png","1168051","2025-06-08T21:11:01.9930006Z","C:\Program Files (x86)\Steam\steamapps\common\Barotrauma\Content\Particles\UnderwaterExplosionSheet.png"
"effects","image","Content/Particles/vomitdecal.png","vomitdecal.png","png","28558","2025-06-08T21:11:19.3757528Z","C:\Program Files (x86)\Steam\steamapps\common\Barotrauma\Content\Particles\vomitdecal.png"
"item-elements","image","Content/Items/Alien/AlienMaterials.png","AlienMaterials.png","png","64497","2025-06-08T21:11:14.3317455Z","C:\Program Files (x86)\Steam\steamapps\common\Barotrauma\Content\Items\Alien\AlienMaterials.png"
"item-elements","image","Content/Items/Alien/AlienRuins_Items.png","AlienRuins_Items.png","png","3524256","2025-06-08T21:11:01.9399170Z","C:\Program Files (x86)\Steam\steamapps\common\Barotrauma\Content\Items\Alien\AlienRuins_Items.png"
"item-elements","image","Content/Items/Alien/AlienRuins_Items_02.png","AlienRuins_Items_02.png","png","3903043","2025-09-18T02:31:38.7704426Z","C:\Program Files (x86)\Steam\steamapps\common\Barotrauma\Content\Items\Alien\AlienRuins_Items_02.png"
"item-elements","image","Content/Items/Alien/AlienRuins_Items_03.png","AlienRuins_Items_03.png","png","190723","2025-06-08T21:11:15.0019804Z","C:\Program Files (x86)\Steam\steamapps\common\Barotrauma\Content\Items\Alien\AlienRuins_Items_03.png"
"item-elements","image","Content/Items/Alien/AlienRuins_Items_04.png","AlienRuins_Items_04.png","png","431262","2025-06-08T21:11:01.9399170Z","C:\Program Files (x86)\Steam\steamapps\common\Barotrauma\Content\Items\Alien\AlienRuins_Items_04.png"
"item-elements","image","Content/Items/Alien/AlienRuins_Items_Destroyed.png","AlienRuins_Items_Destroyed.png","png","213738","2025-06-08T21:11:06.6483410Z","C:\Program Files (x86)\Steam\steamapps\common\Barotrauma\Content\Items\Alien\AlienRuins_Items_Destroyed.png"
"item-elements","image","Content/Items/Alien/AlienTurret.png","AlienTurret.png","png","136715","2025-06-08T21:11:06.6953475Z","C:\Program Files (x86)\Steam\steamapps\common\Barotrauma\Content\Items\Alien\AlienTurret.png"
"item-elements","image","Content/Items/Alien/EndRuin_Items.png","EndRuin_Items.png","png","867713","2025-06-08T21:11:01.9409163Z","C:\Program Files (x86)\Steam\steamapps\common\Barotrauma\Content\Items\Alien\EndRuin_Items.png"
"item-elements","image","Content/Items/Alien/guardianpod.png","guardianpod.png","png","231474","2025-06-08T21:11:11.8211861Z","C:\Program Files (x86)\Steam\steamapps\common\Barotrauma\Content\Items\Alien\guardianpod.png"
"item-elements","image","Content/Items/Alien/Legacy/AlienRuin_Legacy.png","AlienRuin_Legacy.png","png","275734","2025-06-08T21:11:01.9409163Z","C:\Program Files (x86)\Steam\steamapps\common\Barotrauma\Content\Items\Alien\Legacy\AlienRuin_Legacy.png"
"item-elements","image","Content/Items/Alien/Legacy/AlienRuin_Legacy2.png","AlienRuin_Legacy2.png","png","282138","2025-06-08T21:11:01.9409163Z","C:\Program Files (x86)\Steam\steamapps\common\Barotrauma\Content\Items\Alien\Legacy\AlienRuin_Legacy2.png"
"item-elements","image","Content/Items/Alien/Legacy/AlienRuins.png","AlienRuins.png","png","975687","2025-06-08T21:11:01.9409163Z","C:\Program Files (x86)\Steam\steamapps\common\Barotrauma\Content\Items\Alien\Legacy\AlienRuins.png"
"item-elements","image","Content/Items/Button/button.png","button.png","png","13751","2025-06-08T21:11:06.6953475Z","C:\Program Files (x86)\Steam\steamapps\common\Barotrauma\Content\Items\Button\button.png"
"item-elements","image","Content/Items/Command/CommandDevices.png","CommandDevices.png","png","430205","2025-06-08T21:11:01.9419161Z","C:\Program Files (x86)\Steam\steamapps\common\Barotrauma\Content\Items\Command\CommandDevices.png"
"item-elements","image","Content/Items/Command/directionalPingButton.png","directionalPingButton.png","png","36525","2025-06-08T21:11:05.6836982Z","C:\Program Files (x86)\Steam\steamapps\common\Barotrauma\Content\Items\Command\directionalPingButton.png"
"item-elements","image","Content/Items/Command/directionalPingCircle.png","directionalPingCircle.png","png","22464","2025-06-08T21:11:06.6973464Z","C:\Program Files (x86)\Steam\steamapps\common\Barotrauma\Content\Items\Command\directionalPingCircle.png"
"item-elements","image","Content/Items/Command/navigatorLights.png","navigatorLights.png","png","127825","2025-06-08T21:11:11.2509532Z","C:\Program Files (x86)\Steam\steamapps\common\Barotrauma\Content\Items\Command\navigatorLights.png"
"item-elements","image","Content/Items/Command/navigatorLightsBlinking.png","navigatorLightsBlinking.png","png","30067","2025-06-08T21:11:06.6973464Z","C:\Program Files (x86)\Steam\steamapps\common\Barotrauma\Content\Items\Command\navigatorLightsBlinking.png"
"item-elements","image","Content/Items/Command/NavUI.png","NavUI.png","png","9940","2025-06-08T21:11:06.6973464Z","C:\Program Files (x86)\Steam\steamapps\common\Barotrauma\Content\Items\Command\NavUI.png"
"item-elements","image","Content/Items/Command/pingCircle.png","pingCircle.png","png","242462","2025-06-08T21:11:11.2519532Z","C:\Program Files (x86)\Steam\steamapps\common\Barotrauma\Content\Items\Command\pingCircle.png"
"item-elements","image","Content/Items/Command/sonarBlip.png","sonarBlip.png","png","1873","2025-06-08T21:11:11.7730912Z","C:\Program Files (x86)\Steam\steamapps\common\Barotrauma\Content\Items\Command\sonarBlip.png"
"item-elements","image","Content/Items/Command/sonarOverlay.png","sonarOverlay.png","png","332924","2025-06-08T21:11:01.9419161Z","C:\Program Files (x86)\Steam\steamapps\common\Barotrauma\Content\Items\Command\sonarOverlay.png"
"item-elements","image","Content/Items/Command/sonarTransducer_emission.png","sonarTransducer_emission.png","png","1403","2025-06-08T21:11:15.6328009Z","C:\Program Files (x86)\Steam\steamapps\common\Barotrauma\Content\Items\Command\sonarTransducer_emission.png"
"item-elements","image","Content/Items/connectionpanel.png","connectionpanel.png","png","144400","2025-06-08T21:11:11.7098387Z","C:\Program Files (x86)\Steam\steamapps\common\Barotrauma\Content\Items\connectionpanel.png"
"item-elements","image","Content/Items/connector.png","connector.png","png","2132","2025-06-08T21:11:11.8201865Z","C:\Program Files (x86)\Steam\steamapps\common\Barotrauma\Content\Items\connector.png"
"item-elements","image","Content/Items/Containers/containers.png","containers.png","png","904656","2025-06-08T21:11:01.9429167Z","C:\Program Files (x86)\Steam\steamapps\common\Barotrauma\Content\Items\Containers\containers.png"
"item-elements","image","Content/Items/Containers/containers2.png","containers2.png","png","106463","2025-06-08T21:11:07.0723494Z","C:\Program Files (x86)\Steam\steamapps\common\Barotrauma\Content\Items\Containers\containers2.png"
"item-elements","image","Content/Items/Containers/containers2a.png","containers2a.png","png","90030","2025-06-08T21:11:07.0733494Z","C:\Program Files (x86)\Steam\steamapps\common\Barotrauma\Content\Items\Containers\containers2a.png"
"item-elements","image","Content/Items/Containers/DivingSuitLocker.png","DivingSuitLocker.png","png","82150","2025-06-08T21:11:11.7740912Z","C:\Program Files (x86)\Steam\steamapps\common\Barotrauma\Content\Items\Containers\DivingSuitLocker.png"
"item-elements","image","Content/Items/Containers/Lockers.png","Lockers.png","png","288299","2025-06-08T21:11:01.9429167Z","C:\Program Files (x86)\Steam\steamapps\common\Barotrauma\Content\Items\Containers\Lockers.png"
"item-elements","image","Content/Items/Containers/UnitLoadDevice.png","UnitLoadDevice.png","png","471903","2025-06-08T21:11:01.9429167Z","C:\Program Files (x86)\Steam\steamapps\common\Barotrauma\Content\Items\Containers\UnitLoadDevice.png"
"item-elements","image","Content/Items/CreatureLoot/CreatureLoot.png","CreatureLoot.png","png","415712","2025-06-08T21:11:01.9429167Z","C:\Program Files (x86)\Steam\steamapps\common\Barotrauma\Content\Items\CreatureLoot\CreatureLoot.png"
"item-elements","image","Content/Items/Diving/Abyss_DivingSuit.png","Abyss_DivingSuit.png","png","31266","2025-06-08T21:11:12.1657705Z","C:\Program Files (x86)\Steam\steamapps\common\Barotrauma\Content\Items\Diving\Abyss_DivingSuit.png"
"item-elements","image","Content/Items/Diving/Abyss_DivingSuit_Items.png","Abyss_DivingSuit_Items.png","png","90337","2025-06-08T21:11:05.7439261Z","C:\Program Files (x86)\Steam\steamapps\common\Barotrauma\Content\Items\Diving\Abyss_DivingSuit_Items.png"
"item-elements","image","Content/Items/Diving/Broken_DivingSuit.png","Broken_DivingSuit.png","png","48359","2025-06-08T21:11:11.3094139Z","C:\Program Files (x86)\Steam\steamapps\common\Barotrauma\Content\Items\Diving\Broken_DivingSuit.png"
"item-elements","image","Content/Items/Diving/Broken_DivingSuit_contained.png","Broken_DivingSuit_contained.png","png","145827","2025-06-08T21:11:07.0713495Z","C:\Program Files (x86)\Steam\steamapps\common\Barotrauma\Content\Items\Diving\Broken_DivingSuit_contained.png"
"item-elements","image","Content/Items/Diving/combat_DivingSuit.png","combat_DivingSuit.png","png","33487","2025-06-08T21:11:11.3084139Z","C:\Program Files (x86)\Steam\steamapps\common\Barotrauma\Content\Items\Diving\combat_DivingSuit.png"
"item-elements","image","Content/Items/Diving/Combat_DivingSuit_Items.png","Combat_DivingSuit_Items.png","png","87750","2025-06-08T21:11:12.3429660Z","C:\Program Files (x86)\Steam\steamapps\common\Barotrauma\Content\Items\Diving\Combat_DivingSuit_Items.png"
"item-elements","image","Content/Items/Diving/DivingSuit_Item.png","DivingSuit_Item.png","png","94252","2025-06-08T21:11:05.8094236Z","C:\Program Files (x86)\Steam\steamapps\common\Barotrauma\Content\Items\Diving\DivingSuit_Item.png"
"item-elements","image","Content/Items/Diving/MakeshiftArmor.png","MakeshiftArmor.png","png","97481","2025-06-08T21:11:12.3429660Z","C:\Program Files (x86)\Steam\steamapps\common\Barotrauma\Content\Items\Diving\MakeshiftArmor.png"
"item-elements","image","Content/Items/Diving/Old/Abyss_DivingSuit_Legs.png","Abyss_DivingSuit_Legs.png","png","71316","2025-06-08T21:11:12.1657705Z","C:\Program Files (x86)\Steam\steamapps\common\Barotrauma\Content\Items\Diving\Old\Abyss_DivingSuit_Legs.png"
"item-elements","image","Content/Items/Diving/Old/Abyss_DivingSuit_Torso.png","Abyss_DivingSuit_Torso.png","png","104878","2025-06-08T21:11:12.1657705Z","C:\Program Files (x86)\Steam\steamapps\common\Barotrauma\Content\Items\Diving\Old\Abyss_DivingSuit_Torso.png"
"item-elements","image","Content/Items/Diving/Old/Combat_DivingSuit_Legs.png","Combat_DivingSuit_Legs.png","png","113255","2025-06-08T21:11:17.3484025Z","C:\Program Files (x86)\Steam\steamapps\common\Barotrauma\Content\Items\Diving\Old\Combat_DivingSuit_Legs.png"
"item-elements","image","Content/Items/Diving/Old/Combat_DivingSuit_Torso.png","Combat_DivingSuit_Torso.png","png","131194","2025-06-08T21:11:14.5732605Z","C:\Program Files (x86)\Steam\steamapps\common\Barotrauma\Content\Items\Diving\Old\Combat_DivingSuit_Torso.png"
"item-elements","image","Content/Items/Diving/Old/DivingSuit_Legs.png","DivingSuit_Legs.png","png","102194","2025-06-08T21:11:12.3399658Z","C:\Program Files (x86)\Steam\steamapps\common\Barotrauma\Content\Items\Diving\Old\DivingSuit_Legs.png"
"item-elements","image","Content/Items/Diving/Old/DivingSuit_Torso.png","DivingSuit_Torso.png","png","94758","2025-06-08T21:11:11.5378885Z","C:\Program Files (x86)\Steam\steamapps\common\Barotrauma\Content\Items\Diving\Old\DivingSuit_Torso.png"
"item-elements","image","Content/Items/Diving/reg_DivingSuit.png","reg_DivingSuit.png","png","34246","2025-06-08T21:11:12.3409662Z","C:\Program Files (x86)\Steam\steamapps\common\Barotrauma\Content\Items\Diving\reg_DivingSuit.png"
"item-elements","image","Content/Items/Diving/RespawnSuit.png","RespawnSuit.png","png","36473","2025-06-08T21:11:05.8164236Z","C:\Program Files (x86)\Steam\steamapps\common\Barotrauma\Content\Items\Diving\RespawnSuit.png"
"item-elements","image","Content/Items/Diving/RespawnSuit_Items.png","RespawnSuit_Items.png","png","99312","2025-06-08T21:11:05.8104237Z","C:\Program Files (x86)\Steam\steamapps\common\Barotrauma\Content\Items\Diving\RespawnSuit_Items.png"
"item-elements","image","Content/Items/Diving/Scooter.png","Scooter.png","png","28766","2025-06-08T21:11:12.1117119Z","C:\Program Files (x86)\Steam\steamapps\common\Barotrauma\Content\Items\Diving\Scooter.png"
"item-elements","image","Content/Items/Door/dockingport.png","dockingport.png","png","127273","2025-06-08T21:11:07.0713495Z","C:\Program Files (x86)\Steam\steamapps\common\Barotrauma\Content\Items\Door\dockingport.png"
"item-elements","image","Content/Items/Door/dockingportlights.png","dockingportlights.png","png","12367","2025-06-08T21:11:05.8094236Z","C:\Program Files (x86)\Steam\steamapps\common\Barotrauma\Content\Items\Door\dockingportlights.png"
"item-elements","image","Content/Items/Door/door.png","door.png","png","286245","2025-06-08T21:11:01.9449180Z","C:\Program Files (x86)\Steam\steamapps\common\Barotrauma\Content\Items\Door\door.png"
"item-elements","image","Content/Items/Door/hatch.png","hatch.png","png","55975","2025-06-08T21:11:16.2076614Z","C:\Program Files (x86)\Steam\steamapps\common\Barotrauma\Content\Items\Door\hatch.png"
"item-elements","image","Content/Items/Electricity/detectors.png","detectors.png","png","67417","2025-06-08T21:11:12.3429660Z","C:\Program Files (x86)\Steam\steamapps\common\Barotrauma\Content\Items\Electricity\detectors.png"
"item-elements","image","Content/Items/Electricity/lamp.png","lamp.png","png","4184","2025-06-08T21:11:12.3409662Z","C:\Program Files (x86)\Steam\steamapps\common\Barotrauma\Content\Items\Electricity\lamp.png"
"item-elements","image","Content/Items/Electricity/lightsprite.png","lightsprite.png","png","2576","2025-06-08T21:11:12.2819017Z","C:\Program Files (x86)\Steam\steamapps\common\Barotrauma\Content\Items\Electricity\lightsprite.png"
"item-elements","image","Content/Items/Electricity/PowerDistributor.png","PowerDistributor.png","png","112120","2025-06-19T20:07:27.9212456Z","C:\Program Files (x86)\Steam\steamapps\common\Barotrauma\Content\Items\Electricity\PowerDistributor.png"
"item-elements","image","Content/Items/Electricity/signalcomp.png","signalcomp.png","png","219143","2025-06-08T21:11:12.3419660Z","C:\Program Files (x86)\Steam\steamapps\common\Barotrauma\Content\Items\Electricity\signalcomp.png"
"item-elements","image","Content/Items/Electricity/wire.png","wire.png","png","719","2025-06-08T21:11:07.0733494Z","C:\Program Files (x86)\Steam\steamapps\common\Barotrauma\Content\Items\Electricity\wire.png"
"item-elements","image","Content/Items/Electricity/wire2.png","wire2.png","png","731","2025-06-08T21:11:12.3409662Z","C:\Program Files (x86)\Steam\steamapps\common\Barotrauma\Content\Items\Electricity\wire2.png"
"item-elements","image","Content/Items/Engine/Engines.png","Engines.png","png","1344961","2025-06-08T21:11:01.9459168Z","C:\Program Files (x86)\Steam\steamapps\common\Barotrauma\Content\Items\Engine\Engines.png"
"item-elements","image","Content/Items/Fabricators/FabricatorsAndDeconstructors.png","FabricatorsAndDeconstructors.png","png","432102","2025-06-08T21:11:01.9459168Z","C:\Program Files (x86)\Steam\steamapps\common\Barotrauma\Content\Items\Fabricators\FabricatorsAndDeconstructors.png"
"item-elements","image","Content/Items/Gardening/ballastflora.png","ballastflora.png","png","213025","2025-06-08T21:11:05.8684307Z","C:\Program Files (x86)\Steam\steamapps\common\Barotrauma\Content\Items\Gardening\ballastflora.png"
"item-elements","image","Content/Items/Gardening/ballastflorabranches.png","ballastflorabranches.png","png","81551","2025-06-08T21:11:11.8211861Z","C:\Program Files (x86)\Steam\steamapps\common\Barotrauma\Content\Items\Gardening\ballastflorabranches.png"
"item-elements","image","Content/Items/Gardening/ballastflorabranches_burned.png","ballastflorabranches_burned.png","png","83031","2025-06-08T21:11:12.3893118Z","C:\Program Files (x86)\Steam\steamapps\common\Barotrauma\Content\Items\Gardening\ballastflorabranches_burned.png"
"item-elements","image","Content/Items/Gardening/branches.png","branches.png","png","829982","2025-06-08T21:11:01.9459168Z","C:\Program Files (x86)\Steam\steamapps\common\Barotrauma\Content\Items\Gardening\branches.png"
"item-elements","image","Content/Items/Gardening/branches_overlay.png","branches_overlay.png","png","322432","2025-06-08T21:11:01.9459168Z","C:\Program Files (x86)\Steam\steamapps\common\Barotrauma\Content\Items\Gardening\branches_overlay.png"
"item-elements","image","Content/Items/Gardening/GrowablePlants_Temp.png","GrowablePlants_Temp.png","png","185442","2025-06-08T21:11:12.6213729Z","C:\Program Files (x86)\Steam\steamapps\common\Barotrauma\Content\Items\Gardening\GrowablePlants_Temp.png"
"item-elements","image","Content/Items/Genetic/Genetic.png","Genetic.png","png","44800","2025-06-08T21:11:07.0713495Z","C:\Program Files (x86)\Steam\steamapps\common\Barotrauma\Content\Items\Genetic\Genetic.png"
"item-elements","image","Content/Items/idcard.png","idcard.png","png","720","2025-06-08T21:11:12.5617883Z","C:\Program Files (x86)\Steam\steamapps\common\Barotrauma\Content\Items\idcard.png"
"item-elements","image","Content/Items/InventoryIconAtlas.png","InventoryIconAtlas.png","png","1041370","2025-06-08T21:11:01.9459168Z","C:\Program Files (x86)\Steam\steamapps\common\Barotrauma\Content\Items\InventoryIconAtlas.png"
"item-elements","image","Content/Items/InventoryIconAtlas2.png","InventoryIconAtlas2.png","png","537637","2026-04-09T15:55:12.9174596Z","C:\Program Files (x86)\Steam\steamapps\common\Barotrauma\Content\Items\InventoryIconAtlas2.png"
"item-elements","image","Content/Items/Jobgear/AlienGear.png","AlienGear.png","png","16333","2025-06-08T21:11:12.5617883Z","C:\Program Files (x86)\Steam\steamapps\common\Barotrauma\Content\Items\Jobgear\AlienGear.png"
"item-elements","image","Content/Items/Jobgear/Assistant/Assistant.png","Assistant.png","png","71531","2025-06-08T21:11:07.1340051Z","C:\Program Files (x86)\Steam\steamapps\common\Barotrauma\Content\Items\Jobgear\Assistant\Assistant.png"
"item-elements","image","Content/Items/Jobgear/Assistant/OLD/assistant_legs_female_1.png","assistant_legs_female_1.png","png","60791","2025-06-08T21:11:07.1922335Z","C:\Program Files (x86)\Steam\steamapps\common\Barotrauma\Content\Items\Jobgear\Assistant\OLD\assistant_legs_female_1.png"
"item-elements","image","Content/Items/Jobgear/Assistant/OLD/assistant_legs_male_1.png","assistant_legs_male_1.png","png","60791","2025-06-08T21:11:07.1902334Z","C:\Program Files (x86)\Steam\steamapps\common\Barotrauma\Content\Items\Jobgear\Assistant\OLD\assistant_legs_male_1.png"
"item-elements","image","Content/Items/Jobgear/Assistant/OLD/assistant_torso_female_1.png","assistant_torso_female_1.png","png","49245","2025-06-08T21:11:07.1922335Z","C:\Program Files (x86)\Steam\steamapps\common\Barotrauma\Content\Items\Jobgear\Assistant\OLD\assistant_torso_female_1.png"
"item-elements","image","Content/Items/Jobgear/Assistant/OLD/assistant_torso_male_1.png","assistant_torso_male_1.png","png","51870","2025-06-08T21:11:12.8991627Z","C:\Program Files (x86)\Steam\steamapps\common\Barotrauma\Content\Items\Jobgear\Assistant\OLD\assistant_torso_male_1.png"
"item-elements","image","Content/Items/Jobgear/Captain/captain_1.png","captain_1.png","png","85301","2025-06-08T21:11:05.9917453Z","C:\Program Files (x86)\Steam\steamapps\common\Barotrauma\Content\Items\Jobgear\Captain\captain_1.png"
"item-elements","image","Content/Items/Jobgear/Captain/captain_2.png","captain_2.png","png","77015","2025-06-08T21:11:12.6203719Z","C:\Program Files (x86)\Steam\steamapps\common\Barotrauma\Content\Items\Jobgear\Captain\captain_2.png"
"item-elements","image","Content/Items/Jobgear/Captain/captain_3.png","captain_3.png","png","65421","2025-06-08T21:11:07.1872353Z","C:\Program Files (x86)\Steam\steamapps\common\Barotrauma\Content\Items\Jobgear\Captain\captain_3.png"
"item-elements","image","Content/Items/Jobgear/Captain/captain_separatist_1.png","captain_separatist_1.png","png","76518","2025-06-08T21:11:16.9548825Z","C:\Program Files (x86)\Steam\steamapps\common\Barotrauma\Content\Items\Jobgear\Captain\captain_separatist_1.png"
"item-elements","image","Content/Items/Jobgear/Captain/captain_separatist_2.png","captain_separatist_2.png","png","91996","2025-06-08T21:11:07.1912344Z","C:\Program Files (x86)\Steam\steamapps\common\Barotrauma\Content\Items\Jobgear\Captain\captain_separatist_2.png"
"item-elements","image","Content/Items/Jobgear/Captain/captain_separatist_3.png","captain_separatist_3.png","png","83442","2025-06-08T21:11:12.9550765Z","C:\Program Files (x86)\Steam\steamapps\common\Barotrauma\Content\Items\Jobgear\Captain\captain_separatist_3.png"
"item-elements","image","Content/Items/Jobgear/Captain/old/captain_legs_female_1.png","captain_legs_female_1.png","png","60466","2025-06-08T21:11:06.0367943Z","C:\Program Files (x86)\Steam\steamapps\common\Barotrauma\Content\Items\Jobgear\Captain\old\captain_legs_female_1.png"
"item-elements","image","Content/Items/Jobgear/Captain/old/captain_legs_female_2.png","captain_legs_female_2.png","png","58341","2025-06-08T21:11:13.0125853Z","C:\Program Files (x86)\Steam\steamapps\common\Barotrauma\Content\Items\Jobgear\Captain\old\captain_legs_female_2.png"
"item-elements","image","Content/Items/Jobgear/Captain/old/captain_legs_female_3.png","captain_legs_female_3.png","png","86838","2025-06-08T21:11:07.1872353Z","C:\Program Files (x86)\Steam\steamapps\common\Barotrauma\Content\Items\Jobgear\Captain\old\captain_legs_female_3.png"
"item-elements","image","Content/Items/Jobgear/Captain/old/captain_legs_male_1.png","captain_legs_male_1.png","png","60466","2025-06-08T21:11:06.0367943Z","C:\Program Files (x86)\Steam\steamapps\common\Barotrauma\Content\Items\Jobgear\Captain\old\captain_legs_male_1.png"
"item-elements","image","Content/Items/Jobgear/Captain/old/captain_legs_male_2.png","captain_legs_male_2.png","png","58888","2025-06-08T21:11:12.6213729Z","C:\Program Files (x86)\Steam\steamapps\common\Barotrauma\Content\Items\Jobgear\Captain\old\captain_legs_male_2.png"
"item-elements","image","Content/Items/Jobgear/Captain/old/captain_legs_male_3.png","captain_legs_male_3.png","png","82712","2025-06-08T21:11:13.0125853Z","C:\Program Files (x86)\Steam\steamapps\common\Barotrauma\Content\Items\Jobgear\Captain\old\captain_legs_male_3.png"
"item-elements","image","Content/Items/Jobgear/Captain/old/captain_torso_female_1.png","captain_torso_female_1.png","png","70035","2025-06-08T21:11:12.6233723Z","C:\Program Files (x86)\Steam\steamapps\common\Barotrauma\Content\Items\Jobgear\Captain\old\captain_torso_female_1.png"
"item-elements","image","Content/Items/Jobgear/Captain/old/captain_torso_female_2.png","captain_torso_female_2.png","png","61544","2025-06-08T21:11:12.6223726Z","C:\Program Files (x86)\Steam\steamapps\common\Barotrauma\Content\Items\Jobgear\Captain\old\captain_torso_female_2.png"
"item-elements","image","Content/Items/Jobgear/Captain/old/captain_torso_female_3.png","captain_torso_female_3.png","png","85675","2025-06-08T21:11:17.0638464Z","C:\Program Files (x86)\Steam\steamapps\common\Barotrauma\Content\Items\Jobgear\Captain\old\captain_torso_female_3.png"
"item-elements","image","Content/Items/Jobgear/Captain/old/captain_torso_male_1.png","captain_torso_male_1.png","png","70389","2025-06-08T21:11:07.1902334Z","C:\Program Files (x86)\Steam\steamapps\common\Barotrauma\Content\Items\Jobgear\Captain\old\captain_torso_male_1.png"
"item-elements","image","Content/Items/Jobgear/Captain/old/captain_torso_male_2.png","captain_torso_male_2.png","png","66009","2025-06-08T21:11:17.0598463Z","C:\Program Files (x86)\Steam\steamapps\common\Barotrauma\Content\Items\Jobgear\Captain\old\captain_torso_male_2.png"
"item-elements","image","Content/Items/Jobgear/Captain/old/captain_torso_male_3.png","captain_torso_male_3.png","png","76386","2025-06-08T21:11:13.0742884Z","C:\Program Files (x86)\Steam\steamapps\common\Barotrauma\Content\Items\Jobgear\Captain\old\captain_torso_male_3.png"
"item-elements","image","Content/Items/Jobgear/Clown/clown.png","clown.png","png","71425","2025-06-08T21:11:12.8991627Z","C:\Program Files (x86)\Steam\steamapps\common\Barotrauma\Content\Items\Jobgear\Clown\clown.png"
"item-elements","image","Content/Items/Jobgear/Clown/clown_rare.png","clown_rare.png","png","30443","2025-06-08T21:11:12.5617883Z","C:\Program Files (x86)\Steam\steamapps\common\Barotrauma\Content\Items\Jobgear\Clown\clown_rare.png"
"item-elements","image","Content/Items/Jobgear/Clown/ClownExoSuit.png","ClownExoSuit.png","png","216220","2025-06-08T21:11:13.1912956Z","C:\Program Files (x86)\Steam\steamapps\common\Barotrauma\Content\Items\Jobgear\Clown\ClownExoSuit.png"
"item-elements","image","Content/Items/Jobgear/Clown/old/clown_legs_female.png","clown_legs_female.png","png","42331","2025-06-08T21:11:12.9610867Z","C:\Program Files (x86)\Steam\steamapps\common\Barotrauma\Content\Items\Jobgear\Clown\old\clown_legs_female.png"
"item-elements","image","Content/Items/Jobgear/Clown/old/clown_legs_male.png","clown_legs_male.png","png","42331","2025-06-08T21:11:12.9620856Z","C:\Program Files (x86)\Steam\steamapps\common\Barotrauma\Content\Items\Jobgear\Clown\old\clown_legs_male.png"
"item-elements","image","Content/Items/Jobgear/Clown/old/clown_torso_female.png","clown_torso_female.png","png","80712","2025-06-08T21:11:07.2937661Z","C:\Program Files (x86)\Steam\steamapps\common\Barotrauma\Content\Items\Jobgear\Clown\old\clown_torso_female.png"
"item-elements","image","Content/Items/Jobgear/Clown/old/clown_torso_male.png","clown_torso_male.png","png","80545","2025-06-08T21:11:07.2887659Z","C:\Program Files (x86)\Steam\steamapps\common\Barotrauma\Content\Items\Jobgear\Clown\old\clown_torso_male.png"
"item-elements","image","Content/Items/Jobgear/Clown/old/rareclown_legs_female.png","rareclown_legs_female.png","png","53348","2025-06-08T21:11:12.9620856Z","C:\Program Files (x86)\Steam\steamapps\common\Barotrauma\Content\Items\Jobgear\Clown\old\rareclown_legs_female.png"
"item-elements","image","Content/Items/Jobgear/Clown/old/rareclown_legs_male.png","rareclown_legs_male.png","png","62984","2025-06-08T21:11:17.0628468Z","C:\Program Files (x86)\Steam\steamapps\common\Barotrauma\Content\Items\Jobgear\Clown\old\rareclown_legs_male.png"
"item-elements","image","Content/Items/Jobgear/Clown/old/rareclown_torso_female.png","rareclown_torso_female.png","png","64173","2025-06-08T21:11:12.6223726Z","C:\Program Files (x86)\Steam\steamapps\common\Barotrauma\Content\Items\Jobgear\Clown\old\rareclown_torso_female.png"
"item-elements","image","Content/Items/Jobgear/Clown/old/rareclown_torso_male.png","rareclown_torso_male.png","png","64065","2025-06-08T21:11:13.6260918Z","C:\Program Files (x86)\Steam\steamapps\common\Barotrauma\Content\Items\Jobgear\Clown\old\rareclown_torso_male.png"
"item-elements","image","Content/Items/Jobgear/Commoner/administrator.png","administrator.png","png","62057","2025-06-08T21:11:13.0156887Z","C:\Program Files (x86)\Steam\steamapps\common\Barotrauma\Content\Items\Jobgear\Commoner\administrator.png"
"item-elements","image","Content/Items/Jobgear/Commoner/bandit_1.png","bandit_1.png","png","80073","2025-06-08T21:11:13.6300906Z","C:\Program Files (x86)\Steam\steamapps\common\Barotrauma\Content\Items\Jobgear\Commoner\bandit_1.png"
"item-elements","image","Content/Items/Jobgear/Commoner/bandit_2.png","bandit_2.png","png","78912","2025-06-08T21:11:13.6290904Z","C:\Program Files (x86)\Steam\steamapps\common\Barotrauma\Content\Items\Jobgear\Commoner\bandit_2.png"
"item-elements","image","Content/Items/Jobgear/Commoner/commoner_5.png","commoner_5.png","png","80305","2025-06-08T21:11:13.0125853Z","C:\Program Files (x86)\Steam\steamapps\common\Barotrauma\Content\Items\Jobgear\Commoner\commoner_5.png"
"item-elements","image","Content/Items/Jobgear/Commoner/Commoner1.png","Commoner1.png","png","98515","2025-06-08T21:11:07.2907667Z","C:\Program Files (x86)\Steam\steamapps\common\Barotrauma\Content\Items\Jobgear\Commoner\Commoner1.png"
"item-elements","image","Content/Items/Jobgear/Commoner/Commoner2.png","Commoner2.png","png","67220","2025-06-08T21:11:13.6878616Z","C:\Program Files (x86)\Steam\steamapps\common\Barotrauma\Content\Items\Jobgear\Commoner\Commoner2.png"
"item-elements","image","Content/Items/Jobgear/Commoner/Commoner3.png","Commoner3.png","png","101360","2025-06-08T21:11:07.2927655Z","C:\Program Files (x86)\Steam\steamapps\common\Barotrauma\Content\Items\Jobgear\Commoner\Commoner3.png"
"item-elements","image","Content/Items/Jobgear/Commoner/Commoner4.png","Commoner4.png","png","100546","2025-06-08T21:11:13.0146970Z","C:\Program Files (x86)\Steam\steamapps\common\Barotrauma\Content\Items\Jobgear\Commoner\Commoner4.png"
"item-elements","image","Content/Items/Jobgear/Commoner/crewchief.png","crewchief.png","png","77958","2025-06-08T21:11:07.2937661Z","C:\Program Files (x86)\Steam\steamapps\common\Barotrauma\Content\Items\Jobgear\Commoner\crewchief.png"
"item-elements","image","Content/Items/Jobgear/Commoner/MedicalOfficer.png","MedicalOfficer.png","png","88666","2025-06-08T21:11:13.7446200Z","C:\Program Files (x86)\Steam\steamapps\common\Barotrauma\Content\Items\Jobgear\Commoner\MedicalOfficer.png"
"item-elements","image","Content/Items/Jobgear/Commoner/miner.png","miner.png","png","79937","2025-06-08T21:11:12.6213729Z","C:\Program Files (x86)\Steam\steamapps\common\Barotrauma\Content\Items\Jobgear\Commoner\miner.png"
"item-elements","image","Content/Items/Jobgear/Commoner/Old/administrator_legs_female.png","administrator_legs_female.png","png","92399","2025-06-08T21:11:12.6223726Z","C:\Program Files (x86)\Steam\steamapps\common\Barotrauma\Content\Items\Jobgear\Commoner\Old\administrator_legs_female.png"
"item-elements","image","Content/Items/Jobgear/Commoner/Old/administrator_legs_male.png","administrator_legs_male.png","png","92399","2025-06-08T21:11:13.7486201Z","C:\Program Files (x86)\Steam\steamapps\common\Barotrauma\Content\Items\Jobgear\Commoner\Old\administrator_legs_male.png"
"item-elements","image","Content/Items/Jobgear/Commoner/Old/administrator_torso_female.png","administrator_torso_female.png","png","75786","2025-06-08T21:11:12.6856363Z","C:\Program Files (x86)\Steam\steamapps\common\Barotrauma\Content\Items\Jobgear\Commoner\Old\administrator_torso_female.png"
"item-elements","image","Content/Items/Jobgear/Commoner/Old/administrator_torso_male.png","administrator_torso_male.png","png","76167","2025-06-08T21:11:13.0125853Z","C:\Program Files (x86)\Steam\steamapps\common\Barotrauma\Content\Items\Jobgear\Commoner\Old\administrator_torso_male.png"
"item-elements","image","Content/Items/Jobgear/Commoner/Old/bandit_legs_1.png","bandit_legs_1.png","png","120663","2025-06-08T21:11:13.0742884Z","C:\Program Files (x86)\Steam\steamapps\common\Barotrauma\Content\Items\Jobgear\Commoner\Old\bandit_legs_1.png"
"item-elements","image","Content/Items/Jobgear/Commoner/Old/bandit_legs_2.png","bandit_legs_2.png","png","120663","2025-06-08T21:11:12.6856363Z","C:\Program Files (x86)\Steam\steamapps\common\Barotrauma\Content\Items\Jobgear\Commoner\Old\bandit_legs_2.png"
"item-elements","image","Content/Items/Jobgear/Commoner/Old/bandit_torso_1.png","bandit_torso_1.png","png","138434","2025-06-08T21:11:12.7383753Z","C:\Program Files (x86)\Steam\steamapps\common\Barotrauma\Content\Items\Jobgear\Commoner\Old\bandit_torso_1.png"
"item-elements","image","Content/Items/Jobgear/Commoner/Old/bandit_torso_2.png","bandit_torso_2.png","png","160681","2025-06-08T21:11:12.7383753Z","C:\Program Files (x86)\Steam\steamapps\common\Barotrauma\Content\Items\Jobgear\Commoner\Old\bandit_torso_2.png"
"item-elements","image","Content/Items/Jobgear/Commoner/Old/commoner_legs_female_1.png","commoner_legs_female_1.png","png","76648","2025-06-08T21:11:12.7373823Z","C:\Program Files (x86)\Steam\steamapps\common\Barotrauma\Content\Items\Jobgear\Commoner\Old\commoner_legs_female_1.png"
"item-elements","image","Content/Items/Jobgear/Commoner/Old/commoner_legs_female_2.png","commoner_legs_female_2.png","png","67262","2025-06-08T21:11:13.0752886Z","C:\Program Files (x86)\Steam\steamapps\common\Barotrauma\Content\Items\Jobgear\Commoner\Old\commoner_legs_female_2.png"
"item-elements","image","Content/Items/Jobgear/Commoner/Old/commoner_legs_female_3.png","commoner_legs_female_3.png","png","65593","2025-06-08T21:11:07.3456311Z","C:\Program Files (x86)\Steam\steamapps\common\Barotrauma\Content\Items\Jobgear\Commoner\Old\commoner_legs_female_3.png"
"item-elements","image","Content/Items/Jobgear/Commoner/Old/commoner_legs_female_4.png","commoner_legs_female_4.png","png","63303","2025-06-08T21:11:12.7938140Z","C:\Program Files (x86)\Steam\steamapps\common\Barotrauma\Content\Items\Jobgear\Commoner\Old\commoner_legs_female_4.png"
"item-elements","image","Content/Items/Jobgear/Commoner/Old/commoner_legs_male_1.png","commoner_legs_male_1.png","png","76648","2025-06-08T21:11:07.3456311Z","C:\Program Files (x86)\Steam\steamapps\common\Barotrauma\Content\Items\Jobgear\Commoner\Old\commoner_legs_male_1.png"
"item-elements","image","Content/Items/Jobgear/Commoner/Old/commoner_legs_male_2.png","commoner_legs_male_2.png","png","67262","2025-06-08T21:11:17.1251303Z","C:\Program Files (x86)\Steam\steamapps\common\Barotrauma\Content\Items\Jobgear\Commoner\Old\commoner_legs_male_2.png"
"item-elements","image","Content/Items/Jobgear/Commoner/Old/commoner_legs_male_3.png","commoner_legs_male_3.png","png","65593","2025-06-08T21:11:17.1261302Z","C:\Program Files (x86)\Steam\steamapps\common\Barotrauma\Content\Items\Jobgear\Commoner\Old\commoner_legs_male_3.png"
"item-elements","image","Content/Items/Jobgear/Commoner/Old/commoner_legs_male_4.png","commoner_legs_male_4.png","png","63303","2025-06-08T21:11:12.7938140Z","C:\Program Files (x86)\Steam\steamapps\common\Barotrauma\Content\Items\Jobgear\Commoner\Old\commoner_legs_male_4.png"
"item-elements","image","Content/Items/Jobgear/Commoner/Old/commoner_torso_female_1.png","commoner_torso_female_1.png","png","70585","2025-06-08T21:11:13.0752886Z","C:\Program Files (x86)\Steam\steamapps\common\Barotrauma\Content\Items\Jobgear\Commoner\Old\commoner_torso_female_1.png"
"item-elements","image","Content/Items/Jobgear/Commoner/Old/commoner_torso_female_2.png","commoner_torso_female_2.png","png","70869","2025-06-08T21:11:13.8540115Z","C:\Program Files (x86)\Steam\steamapps\common\Barotrauma\Content\Items\Jobgear\Commoner\Old\commoner_torso_female_2.png"
"item-elements","image","Content/Items/Jobgear/Commoner/Old/commoner_torso_female_3.png","commoner_torso_female_3.png","png","60381","2025-06-08T21:11:06.0407948Z","C:\Program Files (x86)\Steam\steamapps\common\Barotrauma\Content\Items\Jobgear\Commoner\Old\commoner_torso_female_3.png"
"item-elements","image","Content/Items/Jobgear/Commoner/Old/commoner_torso_female_4.png","commoner_torso_female_4.png","png","60199","2025-06-08T21:11:13.1329758Z","C:\Program Files (x86)\Steam\steamapps\common\Barotrauma\Content\Items\Jobgear\Commoner\Old\commoner_torso_female_4.png"
"item-elements","image","Content/Items/Jobgear/Commoner/Old/commoner_torso_male_1.png","commoner_torso_male_1.png","png","73490","2025-06-08T21:11:06.0377947Z","C:\Program Files (x86)\Steam\steamapps\common\Barotrauma\Content\Items\Jobgear\Commoner\Old\commoner_torso_male_1.png"
"item-elements","image","Content/Items/Jobgear/Commoner/Old/commoner_torso_male_2.png","commoner_torso_male_2.png","png","71408","2025-06-08T21:11:13.1329758Z","C:\Program Files (x86)\Steam\steamapps\common\Barotrauma\Content\Items\Jobgear\Commoner\Old\commoner_torso_male_2.png"
"item-elements","image","Content/Items/Jobgear/Commoner/Old/commoner_torso_male_3.png","commoner_torso_male_3.png","png","61589","2025-06-08T21:11:13.8570114Z","C:\Program Files (x86)\Steam\steamapps\common\Barotrauma\Content\Items\Jobgear\Commoner\Old\commoner_torso_male_3.png"
"item-elements","image","Content/Items/Jobgear/Commoner/Old/commoner_torso_male_4.png","commoner_torso_male_4.png","png","60799","2025-06-08T21:11:13.8570114Z","C:\Program Files (x86)\Steam\steamapps\common\Barotrauma\Content\Items\Jobgear\Commoner\Old\commoner_torso_male_4.png"
"item-elements","image","Content/Items/Jobgear/Commoner/Old/crewchief_legs_female.png","crewchief_legs_female.png","png","95547","2025-06-08T21:11:07.3456311Z","C:\Program Files (x86)\Steam\steamapps\common\Barotrauma\Content\Items\Jobgear\Commoner\Old\crewchief_legs_female.png"
"item-elements","image","Content/Items/Jobgear/Commoner/Old/crewchief_legs_male.png","crewchief_legs_male.png","png","95547","2025-06-08T21:11:12.8468498Z","C:\Program Files (x86)\Steam\steamapps\common\Barotrauma\Content\Items\Jobgear\Commoner\Old\crewchief_legs_male.png"
"item-elements","image","Content/Items/Jobgear/Commoner/Old/crewchief_torso_female.png","crewchief_torso_female.png","png","74068","2025-06-08T21:11:13.9697114Z","C:\Program Files (x86)\Steam\steamapps\common\Barotrauma\Content\Items\Jobgear\Commoner\Old\crewchief_torso_female.png"
"item-elements","image","Content/Items/Jobgear/Commoner/Old/crewchief_torso_male.png","crewchief_torso_male.png","png","74829","2025-06-08T21:11:13.9707113Z","C:\Program Files (x86)\Steam\steamapps\common\Barotrauma\Content\Items\Jobgear\Commoner\Old\crewchief_torso_male.png"
"item-elements","image","Content/Items/Jobgear/Commoner/Old/medicalofficer_legs_female.png","medicalofficer_legs_female.png","png","73702","2025-06-08T21:11:12.8468498Z","C:\Program Files (x86)\Steam\steamapps\common\Barotrauma\Content\Items\Jobgear\Commoner\Old\medicalofficer_legs_female.png"
"item-elements","image","Content/Items/Jobgear/Commoner/Old/medicalofficer_legs_male.png","medicalofficer_legs_male.png","png","73882","2025-06-08T21:11:13.1339766Z","C:\Program Files (x86)\Steam\steamapps\common\Barotrauma\Content\Items\Jobgear\Commoner\Old\medicalofficer_legs_male.png"
"item-elements","image","Content/Items/Jobgear/Commoner/Old/medicalofficer_torso_female.png","medicalofficer_torso_female.png","png","84227","2025-06-08T21:11:13.9707113Z","C:\Program Files (x86)\Steam\steamapps\common\Barotrauma\Content\Items\Jobgear\Commoner\Old\medicalofficer_torso_female.png"
"item-elements","image","Content/Items/Jobgear/Commoner/Old/medicalofficer_torso_male.png","medicalofficer_torso_male.png","png","83930","2025-06-08T21:11:06.0668019Z","C:\Program Files (x86)\Steam\steamapps\common\Barotrauma\Content\Items\Jobgear\Commoner\Old\medicalofficer_torso_male.png"
"item-elements","image","Content/Items/Jobgear/Commoner/Old/miner_legs_female.png","miner_legs_female.png","png","87867","2025-06-08T21:11:07.4097652Z","C:\Program Files (x86)\Steam\steamapps\common\Barotrauma\Content\Items\Jobgear\Commoner\Old\miner_legs_female.png"
"item-elements","image","Content/Items/Jobgear/Commoner/Old/miner_legs_male.png","miner_legs_male.png","png","87867","2025-06-08T21:11:17.2425015Z","C:\Program Files (x86)\Steam\steamapps\common\Barotrauma\Content\Items\Jobgear\Commoner\Old\miner_legs_male.png"
"item-elements","image","Content/Items/Jobgear/Commoner/Old/miner_torso_female.png","miner_torso_female.png","png","83881","2025-06-08T21:11:12.8468498Z","C:\Program Files (x86)\Steam\steamapps\common\Barotrauma\Content\Items\Jobgear\Commoner\Old\miner_torso_female.png"
"item-elements","image","Content/Items/Jobgear/Commoner/Old/miner_torso_male.png","miner_torso_male.png","png","85588","2025-06-08T21:11:13.1922940Z","C:\Program Files (x86)\Steam\steamapps\common\Barotrauma\Content\Items\Jobgear\Commoner\Old\miner_torso_male.png"
"item-elements","image","Content/Items/Jobgear/Commoner/Old/pirate_legs.png","pirate_legs.png","png","150318","2025-06-08T21:11:12.8468498Z","C:\Program Files (x86)\Steam\steamapps\common\Barotrauma\Content\Items\Jobgear\Commoner\Old\pirate_legs.png"
"item-elements","image","Content/Items/Jobgear/Commoner/Old/pirate_torso.png","pirate_torso.png","png","97056","2025-06-08T21:11:17.2445022Z","C:\Program Files (x86)\Steam\steamapps\common\Barotrauma\Content\Items\Jobgear\Commoner\Old\pirate_torso.png"
"item-elements","image","Content/Items/Jobgear/Commoner/Old/pirate_torso_2.png","pirate_torso_2.png","png","84939","2025-06-08T21:11:12.8458501Z","C:\Program Files (x86)\Steam\steamapps\common\Barotrauma\Content\Items\Jobgear\Commoner\Old\pirate_torso_2.png"
"item-elements","image","Content/Items/Jobgear/Commoner/Old/pirate_torso_3.png","pirate_torso_3.png","png","98589","2025-06-08T21:11:14.0264819Z","C:\Program Files (x86)\Steam\steamapps\common\Barotrauma\Content\Items\Jobgear\Commoner\Old\pirate_torso_3.png"
"item-elements","image","Content/Items/Jobgear/Commoner/Old/prisoner_legs_female.png","prisoner_legs_female.png","png","56479","2025-06-08T21:11:17.2435011Z","C:\Program Files (x86)\Steam\steamapps\common\Barotrauma\Content\Items\Jobgear\Commoner\Old\prisoner_legs_female.png"
"item-elements","image","Content/Items/Jobgear/Commoner/Old/prisoner_legs_male.png","prisoner_legs_male.png","png","56479","2025-06-08T21:11:12.9011625Z","C:\Program Files (x86)\Steam\steamapps\common\Barotrauma\Content\Items\Jobgear\Commoner\Old\prisoner_legs_male.png"
"item-elements","image","Content/Items/Jobgear/Commoner/Old/prisoner_torso_female.png","prisoner_torso_female.png","png","52896","2025-06-08T21:11:17.2435011Z","C:\Program Files (x86)\Steam\steamapps\common\Barotrauma\Content\Items\Jobgear\Commoner\Old\prisoner_torso_female.png"
"item-elements","image","Content/Items/Jobgear/Commoner/Old/prisoner_torso_male.png","prisoner_torso_male.png","png","53630","2025-06-08T21:11:14.0264819Z","C:\Program Files (x86)\Steam\steamapps\common\Barotrauma\Content\Items\Jobgear\Commoner\Old\prisoner_torso_male.png"
"item-elements","image","Content/Items/Jobgear/Commoner/Old/quartermaster_legs_female.png","quartermaster_legs_female.png","png","85678","2025-06-08T21:11:06.0668019Z","C:\Program Files (x86)\Steam\steamapps\common\Barotrauma\Content\Items\Jobgear\Commoner\Old\quartermaster_legs_female.png"
"item-elements","image","Content/Items/Jobgear/Commoner/Old/quartermaster_legs_male.png","quartermaster_legs_male.png","png","85620","2025-06-08T21:11:12.9021627Z","C:\Program Files (x86)\Steam\steamapps\common\Barotrauma\Content\Items\Jobgear\Commoner\Old\quartermaster_legs_male.png"
"item-elements","image","Content/Items/Jobgear/Commoner/Old/quartermaster_torso_female.png","quartermaster_torso_female.png","png","59795","2025-06-08T21:11:06.0668019Z","C:\Program Files (x86)\Steam\steamapps\common\Barotrauma\Content\Items\Jobgear\Commoner\Old\quartermaster_torso_female.png"
"item-elements","image","Content/Items/Jobgear/Commoner/Old/quartermaster_torso_male.png","quartermaster_torso_male.png","png","60147","2025-06-08T21:11:14.0919263Z","C:\Program Files (x86)\Steam\steamapps\common\Barotrauma\Content\Items\Jobgear\Commoner\Old\quartermaster_torso_male.png"
"item-elements","image","Content/Items/Jobgear/Commoner/Old/researcher_legs_female.png","researcher_legs_female.png","png","85095","2025-06-08T21:11:14.1404573Z","C:\Program Files (x86)\Steam\steamapps\common\Barotrauma\Content\Items\Jobgear\Commoner\Old\researcher_legs_female.png"
"item-elements","image","Content/Items/Jobgear/Commoner/Old/researcher_legs_male.png","researcher_legs_male.png","png","85095","2025-06-08T21:11:17.2445022Z","C:\Program Files (x86)\Steam\steamapps\common\Barotrauma\Content\Items\Jobgear\Commoner\Old\researcher_legs_male.png"
"item-elements","image","Content/Items/Jobgear/Commoner/Old/researcher_torso_female.png","researcher_torso_female.png","png","83121","2025-06-08T21:11:12.9630845Z","C:\Program Files (x86)\Steam\steamapps\common\Barotrauma\Content\Items\Jobgear\Commoner\Old\researcher_torso_female.png"
"item-elements","image","Content/Items/Jobgear/Commoner/Old/researcher_torso_male.png","researcher_torso_male.png","png","82893","2025-06-08T21:11:07.4117658Z","C:\Program Files (x86)\Steam\steamapps\common\Barotrauma\Content\Items\Jobgear\Commoner\Old\researcher_torso_male.png"
"item-elements","image","Content/Items/Jobgear/Commoner/Old/securitypatrol_legs_female.png","securitypatrol_legs_female.png","png","90004","2025-06-08T21:11:07.4117658Z","C:\Program Files (x86)\Steam\steamapps\common\Barotrauma\Content\Items\Jobgear\Commoner\Old\securitypatrol_legs_female.png"
"item-elements","image","Content/Items/Jobgear/Commoner/Old/securitypatrol_legs_male.png","securitypatrol_legs_male.png","png","90004","2025-06-08T21:11:13.1893922Z","C:\Program Files (x86)\Steam\steamapps\common\Barotrauma\Content\Items\Jobgear\Commoner\Old\securitypatrol_legs_male.png"
"item-elements","image","Content/Items/Jobgear/Commoner/Old/securitypatrol_torso_female.png","securitypatrol_torso_female.png","png","86921","2025-06-08T21:11:07.4127665Z","C:\Program Files (x86)\Steam\steamapps\common\Barotrauma\Content\Items\Jobgear\Commoner\Old\securitypatrol_torso_female.png"
"item-elements","image","Content/Items/Jobgear/Commoner/Old/securitypatrol_torso_male.png","securitypatrol_torso_male.png","png","87337","2025-06-08T21:11:06.0397948Z","C:\Program Files (x86)\Steam\steamapps\common\Barotrauma\Content\Items\Jobgear\Commoner\Old\securitypatrol_torso_male.png"
"item-elements","image","Content/Items/Jobgear/Commoner/Old/vip_legs_1.png","vip_legs_1.png","png","23363","2025-06-08T21:11:17.2445022Z","C:\Program Files (x86)\Steam\steamapps\common\Barotrauma\Content\Items\Jobgear\Commoner\Old\vip_legs_1.png"
"item-elements","image","Content/Items/Jobgear/Commoner/Old/vip_legs_2.png","vip_legs_2.png","png","22093","2025-06-08T21:11:12.9620856Z","C:\Program Files (x86)\Steam\steamapps\common\Barotrauma\Content\Items\Jobgear\Commoner\Old\vip_legs_2.png"
"item-elements","image","Content/Items/Jobgear/Commoner/Old/vip_legs_3.png","vip_legs_3.png","png","22444","2025-06-08T21:11:07.4127665Z","C:\Program Files (x86)\Steam\steamapps\common\Barotrauma\Content\Items\Jobgear\Commoner\Old\vip_legs_3.png"
"item-elements","image","Content/Items/Jobgear/Commoner/Old/vip_torso_1.png","vip_torso_1.png","png","20469","2025-06-08T21:11:12.9630845Z","C:\Program Files (x86)\Steam\steamapps\common\Barotrauma\Content\Items\Jobgear\Commoner\Old\vip_torso_1.png"
"item-elements","image","Content/Items/Jobgear/Commoner/Old/vip_torso_2.png","vip_torso_2.png","png","22717","2025-06-08T21:11:12.9630845Z","C:\Program Files (x86)\Steam\steamapps\common\Barotrauma\Content\Items\Jobgear\Commoner\Old\vip_torso_2.png"
"item-elements","image","Content/Items/Jobgear/Commoner/Old/vip_torso_3.png","vip_torso_3.png","png","20867","2025-06-08T21:11:17.2435011Z","C:\Program Files (x86)\Steam\steamapps\common\Barotrauma\Content\Items\Jobgear\Commoner\Old\vip_torso_3.png"
"item-elements","image","Content/Items/Jobgear/Commoner/Prisoner.png","Prisoner.png","png","80526","2025-06-08T21:11:07.4678537Z","C:\Program Files (x86)\Steam\steamapps\common\Barotrauma\Content\Items\Jobgear\Commoner\Prisoner.png"
"item-elements","image","Content/Items/Jobgear/Commoner/quartermaster.png","quartermaster.png","png","73819","2025-06-08T21:11:13.1922940Z","C:\Program Files (x86)\Steam\steamapps\common\Barotrauma\Content\Items\Jobgear\Commoner\quartermaster.png"
"item-elements","image","Content/Items/Jobgear/Commoner/researcher.png","researcher.png","png","66675","2025-06-08T21:11:17.2997218Z","C:\Program Files (x86)\Steam\steamapps\common\Barotrauma\Content\Items\Jobgear\Commoner\researcher.png"
"item-elements","image","Content/Items/Jobgear/Commoner/securitypatrol.png","securitypatrol.png","png","82402","2025-06-08T21:11:12.9620856Z","C:\Program Files (x86)\Steam\steamapps\common\Barotrauma\Content\Items\Jobgear\Commoner\securitypatrol.png"
"item-elements","image","Content/Items/Jobgear/Commoner/VIP1.png","VIP1.png","png","67444","2025-06-08T21:11:13.1912956Z","C:\Program Files (x86)\Steam\steamapps\common\Barotrauma\Content\Items\Jobgear\Commoner\VIP1.png"
"item-elements","image","Content/Items/Jobgear/Commoner/VIP2.png","VIP2.png","png","74329","2025-06-08T21:11:07.4678537Z","C:\Program Files (x86)\Steam\steamapps\common\Barotrauma\Content\Items\Jobgear\Commoner\VIP2.png"
"item-elements","image","Content/Items/Jobgear/Commoner/VIP3.png","VIP3.png","png","76049","2025-06-08T21:11:13.2368300Z","C:\Program Files (x86)\Steam\steamapps\common\Barotrauma\Content\Items\Jobgear\Commoner\VIP3.png"
"item-elements","image","Content/Items/Jobgear/Cultist/cultist.png","cultist.png","png","78921","2025-06-08T21:11:14.1414447Z","C:\Program Files (x86)\Steam\steamapps\common\Barotrauma\Content\Items\Jobgear\Cultist\cultist.png"
"item-elements","image","Content/Items/Jobgear/Cultist/cultist2.png","cultist2.png","png","83882","2025-06-08T21:11:07.4678537Z","C:\Program Files (x86)\Steam\steamapps\common\Barotrauma\Content\Items\Jobgear\Cultist\cultist2.png"
"item-elements","image","Content/Items/Jobgear/devcap.png","devcap.png","png","4628","2025-06-08T21:11:06.0367943Z","C:\Program Files (x86)\Steam\steamapps\common\Barotrauma\Content\Items\Jobgear\devcap.png"
"item-elements","image","Content/Items/Jobgear/Engineer/engineer_1.png","engineer_1.png","png","78258","2025-06-08T21:11:14.1987534Z","C:\Program Files (x86)\Steam\steamapps\common\Barotrauma\Content\Items\Jobgear\Engineer\engineer_1.png"
"item-elements","image","Content/Items/Jobgear/Engineer/engineer_2.png","engineer_2.png","png","77481","2025-06-08T21:11:13.2388221Z","C:\Program Files (x86)\Steam\steamapps\common\Barotrauma\Content\Items\Jobgear\Engineer\engineer_2.png"
"item-elements","image","Content/Items/Jobgear/Engineer/engineer_separatist_1.png","engineer_separatist_1.png","png","35620","2025-06-08T21:11:12.9550765Z","C:\Program Files (x86)\Steam\steamapps\common\Barotrauma\Content\Items\Jobgear\Engineer\engineer_separatist_1.png"
"item-elements","image","Content/Items/Jobgear/Engineer/engineer_separatist_2.png","engineer_separatist_2.png","png","84615","2025-06-08T21:11:13.2388221Z","C:\Program Files (x86)\Steam\steamapps\common\Barotrauma\Content\Items\Jobgear\Engineer\engineer_separatist_2.png"
"item-elements","image","Content/Items/Jobgear/Engineer/old/engineer_legs_female_1.png","engineer_legs_female_1.png","png","80716","2025-06-08T21:11:06.0387947Z","C:\Program Files (x86)\Steam\steamapps\common\Barotrauma\Content\Items\Jobgear\Engineer\old\engineer_legs_female_1.png"
"item-elements","image","Content/Items/Jobgear/Engineer/old/engineer_legs_female_2.png","engineer_legs_female_2.png","png","85378","2025-06-08T21:11:14.2805379Z","C:\Program Files (x86)\Steam\steamapps\common\Barotrauma\Content\Items\Jobgear\Engineer\old\engineer_legs_female_2.png"
"item-elements","image","Content/Items/Jobgear/Engineer/old/engineer_legs_female_3.png","engineer_legs_female_3.png","png","82235","2025-06-08T21:11:13.2968361Z","C:\Program Files (x86)\Steam\steamapps\common\Barotrauma\Content\Items\Jobgear\Engineer\old\engineer_legs_female_3.png"
"item-elements","image","Content/Items/Jobgear/Engineer/old/engineer_legs_male_1.png","engineer_legs_male_1.png","png","80716","2025-06-08T21:11:06.0397948Z","C:\Program Files (x86)\Steam\steamapps\common\Barotrauma\Content\Items\Jobgear\Engineer\old\engineer_legs_male_1.png"
"item-elements","image","Content/Items/Jobgear/Engineer/old/engineer_legs_male_2.png","engineer_legs_male_2.png","png","85378","2025-06-08T21:11:14.2805379Z","C:\Program Files (x86)\Steam\steamapps\common\Barotrauma\Content\Items\Jobgear\Engineer\old\engineer_legs_male_2.png"
"item-elements","image","Content/Items/Jobgear/Engineer/old/engineer_legs_male_3.png","engineer_legs_male_3.png","png","86611","2025-06-08T21:11:13.2928402Z","C:\Program Files (x86)\Steam\steamapps\common\Barotrauma\Content\Items\Jobgear\Engineer\old\engineer_legs_male_3.png"
"item-elements","image","Content/Items/Jobgear/Engineer/old/engineer_torso_female_1.png","engineer_torso_female_1.png","png","63009","2025-06-08T21:11:14.2805379Z","C:\Program Files (x86)\Steam\steamapps\common\Barotrauma\Content\Items\Jobgear\Engineer\old\engineer_torso_female_1.png"
"item-elements","image","Content/Items/Jobgear/Engineer/old/engineer_torso_female_2.png","engineer_torso_female_2.png","png","72223","2025-06-08T21:11:14.3327463Z","C:\Program Files (x86)\Steam\steamapps\common\Barotrauma\Content\Items\Jobgear\Engineer\old\engineer_torso_female_2.png"
"item-elements","image","Content/Items/Jobgear/Engineer/old/engineer_torso_female_3.png","engineer_torso_female_3.png","png","90221","2025-06-08T21:11:13.2978352Z","C:\Program Files (x86)\Steam\steamapps\common\Barotrauma\Content\Items\Jobgear\Engineer\old\engineer_torso_female_3.png"
"item-elements","image","Content/Items/Jobgear/Engineer/old/engineer_torso_male_1.png","engineer_torso_male_1.png","png","64228","2025-06-08T21:11:14.3327463Z","C:\Program Files (x86)\Steam\steamapps\common\Barotrauma\Content\Items\Jobgear\Engineer\old\engineer_torso_male_1.png"
"item-elements","image","Content/Items/Jobgear/Engineer/old/engineer_torso_male_2.png","engineer_torso_male_2.png","png","72516","2025-06-08T21:11:13.0125853Z","C:\Program Files (x86)\Steam\steamapps\common\Barotrauma\Content\Items\Jobgear\Engineer\old\engineer_torso_male_2.png"
"item-elements","image","Content/Items/Jobgear/Engineer/old/engineer_torso_male_3.png","engineer_torso_male_3.png","png","85433","2025-06-08T21:11:06.0677955Z","C:\Program Files (x86)\Steam\steamapps\common\Barotrauma\Content\Items\Jobgear\Engineer\old\engineer_torso_male_3.png"
"item-elements","image","Content/Items/Jobgear/Engineer/old/PUCS_Legs.png","PUCS_Legs.png","png","113255","2025-06-08T21:11:17.3494044Z","C:\Program Files (x86)\Steam\steamapps\common\Barotrauma\Content\Items\Jobgear\Engineer\old\PUCS_Legs.png"
"item-elements","image","Content/Items/Jobgear/Engineer/old/PUCS_Torso.png","PUCS_Torso.png","png","131194","2025-06-08T21:11:14.5712600Z","C:\Program Files (x86)\Steam\steamapps\common\Barotrauma\Content\Items\Jobgear\Engineer\old\PUCS_Torso.png"
"item-elements","image","Content/Items/Jobgear/Engineer/pucs.png","pucs.png","png","40329","2025-06-08T21:11:07.4678537Z","C:\Program Files (x86)\Steam\steamapps\common\Barotrauma\Content\Items\Jobgear\Engineer\pucs.png"
"item-elements","image","Content/Items/Jobgear/Engineer/PUCS_Items.png","PUCS_Items.png","png","90906","2025-06-08T21:11:06.0397948Z","C:\Program Files (x86)\Steam\steamapps\common\Barotrauma\Content\Items\Jobgear\Engineer\PUCS_Items.png"
"item-elements","image","Content/Items/Jobgear/headgears.png","headgears.png","png","300411","2025-06-19T20:07:27.3241529Z","C:\Program Files (x86)\Steam\steamapps\common\Barotrauma\Content\Items\Jobgear\headgears.png"
"item-elements","image","Content/Items/Jobgear/Mechanic/Exosuit.png","Exosuit.png","png","240755","2025-06-08T21:11:07.5246964Z","C:\Program Files (x86)\Steam\steamapps\common\Barotrauma\Content\Items\Jobgear\Mechanic\Exosuit.png"
"item-elements","image","Content/Items/Jobgear/Mechanic/mechanic_1.png","mechanic_1.png","png","80966","2025-06-08T21:11:06.0677955Z","C:\Program Files (x86)\Steam\steamapps\common\Barotrauma\Content\Items\Jobgear\Mechanic\mechanic_1.png"
"item-elements","image","Content/Items/Jobgear/Mechanic/mechanic_2.png","mechanic_2.png","png","77606","2025-06-08T21:11:07.5735991Z","C:\Program Files (x86)\Steam\steamapps\common\Barotrauma\Content\Items\Jobgear\Mechanic\mechanic_2.png"
"item-elements","image","Content/Items/Jobgear/Mechanic/mechanic_separatist_1.png","mechanic_separatist_1.png","png","91508","2025-06-08T21:11:17.5956169Z","C:\Program Files (x86)\Steam\steamapps\common\Barotrauma\Content\Items\Jobgear\Mechanic\mechanic_separatist_1.png"
"item-elements","image","Content/Items/Jobgear/Mechanic/mechanic_separatist_2.png","mechanic_separatist_2.png","png","83885","2025-06-08T21:11:13.0125853Z","C:\Program Files (x86)\Steam\steamapps\common\Barotrauma\Content\Items\Jobgear\Mechanic\mechanic_separatist_2.png"
"item-elements","image","Content/Items/Jobgear/Mechanic/old/mechanic_legs_female_1.png","mechanic_legs_female_1.png","png","66836","2025-06-08T21:11:13.0712882Z","C:\Program Files (x86)\Steam\steamapps\common\Barotrauma\Content\Items\Jobgear\Mechanic\old\mechanic_legs_female_1.png"
"item-elements","image","Content/Items/Jobgear/Mechanic/old/mechanic_legs_female_2.png","mechanic_legs_female_2.png","png","76541","2025-06-08T21:11:17.5956169Z","C:\Program Files (x86)\Steam\steamapps\common\Barotrauma\Content\Items\Jobgear\Mechanic\old\mechanic_legs_female_2.png"
"item-elements","image","Content/Items/Jobgear/Mechanic/old/mechanic_legs_female_3.png","mechanic_legs_female_3.png","png","63946","2025-06-08T21:11:07.5755994Z","C:\Program Files (x86)\Steam\steamapps\common\Barotrauma\Content\Items\Jobgear\Mechanic\old\mechanic_legs_female_3.png"
"item-elements","image","Content/Items/Jobgear/Mechanic/old/mechanic_legs_male_1.png","mechanic_legs_male_1.png","png","66836","2025-06-08T21:11:13.0742884Z","C:\Program Files (x86)\Steam\steamapps\common\Barotrauma\Content\Items\Jobgear\Mechanic\old\mechanic_legs_male_1.png"
"item-elements","image","Content/Items/Jobgear/Mechanic/old/mechanic_legs_male_2.png","mechanic_legs_male_2.png","png","76541","2025-06-08T21:11:17.5956169Z","C:\Program Files (x86)\Steam\steamapps\common\Barotrauma\Content\Items\Jobgear\Mechanic\old\mechanic_legs_male_2.png"
"item-elements","image","Content/Items/Jobgear/Mechanic/old/mechanic_legs_male_3.png","mechanic_legs_male_3.png","png","68924","2025-06-08T21:11:14.3957628Z","C:\Program Files (x86)\Steam\steamapps\common\Barotrauma\Content\Items\Jobgear\Mechanic\old\mechanic_legs_male_3.png"
"item-elements","image","Content/Items/Jobgear/Mechanic/old/mechanic_torso_female_1.png","mechanic_torso_female_1.png","png","57826","2025-06-08T21:11:07.5755994Z","C:\Program Files (x86)\Steam\steamapps\common\Barotrauma\Content\Items\Jobgear\Mechanic\old\mechanic_torso_female_1.png"
"item-elements","image","Content/Items/Jobgear/Mechanic/old/mechanic_torso_female_2.png","mechanic_torso_female_2.png","png","75956","2025-06-08T21:11:14.3957628Z","C:\Program Files (x86)\Steam\steamapps\common\Barotrauma\Content\Items\Jobgear\Mechanic\old\mechanic_torso_female_2.png"
"item-elements","image","Content/Items/Jobgear/Mechanic/old/mechanic_torso_female_3.png","mechanic_torso_female_3.png","png","67580","2025-06-08T21:11:17.7136709Z","C:\Program Files (x86)\Steam\steamapps\common\Barotrauma\Content\Items\Jobgear\Mechanic\old\mechanic_torso_female_3.png"
"item-elements","image","Content/Items/Jobgear/Mechanic/old/mechanic_torso_male_1.png","mechanic_torso_male_1.png","png","60292","2025-06-08T21:11:14.4585917Z","C:\Program Files (x86)\Steam\steamapps\common\Barotrauma\Content\Items\Jobgear\Mechanic\old\mechanic_torso_male_1.png"
"item-elements","image","Content/Items/Jobgear/Mechanic/old/mechanic_torso_male_2.png","mechanic_torso_male_2.png","png","85345","2025-06-08T21:11:17.7146708Z","C:\Program Files (x86)\Steam\steamapps\common\Barotrauma\Content\Items\Jobgear\Mechanic\old\mechanic_torso_male_2.png"
"item-elements","image","Content/Items/Jobgear/Mechanic/old/mechanic_torso_male_3.png","mechanic_torso_male_3.png","png","94984","2025-06-08T21:11:06.1003084Z","C:\Program Files (x86)\Steam\steamapps\common\Barotrauma\Content\Items\Jobgear\Mechanic\old\mechanic_torso_male_3.png"
"item-elements","image","Content/Items/Jobgear/Mechanic/safetyharness.png","safetyharness.png","png","25454","2025-06-08T21:11:14.4565919Z","C:\Program Files (x86)\Steam\steamapps\common\Barotrauma\Content\Items\Jobgear\Mechanic\safetyharness.png"
"item-elements","image","Content/Items/Jobgear/Medic/Medic_separatist_01.png","Medic_separatist_01.png","png","83056","2025-06-08T21:11:06.1003084Z","C:\Program Files (x86)\Steam\steamapps\common\Barotrauma\Content\Items\Jobgear\Medic\Medic_separatist_01.png"
"item-elements","image","Content/Items/Jobgear/Medic/Medic_separatist_02.png","Medic_separatist_02.png","png","86455","2025-06-08T21:11:06.2171152Z","C:\Program Files (x86)\Steam\steamapps\common\Barotrauma\Content\Items\Jobgear\Medic\Medic_separatist_02.png"
"item-elements","image","Content/Items/Jobgear/Medic/Medic1.png","Medic1.png","png","79605","2025-06-08T21:11:13.3478896Z","C:\Program Files (x86)\Steam\steamapps\common\Barotrauma\Content\Items\Jobgear\Medic\Medic1.png"
"item-elements","image","Content/Items/Jobgear/Medic/Medic2.png","Medic2.png","png","71861","2025-06-08T21:11:13.0742884Z","C:\Program Files (x86)\Steam\steamapps\common\Barotrauma\Content\Items\Jobgear\Medic\Medic2.png"
"item-elements","image","Content/Items/Jobgear/Medic/Old/medic_legs_female_1.png","medic_legs_female_1.png","png","61780","2025-06-08T21:11:07.5775993Z","C:\Program Files (x86)\Steam\steamapps\common\Barotrauma\Content\Items\Jobgear\Medic\Old\medic_legs_female_1.png"
"item-elements","image","Content/Items/Jobgear/Medic/Old/medic_legs_female_2.png","medic_legs_female_2.png","png","83815","2025-06-08T21:11:13.1329758Z","C:\Program Files (x86)\Steam\steamapps\common\Barotrauma\Content\Items\Jobgear\Medic\Old\medic_legs_female_2.png"
"item-elements","image","Content/Items/Jobgear/Medic/Old/medic_legs_female_3.png","medic_legs_female_3.png","png","74168","2025-06-08T21:11:07.5775993Z","C:\Program Files (x86)\Steam\steamapps\common\Barotrauma\Content\Items\Jobgear\Medic\Old\medic_legs_female_3.png"
"item-elements","image","Content/Items/Jobgear/Medic/Old/medic_legs_male_1.png","medic_legs_male_1.png","png","61780","2025-06-08T21:11:07.5735991Z","C:\Program Files (x86)\Steam\steamapps\common\Barotrauma\Content\Items\Jobgear\Medic\Old\medic_legs_male_1.png"
"item-elements","image","Content/Items/Jobgear/Medic/Old/medic_legs_male_2.png","medic_legs_male_2.png","png","83815","2025-06-08T21:11:13.1329758Z","C:\Program Files (x86)\Steam\steamapps\common\Barotrauma\Content\Items\Jobgear\Medic\Old\medic_legs_male_2.png"
"item-elements","image","Content/Items/Jobgear/Medic/Old/medic_legs_male_3.png","medic_legs_male_3.png","png","74168","2025-06-08T21:11:07.5775993Z","C:\Program Files (x86)\Steam\steamapps\common\Barotrauma\Content\Items\Jobgear\Medic\Old\medic_legs_male_3.png"
"item-elements","image","Content/Items/Jobgear/Medic/Old/medic_torso_female_1.png","medic_torso_female_1.png","png","85613","2025-06-08T21:11:17.7740090Z","C:\Program Files (x86)\Steam\steamapps\common\Barotrauma\Content\Items\Jobgear\Medic\Old\medic_torso_female_1.png"
"item-elements","image","Content/Items/Jobgear/Medic/Old/medic_torso_female_2.png","medic_torso_female_2.png","png","74380","2025-06-08T21:11:06.2081154Z","C:\Program Files (x86)\Steam\steamapps\common\Barotrauma\Content\Items\Jobgear\Medic\Old\medic_torso_female_2.png"
"item-elements","image","Content/Items/Jobgear/Medic/Old/medic_torso_female_3.png","medic_torso_female_3.png","png","97198","2025-06-08T21:11:17.7750090Z","C:\Program Files (x86)\Steam\steamapps\common\Barotrauma\Content\Items\Jobgear\Medic\Old\medic_torso_female_3.png"
"item-elements","image","Content/Items/Jobgear/Medic/Old/medic_torso_male_1.png","medic_torso_male_1.png","png","86722","2025-06-08T21:11:17.8262258Z","C:\Program Files (x86)\Steam\steamapps\common\Barotrauma\Content\Items\Jobgear\Medic\Old\medic_torso_male_1.png"
"item-elements","image","Content/Items/Jobgear/Medic/Old/medic_torso_male_2.png","medic_torso_male_2.png","png","78619","2025-06-08T21:11:07.6405536Z","C:\Program Files (x86)\Steam\steamapps\common\Barotrauma\Content\Items\Jobgear\Medic\Old\medic_torso_male_2.png"
"item-elements","image","Content/Items/Jobgear/Medic/Old/medic_torso_male_3.png","medic_torso_male_3.png","png","116172","2025-06-08T21:11:13.1299761Z","C:\Program Files (x86)\Steam\steamapps\common\Barotrauma\Content\Items\Jobgear\Medic\Old\medic_torso_male_3.png"
"item-elements","image","Content/Items/Jobgear/MiscJobGear.png","MiscJobGear.png","png","514961","2025-06-08T21:11:01.9504596Z","C:\Program Files (x86)\Steam\steamapps\common\Barotrauma\Content\Items\Jobgear\MiscJobGear.png"
"item-elements","image","Content/Items/Jobgear/Old/captainLegs.png","captainLegs.png","png","6608","2025-06-08T21:11:13.2978352Z","C:\Program Files (x86)\Steam\steamapps\common\Barotrauma\Content\Items\Jobgear\Old\captainLegs.png"
"item-elements","image","Content/Items/Jobgear/Old/captainTorso.png","captainTorso.png","png","6107","2025-06-08T21:11:07.6415532Z","C:\Program Files (x86)\Steam\steamapps\common\Barotrauma\Content\Items\Jobgear\Old\captainTorso.png"
"item-elements","image","Content/Items/Jobgear/Old/clownmask.png","clownmask.png","png","2090","2025-06-08T21:11:13.2988349Z","C:\Program Files (x86)\Steam\steamapps\common\Barotrauma\Content\Items\Jobgear\Old\clownmask.png"
"item-elements","image","Content/Items/Jobgear/Old/clownpants.png","clownpants.png","png","5090","2025-06-08T21:11:13.3488872Z","C:\Program Files (x86)\Steam\steamapps\common\Barotrauma\Content\Items\Jobgear\Old\clownpants.png"
"item-elements","image","Content/Items/Jobgear/Old/clownshirt.png","clownshirt.png","png","8125","2025-06-08T21:11:17.8252250Z","C:\Program Files (x86)\Steam\steamapps\common\Barotrauma\Content\Items\Jobgear\Old\clownshirt.png"
"item-elements","image","Content/Items/Jobgear/Old/doctorgear.png","doctorgear.png","png","11647","2025-06-08T21:11:13.3458885Z","C:\Program Files (x86)\Steam\steamapps\common\Barotrauma\Content\Items\Jobgear\Old\doctorgear.png"
"item-elements","image","Content/Items/Jobgear/Old/engigear.png","engigear.png","png","24116","2025-06-08T21:11:13.3499004Z","C:\Program Files (x86)\Steam\steamapps\common\Barotrauma\Content\Items\Jobgear\Old\engigear.png"
"item-elements","image","Content/Items/Jobgear/Old/headset.png","headset.png","png","652","2025-06-08T21:11:13.2968361Z","C:\Program Files (x86)\Steam\steamapps\common\Barotrauma\Content\Items\Jobgear\Old\headset.png"
"item-elements","image","Content/Items/Jobgear/OutfitIcons.png","OutfitIcons.png","png","520040","2025-06-08T21:11:01.9504596Z","C:\Program Files (x86)\Steam\steamapps\common\Barotrauma\Content\Items\Jobgear\OutfitIcons.png"
"item-elements","image","Content/Items/Jobgear/Security/Old/securityofficer_legs_female_1.png","securityofficer_legs_female_1.png","png","67878","2025-06-08T21:11:13.2968361Z","C:\Program Files (x86)\Steam\steamapps\common\Barotrauma\Content\Items\Jobgear\Security\Old\securityofficer_legs_female_1.png"
"item-elements","image","Content/Items/Jobgear/Security/Old/securityofficer_legs_female_2.png","securityofficer_legs_female_2.png","png","81968","2025-06-08T21:11:13.3499004Z","C:\Program Files (x86)\Steam\steamapps\common\Barotrauma\Content\Items\Jobgear\Security\Old\securityofficer_legs_female_2.png"
"item-elements","image","Content/Items/Jobgear/Security/Old/securityofficer_legs_female_3.png","securityofficer_legs_female_3.png","png","102987","2025-06-08T21:11:13.3508876Z","C:\Program Files (x86)\Steam\steamapps\common\Barotrauma\Content\Items\Jobgear\Security\Old\securityofficer_legs_female_3.png"
"item-elements","image","Content/Items/Jobgear/Security/Old/securityofficer_legs_male_1.png","securityofficer_legs_male_1.png","png","69601","2025-06-08T21:11:18.0538638Z","C:\Program Files (x86)\Steam\steamapps\common\Barotrauma\Content\Items\Jobgear\Security\Old\securityofficer_legs_male_1.png"
"item-elements","image","Content/Items/Jobgear/Security/Old/securityofficer_legs_male_2.png","securityofficer_legs_male_2.png","png","81977","2025-06-08T21:11:18.1615214Z","C:\Program Files (x86)\Steam\steamapps\common\Barotrauma\Content\Items\Jobgear\Security\Old\securityofficer_legs_male_2.png"
"item-elements","image","Content/Items/Jobgear/Security/Old/securityofficer_legs_male_3.png","securityofficer_legs_male_3.png","png","122766","2025-06-08T21:11:07.6425535Z","C:\Program Files (x86)\Steam\steamapps\common\Barotrauma\Content\Items\Jobgear\Security\Old\securityofficer_legs_male_3.png"
"item-elements","image","Content/Items/Jobgear/Security/Old/securityofficer_torso_female_1.png","securityofficer_torso_female_1.png","png","58460","2025-06-08T21:11:13.3499004Z","C:\Program Files (x86)\Steam\steamapps\common\Barotrauma\Content\Items\Jobgear\Security\Old\securityofficer_torso_female_1.png"
"item-elements","image","Content/Items/Jobgear/Security/Old/securityofficer_torso_female_2.png","securityofficer_torso_female_2.png","png","67392","2025-06-08T21:11:07.6405536Z","C:\Program Files (x86)\Steam\steamapps\common\Barotrauma\Content\Items\Jobgear\Security\Old\securityofficer_torso_female_2.png"
"item-elements","image","Content/Items/Jobgear/Security/Old/securityofficer_torso_female_3.png","securityofficer_torso_female_3.png","png","89329","2025-06-08T21:11:18.1655206Z","C:\Program Files (x86)\Steam\steamapps\common\Barotrauma\Content\Items\Jobgear\Security\Old\securityofficer_torso_female_3.png"
"item-elements","image","Content/Items/Jobgear/Security/Old/securityofficer_torso_male_1.png","securityofficer_torso_male_1.png","png","59936","2025-06-08T21:11:18.1655206Z","C:\Program Files (x86)\Steam\steamapps\common\Barotrauma\Content\Items\Jobgear\Security\Old\securityofficer_torso_male_1.png"
"item-elements","image","Content/Items/Jobgear/Security/Old/securityofficer_torso_male_2.png","securityofficer_torso_male_2.png","png","68465","2025-06-08T21:11:06.1013079Z","C:\Program Files (x86)\Steam\steamapps\common\Barotrauma\Content\Items\Jobgear\Security\Old\securityofficer_torso_male_2.png"
"item-elements","image","Content/Items/Jobgear/Security/Old/securityofficer_torso_male_3.png","securityofficer_torso_male_3.png","png","89189","2025-06-08T21:11:14.5732605Z","C:\Program Files (x86)\Steam\steamapps\common\Barotrauma\Content\Items\Jobgear\Security\Old\securityofficer_torso_male_3.png"
"item-elements","image","Content/Items/Jobgear/Security/Old/Slipsuit_Legs.png","Slipsuit_Legs.png","png","108853","2025-06-08T21:11:13.3499004Z","C:\Program Files (x86)\Steam\steamapps\common\Barotrauma\Content\Items\Jobgear\Security\Old\Slipsuit_Legs.png"
"item-elements","image","Content/Items/Jobgear/Security/Old/Slipsuit_Torso.png","Slipsuit_Torso.png","png","131194","2025-06-08T21:11:14.5712600Z","C:\Program Files (x86)\Steam\steamapps\common\Barotrauma\Content\Items\Jobgear\Security\Old\Slipsuit_Torso.png"
"item-elements","image","Content/Items/Jobgear/Security/riotgear.png","riotgear.png","png","14104","2025-06-08T21:11:06.1023078Z","C:\Program Files (x86)\Steam\steamapps\common\Barotrauma\Content\Items\Jobgear\Security\riotgear.png"
"item-elements","image","Content/Items/Jobgear/Security/SecurityOfficer_separatist_1.png","SecurityOfficer_separatist_1.png","png","90686","2025-06-08T21:11:14.6197666Z","C:\Program Files (x86)\Steam\steamapps\common\Barotrauma\Content\Items\Jobgear\Security\SecurityOfficer_separatist_1.png"
"item-elements","image","Content/Items/Jobgear/Security/SecurityOfficer_separatist_2.png","SecurityOfficer_separatist_2.png","png","82890","2025-06-08T21:11:07.6998780Z","C:\Program Files (x86)\Steam\steamapps\common\Barotrauma\Content\Items\Jobgear\Security\SecurityOfficer_separatist_2.png"
"item-elements","image","Content/Items/Jobgear/Security/SecurityOfficer_separatist_3.png","SecurityOfficer_separatist_3.png","png","30132","2025-06-08T21:11:07.6983753Z","C:\Program Files (x86)\Steam\steamapps\common\Barotrauma\Content\Items\Jobgear\Security\SecurityOfficer_separatist_3.png"
"item-elements","image","Content/Items/Jobgear/Security/SecurityOfficer1.png","SecurityOfficer1.png","png","78809","2025-06-08T21:11:13.4121532Z","C:\Program Files (x86)\Steam\steamapps\common\Barotrauma\Content\Items\Jobgear\Security\SecurityOfficer1.png"
"item-elements","image","Content/Items/Jobgear/Security/SecurityOfficer2.png","SecurityOfficer2.png","png","83512","2025-06-08T21:11:06.2171152Z","C:\Program Files (x86)\Steam\steamapps\common\Barotrauma\Content\Items\Jobgear\Security\SecurityOfficer2.png"
"item-elements","image","Content/Items/Jobgear/Security/SecurityOfficer3.png","SecurityOfficer3.png","png","87005","2025-06-08T21:11:06.2081154Z","C:\Program Files (x86)\Steam\steamapps\common\Barotrauma\Content\Items\Jobgear\Security\SecurityOfficer3.png"
"item-elements","image","Content/Items/Jobgear/Security/SecurityVest.png","SecurityVest.png","png","33798","2025-06-08T21:11:14.6217667Z","C:\Program Files (x86)\Steam\steamapps\common\Barotrauma\Content\Items\Jobgear\Security\SecurityVest.png"
"item-elements","image","Content/Items/Jobgear/Security/slipsuit.png","slipsuit.png","png","38205","2025-06-08T21:11:14.6690957Z","C:\Program Files (x86)\Steam\steamapps\common\Barotrauma\Content\Items\Jobgear\Security\slipsuit.png"
"item-elements","image","Content/Items/Jobgear/Security/Slipsuit_Items.png","Slipsuit_Items.png","png","76929","2025-06-08T21:11:14.7877100Z","C:\Program Files (x86)\Steam\steamapps\common\Barotrauma\Content\Items\Jobgear\Security\Slipsuit_Items.png"
"item-elements","image","Content/Items/Jobgear/TalentGear.png","TalentGear.png","png","287767","2025-06-08T21:11:01.9514604Z","C:\Program Files (x86)\Steam\steamapps\common\Barotrauma\Content\Items\Jobgear\TalentGear.png"
"item-elements","image","Content/Items/Jobgear/Watchman/old/watchman_legs_female_1.png","watchman_legs_female_1.png","png","81526","2025-06-08T21:11:14.8924627Z","C:\Program Files (x86)\Steam\steamapps\common\Barotrauma\Content\Items\Jobgear\Watchman\old\watchman_legs_female_1.png"
"item-elements","image","Content/Items/Jobgear/Watchman/old/watchman_legs_female_2.png","watchman_legs_female_2.png","png","81756","2025-06-08T21:11:14.8924627Z","C:\Program Files (x86)\Steam\steamapps\common\Barotrauma\Content\Items\Jobgear\Watchman\old\watchman_legs_female_2.png"
"item-elements","image","Content/Items/Jobgear/Watchman/old/watchman_legs_male_1.png","watchman_legs_male_1.png","png","81526","2025-06-08T21:11:14.8914617Z","C:\Program Files (x86)\Steam\steamapps\common\Barotrauma\Content\Items\Jobgear\Watchman\old\watchman_legs_male_1.png"
"item-elements","image","Content/Items/Jobgear/Watchman/old/watchman_legs_male_2.png","watchman_legs_male_2.png","png","81756","2025-06-08T21:11:14.8924627Z","C:\Program Files (x86)\Steam\steamapps\common\Barotrauma\Content\Items\Jobgear\Watchman\old\watchman_legs_male_2.png"
"item-elements","image","Content/Items/Jobgear/Watchman/old/watchman_torso_female_1.png","watchman_torso_female_1.png","png","65621","2025-06-08T21:11:06.2581147Z","C:\Program Files (x86)\Steam\steamapps\common\Barotrauma\Content\Items\Jobgear\Watchman\old\watchman_torso_female_1.png"
"item-elements","image","Content/Items/Jobgear/Watchman/old/watchman_torso_female_2.png","watchman_torso_female_2.png","png","73462","2025-06-08T21:11:13.4111541Z","C:\Program Files (x86)\Steam\steamapps\common\Barotrauma\Content\Items\Jobgear\Watchman\old\watchman_torso_female_2.png"
"item-elements","image","Content/Items/Jobgear/Watchman/old/watchman_torso_male_1.png","watchman_torso_male_1.png","png","68783","2025-06-08T21:11:14.8874589Z","C:\Program Files (x86)\Steam\steamapps\common\Barotrauma\Content\Items\Jobgear\Watchman\old\watchman_torso_male_1.png"
"item-elements","image","Content/Items/Jobgear/Watchman/old/watchman_torso_male_2.png","watchman_torso_male_2.png","png","73241","2025-06-08T21:11:15.0009733Z","C:\Program Files (x86)\Steam\steamapps\common\Barotrauma\Content\Items\Jobgear\Watchman\old\watchman_torso_male_2.png"
"item-elements","image","Content/Items/Jobgear/Watchman/watchman.png","watchman.png","png","33014","2025-06-08T21:11:13.4091529Z","C:\Program Files (x86)\Steam\steamapps\common\Barotrauma\Content\Items\Jobgear\Watchman\watchman.png"
"item-elements","image","Content/Items/Labels/labels.png","labels.png","png","22946","2025-06-08T21:11:18.2281567Z","C:\Program Files (x86)\Steam\steamapps\common\Barotrauma\Content\Items\Labels\labels.png"
"item-elements","image","Content/Items/Ladder/ladder.png","ladder.png","png","18003","2025-06-08T21:11:13.4101528Z","C:\Program Files (x86)\Steam\steamapps\common\Barotrauma\Content\Items\Ladder\ladder.png"
"item-elements","image","Content/Items/Legacy/cabinets.png","cabinets.png","png","22819","2025-06-08T21:11:15.0009733Z","C:\Program Files (x86)\Steam\steamapps\common\Barotrauma\Content\Items\Legacy\cabinets.png"
"item-elements","image","Content/Items/Legacy/engine.png","engine.png","png","101615","2025-06-08T21:11:13.4131534Z","C:\Program Files (x86)\Steam\steamapps\common\Barotrauma\Content\Items\Legacy\engine.png"
"item-elements","image","Content/Items/Legacy/junctionbox.png","junctionbox.png","png","30226","2025-06-08T21:11:18.2281567Z","C:\Program Files (x86)\Steam\steamapps\common\Barotrauma\Content\Items\Legacy\junctionbox.png"
"item-elements","image","Content/Items/Legacy/legacyrailgunbarrel.png","legacyrailgunbarrel.png","png","56559","2025-06-08T21:11:13.4141528Z","C:\Program Files (x86)\Steam\steamapps\common\Barotrauma\Content\Items\Legacy\legacyrailgunbarrel.png"
"item-elements","image","Content/Items/Legacy/legacyrailgunbase.png","legacyrailgunbase.png","png","71727","2025-06-08T21:11:13.4141528Z","C:\Program Files (x86)\Steam\steamapps\common\Barotrauma\Content\Items\Legacy\legacyrailgunbase.png"
"item-elements","image","Content/Items/Legacy/locker.png","locker.png","png","19843","2025-06-08T21:11:18.2281567Z","C:\Program Files (x86)\Steam\steamapps\common\Barotrauma\Content\Items\Legacy\locker.png"
"item-elements","image","Content/Items/Legacy/machines.png","machines.png","png","73770","2025-06-08T21:11:15.0085756Z","C:\Program Files (x86)\Steam\steamapps\common\Barotrauma\Content\Items\Legacy\machines.png"
"item-elements","image","Content/Items/Legacy/oxygengenerator.png","oxygengenerator.png","png","26590","2025-06-08T21:11:07.7561189Z","C:\Program Files (x86)\Steam\steamapps\common\Barotrauma\Content\Items\Legacy\oxygengenerator.png"
"item-elements","image","Content/Items/Legacy/pump.png","pump.png","png","19118","2025-06-08T21:11:06.2591153Z","C:\Program Files (x86)\Steam\steamapps\common\Barotrauma\Content\Items\Legacy\pump.png"
"item-elements","image","Content/Items/Legacy/SearchLight_legacy.png","SearchLight_legacy.png","png","3539","2025-06-08T21:11:13.4121532Z","C:\Program Files (x86)\Steam\steamapps\common\Barotrauma\Content\Items\Legacy\SearchLight_legacy.png"
"item-elements","image","Content/Items/Legacy/SearchLightBase_legacy.png","SearchLightBase_legacy.png","png","5802","2025-06-08T21:11:15.0009733Z","C:\Program Files (x86)\Steam\steamapps\common\Barotrauma\Content\Items\Legacy\SearchLightBase_legacy.png"
"item-elements","image","Content/Items/Legacy/smallpump.png","smallpump.png","png","5364","2025-06-08T21:11:06.2571146Z","C:\Program Files (x86)\Steam\steamapps\common\Barotrauma\Content\Items\Legacy\smallpump.png"
"item-elements","image","Content/Items/MachineInterface.png","MachineInterface.png","png","234311","2025-06-08T21:11:06.2591153Z","C:\Program Files (x86)\Steam\steamapps\common\Barotrauma\Content\Items\MachineInterface.png"
"item-elements","image","Content/Items/Materials/CraftingElements1.png","CraftingElements1.png","png","115700","2025-06-08T21:11:15.0019804Z","C:\Program Files (x86)\Steam\steamapps\common\Barotrauma\Content\Items\Materials\CraftingElements1.png"
"item-elements","image","Content/Items/Materials/CraftingElements2.png","CraftingElements2.png","png","117783","2025-06-08T21:11:15.0019804Z","C:\Program Files (x86)\Steam\steamapps\common\Barotrauma\Content\Items\Materials\CraftingElements2.png"
"item-elements","image","Content/Items/Materials/Crystal.png","Crystal.png","png","398292","2025-06-08T21:11:01.9524609Z","C:\Program Files (x86)\Steam\steamapps\common\Barotrauma\Content\Items\Materials\Crystal.png"
"item-elements","image","Content/Items/Materials/LootablePlants.png","LootablePlants.png","png","101860","2025-06-08T21:11:13.4621525Z","C:\Program Files (x86)\Steam\steamapps\common\Barotrauma\Content\Items\Materials\LootablePlants.png"
"item-elements","image","Content/Items/Materials/MineralEnvironment.png","MineralEnvironment.png","png","1167990","2025-06-08T21:11:01.9524609Z","C:\Program Files (x86)\Steam\steamapps\common\Barotrauma\Content\Items\Materials\MineralEnvironment.png"
"item-elements","image","Content/Items/Materials/Minerals.png","Minerals.png","png","907556","2025-06-08T21:11:01.9524609Z","C:\Program Files (x86)\Steam\steamapps\common\Barotrauma\Content\Items\Materials\Minerals.png"
"item-elements","image","Content/Items/Medical/Medicines.png","Medicines.png","png","199532","2025-06-08T21:11:06.4228688Z","C:\Program Files (x86)\Steam\steamapps\common\Barotrauma\Content\Items\Medical\Medicines.png"
"item-elements","image","Content/Items/Misc/Misc.png","Misc.png","png","18915","2025-06-08T21:11:06.4187857Z","C:\Program Files (x86)\Steam\steamapps\common\Barotrauma\Content\Items\Misc\Misc.png"
"item-elements","image","Content/Items/Misc/scribble1.png","scribble1.png","png","520592","2025-06-08T21:11:01.9536150Z","C:\Program Files (x86)\Steam\steamapps\common\Barotrauma\Content\Items\Misc\scribble1.png"
"item-elements","image","Content/Items/Misc/scribble2.png","scribble2.png","png","450783","2025-06-08T21:11:01.9536150Z","C:\Program Files (x86)\Steam\steamapps\common\Barotrauma\Content\Items\Misc\scribble2.png"
"item-elements","image","Content/Items/OxygenGenerator/oxygengenerator.png","oxygengenerator.png","png","795165","2025-06-08T21:11:01.9536150Z","C:\Program Files (x86)\Steam\steamapps\common\Barotrauma\Content\Items\OxygenGenerator\oxygengenerator.png"
"item-elements","image","Content/Items/Pump/Pumps.png","Pumps.png","png","208798","2025-06-08T21:11:15.4719508Z","C:\Program Files (x86)\Steam\steamapps\common\Barotrauma\Content\Items\Pump\Pumps.png"
"item-elements","image","Content/Items/Pump/Pumps2.png","Pumps2.png","png","68034","2025-09-18T02:31:39.2047639Z","C:\Program Files (x86)\Steam\steamapps\common\Barotrauma\Content\Items\Pump\Pumps2.png"
"item-elements","image","Content/Items/Reactor/graphLine.png","graphLine.png","png","310","2025-06-08T21:11:13.6868615Z","C:\Program Files (x86)\Steam\steamapps\common\Barotrauma\Content\Items\Reactor\graphLine.png"
"item-elements","image","Content/Items/Reactor/Meter.png","Meter.png","png","39280","2025-06-08T21:11:15.4719508Z","C:\Program Files (x86)\Steam\steamapps\common\Barotrauma\Content\Items\Reactor\Meter.png"
"item-elements","image","Content/Items/Reactor/reactor.png","reactor.png","png","1043587","2025-06-08T21:11:01.9546182Z","C:\Program Files (x86)\Steam\steamapps\common\Barotrauma\Content\Items\Reactor\reactor.png"
"item-elements","image","Content/Items/Reactor/Sector.png","Sector.png","png","3134","2025-06-08T21:11:06.4800716Z","C:\Program Files (x86)\Steam\steamapps\common\Barotrauma\Content\Items\Reactor\Sector.png"
"item-elements","image","Content/Items/SearchLight/SearchLightBase.png","SearchLightBase.png","png","34987","2025-06-08T21:11:08.1253714Z","C:\Program Files (x86)\Steam\steamapps\common\Barotrauma\Content\Items\SearchLight\SearchLightBase.png"
"item-elements","image","Content/Items/Shipwrecks/DecorativeVentilationWrecked.png","DecorativeVentilationWrecked.png","png","763450","2025-06-08T21:11:01.9546182Z","C:\Program Files (x86)\Steam\steamapps\common\Barotrauma\Content\Items\Shipwrecks\DecorativeVentilationWrecked.png"
"item-elements","image","Content/Items/Shipwrecks/ExteriorWallsAWrecked.png","ExteriorWallsAWrecked.png","png","2135741","2025-06-08T21:11:01.9552816Z","C:\Program Files (x86)\Steam\steamapps\common\Barotrauma\Content\Items\Shipwrecks\ExteriorWallsAWrecked.png"
"item-elements","image","Content/Items/Shipwrecks/FinsA_Wrecked.png","FinsA_Wrecked.png","png","1986046","2025-06-08T21:11:01.9552816Z","C:\Program Files (x86)\Steam\steamapps\common\Barotrauma\Content\Items\Shipwrecks\FinsA_Wrecked.png"
"item-elements","image","Content/Items/Shipwrecks/MiscWrecked.png","MiscWrecked.png","png","3501874","2025-06-08T21:11:01.9552816Z","C:\Program Files (x86)\Steam\steamapps\common\Barotrauma\Content\Items\Shipwrecks\MiscWrecked.png"
"item-elements","image","Content/Items/Shipwrecks/ShuttleWallsWrecked.png","ShuttleWallsWrecked.png","png","356928","2025-06-08T21:11:01.9552816Z","C:\Program Files (x86)\Steam\steamapps\common\Barotrauma\Content\Items\Shipwrecks\ShuttleWallsWrecked.png"
"item-elements","image","Content/Items/Shipwrecks/ShuttleWallsWrecked2.png","ShuttleWallsWrecked2.png","png","2438579","2025-06-08T21:11:01.9552816Z","C:\Program Files (x86)\Steam\steamapps\common\Barotrauma\Content\Items\Shipwrecks\ShuttleWallsWrecked2.png"
"item-elements","image","Content/Items/Shipwrecks/TurretsWrecked.png","TurretsWrecked.png","png","2464643","2025-06-08T21:11:01.9552816Z","C:\Program Files (x86)\Steam\steamapps\common\Barotrauma\Content\Items\Shipwrecks\TurretsWrecked.png"
"item-elements","image","Content/Items/Shipwrecks/Wall_C_wrecked.png","Wall_C_wrecked.png","png","587481","2025-06-08T21:11:01.9552816Z","C:\Program Files (x86)\Steam\steamapps\common\Barotrauma\Content\Items\Shipwrecks\Wall_C_wrecked.png"
"item-elements","image","Content/Items/Tools/tools.png","tools.png","png","148669","2025-06-19T20:07:30.0814671Z","C:\Program Files (x86)\Steam\steamapps\common\Barotrauma\Content\Items\Tools\tools.png"
"item-elements","image","Content/Items/Weapons/Crosshairs.png","Crosshairs.png","png","17375","2025-06-08T21:11:21.6669496Z","C:\Program Files (x86)\Steam\steamapps\common\Barotrauma\Content\Items\Weapons\Crosshairs.png"
"item-elements","image","Content/Items/Weapons/LegacyLoaders.png","LegacyLoaders.png","png","124066","2025-06-08T21:11:09.2531776Z","C:\Program Files (x86)\Steam\steamapps\common\Barotrauma\Content\Items\Weapons\LegacyLoaders.png"
"item-elements","image","Content/Items/Weapons/Loaders.png","Loaders.png","png","756860","2025-06-08T21:11:01.9562846Z","C:\Program Files (x86)\Steam\steamapps\common\Barotrauma\Content\Items\Weapons\Loaders.png"
"item-elements","image","Content/Items/Weapons/Turrets.png","Turrets.png","png","801040","2025-06-08T21:11:01.9562846Z","C:\Program Files (x86)\Steam\steamapps\common\Barotrauma\Content\Items\Weapons\Turrets.png"
"item-elements","image","Content/Items/Weapons/TurretsAndDepthCharges.png","TurretsAndDepthCharges.png","png","1025445","2025-06-08T21:11:01.9572838Z","C:\Program Files (x86)\Steam\steamapps\common\Barotrauma\Content\Items\Weapons\TurretsAndDepthCharges.png"
"item-elements","image","Content/Items/Weapons/weapons_new.png","weapons_new.png","png","225145","2025-06-08T21:11:10.5504509Z","C:\Program Files (x86)\Steam\steamapps\common\Barotrauma\Content\Items\Weapons\weapons_new.png"
"item-elements","image","Content/Items/wireCorner.png","wireCorner.png","png","2157","2025-06-08T21:11:10.7885416Z","C:\Program Files (x86)\Steam\steamapps\common\Barotrauma\Content\Items\wireCorner.png"
"item-elements","image","Content/Items/wireHorizontal.png","wireHorizontal.png","png","225","2025-06-08T21:11:14.1977540Z","C:\Program Files (x86)\Steam\steamapps\common\Barotrauma\Content\Items\wireHorizontal.png"
"item-elements","image","Content/Items/wireVertical.png","wireVertical.png","png","193","2025-06-08T21:11:22.1765541Z","C:\Program Files (x86)\Steam\steamapps\common\Barotrauma\Content\Items\wireVertical.png"
"map-elements","image","Content/Map/AlienRuins_CornerWebbing.png","AlienRuins_CornerWebbing.png","png","1864475","2025-06-08T21:11:01.9592827Z","C:\Program Files (x86)\Steam\steamapps\common\Barotrauma\Content\Map\AlienRuins_CornerWebbing.png"
"map-elements","image","Content/Map/AlienRuins_LevelAssets1.png","AlienRuins_LevelAssets1.png","png","1353820","2025-06-08T21:11:01.9592827Z","C:\Program Files (x86)\Steam\steamapps\common\Barotrauma\Content\Map\AlienRuins_LevelAssets1.png"
"map-elements","image","Content/Map/AlienShrine.png","AlienShrine.png","png","1641967","2025-06-08T21:11:01.9592827Z","C:\Program Files (x86)\Steam\steamapps\common\Barotrauma\Content\Map\AlienShrine.png"
"map-elements","image","Content/Map/AlienWallSet_Glow.png","AlienWallSet_Glow.png","png","1154589","2025-06-08T21:11:01.9592827Z","C:\Program Files (x86)\Steam\steamapps\common\Barotrauma\Content\Map\AlienWallSet_Glow.png"
"map-elements","image","Content/Map/AlienWallSet1.png","AlienWallSet1.png","png","2707507","2025-06-08T21:11:01.9592827Z","C:\Program Files (x86)\Steam\steamapps\common\Barotrauma\Content\Map\AlienWallSet1.png"
"map-elements","image","Content/Map/AlienWallSet2.png","AlienWallSet2.png","png","2395239","2025-06-08T21:11:01.9592827Z","C:\Program Files (x86)\Steam\steamapps\common\Barotrauma\Content\Map\AlienWallSet2.png"
"map-elements","image","Content/Map/Biomes/AphoticPlateau/LevelObjects.png","LevelObjects.png","png","1359455","2025-06-08T21:11:01.9612825Z","C:\Program Files (x86)\Steam\steamapps\common\Barotrauma\Content\Map\Biomes\AphoticPlateau\LevelObjects.png"
"map-elements","image","Content/Map/Biomes/AphoticPlateau/LevelWall.png","LevelWall.png","png","923757","2025-06-08T21:11:01.9612825Z","C:\Program Files (x86)\Steam\steamapps\common\Barotrauma\Content\Map\Biomes\AphoticPlateau\LevelWall.png"
"map-elements","image","Content/Map/Biomes/AphoticPlateau/LevelWallEdge.png","LevelWallEdge.png","png","881226","2025-06-08T21:11:01.9612825Z","C:\Program Files (x86)\Steam\steamapps\common\Barotrauma\Content\Map\Biomes\AphoticPlateau\LevelWallEdge.png"
"map-elements","image","Content/Map/Biomes/BioluminescentCave/LevelObjects.png","LevelObjects.png","png","1306714","2025-06-08T21:11:01.9622820Z","C:\Program Files (x86)\Steam\steamapps\common\Barotrauma\Content\Map\Biomes\BioluminescentCave\LevelObjects.png"
"map-elements","image","Content/Map/Biomes/BioluminescentCave/LevelWall.png","LevelWall.png","png","985971","2025-06-08T21:11:01.9622820Z","C:\Program Files (x86)\Steam\steamapps\common\Barotrauma\Content\Map\Biomes\BioluminescentCave\LevelWall.png"
"map-elements","image","Content/Map/Biomes/BioluminescentCave/LevelWallEdge.png","LevelWallEdge.png","png","647398","2025-06-08T21:11:01.9622820Z","C:\Program Files (x86)\Steam\steamapps\common\Barotrauma\Content\Map\Biomes\BioluminescentCave\LevelWallEdge.png"
"map-elements","image","Content/Map/Biomes/ColdCaverns/LevelWall.png","LevelWall.png","png","741507","2025-06-08T21:11:01.9622820Z","C:\Program Files (x86)\Steam\steamapps\common\Barotrauma\Content\Map\Biomes\ColdCaverns\LevelWall.png"
"map-elements","image","Content/Map/Biomes/ColdCaverns/LevelWallEdge.png","LevelWallEdge.png","png","1015502","2025-06-08T21:11:01.9632821Z","C:\Program Files (x86)\Steam\steamapps\common\Barotrauma\Content\Map\Biomes\ColdCaverns\LevelWallEdge.png"
"map-elements","image","Content/Map/Biomes/ColdCaverns/WallEdgeChunks.png","WallEdgeChunks.png","png","819191","2025-06-08T21:11:01.9632821Z","C:\Program Files (x86)\Steam\steamapps\common\Barotrauma\Content\Map\Biomes\ColdCaverns\WallEdgeChunks.png"
"map-elements","image","Content/Map/Biomes/Common/old/geothermalvents.png","geothermalvents.png","png","479771","2025-06-08T21:11:01.9632821Z","C:\Program Files (x86)\Steam\steamapps\common\Barotrauma\Content\Map\Biomes\Common\old\geothermalvents.png"
"map-elements","image","Content/Map/Biomes/Common/old/seafloor.png","seafloor.png","png","1349466","2025-06-08T21:11:01.9632821Z","C:\Program Files (x86)\Steam\steamapps\common\Barotrauma\Content\Map\Biomes\Common\old\seafloor.png"
"map-elements","image","Content/Map/Biomes/Common/old/SonarFloraBodies.png","SonarFloraBodies.png","png","301534","2025-06-08T21:11:01.9632821Z","C:\Program Files (x86)\Steam\steamapps\common\Barotrauma\Content\Map\Biomes\Common\old\SonarFloraBodies.png"
"map-elements","image","Content/Map/Biomes/Common/old/SonarFloraGlow.png","SonarFloraGlow.png","png","229755","2025-06-08T21:11:12.6213729Z","C:\Program Files (x86)\Steam\steamapps\common\Barotrauma\Content\Map\Biomes\Common\old\SonarFloraGlow.png"
"map-elements","image","Content/Map/Biomes/Common/old/Webs.png","Webs.png","png","541929","2025-06-08T21:11:01.9642818Z","C:\Program Files (x86)\Steam\steamapps\common\Barotrauma\Content\Map\Biomes\Common\old\Webs.png"
"map-elements","image","Content/Map/Biomes/CrystalCave/CaveHazards.png","CaveHazards.png","png","956785","2025-06-08T21:11:01.9642818Z","C:\Program Files (x86)\Steam\steamapps\common\Barotrauma\Content\Map\Biomes\CrystalCave\CaveHazards.png"
"map-elements","image","Content/Map/Biomes/CrystalCave/LevelObjects.png","LevelObjects.png","png","1118664","2025-06-08T21:11:01.9642818Z","C:\Program Files (x86)\Steam\steamapps\common\Barotrauma\Content\Map\Biomes\CrystalCave\LevelObjects.png"
"map-elements","image","Content/Map/Biomes/CrystalCave/LevelWall.png","LevelWall.png","png","907946","2025-06-08T21:11:01.9642818Z","C:\Program Files (x86)\Steam\steamapps\common\Barotrauma\Content\Map\Biomes\CrystalCave\LevelWall.png"
"map-elements","image","Content/Map/Biomes/CrystalCave/LevelWallEdge.png","LevelWallEdge.png","png","814716","2025-06-08T21:11:01.9642818Z","C:\Program Files (x86)\Steam\steamapps\common\Barotrauma\Content\Map\Biomes\CrystalCave\LevelWallEdge.png"
"map-elements","image","Content/Map/Biomes/CrystalCave/WallEdgeChunks.png","WallEdgeChunks.png","png","1304545","2025-06-08T21:11:01.9652811Z","C:\Program Files (x86)\Steam\steamapps\common\Barotrauma\Content\Map\Biomes\CrystalCave\WallEdgeChunks.png"
"map-elements","image","Content/Map/Biomes/DestroyedWall.png","DestroyedWall.png","png","296548","2025-06-08T21:11:01.9652811Z","C:\Program Files (x86)\Steam\steamapps\common\Barotrauma\Content\Map\Biomes\DestroyedWall.png"
"map-elements","image","Content/Map/Biomes/DestructibleWall.png","DestructibleWall.png","png","870790","2025-06-08T21:11:01.9652811Z","C:\Program Files (x86)\Steam\steamapps\common\Barotrauma\Content\Map\Biomes\DestructibleWall.png"
"map-elements","image","Content/Map/Biomes/DestructibleWallEdge.png","DestructibleWallEdge.png","png","570407","2025-06-08T21:11:01.9652811Z","C:\Program Files (x86)\Steam\steamapps\common\Barotrauma\Content\Map\Biomes\DestructibleWallEdge.png"
"map-elements","image","Content/Map/Biomes/EuropanRidge/LevelObjects.png","LevelObjects.png","png","1637807","2025-06-08T21:11:01.9652811Z","C:\Program Files (x86)\Steam\steamapps\common\Barotrauma\Content\Map\Biomes\EuropanRidge\LevelObjects.png"
"map-elements","image","Content/Map/Biomes/EuropanRidge/LevelWall.png","LevelWall.png","png","332199","2025-06-08T21:11:01.9662812Z","C:\Program Files (x86)\Steam\steamapps\common\Barotrauma\Content\Map\Biomes\EuropanRidge\LevelWall.png"
"map-elements","image","Content/Map/Biomes/EuropanRidge/LevelWallEdge.png","LevelWallEdge.png","png","1006941","2025-06-08T21:11:01.9662812Z","C:\Program Files (x86)\Steam\steamapps\common\Barotrauma\Content\Map\Biomes\EuropanRidge\LevelWallEdge.png"
"map-elements","image","Content/Map/Biomes/ForestCave/CaveHazards.png","CaveHazards.png","png","1165079","2025-06-08T21:11:01.9662812Z","C:\Program Files (x86)\Steam\steamapps\common\Barotrauma\Content\Map\Biomes\ForestCave\CaveHazards.png"
"map-elements","image","Content/Map/Biomes/ForestCave/LevelWall.png","LevelWall.png","png","904209","2025-06-08T21:11:01.9662812Z","C:\Program Files (x86)\Steam\steamapps\common\Barotrauma\Content\Map\Biomes\ForestCave\LevelWall.png"
"map-elements","image","Content/Map/Biomes/ForestCave/LevelWallEdge.png","LevelWallEdge.png","png","689679","2025-06-08T21:11:01.9662812Z","C:\Program Files (x86)\Steam\steamapps\common\Barotrauma\Content\Map\Biomes\ForestCave\LevelWallEdge.png"
"map-elements","image","Content/Map/Biomes/HydrothermalWastes/LevelObjects.png","LevelObjects.png","png","3022626","2025-06-08T21:11:01.9672812Z","C:\Program Files (x86)\Steam\steamapps\common\Barotrauma\Content\Map\Biomes\HydrothermalWastes\LevelObjects.png"
"map-elements","image","Content/Map/Biomes/HydrothermalWastes/LevelWall.png","LevelWall.png","png","839676","2025-06-08T21:11:01.9672812Z","C:\Program Files (x86)\Steam\steamapps\common\Barotrauma\Content\Map\Biomes\HydrothermalWastes\LevelWall.png"
"map-elements","image","Content/Map/Biomes/HydrothermalWastes/LevelWallEdge.png","LevelWallEdge.png","png","817069","2025-06-08T21:11:01.9672812Z","C:\Program Files (x86)\Steam\steamapps\common\Barotrauma\Content\Map\Biomes\HydrothermalWastes\LevelWallEdge.png"
"map-elements","image","Content/Map/Biomes/HydrothermalWastes/WallEdgeChunks.png","WallEdgeChunks.png","png","2192590","2025-06-08T21:11:01.9672812Z","C:\Program Files (x86)\Steam\steamapps\common\Barotrauma\Content\Map\Biomes\HydrothermalWastes\WallEdgeChunks.png"
"map-elements","image","Content/Map/Biomes/IceCave/LevelWall.png","LevelWall.png","png","941771","2025-06-08T21:11:01.9712886Z","C:\Program Files (x86)\Steam\steamapps\common\Barotrauma\Content\Map\Biomes\IceCave\LevelWall.png"
"map-elements","image","Content/Map/Biomes/IceCave/LevelWallEdge.png","LevelWallEdge.png","png","737681","2025-06-08T21:11:01.9712886Z","C:\Program Files (x86)\Steam\steamapps\common\Barotrauma\Content\Map\Biomes\IceCave\LevelWallEdge.png"
"map-elements","image","Content/Map/Biomes/IceCave/WallEdgeChunks.png","WallEdgeChunks.png","png","553231","2025-06-08T21:11:01.9712886Z","C:\Program Files (x86)\Steam\steamapps\common\Barotrauma\Content\Map\Biomes\IceCave\WallEdgeChunks.png"
"map-elements","image","Content/Map/Biomes/MushroomCave/CaveHazards.png","CaveHazards.png","png","947041","2025-06-08T21:11:01.9712886Z","C:\Program Files (x86)\Steam\steamapps\common\Barotrauma\Content\Map\Biomes\MushroomCave\CaveHazards.png"
"map-elements","image","Content/Map/Biomes/MushroomCave/LevelObjects.png","LevelObjects.png","png","415178","2025-06-08T21:11:01.9722818Z","C:\Program Files (x86)\Steam\steamapps\common\Barotrauma\Content\Map\Biomes\MushroomCave\LevelObjects.png"
"map-elements","image","Content/Map/Biomes/MushroomCave/LevelWall.png","LevelWall.png","png","987155","2025-06-08T21:11:01.9722818Z","C:\Program Files (x86)\Steam\steamapps\common\Barotrauma\Content\Map\Biomes\MushroomCave\LevelWall.png"
"map-elements","image","Content/Map/Biomes/MushroomCave/LevelWallEdge.png","LevelWallEdge.png","png","486215","2025-06-08T21:11:01.9722818Z","C:\Program Files (x86)\Steam\steamapps\common\Barotrauma\Content\Map\Biomes\MushroomCave\LevelWallEdge.png"
"map-elements","image","Content/Map/Biomes/MushroomCave/WallEdgeChunks.png","WallEdgeChunks.png","png","951591","2025-06-08T21:11:01.9722818Z","C:\Program Files (x86)\Steam\steamapps\common\Barotrauma\Content\Map\Biomes\MushroomCave\WallEdgeChunks.png"
"map-elements","image","Content/Map/Biomes/NestObjects/NestObjects.png","NestObjects.png","png","234608","2025-06-08T21:11:15.0536829Z","C:\Program Files (x86)\Steam\steamapps\common\Barotrauma\Content\Map\Biomes\NestObjects\NestObjects.png"
"map-elements","image","Content/Map/Biomes/RockCave/LevelWall.png","LevelWall.png","png","890381","2025-06-08T21:11:01.9732818Z","C:\Program Files (x86)\Steam\steamapps\common\Barotrauma\Content\Map\Biomes\RockCave\LevelWall.png"
"map-elements","image","Content/Map/Biomes/RockCave/LevelWallEdge.png","LevelWallEdge.png","png","235870","2025-06-08T21:11:15.4649512Z","C:\Program Files (x86)\Steam\steamapps\common\Barotrauma\Content\Map\Biomes\RockCave\LevelWallEdge.png"
"map-elements","image","Content/Map/Biomes/RockCave/WallEdgeChunks.png","WallEdgeChunks.png","png","609994","2025-06-08T21:11:01.9732818Z","C:\Program Files (x86)\Steam\steamapps\common\Barotrauma\Content\Map\Biomes\RockCave\WallEdgeChunks.png"
"map-elements","image","Content/Map/Biomes/TheGreatSea/LevelObjects.png","LevelObjects.png","png","1499105","2025-06-08T21:11:01.9732818Z","C:\Program Files (x86)\Steam\steamapps\common\Barotrauma\Content\Map\Biomes\TheGreatSea\LevelObjects.png"
"map-elements","image","Content/Map/Biomes/TheGreatSea/LevelWall.png","LevelWall.png","png","227478","2025-06-08T21:11:12.4438784Z","C:\Program Files (x86)\Steam\steamapps\common\Barotrauma\Content\Map\Biomes\TheGreatSea\LevelWall.png"
"map-elements","image","Content/Map/Biomes/TheGreatSea/LevelWallEdge.png","LevelWallEdge.png","png","804382","2025-06-08T21:11:01.9732818Z","C:\Program Files (x86)\Steam\steamapps\common\Barotrauma\Content\Map\Biomes\TheGreatSea\LevelWallEdge.png"
"map-elements","image","Content/Map/Biomes/TheGreatSea/Lightning.png","Lightning.png","png","477871","2025-06-08T21:11:01.9732818Z","C:\Program Files (x86)\Steam\steamapps\common\Barotrauma\Content\Map\Biomes\TheGreatSea\Lightning.png"
"map-elements","image","Content/Map/Biomes/TheGreatSea/WallEdgeChunks.png","WallEdgeChunks.png","png","1637540","2025-06-08T21:11:01.9742817Z","C:\Program Files (x86)\Steam\steamapps\common\Barotrauma\Content\Map\Biomes\TheGreatSea\WallEdgeChunks.png"
"map-elements","image","Content/Map/DecorativeVentilation.png","DecorativeVentilation.png","png","845409","2025-09-18T02:31:38.7724423Z","C:\Program Files (x86)\Steam\steamapps\common\Barotrauma\Content\Map\DecorativeVentilation.png"
"map-elements","image","Content/Map/ExteriorWallsA.png","ExteriorWallsA.png","png","2091270","2025-06-08T21:11:01.9742817Z","C:\Program Files (x86)\Steam\steamapps\common\Barotrauma\Content\Map\ExteriorWallsA.png"
"map-elements","image","Content/Map/ExteriorWallsABack.png","ExteriorWallsABack.png","png","1877176","2025-06-08T21:11:01.9742817Z","C:\Program Files (x86)\Steam\steamapps\common\Barotrauma\Content\Map\ExteriorWallsABack.png"
"map-elements","image","Content/Map/FinsA.png","FinsA.png","png","1542669","2025-06-08T21:11:01.9742817Z","C:\Program Files (x86)\Steam\steamapps\common\Barotrauma\Content\Map\FinsA.png"
"map-elements","image","Content/Map/LabelIcons.png","LabelIcons.png","png","98017","2025-06-08T21:11:15.4729514Z","C:\Program Files (x86)\Steam\steamapps\common\Barotrauma\Content\Map\LabelIcons.png"
"map-elements","image","Content/Map/LabelLetters.png","LabelLetters.png","png","35222","2025-06-08T21:11:08.5526092Z","C:\Program Files (x86)\Steam\steamapps\common\Barotrauma\Content\Map\LabelLetters.png"
"map-elements","image","Content/Map/LabelLetters2.png","LabelLetters2.png","png","257516","2025-06-08T21:11:16.6112913Z","C:\Program Files (x86)\Steam\steamapps\common\Barotrauma\Content\Map\LabelLetters2.png"
"map-elements","image","Content/Map/LargeInsideWalls.png","LargeInsideWalls.png","png","411474","2025-12-10T00:32:43.2480253Z","C:\Program Files (x86)\Steam\steamapps\common\Barotrauma\Content\Map\LargeInsideWalls.png"
"map-elements","image","Content/Map/LocationPortraits/AlienRuins.png","AlienRuins.png","png","1473317","2025-06-08T21:11:01.9742817Z","C:\Program Files (x86)\Steam\steamapps\common\Barotrauma\Content\Map\LocationPortraits\AlienRuins.png"
"map-elements","image","Content/Map/LocationPortraits/AlienRuins2.png","AlienRuins2.png","png","1375120","2025-06-08T21:11:01.9752818Z","C:\Program Files (x86)\Steam\steamapps\common\Barotrauma\Content\Map\LocationPortraits\AlienRuins2.png"
"map-elements","image","Content/Map/LocationPortraits/AlienRuins3.png","AlienRuins3.png","png","1375120","2025-06-08T21:11:01.9752818Z","C:\Program Files (x86)\Steam\steamapps\common\Barotrauma\Content\Map\LocationPortraits\AlienRuins3.png"
"map-elements","image","Content/Map/LocationPortraits/AlienRuins4.png","AlienRuins4.png","png","1618308","2025-06-08T21:11:01.9752818Z","C:\Program Files (x86)\Steam\steamapps\common\Barotrauma\Content\Map\LocationPortraits\AlienRuins4.png"
"map-elements","image","Content/Map/LocationPortraits/Colony.png","Colony.png","png","2890632","2025-06-08T21:11:01.9752818Z","C:\Program Files (x86)\Steam\steamapps\common\Barotrauma\Content\Map\LocationPortraits\Colony.png"
"map-elements","image","Content/Map/LocationPortraits/Colony2.png","Colony2.png","png","1107947","2025-06-08T21:11:01.9752818Z","C:\Program Files (x86)\Steam\steamapps\common\Barotrauma\Content\Map\LocationPortraits\Colony2.png"
"map-elements","image","Content/Map/LocationPortraits/Colony3.png","Colony3.png","png","1414997","2025-06-08T21:11:01.9752818Z","C:\Program Files (x86)\Steam\steamapps\common\Barotrauma\Content\Map\LocationPortraits\Colony3.png"
"map-elements","image","Content/Map/LocationPortraits/Colony4.png","Colony4.png","png","1528861","2025-06-08T21:11:01.9752818Z","C:\Program Files (x86)\Steam\steamapps\common\Barotrauma\Content\Map\LocationPortraits\Colony4.png"
"map-elements","image","Content/Map/LocationPortraits/EndPortrait1.png","EndPortrait1.png","png","1445132","2025-06-08T21:11:01.9752818Z","C:\Program Files (x86)\Steam\steamapps\common\Barotrauma\Content\Map\LocationPortraits\EndPortrait1.png"
"map-elements","image","Content/Map/LocationPortraits/EndPortrait2.png","EndPortrait2.png","png","1430840","2025-06-08T21:11:01.9762820Z","C:\Program Files (x86)\Steam\steamapps\common\Barotrauma\Content\Map\LocationPortraits\EndPortrait2.png"
"map-elements","image","Content/Map/LocationPortraits/EndPortrait3.png","EndPortrait3.png","png","1382585","2025-06-08T21:11:01.9762820Z","C:\Program Files (x86)\Steam\steamapps\common\Barotrauma\Content\Map\LocationPortraits\EndPortrait3.png"
"map-elements","image","Content/Map/LocationPortraits/EndPortrait4.png","EndPortrait4.png","png","763597","2025-06-08T21:11:01.9762820Z","C:\Program Files (x86)\Steam\steamapps\common\Barotrauma\Content\Map\LocationPortraits\EndPortrait4.png"
"map-elements","image","Content/Map/LocationPortraits/HabitationOutpost.png","HabitationOutpost.png","png","1183771","2025-06-08T21:11:01.9762820Z","C:\Program Files (x86)\Steam\steamapps\common\Barotrauma\Content\Map\LocationPortraits\HabitationOutpost.png"
"map-elements","image","Content/Map/LocationPortraits/HabitationOutpost2.png","HabitationOutpost2.png","png","1095031","2025-06-08T21:11:01.9762820Z","C:\Program Files (x86)\Steam\steamapps\common\Barotrauma\Content\Map\LocationPortraits\HabitationOutpost2.png"
"map-elements","image","Content/Map/LocationPortraits/HabitationOutpost3.png","HabitationOutpost3.png","png","1483900","2025-06-08T21:11:01.9762820Z","C:\Program Files (x86)\Steam\steamapps\common\Barotrauma\Content\Map\LocationPortraits\HabitationOutpost3.png"
"map-elements","image","Content/Map/LocationPortraits/HabitationOutpost4.png","HabitationOutpost4.png","png","1447471","2025-06-08T21:11:01.9762820Z","C:\Program Files (x86)\Steam\steamapps\common\Barotrauma\Content\Map\LocationPortraits\HabitationOutpost4.png"
"map-elements","image","Content/Map/LocationPortraits/MainMenu1.png","MainMenu1.png","png","2809282","2025-06-08T21:11:01.9762820Z","C:\Program Files (x86)\Steam\steamapps\common\Barotrauma\Content\Map\LocationPortraits\MainMenu1.png"
"map-elements","image","Content/Map/LocationPortraits/MainMenu2.png","MainMenu2.png","png","1791039","2025-06-08T21:11:01.9762820Z","C:\Program Files (x86)\Steam\steamapps\common\Barotrauma\Content\Map\LocationPortraits\MainMenu2.png"
"map-elements","image","Content/Map/LocationPortraits/NaturalFormations.png","NaturalFormations.png","png","869868","2025-06-08T21:11:01.9772820Z","C:\Program Files (x86)\Steam\steamapps\common\Barotrauma\Content\Map\LocationPortraits\NaturalFormations.png"
"map-elements","image","Content/Map/LocationPortraits/NaturalFormations2.png","NaturalFormations2.png","png","1237300","2025-06-08T21:11:01.9772820Z","C:\Program Files (x86)\Steam\steamapps\common\Barotrauma\Content\Map\LocationPortraits\NaturalFormations2.png"
"map-elements","image","Content/Map/LocationPortraits/NaturalFormations3.png","NaturalFormations3.png","png","1358941","2025-06-08T21:11:01.9772820Z","C:\Program Files (x86)\Steam\steamapps\common\Barotrauma\Content\Map\LocationPortraits\NaturalFormations3.png"
"map-elements","image","Content/Map/LocationPortraits/NaturalFormations4.png","NaturalFormations4.png","png","1583879","2025-06-08T21:11:01.9782838Z","C:\Program Files (x86)\Steam\steamapps\common\Barotrauma\Content\Map\LocationPortraits\NaturalFormations4.png"
"map-elements","image","Content/Map/LocationPortraits/WorkCampMilitary.png","WorkCampMilitary.png","png","2977716","2025-06-08T21:11:01.9782838Z","C:\Program Files (x86)\Steam\steamapps\common\Barotrauma\Content\Map\LocationPortraits\WorkCampMilitary.png"
"map-elements","image","Content/Map/LocationPortraits/WorkCampMilitary2.png","WorkCampMilitary2.png","png","1585821","2025-06-08T21:11:01.9782838Z","C:\Program Files (x86)\Steam\steamapps\common\Barotrauma\Content\Map\LocationPortraits\WorkCampMilitary2.png"
"map-elements","image","Content/Map/LocationPortraits/WorkCampMilitary3.png","WorkCampMilitary3.png","png","1479185","2025-06-08T21:11:01.9792904Z","C:\Program Files (x86)\Steam\steamapps\common\Barotrauma\Content\Map\LocationPortraits\WorkCampMilitary3.png"
"map-elements","image","Content/Map/LocationPortraits/WorkCampMilitary4.png","WorkCampMilitary4.png","png","1623520","2025-06-08T21:11:01.9792904Z","C:\Program Files (x86)\Steam\steamapps\common\Barotrauma\Content\Map\LocationPortraits\WorkCampMilitary4.png"
"map-elements","image","Content/Map/LocationPortraits/WorkCampMining1.png","WorkCampMining1.png","png","1317650","2025-06-08T21:11:01.9792904Z","C:\Program Files (x86)\Steam\steamapps\common\Barotrauma\Content\Map\LocationPortraits\WorkCampMining1.png"
"map-elements","image","Content/Map/LocationPortraits/WorkCampMining2.png","WorkCampMining2.png","png","1368227","2025-06-08T21:11:01.9792904Z","C:\Program Files (x86)\Steam\steamapps\common\Barotrauma\Content\Map\LocationPortraits\WorkCampMining2.png"
"map-elements","image","Content/Map/LocationPortraits/WorkCampMining3.png","WorkCampMining3.png","png","1414378","2025-06-08T21:11:01.9803050Z","C:\Program Files (x86)\Steam\steamapps\common\Barotrauma\Content\Map\LocationPortraits\WorkCampMining3.png"
"map-elements","image","Content/Map/LocationPortraits/WorkCampMining4.png","WorkCampMining4.png","png","1405479","2025-06-08T21:11:01.9803050Z","C:\Program Files (x86)\Steam\steamapps\common\Barotrauma\Content\Map\LocationPortraits\WorkCampMining4.png"
"map-elements","image","Content/Map/LocationPortraits/WorkCampResearchFacility1.png","WorkCampResearchFacility1.png","png","1077116","2025-06-08T21:11:01.9803050Z","C:\Program Files (x86)\Steam\steamapps\common\Barotrauma\Content\Map\LocationPortraits\WorkCampResearchFacility1.png"
"map-elements","image","Content/Map/LocationPortraits/WorkCampResearchFacility2.png","WorkCampResearchFacility2.png","png","1414150","2025-06-08T21:11:01.9803050Z","C:\Program Files (x86)\Steam\steamapps\common\Barotrauma\Content\Map\LocationPortraits\WorkCampResearchFacility2.png"
"map-elements","image","Content/Map/LocationPortraits/WorkCampResearchFacility3.png","WorkCampResearchFacility3.png","png","1257639","2025-06-08T21:11:01.9803050Z","C:\Program Files (x86)\Steam\steamapps\common\Barotrauma\Content\Map\LocationPortraits\WorkCampResearchFacility3.png"
"map-elements","image","Content/Map/LocationPortraits/WorkCampResearchFacility4.png","WorkCampResearchFacility4.png","png","1601615","2025-06-08T21:11:01.9812964Z","C:\Program Files (x86)\Steam\steamapps\common\Barotrauma\Content\Map\LocationPortraits\WorkCampResearchFacility4.png"
"map-elements","image","Content/Map/LocationPortraits/Wreck1.png","Wreck1.png","png","1570720","2025-06-08T21:11:01.9812964Z","C:\Program Files (x86)\Steam\steamapps\common\Barotrauma\Content\Map\LocationPortraits\Wreck1.png"
"map-elements","image","Content/Map/LocationPortraits/Wreck2.png","Wreck2.png","png","1721843","2025-06-08T21:11:01.9812964Z","C:\Program Files (x86)\Steam\steamapps\common\Barotrauma\Content\Map\LocationPortraits\Wreck2.png"
"map-elements","image","Content/Map/LocationPortraits/Wreck3.png","Wreck3.png","png","1661835","2025-06-08T21:11:01.9812964Z","C:\Program Files (x86)\Steam\steamapps\common\Barotrauma\Content\Map\LocationPortraits\Wreck3.png"
"map-elements","image","Content/Map/LocationPortraits/Wreck4.png","Wreck4.png","png","1721914","2025-06-08T21:11:01.9812964Z","C:\Program Files (x86)\Steam\steamapps\common\Barotrauma\Content\Map\LocationPortraits\Wreck4.png"
"map-elements","image","Content/Map/LocationPortraits/Wreck5.png","Wreck5.png","png","1714290","2025-06-08T21:11:01.9812964Z","C:\Program Files (x86)\Steam\steamapps\common\Barotrauma\Content\Map\LocationPortraits\Wreck5.png"
"map-elements","image","Content/Map/MapAtlas.png","MapAtlas.png","png","444758","2025-06-19T20:07:27.3251531Z","C:\Program Files (x86)\Steam\steamapps\common\Barotrauma\Content\Map\MapAtlas.png"
"map-elements","image","Content/Map/MapCircle.png","MapCircle.png","png","35540","2025-06-08T21:11:28.9245408Z","C:\Program Files (x86)\Steam\steamapps\common\Barotrauma\Content\Map\MapCircle.png"
"map-elements","image","Content/Map/MapHUD.png","MapHUD.png","png","280899","2025-06-08T21:11:01.9812964Z","C:\Program Files (x86)\Steam\steamapps\common\Barotrauma\Content\Map\MapHUD.png"
"map-elements","image","Content/Map/MapPieces/MapPieces.png","MapPieces.png","png","975519","2025-06-08T21:11:01.9822958Z","C:\Program Files (x86)\Steam\steamapps\common\Barotrauma\Content\Map\MapPieces\MapPieces.png"
"map-elements","image","Content/Map/MiscStructures.png","MiscStructures.png","png","1447243","2025-06-08T21:11:01.9822958Z","C:\Program Files (x86)\Steam\steamapps\common\Barotrauma\Content\Map\MiscStructures.png"
"map-elements","image","Content/Map/MiscStructures2.png","MiscStructures2.png","png","91841","2025-06-08T21:11:12.7948143Z","C:\Program Files (x86)\Steam\steamapps\common\Barotrauma\Content\Map\MiscStructures2.png"
"map-elements","image","Content/Map/NeonSign_Light.png","NeonSign_Light.png","png","361578","2025-06-08T21:11:01.9822958Z","C:\Program Files (x86)\Steam\steamapps\common\Barotrauma\Content\Map\NeonSign_Light.png"
"map-elements","image","Content/Map/OpbgMaintenanceBay.png","OpbgMaintenanceBay.png","png","1484475","2025-06-08T21:11:01.9822958Z","C:\Program Files (x86)\Steam\steamapps\common\Barotrauma\Content\Map\OpbgMaintenanceBay.png"
"map-elements","image","Content/Map/OpbgShop.png","OpbgShop.png","png","1197738","2025-06-08T21:11:01.9822958Z","C:\Program Files (x86)\Steam\steamapps\common\Barotrauma\Content\Map\OpbgShop.png"
"map-elements","image","Content/Map/Outposts/AbandonedOutpost/HumanEnemyA.png","HumanEnemyA.png","png","1052663","2025-06-08T21:11:01.9822958Z","C:\Program Files (x86)\Steam\steamapps\common\Barotrauma\Content\Map\Outposts\AbandonedOutpost\HumanEnemyA.png"
"map-elements","image","Content/Map/Outposts/AbandonedOutpost/MonsterScumsA.png","MonsterScumsA.png","png","352234","2025-06-08T21:11:01.9822958Z","C:\Program Files (x86)\Steam\steamapps\common\Barotrauma\Content\Map\Outposts\AbandonedOutpost\MonsterScumsA.png"
"map-elements","image","Content/Map/Outposts/AbandonedOutpost/RustedDecalItem.png","RustedDecalItem.png","png","534165","2025-06-08T21:11:01.9832486Z","C:\Program Files (x86)\Steam\steamapps\common\Barotrauma\Content\Map\Outposts\AbandonedOutpost\RustedDecalItem.png"
"map-elements","image","Content/Map/Outposts/AbandonedOutpost/RustedDecalWall.png","RustedDecalWall.png","png","470593","2025-06-08T21:11:01.9832486Z","C:\Program Files (x86)\Steam\steamapps\common\Barotrauma\Content\Map\Outposts\AbandonedOutpost\RustedDecalWall.png"
"map-elements","image","Content/Map/Outposts/Art/AdminResidentAssets.png","AdminResidentAssets.png","png","1121751","2025-06-08T21:11:01.9832486Z","C:\Program Files (x86)\Steam\steamapps\common\Barotrauma\Content\Map\Outposts\Art\AdminResidentAssets.png"
"map-elements","image","Content/Map/Outposts/Art/ArmoryColonyModule.png","ArmoryColonyModule.png","png","182739","2025-06-08T21:11:12.8428497Z","C:\Program Files (x86)\Steam\steamapps\common\Barotrauma\Content\Map\Outposts\Art\ArmoryColonyModule.png"
"map-elements","image","Content/Map/Outposts/Art/CafeteriaGardenAssets.png","CafeteriaGardenAssets.png","png","317118","2025-06-08T21:11:01.9832486Z","C:\Program Files (x86)\Steam\steamapps\common\Barotrauma\Content\Map\Outposts\Art\CafeteriaGardenAssets.png"
"map-elements","image","Content/Map/Outposts/Art/ClownDistrict.png","ClownDistrict.png","png","1131973","2025-06-08T21:11:01.9840282Z","C:\Program Files (x86)\Steam\steamapps\common\Barotrauma\Content\Map\Outposts\Art\ClownDistrict.png"
"map-elements","image","Content/Map/Outposts/Art/EngineerColonyModule.png","EngineerColonyModule.png","png","349877","2025-06-08T21:11:01.9840282Z","C:\Program Files (x86)\Steam\steamapps\common\Barotrauma\Content\Map\Outposts\Art\EngineerColonyModule.png"
"map-elements","image","Content/Map/Outposts/Art/EngineerColonyModule2.png","EngineerColonyModule2.png","png","889293","2025-06-08T21:11:01.9840282Z","C:\Program Files (x86)\Steam\steamapps\common\Barotrauma\Content\Map\Outposts\Art\EngineerColonyModule2.png"
"map-elements","image","Content/Map/Outposts/Art/EngineerColonyModule3.png","EngineerColonyModule3.png","png","354700","2025-06-08T21:11:01.9840282Z","C:\Program Files (x86)\Steam\steamapps\common\Barotrauma\Content\Map\Outposts\Art\EngineerColonyModule3.png"
"map-elements","image","Content/Map/Outposts/Art/Event_pic1.png","Event_pic1.png","png","1144643","2025-06-08T21:11:01.9840282Z","C:\Program Files (x86)\Steam\steamapps\common\Barotrauma\Content\Map\Outposts\Art\Event_pic1.png"
"map-elements","image","Content/Map/Outposts/Art/Event_pic2.png","Event_pic2.png","png","1232559","2025-06-08T21:11:01.9840282Z","C:\Program Files (x86)\Steam\steamapps\common\Barotrauma\Content\Map\Outposts\Art\Event_pic2.png"
"map-elements","image","Content/Map/Outposts/Art/Event_pic3.png","Event_pic3.png","png","417929","2025-06-08T21:11:01.9840282Z","C:\Program Files (x86)\Steam\steamapps\common\Barotrauma\Content\Map\Outposts\Art\Event_pic3.png"
"map-elements","image","Content/Map/Outposts/Art/Event_pic4.png","Event_pic4.png","png","2001964","2025-06-08T21:11:01.9840282Z","C:\Program Files (x86)\Steam\steamapps\common\Barotrauma\Content\Map\Outposts\Art\Event_pic4.png"
"map-elements","image","Content/Map/Outposts/Art/FactionItems.png","FactionItems.png","png","210093","2025-06-08T21:11:23.1646202Z","C:\Program Files (x86)\Steam\steamapps\common\Barotrauma\Content\Map\Outposts\Art\FactionItems.png"
"map-elements","image","Content/Map/Outposts/Art/GenericAssets2.png","GenericAssets2.png","png","1149401","2025-06-08T21:11:01.9840282Z","C:\Program Files (x86)\Steam\steamapps\common\Barotrauma\Content\Map\Outposts\Art\GenericAssets2.png"
"map-elements","image","Content/Map/Outposts/Art/GenericWalls.png","GenericWalls.png","png","1599767","2025-06-08T21:11:01.9840282Z","C:\Program Files (x86)\Steam\steamapps\common\Barotrauma\Content\Map\Outposts\Art\GenericWalls.png"
"map-elements","image","Content/Map/Outposts/Art/GenericWalls2.png","GenericWalls2.png","png","1298114","2025-06-08T21:11:01.9850338Z","C:\Program Files (x86)\Steam\steamapps\common\Barotrauma\Content\Map\Outposts\Art\GenericWalls2.png"
"map-elements","image","Content/Map/Outposts/Art/HumanResourcesAssets.png","HumanResourcesAssets.png","png","280731","2025-06-08T21:11:01.9850338Z","C:\Program Files (x86)\Steam\steamapps\common\Barotrauma\Content\Map\Outposts\Art\HumanResourcesAssets.png"
"map-elements","image","Content/Map/Outposts/Art/HuskDistrict.png","HuskDistrict.png","png","1170459","2025-06-08T21:11:01.9850338Z","C:\Program Files (x86)\Steam\steamapps\common\Barotrauma\Content\Map\Outposts\Art\HuskDistrict.png"
"map-elements","image","Content/Map/Outposts/Art/ManagerOfficeAssets.png","ManagerOfficeAssets.png","png","342329","2025-06-08T21:11:01.9850338Z","C:\Program Files (x86)\Steam\steamapps\common\Barotrauma\Content\Map\Outposts\Art\ManagerOfficeAssets.png"
"map-elements","image","Content/Map/Outposts/Art/MedBayAssets.png","MedBayAssets.png","png","316226","2025-06-08T21:11:01.9850338Z","C:\Program Files (x86)\Steam\steamapps\common\Barotrauma\Content\Map\Outposts\Art\MedBayAssets.png"
"map-elements","image","Content/Map/Outposts/Art/MedicalColonyAssets.png","MedicalColonyAssets.png","png","345360","2025-06-08T21:11:01.9850338Z","C:\Program Files (x86)\Steam\steamapps\common\Barotrauma\Content\Map\Outposts\Art\MedicalColonyAssets.png"
"map-elements","image","Content/Map/Outposts/Art/MedicalItemResearch.png","MedicalItemResearch.png","png","389151","2025-06-08T21:11:01.9850338Z","C:\Program Files (x86)\Steam\steamapps\common\Barotrauma\Content\Map\Outposts\Art\MedicalItemResearch.png"
"map-elements","image","Content/Map/Outposts/Art/MedicalItemResearchLights.png","MedicalItemResearchLights.png","png","96363","2025-06-08T21:11:29.9459902Z","C:\Program Files (x86)\Steam\steamapps\common\Barotrauma\Content\Map\Outposts\Art\MedicalItemResearchLights.png"
"map-elements","image","Content/Map/Outposts/Art/MiningMachine.png","MiningMachine.png","png","598611","2025-06-08T21:11:01.9850338Z","C:\Program Files (x86)\Steam\steamapps\common\Barotrauma\Content\Map\Outposts\Art\MiningMachine.png"
"map-elements","image","Content/Map/Outposts/Art/SeparatistOutpost.png","SeparatistOutpost.png","png","1192914","2025-06-08T21:11:01.9860328Z","C:\Program Files (x86)\Steam\steamapps\common\Barotrauma\Content\Map\Outposts\Art\SeparatistOutpost.png"
"map-elements","image","Content/Map/Outposts/Art/Shop.png","Shop.png","png","1134198","2025-06-08T21:11:01.9860328Z","C:\Program Files (x86)\Steam\steamapps\common\Barotrauma\Content\Map\Outposts\Art\Shop.png"
"map-elements","image","Content/Map/Outposts/Art/SignAssets.png","SignAssets.png","png","235120","2025-06-08T21:11:18.2311561Z","C:\Program Files (x86)\Steam\steamapps\common\Barotrauma\Content\Map\Outposts\Art\SignAssets.png"
"map-elements","image","Content/Map/Outposts/Art/Storage.png","Storage.png","png","1094297","2025-06-08T21:11:01.9864578Z","C:\Program Files (x86)\Steam\steamapps\common\Barotrauma\Content\Map\Outposts\Art\Storage.png"
"map-elements","image","Content/Map/Outposts/Art/TunnelIceWalls.png","TunnelIceWalls.png","png","1079334","2025-06-08T21:11:01.9864578Z","C:\Program Files (x86)\Steam\steamapps\common\Barotrauma\Content\Map\Outposts\Art\TunnelIceWalls.png"
"map-elements","image","Content/Map/Outposts/Art/TunnelWalls.png","TunnelWalls.png","png","1618886","2025-06-08T21:11:01.9864578Z","C:\Program Files (x86)\Steam\steamapps\common\Barotrauma\Content\Map\Outposts\Art\TunnelWalls.png"
"map-elements","image","Content/Map/OutpostWall_A.png","OutpostWall_A.png","png","143520","2025-06-08T21:11:18.2907512Z","C:\Program Files (x86)\Steam\steamapps\common\Barotrauma\Content\Map\OutpostWall_A.png"
"map-elements","image","Content/Map/Pirates/pirate_1.png","pirate_1.png","png","86196","2025-06-08T21:11:13.0742884Z","C:\Program Files (x86)\Steam\steamapps\common\Barotrauma\Content\Map\Pirates\pirate_1.png"
"map-elements","image","Content/Map/Pirates/pirate_2.png","pirate_2.png","png","90116","2025-06-08T21:11:21.7175036Z","C:\Program Files (x86)\Steam\steamapps\common\Barotrauma\Content\Map\Pirates\pirate_2.png"
"map-elements","image","Content/Map/Pirates/pirate_3.png","pirate_3.png","png","86350","2025-06-08T21:11:18.3973707Z","C:\Program Files (x86)\Steam\steamapps\common\Barotrauma\Content\Map\Pirates\pirate_3.png"
"map-elements","image","Content/Map/Pirates/PirateEquip.png","PirateEquip.png","png","8101","2025-06-08T21:11:18.2311561Z","C:\Program Files (x86)\Steam\steamapps\common\Barotrauma\Content\Map\Pirates\PirateEquip.png"
"map-elements","image","Content/Map/Pirates/PirateShipAssets.png","PirateShipAssets.png","png","1154559","2025-06-08T21:11:01.9874611Z","C:\Program Files (x86)\Steam\steamapps\common\Barotrauma\Content\Map\Pirates\PirateShipAssets.png"
"map-elements","image","Content/Map/Pirates/PirateShipAssets2.png","PirateShipAssets2.png","png","1488467","2025-06-08T21:11:01.9874611Z","C:\Program Files (x86)\Steam\steamapps\common\Barotrauma\Content\Map\Pirates\PirateShipAssets2.png"
"map-elements","image","Content/Map/Pirates/PirateShipAssets3.png","PirateShipAssets3.png","png","1153560","2025-06-08T21:11:01.9874611Z","C:\Program Files (x86)\Steam\steamapps\common\Barotrauma\Content\Map\Pirates\PirateShipAssets3.png"
"map-elements","image","Content/Map/radiationborder.png","radiationborder.png","png","777490","2025-06-08T21:11:01.9874611Z","C:\Program Files (x86)\Steam\steamapps\common\Barotrauma\Content\Map\radiationborder.png"
"map-elements","image","Content/Map/Reticles.png","Reticles.png","png","257452","2025-06-08T21:11:13.1319763Z","C:\Program Files (x86)\Steam\steamapps\common\Barotrauma\Content\Map\Reticles.png"
"map-elements","image","Content/Map/ruins.png","ruins.png","png","674276","2025-06-08T21:11:01.9884609Z","C:\Program Files (x86)\Steam\steamapps\common\Barotrauma\Content\Map\ruins.png"
"map-elements","image","Content/Map/ShuttleWalls.png","ShuttleWalls.png","png","982529","2025-06-08T21:11:01.9884609Z","C:\Program Files (x86)\Steam\steamapps\common\Barotrauma\Content\Map\ShuttleWalls.png"
"map-elements","image","Content/Map/SubmarineDeco.png","SubmarineDeco.png","png","257990","2025-06-08T21:11:18.7552477Z","C:\Program Files (x86)\Steam\steamapps\common\Barotrauma\Content\Map\SubmarineDeco.png"
"map-elements","image","Content/Map/SubRearBow3.png","SubRearBow3.png","png","436696","2025-06-08T21:11:01.9889978Z","C:\Program Files (x86)\Steam\steamapps\common\Barotrauma\Content\Map\SubRearBow3.png"
"map-elements","image","Content/Map/SubWindows.png","SubWindows.png","png","81223","2025-06-08T21:11:18.5636225Z","C:\Program Files (x86)\Steam\steamapps\common\Barotrauma\Content\Map\SubWindows.png"
"map-elements","image","Content/Map/testroom.png","testroom.png","png","953106","2025-06-08T21:11:01.9889978Z","C:\Program Files (x86)\Steam\steamapps\common\Barotrauma\Content\Map\testroom.png"
"map-elements","image","Content/Map/Thalamus/thalamus.png","thalamus.png","png","865952","2025-06-08T21:11:01.9889978Z","C:\Program Files (x86)\Steam\steamapps\common\Barotrauma\Content\Map\Thalamus\thalamus.png"
"map-elements","image","Content/Map/walldamage.png","walldamage.png","png","494133","2025-06-08T21:11:01.9900009Z","C:\Program Files (x86)\Steam\steamapps\common\Barotrauma\Content\Map\walldamage.png"
"music","audio","Content/Sounds/Music/Accordion Irish Remix.ogg","Accordion Irish Remix.ogg","ogg","6928901","2025-06-19T20:07:27.3251531Z","C:\Program Files (x86)\Steam\steamapps\common\Barotrauma\Content\Sounds\Music\Accordion Irish Remix.ogg"
"music","audio","Content/Sounds/Music/Alien Ruins Loop.ogg","Alien Ruins Loop.ogg","ogg","5794377","2025-06-08T21:11:01.9965057Z","C:\Program Files (x86)\Steam\steamapps\common\Barotrauma\Content\Sounds\Music\Alien Ruins Loop.ogg"
"music","audio","Content/Sounds/Music/Alien Syndicate Remix.ogg","Alien Syndicate Remix.ogg","ogg","6818156","2025-06-08T21:11:01.9965057Z","C:\Program Files (x86)\Steam\steamapps\common\Barotrauma\Content\Sounds\Music\Alien Syndicate Remix.ogg"
"music","audio","Content/Sounds/Music/Alien Syndicate.ogg","Alien Syndicate.ogg","ogg","14705857","2025-06-08T21:11:01.9965057Z","C:\Program Files (x86)\Steam\steamapps\common\Barotrauma\Content\Sounds\Music\Alien Syndicate.ogg"
"music","audio","Content/Sounds/Music/All But Systematic Chaos.ogg","All But Systematic Chaos.ogg","ogg","11079835","2025-06-08T21:11:01.9965057Z","C:\Program Files (x86)\Steam\steamapps\common\Barotrauma\Content\Sounds\Music\All But Systematic Chaos.ogg"
"music","audio","Content/Sounds/Music/Ballad For Whales.ogg","Ballad For Whales.ogg","ogg","15032319","2025-06-08T21:11:01.9965057Z","C:\Program Files (x86)\Steam\steamapps\common\Barotrauma\Content\Sounds\Music\Ballad For Whales.ogg"
"music","audio","Content/Sounds/Music/Barotraumatropolis.ogg","Barotraumatropolis.ogg","ogg","11331282","2025-06-08T21:11:01.9965057Z","C:\Program Files (x86)\Steam\steamapps\common\Barotrauma\Content\Sounds\Music\Barotraumatropolis.ogg"
"music","audio","Content/Sounds/Music/Biome Noise Loop - Cold Caverns.ogg","Biome Noise Loop - Cold Caverns.ogg","ogg","4481202","2025-06-08T21:11:01.9965057Z","C:\Program Files (x86)\Steam\steamapps\common\Barotrauma\Content\Sounds\Music\Biome Noise Loop - Cold Caverns.ogg"
"music","audio","Content/Sounds/Music/Biome Noise Loop - Europan Ridge.ogg","Biome Noise Loop - Europan Ridge.ogg","ogg","5037674","2025-06-08T21:11:01.9965057Z","C:\Program Files (x86)\Steam\steamapps\common\Barotrauma\Content\Sounds\Music\Biome Noise Loop - Europan Ridge.ogg"
"music","audio","Content/Sounds/Music/Biome Noise Loop - Hydrothermal Wastes.ogg","Biome Noise Loop - Hydrothermal Wastes.ogg","ogg","3671277","2025-06-08T21:11:01.9965057Z","C:\Program Files (x86)\Steam\steamapps\common\Barotrauma\Content\Sounds\Music\Biome Noise Loop - Hydrothermal Wastes.ogg"
"music","audio","Content/Sounds/Music/Biome Noise Loop - The Aphotic Plateau.ogg","Biome Noise Loop - The Aphotic Plateau.ogg","ogg","5034274","2025-06-08T21:11:01.9975056Z","C:\Program Files (x86)\Steam\steamapps\common\Barotrauma\Content\Sounds\Music\Biome Noise Loop - The Aphotic Plateau.ogg"
"music","audio","Content/Sounds/Music/Biome Noise Loop - The Great Sea.ogg","Biome Noise Loop - The Great Sea.ogg","ogg","4077339","2025-06-08T21:11:01.9975056Z","C:\Program Files (x86)\Steam\steamapps\common\Barotrauma\Content\Sounds\Music\Biome Noise Loop - The Great Sea.ogg"
"music","audio","Content/Sounds/Music/Desperation.ogg","Desperation.ogg","ogg","1143049","2025-06-08T21:11:01.9975056Z","C:\Program Files (x86)\Steam\steamapps\common\Barotrauma\Content\Sounds\Music\Desperation.ogg"
"music","audio","Content/Sounds/Music/Engine room whales.ogg","Engine room whales.ogg","ogg","993133","2025-06-08T21:11:01.9975056Z","C:\Program Files (x86)\Steam\steamapps\common\Barotrauma\Content\Sounds\Music\Engine room whales.ogg"
"music","audio","Content/Sounds/Music/Explore The Abyss.ogg","Explore The Abyss.ogg","ogg","13015105","2025-06-08T21:11:01.9975056Z","C:\Program Files (x86)\Steam\steamapps\common\Barotrauma\Content\Sounds\Music\Explore The Abyss.ogg"
"music","audio","Content/Sounds/Music/Extraterrestrial Broadcast.ogg","Extraterrestrial Broadcast.ogg","ogg","16566196","2025-06-08T21:11:01.9975056Z","C:\Program Files (x86)\Steam\steamapps\common\Barotrauma\Content\Sounds\Music\Extraterrestrial Broadcast.ogg"
"music","audio","Content/Sounds/Music/Fragile Waves.ogg","Fragile Waves.ogg","ogg","8167385","2025-06-08T21:11:01.9975056Z","C:\Program Files (x86)\Steam\steamapps\common\Barotrauma\Content\Sounds\Music\Fragile Waves.ogg"
"music","audio","Content/Sounds/Music/Intensity Layer 1.ogg","Intensity Layer 1.ogg","ogg","1024382","2025-06-08T21:11:01.9975056Z","C:\Program Files (x86)\Steam\steamapps\common\Barotrauma\Content\Sounds\Music\Intensity Layer 1.ogg"
"music","audio","Content/Sounds/Music/Intensity Layer 2.ogg","Intensity Layer 2.ogg","ogg","1074334","2025-06-08T21:11:01.9975056Z","C:\Program Files (x86)\Steam\steamapps\common\Barotrauma\Content\Sounds\Music\Intensity Layer 2.ogg"
"music","audio","Content/Sounds/Music/Intensity Layer 3.ogg","Intensity Layer 3.ogg","ogg","816701","2025-06-08T21:11:01.9985055Z","C:\Program Files (x86)\Steam\steamapps\common\Barotrauma\Content\Sounds\Music\Intensity Layer 3.ogg"
"music","audio","Content/Sounds/Music/Intensity Layer 4.ogg","Intensity Layer 4.ogg","ogg","967229","2025-06-08T21:11:01.9985055Z","C:\Program Files (x86)\Steam\steamapps\common\Barotrauma\Content\Sounds\Music\Intensity Layer 4.ogg"
"music","audio","Content/Sounds/Music/Layer 0 - Basic.ogg","Layer 0 - Basic.ogg","ogg","32299951","2025-06-08T21:11:01.9985055Z","C:\Program Files (x86)\Steam\steamapps\common\Barotrauma\Content\Sounds\Music\Layer 0 - Basic.ogg"
"music","audio","Content/Sounds/Music/Layer 1 - Monsters Nearby.ogg","Layer 1 - Monsters Nearby.ogg","ogg","5865077","2025-06-08T21:11:01.9985055Z","C:\Program Files (x86)\Steam\steamapps\common\Barotrauma\Content\Sounds\Music\Layer 1 - Monsters Nearby.ogg"
"music","audio","Content/Sounds/Music/Layer 11 - Crush Depth.ogg","Layer 11 - Crush Depth.ogg","ogg","2139099","2025-06-08T21:11:01.9985055Z","C:\Program Files (x86)\Steam\steamapps\common\Barotrauma\Content\Sounds\Music\Layer 11 - Crush Depth.ogg"
"music","audio","Content/Sounds/Music/Layer 12 - Objective Complete.ogg","Layer 12 - Objective Complete.ogg","ogg","1724575","2025-06-08T21:11:01.9985055Z","C:\Program Files (x86)\Steam\steamapps\common\Barotrauma\Content\Sounds\Music\Layer 12 - Objective Complete.ogg"
"music","audio","Content/Sounds/Music/Layer 2 - In The Ruins.ogg","Layer 2 - In The Ruins.ogg","ogg","7280099","2025-06-08T21:11:01.9985055Z","C:\Program Files (x86)\Steam\steamapps\common\Barotrauma\Content\Sounds\Music\Layer 2 - In The Ruins.ogg"
"music","audio","Content/Sounds/Music/Layer 3 - Leaving Start Location.ogg","Layer 3 - Leaving Start Location.ogg","ogg","3646685","2025-06-08T21:11:01.9985055Z","C:\Program Files (x86)\Steam\steamapps\common\Barotrauma\Content\Sounds\Music\Layer 3 - Leaving Start Location.ogg"
"music","audio","Content/Sounds/Music/Layer 4 - Arriving at Destination.ogg","Layer 4 - Arriving at Destination.ogg","ogg","3941203","2025-06-08T21:11:01.9985055Z","C:\Program Files (x86)\Steam\steamapps\common\Barotrauma\Content\Sounds\Music\Layer 4 - Arriving at Destination.ogg"
"music","audio","Content/Sounds/Music/Layer 5 - Submarine Flooded.ogg","Layer 5 - Submarine Flooded.ogg","ogg","3994226","2025-06-08T21:11:01.9985055Z","C:\Program Files (x86)\Steam\steamapps\common\Barotrauma\Content\Sounds\Music\Layer 5 - Submarine Flooded.ogg"
"music","audio","Content/Sounds/Music/Look Behind The Watery Shadows.ogg","Look Behind The Watery Shadows.ogg","ogg","20412448","2025-06-08T21:11:01.9995058Z","C:\Program Files (x86)\Steam\steamapps\common\Barotrauma\Content\Sounds\Music\Look Behind The Watery Shadows.ogg"
"music","audio","Content/Sounds/Music/Main Menu Music.ogg","Main Menu Music.ogg","ogg","12035355","2025-06-08T21:11:01.9995058Z","C:\Program Files (x86)\Steam\steamapps\common\Barotrauma\Content\Sounds\Music\Main Menu Music.ogg"
"music","audio","Content/Sounds/Music/Marching Upstream Part 1.ogg","Marching Upstream Part 1.ogg","ogg","15811764","2025-06-08T21:11:01.9995058Z","C:\Program Files (x86)\Steam\steamapps\common\Barotrauma\Content\Sounds\Music\Marching Upstream Part 1.ogg"
"music","audio","Content/Sounds/Music/Marching Upstream Part 2.ogg","Marching Upstream Part 2.ogg","ogg","21411969","2025-06-08T21:11:01.9995058Z","C:\Program Files (x86)\Steam\steamapps\common\Barotrauma\Content\Sounds\Music\Marching Upstream Part 2.ogg"
"music","audio","Content/Sounds/Music/Mono/Accordion Irish Remix Mono.ogg","Accordion Irish Remix Mono.ogg","ogg","1344413","2025-07-04T19:47:07.2815409Z","C:\Program Files (x86)\Steam\steamapps\common\Barotrauma\Content\Sounds\Music\Mono\Accordion Irish Remix Mono.ogg"
"music","audio","Content/Sounds/Music/Mono/Alien Syndicate Remix Mono.ogg","Alien Syndicate Remix Mono.ogg","ogg","1237125","2025-07-04T19:47:07.2815409Z","C:\Program Files (x86)\Steam\steamapps\common\Barotrauma\Content\Sounds\Music\Mono\Alien Syndicate Remix Mono.ogg"
"music","audio","Content/Sounds/Music/Mono/Seafloor Cries Sub-Night Remix Mono.ogg","Seafloor Cries Sub-Night Remix Mono.ogg","ogg","1552217","2025-07-04T19:47:07.2824217Z","C:\Program Files (x86)\Steam\steamapps\common\Barotrauma\Content\Sounds\Music\Mono\Seafloor Cries Sub-Night Remix Mono.ogg"
"music","audio","Content/Sounds/Music/Mono/Zack The Rabid Ripper Remix Mono.ogg","Zack The Rabid Ripper Remix Mono.ogg","ogg","1447139","2025-07-04T19:47:07.2824217Z","C:\Program Files (x86)\Steam\steamapps\common\Barotrauma\Content\Sounds\Music\Mono\Zack The Rabid Ripper Remix Mono.ogg"
"music","audio","Content/Sounds/Music/Monster Nearby - Extended.ogg","Monster Nearby - Extended.ogg","ogg","5687137","2025-06-08T21:11:01.9995058Z","C:\Program Files (x86)\Steam\steamapps\common\Barotrauma\Content\Sounds\Music\Monster Nearby - Extended.ogg"
"music","audio","Content/Sounds/Music/Moribund In An Underwater Coffin.ogg","Moribund In An Underwater Coffin.ogg","ogg","10592098","2025-06-08T21:11:01.9995058Z","C:\Program Files (x86)\Steam\steamapps\common\Barotrauma\Content\Sounds\Music\Moribund In An Underwater Coffin.ogg"
"music","audio","Content/Sounds/Music/Overclocked Weakness.ogg","Overclocked Weakness.ogg","ogg","9524644","2025-06-08T21:11:01.9995058Z","C:\Program Files (x86)\Steam\steamapps\common\Barotrauma\Content\Sounds\Music\Overclocked Weakness.ogg"
"music","audio","Content/Sounds/Music/Road to Hell.ogg","Road to Hell.ogg","ogg","655052","2025-06-08T21:11:01.9995058Z","C:\Program Files (x86)\Steam\steamapps\common\Barotrauma\Content\Sounds\Music\Road to Hell.ogg"
"music","audio","Content/Sounds/Music/Seafloor Cries Sub-Night Remix.ogg","Seafloor Cries Sub-Night Remix.ogg","ogg","8975275","2025-06-08T21:11:02.0005058Z","C:\Program Files (x86)\Steam\steamapps\common\Barotrauma\Content\Sounds\Music\Seafloor Cries Sub-Night Remix.ogg"
"music","audio","Content/Sounds/Music/Seafloor Cries.ogg","Seafloor Cries.ogg","ogg","9121669","2025-06-08T21:11:02.0005058Z","C:\Program Files (x86)\Steam\steamapps\common\Barotrauma\Content\Sounds\Music\Seafloor Cries.ogg"
"music","audio","Content/Sounds/Music/Somethings outside.ogg","Somethings outside.ogg","ogg","1033407","2025-06-08T21:11:02.0005058Z","C:\Program Files (x86)\Steam\steamapps\common\Barotrauma\Content\Sounds\Music\Somethings outside.ogg"
"music","audio","Content/Sounds/Music/Space Miner's Song.ogg","Space Miner's Song.ogg","ogg","15480600","2025-06-08T21:11:02.0005058Z","C:\Program Files (x86)\Steam\steamapps\common\Barotrauma\Content\Sounds\Music\Space Miner's Song.ogg"
"music","audio","Content/Sounds/Music/Subaquatic Symphony for Hammer And Metal.ogg","Subaquatic Symphony for Hammer And Metal.ogg","ogg","18650965","2025-06-08T21:11:02.0005058Z","C:\Program Files (x86)\Steam\steamapps\common\Barotrauma\Content\Sounds\Music\Subaquatic Symphony for Hammer And Metal.ogg"
"music","audio","Content/Sounds/Music/Submarine Flooded - Extended.ogg","Submarine Flooded - Extended.ogg","ogg","4926748","2025-06-08T21:11:02.0005058Z","C:\Program Files (x86)\Steam\steamapps\common\Barotrauma\Content\Sounds\Music\Submarine Flooded - Extended.ogg"
"music","audio","Content/Sounds/Music/The Eerie And The Unknown.ogg","The Eerie And The Unknown.ogg","ogg","26466290","2025-06-08T21:11:02.0005058Z","C:\Program Files (x86)\Steam\steamapps\common\Barotrauma\Content\Sounds\Music\The Eerie And The Unknown.ogg"
"music","audio","Content/Sounds/Music/Wartrauma.ogg","Wartrauma.ogg","ogg","28059351","2025-06-08T21:11:02.0005058Z","C:\Program Files (x86)\Steam\steamapps\common\Barotrauma\Content\Sounds\Music\Wartrauma.ogg"
"music","audio","Content/Sounds/Music/Water Of The SSN Rusty Clown.ogg","Water Of The SSN Rusty Clown.ogg","ogg","8324567","2025-06-08T21:11:02.0015054Z","C:\Program Files (x86)\Steam\steamapps\common\Barotrauma\Content\Sounds\Music\Water Of The SSN Rusty Clown.ogg"
"music","audio","Content/Sounds/Music/Waves Of Jupiter.ogg","Waves Of Jupiter.ogg","ogg","4097034","2025-06-08T21:11:02.0015054Z","C:\Program Files (x86)\Steam\steamapps\common\Barotrauma\Content\Sounds\Music\Waves Of Jupiter.ogg"
"music","audio","Content/Sounds/Music/Wondrous Places.ogg","Wondrous Places.ogg","ogg","9972975","2025-06-08T21:11:02.0015054Z","C:\Program Files (x86)\Steam\steamapps\common\Barotrauma\Content\Sounds\Music\Wondrous Places.ogg"
"music","audio","Content/Sounds/Music/Zack The Rabid Ripper Remix.ogg","Zack The Rabid Ripper Remix.ogg","ogg","8283338","2025-06-08T21:11:02.0015054Z","C:\Program Files (x86)\Steam\steamapps\common\Barotrauma\Content\Sounds\Music\Zack The Rabid Ripper Remix.ogg"
"music","audio","Content/Sounds/Music/Zack The Rabid Ripper.ogg","Zack The Rabid Ripper.ogg","ogg","11307864","2025-06-08T21:11:02.0015054Z","C:\Program Files (x86)\Steam\steamapps\common\Barotrauma\Content\Sounds\Music\Zack The Rabid Ripper.ogg"
"other-media","image","Content/DefaultWorkshopPreviewImage.png","DefaultWorkshopPreviewImage.png","png","378778","2025-06-08T21:11:01.9359178Z","C:\Program Files (x86)\Steam\steamapps\common\Barotrauma\Content\DefaultWorkshopPreviewImage.png"
"other-media","image","Content/size_reference.png","size_reference.png","png","73506","2025-06-08T21:11:13.2378297Z","C:\Program Files (x86)\Steam\steamapps\common\Barotrauma\Content\size_reference.png"
"other-media","image","Downloads/barotraumagamecomgamedatasupporterpack_banner.png","barotraumagamecomgamedatasupporterpack_banner.png","png","472302","2025-07-08T20:25:45.5870791Z","C:\Program Files (x86)\Steam\steamapps\common\Barotrauma\Downloads\barotraumagamecomgamedatasupporterpack_banner.png"
"other-media","image","Icon.ico","Icon.ico","ico","150157","2025-06-08T21:11:44.1114783Z","C:\Program Files (x86)\Steam\steamapps\common\Barotrauma\Icon.ico"
"sound-effects","audio","Content/Items/AlarmBuzzerLoop.ogg","AlarmBuzzerLoop.ogg","ogg","102634","2025-06-08T21:11:14.2755386Z","C:\Program Files (x86)\Steam\steamapps\common\Barotrauma\Content\Items\AlarmBuzzerLoop.ogg"
"sound-effects","audio","Content/Items/AlarmDivingLoop.ogg","AlarmDivingLoop.ogg","ogg","50806","2025-06-08T21:11:10.4359544Z","C:\Program Files (x86)\Steam\steamapps\common\Barotrauma\Content\Items\AlarmDivingLoop.ogg"
"sound-effects","audio","Content/Items/Alien/ALIEN_artifactHolderLoop.ogg","ALIEN_artifactHolderLoop.ogg","ogg","84212","2025-06-08T21:11:11.1414343Z","C:\Program Files (x86)\Steam\steamapps\common\Barotrauma\Content\Items\Alien\ALIEN_artifactHolderLoop.ogg"
"sound-effects","audio","Content/Items/Alien/ALIEN_gravitySphereLoop.ogg","ALIEN_gravitySphereLoop.ogg","ogg","274496","2025-06-08T21:11:01.9399170Z","C:\Program Files (x86)\Steam\steamapps\common\Barotrauma\Content\Items\Alien\ALIEN_gravitySphereLoop.ogg"
"sound-effects","audio","Content/Items/Alien/ALIEN_guardianPodLoop.ogg","ALIEN_guardianPodLoop.ogg","ogg","190419","2025-06-08T21:11:11.2529543Z","C:\Program Files (x86)\Steam\steamapps\common\Barotrauma\Content\Items\Alien\ALIEN_guardianPodLoop.ogg"
"sound-effects","audio","Content/Items/Alien/ALIEN_researchStationLoop.ogg","ALIEN_researchStationLoop.ogg","ogg","276989","2025-06-08T21:11:01.9399170Z","C:\Program Files (x86)\Steam\steamapps\common\Barotrauma\Content\Items\Alien\ALIEN_researchStationLoop.ogg"
"sound-effects","audio","Content/Items/Alien/ALIEN_ruinsLoop.ogg","ALIEN_ruinsLoop.ogg","ogg","5794377","2025-06-08T21:11:01.9409163Z","C:\Program Files (x86)\Steam\steamapps\common\Barotrauma\Content\Items\Alien\ALIEN_ruinsLoop.ogg"
"sound-effects","audio","Content/Items/Alien/AlienArtifactLoop1.ogg","AlienArtifactLoop1.ogg","ogg","415399","2025-06-08T21:11:01.9399170Z","C:\Program Files (x86)\Steam\steamapps\common\Barotrauma\Content\Items\Alien\AlienArtifactLoop1.ogg"
"sound-effects","audio","Content/Items/Alien/AlienButton.ogg","AlienButton.ogg","ogg","33855","2025-06-08T21:11:10.0487125Z","C:\Program Files (x86)\Steam\steamapps\common\Barotrauma\Content\Items\Alien\AlienButton.ogg"
"sound-effects","audio","Content/Items/Alien/AlienCoil1.ogg","AlienCoil1.ogg","ogg","35152","2025-06-08T21:11:10.5504509Z","C:\Program Files (x86)\Steam\steamapps\common\Barotrauma\Content\Items\Alien\AlienCoil1.ogg"
"sound-effects","audio","Content/Items/Alien/AlienCoil2.ogg","AlienCoil2.ogg","ogg","39199","2025-06-08T21:11:14.2765378Z","C:\Program Files (x86)\Steam\steamapps\common\Barotrauma\Content\Items\Alien\AlienCoil2.ogg"
"sound-effects","audio","Content/Items/Alien/AlienCoil3.ogg","AlienCoil3.ogg","ogg","37436","2025-06-08T21:11:14.3307463Z","C:\Program Files (x86)\Steam\steamapps\common\Barotrauma\Content\Items\Alien\AlienCoil3.ogg"
"sound-effects","audio","Content/Items/Alien/AlienDoorClose1.ogg","AlienDoorClose1.ogg","ogg","49095","2025-06-08T21:11:10.6631191Z","C:\Program Files (x86)\Steam\steamapps\common\Barotrauma\Content\Items\Alien\AlienDoorClose1.ogg"
"sound-effects","audio","Content/Items/Alien/AlienDoorOpen1.ogg","AlienDoorOpen1.ogg","ogg","98004","2025-06-08T21:11:06.2141186Z","C:\Program Files (x86)\Steam\steamapps\common\Barotrauma\Content\Items\Alien\AlienDoorOpen1.ogg"
"sound-effects","audio","Content/Items/Alien/AlienPump.ogg","AlienPump.ogg","ogg","356710","2025-06-08T21:11:01.9399170Z","C:\Program Files (x86)\Steam\steamapps\common\Barotrauma\Content\Items\Alien\AlienPump.ogg"
"sound-effects","audio","Content/Items/Alien/AlienTurret1.ogg","AlienTurret1.ogg","ogg","98016","2025-06-08T21:11:11.1394339Z","C:\Program Files (x86)\Steam\steamapps\common\Barotrauma\Content\Items\Alien\AlienTurret1.ogg"
"sound-effects","audio","Content/Items/Alien/AlienTurret2.ogg","AlienTurret2.ogg","ogg","99313","2025-06-08T21:11:15.0019804Z","C:\Program Files (x86)\Steam\steamapps\common\Barotrauma\Content\Items\Alien\AlienTurret2.ogg"
"sound-effects","audio","Content/Items/Alien/alienweapon.ogg","alienweapon.ogg","ogg","463116","2025-06-08T21:11:01.9399170Z","C:\Program Files (x86)\Steam\steamapps\common\Barotrauma\Content\Items\Alien\alienweapon.ogg"
"sound-effects","audio","Content/Items/Alien/DAMAGE_guardianPodImpact1.ogg","DAMAGE_guardianPodImpact1.ogg","ogg","12511","2025-06-08T21:11:06.6963474Z","C:\Program Files (x86)\Steam\steamapps\common\Barotrauma\Content\Items\Alien\DAMAGE_guardianPodImpact1.ogg"
"sound-effects","audio","Content/Items/Alien/DAMAGE_guardianPodImpact2.ogg","DAMAGE_guardianPodImpact2.ogg","ogg","13196","2025-06-08T21:11:05.6275593Z","C:\Program Files (x86)\Steam\steamapps\common\Barotrauma\Content\Items\Alien\DAMAGE_guardianPodImpact2.ogg"
"sound-effects","audio","Content/Items/Alien/DAMAGE_guardianPodImpact3.ogg","DAMAGE_guardianPodImpact3.ogg","ogg","13499","2025-06-08T21:11:11.4269905Z","C:\Program Files (x86)\Steam\steamapps\common\Barotrauma\Content\Items\Alien\DAMAGE_guardianPodImpact3.ogg"
"sound-effects","audio","Content/Items/Alien/DAMAGE_guardianPodImpact4.ogg","DAMAGE_guardianPodImpact4.ogg","ogg","12954","2025-06-08T21:11:11.1404340Z","C:\Program Files (x86)\Steam\steamapps\common\Barotrauma\Content\Items\Alien\DAMAGE_guardianPodImpact4.ogg"
"sound-effects","audio","Content/Items/Alien/DAMAGE_guardianPodImpact5.ogg","DAMAGE_guardianPodImpact5.ogg","ogg","13641","2025-06-08T21:11:11.1404340Z","C:\Program Files (x86)\Steam\steamapps\common\Barotrauma\Content\Items\Alien\DAMAGE_guardianPodImpact5.ogg"
"sound-effects","audio","Content/Items/Button/Button.ogg","Button.ogg","ogg","14540","2025-06-08T21:11:05.6275593Z","C:\Program Files (x86)\Steam\steamapps\common\Barotrauma\Content\Items\Button\Button.ogg"
"sound-effects","audio","Content/Items/Button/Switch1.ogg","Switch1.ogg","ogg","9905","2025-06-08T21:11:15.0576946Z","C:\Program Files (x86)\Steam\steamapps\common\Barotrauma\Content\Items\Button\Switch1.ogg"
"sound-effects","audio","Content/Items/Button/Switch2.ogg","Switch2.ogg","ogg","10049","2025-06-08T21:11:06.6963474Z","C:\Program Files (x86)\Steam\steamapps\common\Barotrauma\Content\Items\Button\Switch2.ogg"
"sound-effects","audio","Content/Items/Command/SonarPing.ogg","SonarPing.ogg","ogg","34590","2025-06-08T21:11:15.6338005Z","C:\Program Files (x86)\Steam\steamapps\common\Barotrauma\Content\Items\Command\SonarPing.ogg"
"sound-effects","audio","Content/Items/Command/SonarPing2.ogg","SonarPing2.ogg","ogg","34999","2025-06-08T21:11:05.6846982Z","C:\Program Files (x86)\Steam\steamapps\common\Barotrauma\Content\Items\Command\SonarPing2.ogg"
"sound-effects","audio","Content/Items/Command/SonarPingFar.ogg","SonarPingFar.ogg","ogg","74391","2025-06-08T21:11:05.6877053Z","C:\Program Files (x86)\Steam\steamapps\common\Barotrauma\Content\Items\Command\SonarPingFar.ogg"
"sound-effects","audio","Content/Items/Command/SonarPingFar2.ogg","SonarPingFar2.ogg","ogg","73131","2025-06-08T21:11:11.8211861Z","C:\Program Files (x86)\Steam\steamapps\common\Barotrauma\Content\Items\Command\SonarPingFar2.ogg"
"sound-effects","audio","Content/Items/Diving/DivingSuitLoop1.ogg","DivingSuitLoop1.ogg","ogg","352108","2025-06-08T21:11:01.9439162Z","C:\Program Files (x86)\Steam\steamapps\common\Barotrauma\Content\Items\Diving\DivingSuitLoop1.ogg"
"sound-effects","audio","Content/Items/Diving/DivingSuitLoop2.ogg","DivingSuitLoop2.ogg","ogg","458482","2025-06-08T21:11:01.9439162Z","C:\Program Files (x86)\Steam\steamapps\common\Barotrauma\Content\Items\Diving\DivingSuitLoop2.ogg"
"sound-effects","audio","Content/Items/Diving/ITEMS_divingSuitOxygenLeakLoop.ogg","ITEMS_divingSuitOxygenLeakLoop.ogg","ogg","600705","2025-06-08T21:11:01.9439162Z","C:\Program Files (x86)\Steam\steamapps\common\Barotrauma\Content\Items\Diving\ITEMS_divingSuitOxygenLeakLoop.ogg"
"sound-effects","audio","Content/Items/Diving/ScooterLoop.ogg","ScooterLoop.ogg","ogg","275550","2025-06-08T21:11:01.9439162Z","C:\Program Files (x86)\Steam\steamapps\common\Barotrauma\Content\Items\Diving\ScooterLoop.ogg"
"sound-effects","audio","Content/Items/Door/DockingPort1.ogg","DockingPort1.ogg","ogg","78949","2025-06-08T21:11:07.0743490Z","C:\Program Files (x86)\Steam\steamapps\common\Barotrauma\Content\Items\Door\DockingPort1.ogg"
"sound-effects","audio","Content/Items/Door/DockingPort2.ogg","DockingPort2.ogg","ogg","78006","2025-06-08T21:11:05.8684307Z","C:\Program Files (x86)\Steam\steamapps\common\Barotrauma\Content\Items\Door\DockingPort2.ogg"
"sound-effects","audio","Content/Items/Door/Door1.ogg","Door1.ogg","ogg","40895","2025-06-08T21:11:07.0743490Z","C:\Program Files (x86)\Steam\steamapps\common\Barotrauma\Content\Items\Door\Door1.ogg"
"sound-effects","audio","Content/Items/Door/Door2.ogg","Door2.ogg","ogg","46734","2025-06-08T21:11:07.0743490Z","C:\Program Files (x86)\Steam\steamapps\common\Barotrauma\Content\Items\Door\Door2.ogg"
"sound-effects","audio","Content/Items/Door/Door3.ogg","Door3.ogg","ogg","41091","2025-06-08T21:11:12.3399658Z","C:\Program Files (x86)\Steam\steamapps\common\Barotrauma\Content\Items\Door\Door3.ogg"
"sound-effects","audio","Content/Items/Door/Door4.ogg","Door4.ogg","ogg","42460","2025-06-08T21:11:16.1447315Z","C:\Program Files (x86)\Steam\steamapps\common\Barotrauma\Content\Items\Door\Door4.ogg"
"sound-effects","audio","Content/Items/Door/DoorBreak1.ogg","DoorBreak1.ogg","ogg","42027","2025-06-08T21:11:12.3389664Z","C:\Program Files (x86)\Steam\steamapps\common\Barotrauma\Content\Items\Door\DoorBreak1.ogg"
"sound-effects","audio","Content/Items/Door/DoorBreak2.ogg","DoorBreak2.ogg","ogg","32475","2025-06-08T21:11:11.5378885Z","C:\Program Files (x86)\Steam\steamapps\common\Barotrauma\Content\Items\Door\DoorBreak2.ogg"
"sound-effects","audio","Content/Items/Door/Duct1.ogg","Duct1.ogg","ogg","20254","2025-06-08T21:11:05.8114241Z","C:\Program Files (x86)\Steam\steamapps\common\Barotrauma\Content\Items\Door\Duct1.ogg"
"sound-effects","audio","Content/Items/Door/Duct2.ogg","Duct2.ogg","ogg","18379","2025-06-08T21:11:11.5388993Z","C:\Program Files (x86)\Steam\steamapps\common\Barotrauma\Content\Items\Door\Duct2.ogg"
"sound-effects","audio","Content/Items/Door/DuctBreak.ogg","DuctBreak.ogg","ogg","22894","2025-06-08T21:11:11.5388993Z","C:\Program Files (x86)\Steam\steamapps\common\Barotrauma\Content\Items\Door\DuctBreak.ogg"
"sound-effects","audio","Content/Items/Electricity/Zap1.ogg","Zap1.ogg","ogg","12687","2025-06-08T21:11:11.5378885Z","C:\Program Files (x86)\Steam\steamapps\common\Barotrauma\Content\Items\Electricity\Zap1.ogg"
"sound-effects","audio","Content/Items/Electricity/Zap2.ogg","Zap2.ogg","ogg","9620","2025-06-08T21:11:12.3409662Z","C:\Program Files (x86)\Steam\steamapps\common\Barotrauma\Content\Items\Electricity\Zap2.ogg"
"sound-effects","audio","Content/Items/Electricity/Zap3.ogg","Zap3.ogg","ogg","19500","2025-06-08T21:11:07.0723494Z","C:\Program Files (x86)\Steam\steamapps\common\Barotrauma\Content\Items\Electricity\Zap3.ogg"
"sound-effects","audio","Content/Items/Electricity/Zap4.ogg","Zap4.ogg","ogg","10183","2025-06-08T21:11:16.2076614Z","C:\Program Files (x86)\Steam\steamapps\common\Barotrauma\Content\Items\Electricity\Zap4.ogg"
"sound-effects","audio","Content/Items/Electricity/Zap5.ogg","Zap5.ogg","ogg","10747","2025-06-08T21:11:07.0743490Z","C:\Program Files (x86)\Steam\steamapps\common\Barotrauma\Content\Items\Electricity\Zap5.ogg"
"sound-effects","audio","Content/Items/Engine/Engine.ogg","Engine.ogg","ogg","338876","2025-06-08T21:11:01.9449180Z","C:\Program Files (x86)\Steam\steamapps\common\Barotrauma\Content\Items\Engine\Engine.ogg"
"sound-effects","audio","Content/Items/Engine/EngineBroken.ogg","EngineBroken.ogg","ogg","411984","2025-06-08T21:11:01.9449180Z","C:\Program Files (x86)\Steam\steamapps\common\Barotrauma\Content\Items\Engine\EngineBroken.ogg"
"sound-effects","audio","Content/Items/Fabricators/Deconstructor.ogg","Deconstructor.ogg","ogg","108672","2025-06-08T21:11:12.3903114Z","C:\Program Files (x86)\Steam\steamapps\common\Barotrauma\Content\Items\Fabricators\Deconstructor.ogg"
"sound-effects","audio","Content/Items/Fabricators/Fabricator.ogg","Fabricator.ogg","ogg","615324","2025-06-08T21:11:01.9459168Z","C:\Program Files (x86)\Steam\steamapps\common\Barotrauma\Content\Items\Fabricators\Fabricator.ogg"
"sound-effects","audio","Content/Items/Jobgear/Captain/WEAPONS_handCannon.ogg","WEAPONS_handCannon.ogg","ogg","19659","2025-06-08T21:11:07.1922335Z","C:\Program Files (x86)\Steam\steamapps\common\Barotrauma\Content\Items\Jobgear\Captain\WEAPONS_handCannon.ogg"
"sound-effects","audio","Content/Items/Jobgear/Captain/WEAPONS_handCannon_1.ogg","WEAPONS_handCannon_1.ogg","ogg","18168","2025-06-08T21:11:12.5638664Z","C:\Program Files (x86)\Steam\steamapps\common\Barotrauma\Content\Items\Jobgear\Captain\WEAPONS_handCannon_1.ogg"
"sound-effects","audio","Content/Items/Jobgear/Captain/WEAPONS_handCannon_2.ogg","WEAPONS_handCannon_2.ogg","ogg","18406","2025-06-08T21:11:06.0377947Z","C:\Program Files (x86)\Steam\steamapps\common\Barotrauma\Content\Items\Jobgear\Captain\WEAPONS_handCannon_2.ogg"
"sound-effects","audio","Content/Items/Jobgear/Captain/WEAPONS_handCannon_3.ogg","WEAPONS_handCannon_3.ogg","ogg","18855","2025-06-08T21:11:07.1922335Z","C:\Program Files (x86)\Steam\steamapps\common\Barotrauma\Content\Items\Jobgear\Captain\WEAPONS_handCannon_3.ogg"
"sound-effects","audio","Content/Items/Jobgear/Captain/WEAPONS_handCannon_4.ogg","WEAPONS_handCannon_4.ogg","ogg","18988","2025-06-08T21:11:13.0732880Z","C:\Program Files (x86)\Steam\steamapps\common\Barotrauma\Content\Items\Jobgear\Captain\WEAPONS_handCannon_4.ogg"
"sound-effects","audio","Content/Items/Jobgear/Captain/WEAPONS_handCannon_5.ogg","WEAPONS_handCannon_5.ogg","ogg","19643","2025-06-08T21:11:17.0648480Z","C:\Program Files (x86)\Steam\steamapps\common\Barotrauma\Content\Items\Jobgear\Captain\WEAPONS_handCannon_5.ogg"
"sound-effects","audio","Content/Items/Jobgear/Clown/ClownExosuitHorn.ogg","ClownExosuitHorn.ogg","ogg","48282","2025-06-08T21:11:12.6203719Z","C:\Program Files (x86)\Steam\steamapps\common\Barotrauma\Content\Items\Jobgear\Clown\ClownExosuitHorn.ogg"
"sound-effects","audio","Content/Items/Jobgear/Clown/ITEM_bananaSlip1.ogg","ITEM_bananaSlip1.ogg","ogg","70340","2025-06-08T21:11:13.2388221Z","C:\Program Files (x86)\Steam\steamapps\common\Barotrauma\Content\Items\Jobgear\Clown\ITEM_bananaSlip1.ogg"
"sound-effects","audio","Content/Items/Jobgear/Clown/ITEM_bananaSlip2.ogg","ITEM_bananaSlip2.ogg","ogg","67643","2025-06-08T21:11:13.2398297Z","C:\Program Files (x86)\Steam\steamapps\common\Barotrauma\Content\Items\Jobgear\Clown\ITEM_bananaSlip2.ogg"
"sound-effects","audio","Content/Items/Jobgear/Clown/ITEM_bananaSlip3.ogg","ITEM_bananaSlip3.ogg","ogg","65113","2025-06-08T21:11:13.2958359Z","C:\Program Files (x86)\Steam\steamapps\common\Barotrauma\Content\Items\Jobgear\Clown\ITEM_bananaSlip3.ogg"
"sound-effects","audio","Content/Items/Jobgear/Clown/ITEM_bananaSlip4.ogg","ITEM_bananaSlip4.ogg","ogg","64584","2025-06-08T21:11:07.1882348Z","C:\Program Files (x86)\Steam\steamapps\common\Barotrauma\Content\Items\Jobgear\Clown\ITEM_bananaSlip4.ogg"
"sound-effects","audio","Content/Items/Jobgear/Clown/ITEM_cymbalMono.ogg","ITEM_cymbalMono.ogg","ogg","427131","2025-06-08T21:11:01.9479171Z","C:\Program Files (x86)\Steam\steamapps\common\Barotrauma\Content\Items\Jobgear\Clown\ITEM_cymbalMono.ogg"
"sound-effects","audio","Content/Items/Jobgear/Clown/ITEM_cymbalStereo.ogg","ITEM_cymbalStereo.ogg","ogg","543512","2025-06-08T21:11:01.9479171Z","C:\Program Files (x86)\Steam\steamapps\common\Barotrauma\Content\Items\Jobgear\Clown\ITEM_cymbalStereo.ogg"
"sound-effects","audio","Content/Items/Jobgear/Engineer/WEAPONS_rapidFissileAccelerator.ogg","WEAPONS_rapidFissileAccelerator.ogg","ogg","46478","2025-06-08T21:11:13.0156887Z","C:\Program Files (x86)\Steam\steamapps\common\Barotrauma\Content\Items\Jobgear\Engineer\WEAPONS_rapidFissileAccelerator.ogg"
"sound-effects","audio","Content/Items/Jobgear/Engineer/WEAPONS_rapidFissileAccelerator2.ogg","WEAPONS_rapidFissileAccelerator2.ogg","ogg","36674","2025-06-08T21:11:07.4688538Z","C:\Program Files (x86)\Steam\steamapps\common\Barotrauma\Content\Items\Jobgear\Engineer\WEAPONS_rapidFissileAccelerator2.ogg"
"sound-effects","audio","Content/Items/Jobgear/Engineer/WEAPONS_rapidFissileAccelerator3.ogg","WEAPONS_rapidFissileAccelerator3.ogg","ogg","38761","2025-06-08T21:11:07.5256968Z","C:\Program Files (x86)\Steam\steamapps\common\Barotrauma\Content\Items\Jobgear\Engineer\WEAPONS_rapidFissileAccelerator3.ogg"
"sound-effects","audio","Content/Items/Jobgear/Engineer/WEAPONS_rapidFissileAccelerator4.ogg","WEAPONS_rapidFissileAccelerator4.ogg","ogg","35783","2025-06-08T21:11:14.3307463Z","C:\Program Files (x86)\Steam\steamapps\common\Barotrauma\Content\Items\Jobgear\Engineer\WEAPONS_rapidFissileAccelerator4.ogg"
"sound-effects","audio","Content/Items/Jobgear/Engineer/WEAPONS_rapidFissileAcceleratorStartLoop.ogg","WEAPONS_rapidFissileAcceleratorStartLoop.ogg","ogg","45736","2025-06-08T21:11:06.0387947Z","C:\Program Files (x86)\Steam\steamapps\common\Barotrauma\Content\Items\Jobgear\Engineer\WEAPONS_rapidFissileAcceleratorStartLoop.ogg"
"sound-effects","audio","Content/Items/Jobgear/Mechanic/WEAPON_scrapCannonShot1.ogg","WEAPON_scrapCannonShot1.ogg","ogg","57225","2025-06-08T21:11:14.4585917Z","C:\Program Files (x86)\Steam\steamapps\common\Barotrauma\Content\Items\Jobgear\Mechanic\WEAPON_scrapCannonShot1.ogg"
"sound-effects","audio","Content/Items/Jobgear/Mechanic/WEAPON_scrapCannonShot2.ogg","WEAPON_scrapCannonShot2.ogg","ogg","59247","2025-06-08T21:11:14.5622617Z","C:\Program Files (x86)\Steam\steamapps\common\Barotrauma\Content\Items\Jobgear\Mechanic\WEAPON_scrapCannonShot2.ogg"
"sound-effects","audio","Content/Items/Jobgear/Mechanic/WEAPON_scrapCannonShot3.ogg","WEAPON_scrapCannonShot3.ogg","ogg","58192","2025-06-08T21:11:17.7146708Z","C:\Program Files (x86)\Steam\steamapps\common\Barotrauma\Content\Items\Jobgear\Mechanic\WEAPON_scrapCannonShot3.ogg"
"sound-effects","audio","Content/Items/Jobgear/Security/WEAPON_hmgShot1.ogg","WEAPON_hmgShot1.ogg","ogg","51914","2025-06-08T21:11:07.7008812Z","C:\Program Files (x86)\Steam\steamapps\common\Barotrauma\Content\Items\Jobgear\Security\WEAPON_hmgShot1.ogg"
"sound-effects","audio","Content/Items/Jobgear/Security/WEAPON_hmgShot2.ogg","WEAPON_hmgShot2.ogg","ogg","52201","2025-06-08T21:11:18.1665202Z","C:\Program Files (x86)\Steam\steamapps\common\Barotrauma\Content\Items\Jobgear\Security\WEAPON_hmgShot2.ogg"
"sound-effects","audio","Content/Items/Jobgear/Security/WEAPON_hmgShot3.ogg","WEAPON_hmgShot3.ogg","ogg","51879","2025-06-08T21:11:06.2171152Z","C:\Program Files (x86)\Steam\steamapps\common\Barotrauma\Content\Items\Jobgear\Security\WEAPON_hmgShot3.ogg"
"sound-effects","audio","Content/Items/Jobgear/Security/WEAPON_hmgShot4.ogg","WEAPON_hmgShot4.ogg","ogg","52585","2025-06-08T21:11:14.7877100Z","C:\Program Files (x86)\Steam\steamapps\common\Barotrauma\Content\Items\Jobgear\Security\WEAPON_hmgShot4.ogg"
"sound-effects","audio","Content/Items/Jobgear/Security/WEAPON_hmgShot5.ogg","WEAPON_hmgShot5.ogg","ogg","52486","2025-06-08T21:11:18.2291566Z","C:\Program Files (x86)\Steam\steamapps\common\Barotrauma\Content\Items\Jobgear\Security\WEAPON_hmgShot5.ogg"
"sound-effects","audio","Content/Items/Jobgear/Security/WEAPON_hmgShot6.ogg","WEAPON_hmgShot6.ogg","ogg","52545","2025-06-08T21:11:18.2291566Z","C:\Program Files (x86)\Steam\steamapps\common\Barotrauma\Content\Items\Jobgear\Security\WEAPON_hmgShot6.ogg"
"sound-effects","audio","Content/Items/Jobgear/Security/WEAPONS_assaultRifle.ogg","WEAPONS_assaultRifle.ogg","ogg","17100","2025-06-08T21:11:07.7008812Z","C:\Program Files (x86)\Steam\steamapps\common\Barotrauma\Content\Items\Jobgear\Security\WEAPONS_assaultRifle.ogg"
"sound-effects","audio","Content/Items/Jobgear/Security/WEAPONS_assaultRifle_1.ogg","WEAPONS_assaultRifle_1.ogg","ogg","16050","2025-06-08T21:11:07.7018805Z","C:\Program Files (x86)\Steam\steamapps\common\Barotrauma\Content\Items\Jobgear\Security\WEAPONS_assaultRifle_1.ogg"
"sound-effects","audio","Content/Items/Jobgear/Security/WEAPONS_assaultRifle_2.ogg","WEAPONS_assaultRifle_2.ogg","ogg","18393","2025-06-08T21:11:14.7867104Z","C:\Program Files (x86)\Steam\steamapps\common\Barotrauma\Content\Items\Jobgear\Security\WEAPONS_assaultRifle_2.ogg"
"sound-effects","audio","Content/Items/Jobgear/Security/WEAPONS_assaultRifle_3.ogg","WEAPONS_assaultRifle_3.ogg","ogg","17231","2025-06-08T21:11:06.1013079Z","C:\Program Files (x86)\Steam\steamapps\common\Barotrauma\Content\Items\Jobgear\Security\WEAPONS_assaultRifle_3.ogg"
"sound-effects","audio","Content/Items/Jobgear/Security/WEAPONS_assaultRifle_4.ogg","WEAPONS_assaultRifle_4.ogg","ogg","15954","2025-06-08T21:11:13.4111541Z","C:\Program Files (x86)\Steam\steamapps\common\Barotrauma\Content\Items\Jobgear\Security\WEAPONS_assaultRifle_4.ogg"
"sound-effects","audio","Content/Items/Jobgear/Security/WEAPONS_assaultRifle_5.ogg","WEAPONS_assaultRifle_5.ogg","ogg","18045","2025-06-08T21:11:13.3458885Z","C:\Program Files (x86)\Steam\steamapps\common\Barotrauma\Content\Items\Jobgear\Security\WEAPONS_assaultRifle_5.ogg"
"sound-effects","audio","Content/Items/Jobgear/Security/WEAPONS_autoShotgun.ogg","WEAPONS_autoShotgun.ogg","ogg","18654","2025-06-08T21:11:18.1665202Z","C:\Program Files (x86)\Steam\steamapps\common\Barotrauma\Content\Items\Jobgear\Security\WEAPONS_autoShotgun.ogg"
"sound-effects","audio","Content/Items/Jobgear/Security/WEAPONS_autoShotgun_1.ogg","WEAPONS_autoShotgun_1.ogg","ogg","18616","2025-06-08T21:11:13.3499004Z","C:\Program Files (x86)\Steam\steamapps\common\Barotrauma\Content\Items\Jobgear\Security\WEAPONS_autoShotgun_1.ogg"
"sound-effects","audio","Content/Items/Jobgear/Security/WEAPONS_autoShotgun_2.ogg","WEAPONS_autoShotgun_2.ogg","ogg","18739","2025-06-08T21:11:13.3499004Z","C:\Program Files (x86)\Steam\steamapps\common\Barotrauma\Content\Items\Jobgear\Security\WEAPONS_autoShotgun_2.ogg"
"sound-effects","audio","Content/Items/Jobgear/Security/WEAPONS_autoShotgun_3.ogg","WEAPONS_autoShotgun_3.ogg","ogg","18547","2025-06-08T21:11:18.1655206Z","C:\Program Files (x86)\Steam\steamapps\common\Barotrauma\Content\Items\Jobgear\Security\WEAPONS_autoShotgun_3.ogg"
"sound-effects","audio","Content/Items/MechanicalRepairFail.ogg","MechanicalRepairFail.ogg","ogg","30577","2025-06-08T21:11:06.3692295Z","C:\Program Files (x86)\Steam\steamapps\common\Barotrauma\Content\Items\MechanicalRepairFail.ogg"
"sound-effects","audio","Content/Items/Medical/Bandage1.ogg","Bandage1.ogg","ogg","26810","2025-06-08T21:11:15.0019804Z","C:\Program Files (x86)\Steam\steamapps\common\Barotrauma\Content\Items\Medical\Bandage1.ogg"
"sound-effects","audio","Content/Items/Medical/Bandage2.ogg","Bandage2.ogg","ogg","30209","2025-06-08T21:11:11.2519532Z","C:\Program Files (x86)\Steam\steamapps\common\Barotrauma\Content\Items\Medical\Bandage2.ogg"
"sound-effects","audio","Content/Items/Medical/ITEM_bananaEatingLoop.ogg","ITEM_bananaEatingLoop.ogg","ogg","64061","2025-06-08T21:11:08.0173586Z","C:\Program Files (x86)\Steam\steamapps\common\Barotrauma\Content\Items\Medical\ITEM_bananaEatingLoop.ogg"
"sound-effects","audio","Content/Items/Medical/ITEM_bananaPeeling.ogg","ITEM_bananaPeeling.ogg","ogg","9729","2025-06-08T21:11:06.3622354Z","C:\Program Files (x86)\Steam\steamapps\common\Barotrauma\Content\Items\Medical\ITEM_bananaPeeling.ogg"
"sound-effects","audio","Content/Items/Medical/ITEM_bottleOpen.ogg","ITEM_bottleOpen.ogg","ogg","14292","2025-06-08T21:11:08.0213590Z","C:\Program Files (x86)\Steam\steamapps\common\Barotrauma\Content\Items\Medical\ITEM_bottleOpen.ogg"
"sound-effects","audio","Content/Items/Medical/ITEM_cigarette.ogg","ITEM_cigarette.ogg","ogg","64393","2025-06-08T21:11:13.4671524Z","C:\Program Files (x86)\Steam\steamapps\common\Barotrauma\Content\Items\Medical\ITEM_cigarette.ogg"
"sound-effects","audio","Content/Items/Medical/ITEM_cigaretteExtended.ogg","ITEM_cigaretteExtended.ogg","ogg","24939","2025-06-08T21:11:13.4661524Z","C:\Program Files (x86)\Steam\steamapps\common\Barotrauma\Content\Items\Medical\ITEM_cigaretteExtended.ogg"
"sound-effects","audio","Content/Items/Medical/ITEM_drinkingLoop.ogg","ITEM_drinkingLoop.ogg","ogg","38240","2025-06-08T21:11:18.2947543Z","C:\Program Files (x86)\Steam\steamapps\common\Barotrauma\Content\Items\Medical\ITEM_drinkingLoop.ogg"
"sound-effects","audio","Content/Items/Medical/ITEM_drinkingQuick.ogg","ITEM_drinkingQuick.ogg","ogg","27048","2025-06-08T21:11:06.3632294Z","C:\Program Files (x86)\Steam\steamapps\common\Barotrauma\Content\Items\Medical\ITEM_drinkingQuick.ogg"
"sound-effects","audio","Content/Items/Medical/ITEM_eatingBiteQuick.ogg","ITEM_eatingBiteQuick.ogg","ogg","10104","2025-06-08T21:11:18.2937538Z","C:\Program Files (x86)\Steam\steamapps\common\Barotrauma\Content\Items\Medical\ITEM_eatingBiteQuick.ogg"
"sound-effects","audio","Content/Items/Medical/ITEM_eatingLoop.ogg","ITEM_eatingLoop.ogg","ogg","54958","2025-06-08T21:11:06.3632294Z","C:\Program Files (x86)\Steam\steamapps\common\Barotrauma\Content\Items\Medical\ITEM_eatingLoop.ogg"
"sound-effects","audio","Content/Items/Medical/ITEM_liquid.ogg","ITEM_liquid.ogg","ogg","12536","2025-06-08T21:11:15.0085756Z","C:\Program Files (x86)\Steam\steamapps\common\Barotrauma\Content\Items\Medical\ITEM_liquid.ogg"
"sound-effects","audio","Content/Items/Medical/ITEM_proteinBarOpen.ogg","ITEM_proteinBarOpen.ogg","ogg","14763","2025-06-08T21:11:08.0213590Z","C:\Program Files (x86)\Steam\steamapps\common\Barotrauma\Content\Items\Medical\ITEM_proteinBarOpen.ogg"
"sound-effects","audio","Content/Items/Medical/Syringe.ogg","Syringe.ogg","ogg","30003","2025-06-08T21:11:18.2927513Z","C:\Program Files (x86)\Steam\steamapps\common\Barotrauma\Content\Items\Medical\Syringe.ogg"
"sound-effects","audio","Content/Items/Misc/AccordionLoop.ogg","AccordionLoop.ogg","ogg","271669","2025-06-08T21:11:01.9524609Z","C:\Program Files (x86)\Steam\steamapps\common\Barotrauma\Content\Items\Misc\AccordionLoop.ogg"
"sound-effects","audio","Content/Items/Misc/Guitar1.ogg","Guitar1.ogg","ogg","156063","2025-06-08T21:11:08.1293721Z","C:\Program Files (x86)\Steam\steamapps\common\Barotrauma\Content\Items\Misc\Guitar1.ogg"
"sound-effects","audio","Content/Items/Misc/Guitar2.ogg","Guitar2.ogg","ogg","118117","2025-06-08T21:11:13.4671524Z","C:\Program Files (x86)\Steam\steamapps\common\Barotrauma\Content\Items\Misc\Guitar2.ogg"
"sound-effects","audio","Content/Items/Misc/Guitar3.ogg","Guitar3.ogg","ogg","187839","2025-06-08T21:11:13.5220737Z","C:\Program Files (x86)\Steam\steamapps\common\Barotrauma\Content\Items\Misc\Guitar3.ogg"
"sound-effects","audio","Content/Items/Misc/GuitarClown.ogg","GuitarClown.ogg","ogg","246658","2025-06-08T21:11:15.1036073Z","C:\Program Files (x86)\Steam\steamapps\common\Barotrauma\Content\Items\Misc\GuitarClown.ogg"
"sound-effects","audio","Content/Items/Misc/Harmonica1.ogg","Harmonica1.ogg","ogg","270352","2025-06-08T21:11:01.9524609Z","C:\Program Files (x86)\Steam\steamapps\common\Barotrauma\Content\Items\Misc\Harmonica1.ogg"
"sound-effects","audio","Content/Items/Misc/Harmonica2.ogg","Harmonica2.ogg","ogg","307900","2025-06-08T21:11:01.9524609Z","C:\Program Files (x86)\Steam\steamapps\common\Barotrauma\Content\Items\Misc\Harmonica2.ogg"
"sound-effects","audio","Content/Items/OxygenGenerator/OxygenGenerator.ogg","OxygenGenerator.ogg","ogg","69393","2025-06-08T21:11:08.1293721Z","C:\Program Files (x86)\Steam\steamapps\common\Barotrauma\Content\Items\OxygenGenerator\OxygenGenerator.ogg"
"sound-effects","audio","Content/Items/OxygenGenerator/Ventilation.ogg","Ventilation.ogg","ogg","61241","2025-09-18T02:31:39.3431407Z","C:\Program Files (x86)\Steam\steamapps\common\Barotrauma\Content\Items\OxygenGenerator\Ventilation.ogg"
"sound-effects","audio","Content/Items/PowerOnHeavy1.ogg","PowerOnHeavy1.ogg","ogg","225482","2025-06-08T21:11:13.6300906Z","C:\Program Files (x86)\Steam\steamapps\common\Barotrauma\Content\Items\PowerOnHeavy1.ogg"
"sound-effects","audio","Content/Items/PowerOnHeavy2.ogg","PowerOnHeavy2.ogg","ogg","73407","2025-06-08T21:11:13.6290904Z","C:\Program Files (x86)\Steam\steamapps\common\Barotrauma\Content\Items\PowerOnHeavy2.ogg"
"sound-effects","audio","Content/Items/PowerOnLight1.ogg","PowerOnLight1.ogg","ogg","75150","2025-06-08T21:11:13.5170753Z","C:\Program Files (x86)\Steam\steamapps\common\Barotrauma\Content\Items\PowerOnLight1.ogg"
"sound-effects","audio","Content/Items/PowerOnLight2.ogg","PowerOnLight2.ogg","ogg","98585","2025-06-08T21:11:18.6880470Z","C:\Program Files (x86)\Steam\steamapps\common\Barotrauma\Content\Items\PowerOnLight2.ogg"
"sound-effects","audio","Content/Items/PowerOnLight3.ogg","PowerOnLight3.ogg","ogg","83069","2025-06-08T21:11:18.6880470Z","C:\Program Files (x86)\Steam\steamapps\common\Barotrauma\Content\Items\PowerOnLight3.ogg"
"sound-effects","audio","Content/Items/Pump/PipeDamageStreamLoop.ogg","PipeDamageStreamLoop.ogg","ogg","86897","2025-09-18T02:31:39.0502134Z","C:\Program Files (x86)\Steam\steamapps\common\Barotrauma\Content\Items\Pump\PipeDamageStreamLoop.ogg"
"sound-effects","audio","Content/Items/Pump/Pump.ogg","Pump.ogg","ogg","104127","2025-06-08T21:11:13.5220737Z","C:\Program Files (x86)\Steam\steamapps\common\Barotrauma\Content\Items\Pump\Pump.ogg"
"sound-effects","audio","Content/Items/Pump/PumpBroken.ogg","PumpBroken.ogg","ogg","91978","2025-06-08T21:11:06.4228688Z","C:\Program Files (x86)\Steam\steamapps\common\Barotrauma\Content\Items\Pump\PumpBroken.ogg"
"sound-effects","audio","Content/Items/Pump/ValveClose1.ogg","ValveClose1.ogg","ogg","16823","2025-09-18T02:31:39.3431407Z","C:\Program Files (x86)\Steam\steamapps\common\Barotrauma\Content\Items\Pump\ValveClose1.ogg"
"sound-effects","audio","Content/Items/Pump/ValveClose2.ogg","ValveClose2.ogg","ogg","16083","2025-09-18T02:31:39.1174196Z","C:\Program Files (x86)\Steam\steamapps\common\Barotrauma\Content\Items\Pump\ValveClose2.ogg"
"sound-effects","audio","Content/Items/Pump/ValveOpen1.ogg","ValveOpen1.ogg","ogg","11895","2025-09-18T02:31:39.3431407Z","C:\Program Files (x86)\Steam\steamapps\common\Barotrauma\Content\Items\Pump\ValveOpen1.ogg"
"sound-effects","audio","Content/Items/Pump/ValveOpen2.ogg","ValveOpen2.ogg","ogg","12276","2025-09-18T02:31:39.1164141Z","C:\Program Files (x86)\Steam\steamapps\common\Barotrauma\Content\Items\Pump\ValveOpen2.ogg"
"sound-effects","audio","Content/Items/Reactor/Reactor.ogg","Reactor.ogg","ogg","70288","2025-06-08T21:11:15.4649512Z","C:\Program Files (x86)\Steam\steamapps\common\Barotrauma\Content\Items\Reactor\Reactor.ogg"
"sound-effects","audio","Content/Items/Reactor/ReactorOverheatAlarm.ogg","ReactorOverheatAlarm.ogg","ogg","84721","2025-06-08T21:11:08.1293721Z","C:\Program Files (x86)\Steam\steamapps\common\Barotrauma\Content\Items\Reactor\ReactorOverheatAlarm.ogg"
"sound-effects","audio","Content/Items/Reactor/ReactorTemperatureBoostDown.ogg","ReactorTemperatureBoostDown.ogg","ogg","27522","2025-06-08T21:11:06.4840747Z","C:\Program Files (x86)\Steam\steamapps\common\Barotrauma\Content\Items\Reactor\ReactorTemperatureBoostDown.ogg"
"sound-effects","audio","Content/Items/Reactor/ReactorTemperatureBoostUp.ogg","ReactorTemperatureBoostUp.ogg","ogg","27332","2025-06-08T21:11:06.4850747Z","C:\Program Files (x86)\Steam\steamapps\common\Barotrauma\Content\Items\Reactor\ReactorTemperatureBoostUp.ogg"
"sound-effects","audio","Content/Items/Tools/Crowbar.ogg","Crowbar.ogg","ogg","75028","2025-06-08T21:11:13.9727113Z","C:\Program Files (x86)\Steam\steamapps\common\Barotrauma\Content\Items\Tools\Crowbar.ogg"
"sound-effects","audio","Content/Items/Tools/Extinguisher.ogg","Extinguisher.ogg","ogg","101744","2025-06-08T21:11:09.2471772Z","C:\Program Files (x86)\Steam\steamapps\common\Barotrauma\Content\Items\Tools\Extinguisher.ogg"
"sound-effects","audio","Content/Items/Tools/FlareIgnite.ogg","FlareIgnite.ogg","ogg","65685","2025-06-08T21:11:06.8893356Z","C:\Program Files (x86)\Steam\steamapps\common\Barotrauma\Content\Items\Tools\FlareIgnite.ogg"
"sound-effects","audio","Content/Items/Tools/FlareLoop.ogg","FlareLoop.ogg","ogg","178304","2025-06-08T21:11:21.4402285Z","C:\Program Files (x86)\Steam\steamapps\common\Barotrauma\Content\Items\Tools\FlareLoop.ogg"
"sound-effects","audio","Content/Items/Tools/PlasmaCutterLoop.ogg","PlasmaCutterLoop.ogg","ogg","54788","2025-06-08T21:11:13.9717124Z","C:\Program Files (x86)\Steam\steamapps\common\Barotrauma\Content\Items\Tools\PlasmaCutterLoop.ogg"
"sound-effects","audio","Content/Items/Tools/Sprayer.ogg","Sprayer.ogg","ogg","110320","2025-06-08T21:11:09.2521774Z","C:\Program Files (x86)\Steam\steamapps\common\Barotrauma\Content\Items\Tools\Sprayer.ogg"
"sound-effects","audio","Content/Items/Tools/WeldingLoop.ogg","WeldingLoop.ogg","ogg","213237","2025-06-08T21:11:21.7175036Z","C:\Program Files (x86)\Steam\steamapps\common\Barotrauma\Content\Items\Tools\WeldingLoop.ogg"
"sound-effects","audio","Content/Items/WarningBeep.ogg","WarningBeep.ogg","ogg","89633","2025-06-08T21:11:10.3283779Z","C:\Program Files (x86)\Steam\steamapps\common\Barotrauma\Content\Items\WarningBeep.ogg"
"sound-effects","audio","Content/Items/WarningBeepSlow.ogg","WarningBeepSlow.ogg","ogg","9488","2025-06-08T21:11:09.1902720Z","C:\Program Files (x86)\Steam\steamapps\common\Barotrauma\Content\Items\WarningBeepSlow.ogg"
"sound-effects","audio","Content/Items/WarningSiren.ogg","WarningSiren.ogg","ogg","70176","2025-06-08T21:11:06.8893356Z","C:\Program Files (x86)\Steam\steamapps\common\Barotrauma\Content\Items\WarningSiren.ogg"
"sound-effects","audio","Content/Items/Weapons/CHAINGUN_chargeUp_loop.ogg","CHAINGUN_chargeUp_loop.ogg","ogg","21294","2025-06-08T21:11:13.6310910Z","C:\Program Files (x86)\Steam\steamapps\common\Barotrauma\Content\Items\Weapons\CHAINGUN_chargeUp_loop.ogg"
"sound-effects","audio","Content/Items/Weapons/Coilgun1.ogg","Coilgun1.ogg","ogg","54454","2025-06-08T21:11:13.6310910Z","C:\Program Files (x86)\Steam\steamapps\common\Barotrauma\Content\Items\Weapons\Coilgun1.ogg"
"sound-effects","audio","Content/Items/Weapons/Coilgun2.ogg","Coilgun2.ogg","ogg","63510","2025-06-08T21:11:07.0763491Z","C:\Program Files (x86)\Steam\steamapps\common\Barotrauma\Content\Items\Weapons\Coilgun2.ogg"
"sound-effects","audio","Content/Items/Weapons/Coilgun3.ogg","Coilgun3.ogg","ogg","69933","2025-06-08T21:11:13.9707113Z","C:\Program Files (x86)\Steam\steamapps\common\Barotrauma\Content\Items\Weapons\Coilgun3.ogg"
"sound-effects","audio","Content/Items/Weapons/Coilgun4.ogg","Coilgun4.ogg","ogg","73305","2025-06-08T21:11:21.6679431Z","C:\Program Files (x86)\Steam\steamapps\common\Barotrauma\Content\Items\Weapons\Coilgun4.ogg"
"sound-effects","audio","Content/Items/Weapons/Coilgun5.ogg","Coilgun5.ogg","ogg","63899","2025-06-08T21:11:07.0743490Z","C:\Program Files (x86)\Steam\steamapps\common\Barotrauma\Content\Items\Weapons\Coilgun5.ogg"
"sound-effects","audio","Content/Items/Weapons/Coilgun6.ogg","Coilgun6.ogg","ogg","75998","2025-06-08T21:11:13.9707113Z","C:\Program Files (x86)\Steam\steamapps\common\Barotrauma\Content\Items\Weapons\Coilgun6.ogg"
"sound-effects","audio","Content/Items/Weapons/DoubleCoilgun1.ogg","DoubleCoilgun1.ogg","ogg","15431","2025-06-08T21:11:10.2758171Z","C:\Program Files (x86)\Steam\steamapps\common\Barotrauma\Content\Items\Weapons\DoubleCoilgun1.ogg"
"sound-effects","audio","Content/Items/Weapons/DoubleCoilgun2.ogg","DoubleCoilgun2.ogg","ogg","17843","2025-06-08T21:11:10.2748167Z","C:\Program Files (x86)\Steam\steamapps\common\Barotrauma\Content\Items\Weapons\DoubleCoilgun2.ogg"
"sound-effects","audio","Content/Items/Weapons/DoubleCoilgun3.ogg","DoubleCoilgun3.ogg","ogg","18857","2025-06-08T21:11:09.1882719Z","C:\Program Files (x86)\Steam\steamapps\common\Barotrauma\Content\Items\Weapons\DoubleCoilgun3.ogg"
"sound-effects","audio","Content/Items/Weapons/ElectricalDischarger.ogg","ElectricalDischarger.ogg","ogg","70596","2025-06-08T21:11:07.0743490Z","C:\Program Files (x86)\Steam\steamapps\common\Barotrauma\Content\Items\Weapons\ElectricalDischarger.ogg"
"sound-effects","audio","Content/Items/Weapons/Emp.ogg","Emp.ogg","ogg","70731","2025-06-08T21:11:06.4830716Z","C:\Program Files (x86)\Steam\steamapps\common\Barotrauma\Content\Items\Weapons\Emp.ogg"
"sound-effects","audio","Content/Items/Weapons/ExplosionDebris1.ogg","ExplosionDebris1.ogg","ogg","106423","2025-06-08T21:11:06.6483410Z","C:\Program Files (x86)\Steam\steamapps\common\Barotrauma\Content\Items\Weapons\ExplosionDebris1.ogg"
"sound-effects","audio","Content/Items/Weapons/ExplosionDebris2.ogg","ExplosionDebris2.ogg","ogg","118427","2025-06-08T21:11:07.0733494Z","C:\Program Files (x86)\Steam\steamapps\common\Barotrauma\Content\Items\Weapons\ExplosionDebris2.ogg"
"sound-effects","audio","Content/Items/Weapons/ExplosionDebris3.ogg","ExplosionDebris3.ogg","ogg","88072","2025-06-08T21:11:06.8213803Z","C:\Program Files (x86)\Steam\steamapps\common\Barotrauma\Content\Items\Weapons\ExplosionDebris3.ogg"
"sound-effects","audio","Content/Items/Weapons/ExplosionDebris4.ogg","ExplosionDebris4.ogg","ogg","110765","2025-06-08T21:11:13.6310910Z","C:\Program Files (x86)\Steam\steamapps\common\Barotrauma\Content\Items\Weapons\ExplosionDebris4.ogg"
"sound-effects","audio","Content/Items/Weapons/ExplosionDebris5.ogg","ExplosionDebris5.ogg","ogg","111796","2025-06-08T21:11:06.9520502Z","C:\Program Files (x86)\Steam\steamapps\common\Barotrauma\Content\Items\Weapons\ExplosionDebris5.ogg"
"sound-effects","audio","Content/Items/Weapons/ExplosionLarge1.ogg","ExplosionLarge1.ogg","ogg","225749","2025-06-08T21:11:07.0753495Z","C:\Program Files (x86)\Steam\steamapps\common\Barotrauma\Content\Items\Weapons\ExplosionLarge1.ogg"
"sound-effects","audio","Content/Items/Weapons/ExplosionLarge2.ogg","ExplosionLarge2.ogg","ogg","228242","2025-06-08T21:11:13.9717124Z","C:\Program Files (x86)\Steam\steamapps\common\Barotrauma\Content\Items\Weapons\ExplosionLarge2.ogg"
"sound-effects","audio","Content/Items/Weapons/ExplosionMedium1.ogg","ExplosionMedium1.ogg","ogg","132664","2025-06-08T21:11:09.2531776Z","C:\Program Files (x86)\Steam\steamapps\common\Barotrauma\Content\Items\Weapons\ExplosionMedium1.ogg"
"sound-effects","audio","Content/Items/Weapons/ExplosionMedium2.ogg","ExplosionMedium2.ogg","ogg","129898","2025-06-08T21:11:14.0224818Z","C:\Program Files (x86)\Steam\steamapps\common\Barotrauma\Content\Items\Weapons\ExplosionMedium2.ogg"
"sound-effects","audio","Content/Items/Weapons/ExplosionMedium3.ogg","ExplosionMedium3.ogg","ogg","129388","2025-06-08T21:11:21.7175036Z","C:\Program Files (x86)\Steam\steamapps\common\Barotrauma\Content\Items\Weapons\ExplosionMedium3.ogg"
"sound-effects","audio","Content/Items/Weapons/ExplosionSmall1.ogg","ExplosionSmall1.ogg","ogg","66023","2025-06-08T21:11:06.9510502Z","C:\Program Files (x86)\Steam\steamapps\common\Barotrauma\Content\Items\Weapons\ExplosionSmall1.ogg"
"sound-effects","audio","Content/Items/Weapons/ExplosionSmall2.ogg","ExplosionSmall2.ogg","ogg","64823","2025-06-08T21:11:09.2471772Z","C:\Program Files (x86)\Steam\steamapps\common\Barotrauma\Content\Items\Weapons\ExplosionSmall2.ogg"
"sound-effects","audio","Content/Items/Weapons/ExplosionSmall3.ogg","ExplosionSmall3.ogg","ogg","64833","2025-06-08T21:11:14.0224818Z","C:\Program Files (x86)\Steam\steamapps\common\Barotrauma\Content\Items\Weapons\ExplosionSmall3.ogg"
"sound-effects","audio","Content/Items/Weapons/FlameThrowerLoop.ogg","FlameThrowerLoop.ogg","ogg","44255","2025-06-08T21:11:10.3273759Z","C:\Program Files (x86)\Steam\steamapps\common\Barotrauma\Content\Items\Weapons\FlameThrowerLoop.ogg"
"sound-effects","audio","Content/Items/Weapons/FragGrenade40mmShot1.ogg","FragGrenade40mmShot1.ogg","ogg","85689","2025-06-08T21:11:14.0274821Z","C:\Program Files (x86)\Steam\steamapps\common\Barotrauma\Content\Items\Weapons\FragGrenade40mmShot1.ogg"
"sound-effects","audio","Content/Items/Weapons/FragGrenade40mmShot2.ogg","FragGrenade40mmShot2.ogg","ogg","85660","2025-06-08T21:11:10.3543755Z","C:\Program Files (x86)\Steam\steamapps\common\Barotrauma\Content\Items\Weapons\FragGrenade40mmShot2.ogg"
"sound-effects","audio","Content/Items/Weapons/GRAVITYSHELLS_boom.ogg","GRAVITYSHELLS_boom.ogg","ogg","35842","2025-06-08T21:11:09.2531776Z","C:\Program Files (x86)\Steam\steamapps\common\Barotrauma\Content\Items\Weapons\GRAVITYSHELLS_boom.ogg"
"sound-effects","audio","Content/Items/Weapons/GRAVITYSHELLS_damageLoop.ogg","GRAVITYSHELLS_damageLoop.ogg","ogg","46190","2025-06-08T21:11:09.2541776Z","C:\Program Files (x86)\Steam\steamapps\common\Barotrauma\Content\Items\Weapons\GRAVITYSHELLS_damageLoop.ogg"
"sound-effects","audio","Content/Items/Weapons/GRAVITYSHELLS_explosion.ogg","GRAVITYSHELLS_explosion.ogg","ogg","37902","2025-06-08T21:11:21.6669496Z","C:\Program Files (x86)\Steam\steamapps\common\Barotrauma\Content\Items\Weapons\GRAVITYSHELLS_explosion.ogg"
"sound-effects","audio","Content/Items/Weapons/GRAVITYSHELLS_loop.ogg","GRAVITYSHELLS_loop.ogg","ogg","23635","2025-06-08T21:11:10.3283779Z","C:\Program Files (x86)\Steam\steamapps\common\Barotrauma\Content\Items\Weapons\GRAVITYSHELLS_loop.ogg"
"sound-effects","audio","Content/Items/Weapons/GrenadeLauncherShot1.ogg","GrenadeLauncherShot1.ogg","ogg","24612","2025-06-08T21:11:14.0254819Z","C:\Program Files (x86)\Steam\steamapps\common\Barotrauma\Content\Items\Weapons\GrenadeLauncherShot1.ogg"
"sound-effects","audio","Content/Items/Weapons/GrenadeLauncherShot2.ogg","GrenadeLauncherShot2.ogg","ogg","22380","2025-06-08T21:11:14.0264819Z","C:\Program Files (x86)\Steam\steamapps\common\Barotrauma\Content\Items\Weapons\GrenadeLauncherShot2.ogg"
"sound-effects","audio","Content/Items/Weapons/GrenadeLauncherShot3.ogg","GrenadeLauncherShot3.ogg","ogg","28311","2025-06-08T21:11:14.0244818Z","C:\Program Files (x86)\Steam\steamapps\common\Barotrauma\Content\Items\Weapons\GrenadeLauncherShot3.ogg"
"sound-effects","audio","Content/Items/Weapons/HarpoonGun1.ogg","HarpoonGun1.ogg","ogg","55657","2025-06-08T21:11:09.2461782Z","C:\Program Files (x86)\Steam\steamapps\common\Barotrauma\Content\Items\Weapons\HarpoonGun1.ogg"
"sound-effects","audio","Content/Items/Weapons/HarpoonGun2.ogg","HarpoonGun2.ogg","ogg","59797","2025-06-08T21:11:10.3303757Z","C:\Program Files (x86)\Steam\steamapps\common\Barotrauma\Content\Items\Weapons\HarpoonGun2.ogg"
"sound-effects","audio","Content/Items/Weapons/HarpoonGun3.ogg","HarpoonGun3.ogg","ogg","62328","2025-06-08T21:11:07.0763491Z","C:\Program Files (x86)\Steam\steamapps\common\Barotrauma\Content\Items\Weapons\HarpoonGun3.ogg"
"sound-effects","audio","Content/Items/Weapons/honk.ogg","honk.ogg","ogg","13678","2025-06-08T21:11:09.2531776Z","C:\Program Files (x86)\Steam\steamapps\common\Barotrauma\Content\Items\Weapons\honk.ogg"
"sound-effects","audio","Content/Items/Weapons/IncendiumGrenade.ogg","IncendiumGrenade.ogg","ogg","152189","2025-06-08T21:11:13.6310910Z","C:\Program Files (x86)\Steam\steamapps\common\Barotrauma\Content\Items\Weapons\IncendiumGrenade.ogg"
"sound-effects","audio","Content/Items/Weapons/pinpull.ogg","pinpull.ogg","ogg","13607","2025-06-08T21:11:06.4800716Z","C:\Program Files (x86)\Steam\steamapps\common\Barotrauma\Content\Items\Weapons\pinpull.ogg"
"sound-effects","audio","Content/Items/Weapons/Railgun1.ogg","Railgun1.ogg","ogg","77308","2025-06-08T21:11:10.3293801Z","C:\Program Files (x86)\Steam\steamapps\common\Barotrauma\Content\Items\Weapons\Railgun1.ogg"
"sound-effects","audio","Content/Items/Weapons/Railgun2.ogg","Railgun2.ogg","ogg","106266","2025-06-08T21:11:09.3066848Z","C:\Program Files (x86)\Steam\steamapps\common\Barotrauma\Content\Items\Weapons\Railgun2.ogg"
"sound-effects","audio","Content/Items/Weapons/Railgun3.ogg","Railgun3.ogg","ogg","94923","2025-06-08T21:11:10.4389536Z","C:\Program Files (x86)\Steam\steamapps\common\Barotrauma\Content\Items\Weapons\Railgun3.ogg"
"sound-effects","audio","Content/Items/Weapons/RailgunLoop.ogg","RailgunLoop.ogg","ogg","68554","2025-06-08T21:11:09.4181849Z","C:\Program Files (x86)\Steam\steamapps\common\Barotrauma\Content\Items\Weapons\RailgunLoop.ogg"
"sound-effects","audio","Content/Items/Weapons/RailgunStart.ogg","RailgunStart.ogg","ogg","8361","2025-06-08T21:11:13.6300906Z","C:\Program Files (x86)\Steam\steamapps\common\Barotrauma\Content\Items\Weapons\RailgunStart.ogg"
"sound-effects","audio","Content/Items/Weapons/RailgunStop.ogg","RailgunStop.ogg","ogg","11431","2025-06-08T21:11:09.3046923Z","C:\Program Files (x86)\Steam\steamapps\common\Barotrauma\Content\Items\Weapons\RailgunStop.ogg"
"sound-effects","audio","Content/Items/Weapons/Revolver1.ogg","Revolver1.ogg","ogg","64140","2025-06-08T21:11:10.4389536Z","C:\Program Files (x86)\Steam\steamapps\common\Barotrauma\Content\Items\Weapons\Revolver1.ogg"
"sound-effects","audio","Content/Items/Weapons/Revolver2.ogg","Revolver2.ogg","ogg","64255","2025-06-08T21:11:07.0753495Z","C:\Program Files (x86)\Steam\steamapps\common\Barotrauma\Content\Items\Weapons\Revolver2.ogg"
"sound-effects","audio","Content/Items/Weapons/Revolver3.ogg","Revolver3.ogg","ogg","64089","2025-06-08T21:11:05.4404505Z","C:\Program Files (x86)\Steam\steamapps\common\Barotrauma\Content\Items\Weapons\Revolver3.ogg"
"sound-effects","audio","Content/Items/Weapons/ShotgunLoad1.ogg","ShotgunLoad1.ogg","ogg","29665","2025-06-08T21:11:14.0264819Z","C:\Program Files (x86)\Steam\steamapps\common\Barotrauma\Content\Items\Weapons\ShotgunLoad1.ogg"
"sound-effects","audio","Content/Items/Weapons/ShotgunLoad2.ogg","ShotgunLoad2.ogg","ogg","24356","2025-06-08T21:11:09.4191862Z","C:\Program Files (x86)\Steam\steamapps\common\Barotrauma\Content\Items\Weapons\ShotgunLoad2.ogg"
"sound-effects","audio","Content/Items/Weapons/ShotgunLoad3.ogg","ShotgunLoad3.ogg","ogg","21802","2025-06-08T21:11:07.0723494Z","C:\Program Files (x86)\Steam\steamapps\common\Barotrauma\Content\Items\Weapons\ShotgunLoad3.ogg"
"sound-effects","audio","Content/Items/Weapons/ShotgunShot1.ogg","ShotgunShot1.ogg","ogg","39420","2025-06-08T21:11:12.0026274Z","C:\Program Files (x86)\Steam\steamapps\common\Barotrauma\Content\Items\Weapons\ShotgunShot1.ogg"
"sound-effects","audio","Content/Items/Weapons/ShotgunShot2.ogg","ShotgunShot2.ogg","ogg","37649","2025-06-08T21:11:09.4211853Z","C:\Program Files (x86)\Steam\steamapps\common\Barotrauma\Content\Items\Weapons\ShotgunShot2.ogg"
"sound-effects","audio","Content/Items/Weapons/ShotgunShot3.ogg","ShotgunShot3.ogg","ogg","36477","2025-06-08T21:11:07.0743490Z","C:\Program Files (x86)\Steam\steamapps\common\Barotrauma\Content\Items\Weapons\ShotgunShot3.ogg"
"sound-effects","audio","Content/Items/Weapons/ShotgunShot4.ogg","ShotgunShot4.ogg","ogg","31623","2025-06-08T21:11:14.0254819Z","C:\Program Files (x86)\Steam\steamapps\common\Barotrauma\Content\Items\Weapons\ShotgunShot4.ogg"
"sound-effects","audio","Content/Items/Weapons/Smack1.ogg","Smack1.ogg","ogg","10971","2025-06-08T21:11:07.1912344Z","C:\Program Files (x86)\Steam\steamapps\common\Barotrauma\Content\Items\Weapons\Smack1.ogg"
"sound-effects","audio","Content/Items/Weapons/Smack2.ogg","Smack2.ogg","ogg","11606","2025-06-08T21:11:07.1912344Z","C:\Program Files (x86)\Steam\steamapps\common\Barotrauma\Content\Items\Weapons\Smack2.ogg"
"sound-effects","audio","Content/Items/Weapons/SMGsingleShot1.ogg","SMGsingleShot1.ogg","ogg","29479","2025-06-08T21:11:07.2947669Z","C:\Program Files (x86)\Steam\steamapps\common\Barotrauma\Content\Items\Weapons\SMGsingleShot1.ogg"
"sound-effects","audio","Content/Items/Weapons/SMGsingleShot2.ogg","SMGsingleShot2.ogg","ogg","25239","2025-06-08T21:11:10.4459548Z","C:\Program Files (x86)\Steam\steamapps\common\Barotrauma\Content\Items\Weapons\SMGsingleShot2.ogg"
"sound-effects","audio","Content/Items/Weapons/SMGsingleShot3.ogg","SMGsingleShot3.ogg","ogg","26547","2025-06-08T21:11:10.4389536Z","C:\Program Files (x86)\Steam\steamapps\common\Barotrauma\Content\Items\Weapons\SMGsingleShot3.ogg"
"sound-effects","audio","Content/Items/Weapons/SMGsingleShot4.ogg","SMGsingleShot4.ogg","ogg","27442","2025-06-08T21:11:21.9476260Z","C:\Program Files (x86)\Steam\steamapps\common\Barotrauma\Content\Items\Weapons\SMGsingleShot4.ogg"
"sound-effects","audio","Content/Items/Weapons/SMGsingleShot5.ogg","SMGsingleShot5.ogg","ogg","29104","2025-06-08T21:11:11.4289914Z","C:\Program Files (x86)\Steam\steamapps\common\Barotrauma\Content\Items\Weapons\SMGsingleShot5.ogg"
"sound-effects","audio","Content/Items/Weapons/SMGsingleShot6.ogg","SMGsingleShot6.ogg","ogg","27572","2025-06-08T21:11:21.9496257Z","C:\Program Files (x86)\Steam\steamapps\common\Barotrauma\Content\Items\Weapons\SMGsingleShot6.ogg"
"sound-effects","audio","Content/Items/Weapons/SonarDecoy.ogg","SonarDecoy.ogg","ogg","45214","2025-06-08T21:11:07.2887659Z","C:\Program Files (x86)\Steam\steamapps\common\Barotrauma\Content\Items\Weapons\SonarDecoy.ogg"
"sound-effects","audio","Content/Items/Weapons/StunBaton1.ogg","StunBaton1.ogg","ogg","19937","2025-06-08T21:11:10.4389536Z","C:\Program Files (x86)\Steam\steamapps\common\Barotrauma\Content\Items\Weapons\StunBaton1.ogg"
"sound-effects","audio","Content/Items/Weapons/StunBaton2.ogg","StunBaton2.ogg","ogg","27951","2025-06-08T21:11:10.4389536Z","C:\Program Files (x86)\Steam\steamapps\common\Barotrauma\Content\Items\Weapons\StunBaton2.ogg"
"sound-effects","audio","Content/Items/Weapons/StunBaton3.ogg","StunBaton3.ogg","ogg","47661","2025-06-08T21:11:21.9536255Z","C:\Program Files (x86)\Steam\steamapps\common\Barotrauma\Content\Items\Weapons\StunBaton3.ogg"
"sound-effects","audio","Content/Items/Weapons/StunBaton4.ogg","StunBaton4.ogg","ogg","38934","2025-06-08T21:11:14.0919263Z","C:\Program Files (x86)\Steam\steamapps\common\Barotrauma\Content\Items\Weapons\StunBaton4.ogg"
"sound-effects","audio","Content/Items/Weapons/StunGrenade.ogg","StunGrenade.ogg","ogg","72678","2025-06-08T21:11:22.0067163Z","C:\Program Files (x86)\Steam\steamapps\common\Barotrauma\Content\Items\Weapons\StunGrenade.ogg"
"sound-effects","audio","Content/Items/Weapons/StunGrenade40mmShot1.ogg","StunGrenade40mmShot1.ogg","ogg","72801","2025-06-08T21:11:13.6918639Z","C:\Program Files (x86)\Steam\steamapps\common\Barotrauma\Content\Items\Weapons\StunGrenade40mmShot1.ogg"
"sound-effects","audio","Content/Items/Weapons/StunGrenade40mmShot2.ogg","StunGrenade40mmShot2.ogg","ogg","86107","2025-06-08T21:11:06.6513417Z","C:\Program Files (x86)\Steam\steamapps\common\Barotrauma\Content\Items\Weapons\StunGrenade40mmShot2.ogg"
"sound-effects","audio","Content/Items/Weapons/SyringeGun1.ogg","SyringeGun1.ogg","ogg","23176","2025-06-08T21:11:13.6929224Z","C:\Program Files (x86)\Steam\steamapps\common\Barotrauma\Content\Items\Weapons\SyringeGun1.ogg"
"sound-effects","audio","Content/Items/Weapons/SyringeGun2.ogg","SyringeGun2.ogg","ogg","25226","2025-06-08T21:11:22.0027165Z","C:\Program Files (x86)\Steam\steamapps\common\Barotrauma\Content\Items\Weapons\SyringeGun2.ogg"
"sound-effects","audio","Content/Items/Weapons/TaserHit1.ogg","TaserHit1.ogg","ogg","26608","2025-06-08T21:11:14.0919263Z","C:\Program Files (x86)\Steam\steamapps\common\Barotrauma\Content\Items\Weapons\TaserHit1.ogg"
"sound-effects","audio","Content/Items/Weapons/TaserHit2.ogg","TaserHit2.ogg","ogg","20041","2025-06-08T21:11:07.0703496Z","C:\Program Files (x86)\Steam\steamapps\common\Barotrauma\Content\Items\Weapons\TaserHit2.ogg"
"sound-effects","audio","Content/Items/Weapons/TaserShot1.ogg","TaserShot1.ogg","ogg","24310","2025-06-08T21:11:13.6868615Z","C:\Program Files (x86)\Steam\steamapps\common\Barotrauma\Content\Items\Weapons\TaserShot1.ogg"
"sound-effects","audio","Content/Items/Weapons/TaserShot2.ogg","TaserShot2.ogg","ogg","28066","2025-06-08T21:11:07.0703496Z","C:\Program Files (x86)\Steam\steamapps\common\Barotrauma\Content\Items\Weapons\TaserShot2.ogg"
"sound-effects","audio","Content/Items/Weapons/ToyHammerHit1.ogg","ToyHammerHit1.ogg","ogg","35565","2025-06-08T21:11:14.0929262Z","C:\Program Files (x86)\Steam\steamapps\common\Barotrauma\Content\Items\Weapons\ToyHammerHit1.ogg"
"sound-effects","audio","Content/Items/Weapons/ToyHammerHit2.ogg","ToyHammerHit2.ogg","ogg","36078","2025-06-08T21:11:22.0027165Z","C:\Program Files (x86)\Steam\steamapps\common\Barotrauma\Content\Items\Weapons\ToyHammerHit2.ogg"
"sound-effects","audio","Content/Items/Weapons/ToyHammerHit3.ogg","ToyHammerHit3.ogg","ogg","35668","2025-06-08T21:11:07.2947669Z","C:\Program Files (x86)\Steam\steamapps\common\Barotrauma\Content\Items\Weapons\ToyHammerHit3.ogg"
"sound-effects","audio","Content/Items/Weapons/ToyHammerHit4.ogg","ToyHammerHit4.ogg","ogg","37400","2025-06-08T21:11:07.2947669Z","C:\Program Files (x86)\Steam\steamapps\common\Barotrauma\Content\Items\Weapons\ToyHammerHit4.ogg"
"sound-effects","audio","Content/Items/Weapons/ToyHammerHit5.ogg","ToyHammerHit5.ogg","ogg","35644","2025-06-08T21:11:22.0067163Z","C:\Program Files (x86)\Steam\steamapps\common\Barotrauma\Content\Items\Weapons\ToyHammerHit5.ogg"
"sound-effects","audio","Content/Items/Weapons/ToyHammerHit6.ogg","ToyHammerHit6.ogg","ogg","37969","2025-06-08T21:11:22.0067163Z","C:\Program Files (x86)\Steam\steamapps\common\Barotrauma\Content\Items\Weapons\ToyHammerHit6.ogg"
"sound-effects","audio","Content/Items/Weapons/TrueStunGrenade.ogg","TrueStunGrenade.ogg","ogg","27822","2025-06-08T21:11:13.6918639Z","C:\Program Files (x86)\Steam\steamapps\common\Barotrauma\Content\Items\Weapons\TrueStunGrenade.ogg"
"sound-effects","audio","Content/Items/Weapons/WEAPON_harpoonCoilRifleChargeUp.ogg","WEAPON_harpoonCoilRifleChargeUp.ogg","ogg","45829","2025-06-08T21:11:11.4289914Z","C:\Program Files (x86)\Steam\steamapps\common\Barotrauma\Content\Items\Weapons\WEAPON_harpoonCoilRifleChargeUp.ogg"
"sound-effects","audio","Content/Items/Weapons/WEAPON_harpoonCoilRifleShot1.ogg","WEAPON_harpoonCoilRifleShot1.ogg","ogg","51206","2025-06-08T21:11:10.7274866Z","C:\Program Files (x86)\Steam\steamapps\common\Barotrauma\Content\Items\Weapons\WEAPON_harpoonCoilRifleShot1.ogg"
"sound-effects","audio","Content/Items/Weapons/WEAPON_harpoonCoilRifleShot2.ogg","WEAPON_harpoonCoilRifleShot2.ogg","ogg","54672","2025-06-08T21:11:10.7274866Z","C:\Program Files (x86)\Steam\steamapps\common\Barotrauma\Content\Items\Weapons\WEAPON_harpoonCoilRifleShot2.ogg"
"sound-effects","audio","Content/Items/Weapons/WEAPON_harpoonCoilRifleShot3.ogg","WEAPON_harpoonCoilRifleShot3.ogg","ogg","55971","2025-06-08T21:11:14.1424444Z","C:\Program Files (x86)\Steam\steamapps\common\Barotrauma\Content\Items\Weapons\WEAPON_harpoonCoilRifleShot3.ogg"
"sound-effects","audio","Content/Items/Weapons/WEAPON_harpoonGunReelLoop.ogg","WEAPON_harpoonGunReelLoop.ogg","ogg","25050","2025-06-08T21:11:11.4289914Z","C:\Program Files (x86)\Steam\steamapps\common\Barotrauma\Content\Items\Weapons\WEAPON_harpoonGunReelLoop.ogg"
"sound-effects","audio","Content/Items/Weapons/WEAPON_machinePistolShot1.ogg","WEAPON_machinePistolShot1.ogg","ogg","47554","2025-06-08T21:11:22.0599541Z","C:\Program Files (x86)\Steam\steamapps\common\Barotrauma\Content\Items\Weapons\WEAPON_machinePistolShot1.ogg"
"sound-effects","audio","Content/Items/Weapons/WEAPON_machinePistolShot2.ogg","WEAPON_machinePistolShot2.ogg","ogg","49364","2025-06-08T21:11:14.1424444Z","C:\Program Files (x86)\Steam\steamapps\common\Barotrauma\Content\Items\Weapons\WEAPON_machinePistolShot2.ogg"
"sound-effects","audio","Content/Items/Weapons/WEAPON_machinePistolShot3.ogg","WEAPON_machinePistolShot3.ogg","ogg","48028","2025-06-08T21:11:09.4211853Z","C:\Program Files (x86)\Steam\steamapps\common\Barotrauma\Content\Items\Weapons\WEAPON_machinePistolShot3.ogg"
"sound-effects","audio","Content/Items/Weapons/WEAPON_machinePistolShot4.ogg","WEAPON_machinePistolShot4.ogg","ogg","48679","2025-06-08T21:11:22.0629544Z","C:\Program Files (x86)\Steam\steamapps\common\Barotrauma\Content\Items\Weapons\WEAPON_machinePistolShot4.ogg"
"sound-effects","audio","Content/Items/Weapons/WEAPON_machinePistolShot5.ogg","WEAPON_machinePistolShot5.ogg","ogg","49246","2025-06-08T21:11:14.1424444Z","C:\Program Files (x86)\Steam\steamapps\common\Barotrauma\Content\Items\Weapons\WEAPON_machinePistolShot5.ogg"
"sound-effects","audio","Content/Items/Weapons/WEAPON_machinePistolShot6.ogg","WEAPON_machinePistolShot6.ogg","ogg","48111","2025-06-08T21:11:10.7915493Z","C:\Program Files (x86)\Steam\steamapps\common\Barotrauma\Content\Items\Weapons\WEAPON_machinePistolShot6.ogg"
"sound-effects","audio","Content/Items/Weapons/WEAPON_rifleGrenadeShot1.ogg","WEAPON_rifleGrenadeShot1.ogg","ogg","29445","2025-06-08T21:11:10.7885416Z","C:\Program Files (x86)\Steam\steamapps\common\Barotrauma\Content\Items\Weapons\WEAPON_rifleGrenadeShot1.ogg"
"sound-effects","audio","Content/Items/Weapons/WEAPON_rifleGrenadeShot2.ogg","WEAPON_rifleGrenadeShot2.ogg","ogg","30079","2025-06-08T21:11:11.4289914Z","C:\Program Files (x86)\Steam\steamapps\common\Barotrauma\Content\Items\Weapons\WEAPON_rifleGrenadeShot2.ogg"
"sound-effects","audio","Content/Items/Weapons/WEAPON_rifleGrenadeShot3.ogg","WEAPON_rifleGrenadeShot3.ogg","ogg","29460","2025-06-08T21:11:10.7885416Z","C:\Program Files (x86)\Steam\steamapps\common\Barotrauma\Content\Items\Weapons\WEAPON_rifleGrenadeShot3.ogg"
"sound-effects","audio","Content/Items/Weapons/WEAPON_rifleReload0-20_1.ogg","WEAPON_rifleReload0-20_1.ogg","ogg","76739","2025-06-08T21:11:10.8481263Z","C:\Program Files (x86)\Steam\steamapps\common\Barotrauma\Content\Items\Weapons\WEAPON_rifleReload0-20_1.ogg"
"sound-effects","audio","Content/Items/Weapons/WEAPON_rifleReload0-20_2.ogg","WEAPON_rifleReload0-20_2.ogg","ogg","77335","2025-06-08T21:11:14.1424444Z","C:\Program Files (x86)\Steam\steamapps\common\Barotrauma\Content\Items\Weapons\WEAPON_rifleReload0-20_2.ogg"
"sound-effects","audio","Content/Items/Weapons/WEAPON_rifleReload20-50_1.ogg","WEAPON_rifleReload20-50_1.ogg","ogg","54875","2025-06-08T21:11:22.1785554Z","C:\Program Files (x86)\Steam\steamapps\common\Barotrauma\Content\Items\Weapons\WEAPON_rifleReload20-50_1.ogg"
"sound-effects","audio","Content/Items/Weapons/WEAPON_rifleReload20-50_2.ogg","WEAPON_rifleReload20-50_2.ogg","ogg","52754","2025-06-08T21:11:14.1987534Z","C:\Program Files (x86)\Steam\steamapps\common\Barotrauma\Content\Items\Weapons\WEAPON_rifleReload20-50_2.ogg"
"sound-effects","audio","Content/Items/Weapons/WEAPON_rifleReload50-_1.ogg","WEAPON_rifleReload50-_1.ogg","ogg","26170","2025-06-08T21:11:22.1785554Z","C:\Program Files (x86)\Steam\steamapps\common\Barotrauma\Content\Items\Weapons\WEAPON_rifleReload50-_1.ogg"
"sound-effects","audio","Content/Items/Weapons/WEAPON_rifleReload50-_2.ogg","WEAPON_rifleReload50-_2.ogg","ogg","26697","2025-06-08T21:11:10.8481263Z","C:\Program Files (x86)\Steam\steamapps\common\Barotrauma\Content\Items\Weapons\WEAPON_rifleReload50-_2.ogg"
"sound-effects","audio","Content/Items/Weapons/WEAPON_rifleShot1.ogg","WEAPON_rifleShot1.ogg","ogg","32410","2025-06-08T21:11:07.0743490Z","C:\Program Files (x86)\Steam\steamapps\common\Barotrauma\Content\Items\Weapons\WEAPON_rifleShot1.ogg"
"sound-effects","audio","Content/Items/Weapons/WEAPON_rifleShot2.ogg","WEAPON_rifleShot2.ogg","ogg","31988","2025-06-08T21:11:07.0733494Z","C:\Program Files (x86)\Steam\steamapps\common\Barotrauma\Content\Items\Weapons\WEAPON_rifleShot2.ogg"
"sound-effects","audio","Content/Items/Weapons/WEAPON_rifleShot3.ogg","WEAPON_rifleShot3.ogg","ogg","32633","2025-06-08T21:11:22.1775544Z","C:\Program Files (x86)\Steam\steamapps\common\Barotrauma\Content\Items\Weapons\WEAPON_rifleShot3.ogg"
"sound-effects","audio","Content/Items/Weapons/WEAPONS_chainGunShot1.ogg","WEAPONS_chainGunShot1.ogg","ogg","25043","2025-06-08T21:11:07.2937661Z","C:\Program Files (x86)\Steam\steamapps\common\Barotrauma\Content\Items\Weapons\WEAPONS_chainGunShot1.ogg"
"sound-effects","audio","Content/Items/Weapons/WEAPONS_chainGunShot2.ogg","WEAPONS_chainGunShot2.ogg","ogg","23480","2025-06-08T21:11:22.0057166Z","C:\Program Files (x86)\Steam\steamapps\common\Barotrauma\Content\Items\Weapons\WEAPONS_chainGunShot2.ogg"
"sound-effects","audio","Content/Items/Weapons/WEAPONS_chainGunShot3.ogg","WEAPONS_chainGunShot3.ogg","ogg","22472","2025-06-08T21:11:22.0037169Z","C:\Program Files (x86)\Steam\steamapps\common\Barotrauma\Content\Items\Weapons\WEAPONS_chainGunShot3.ogg"
"sound-effects","audio","Content/Items/Weapons/WEAPONS_chainGunShot4.ogg","WEAPONS_chainGunShot4.ogg","ogg","23374","2025-06-08T21:11:11.2529543Z","C:\Program Files (x86)\Steam\steamapps\common\Barotrauma\Content\Items\Weapons\WEAPONS_chainGunShot4.ogg"
"sound-effects","audio","Content/Items/Weapons/WEAPONS_chainGunShot5.ogg","WEAPONS_chainGunShot5.ogg","ogg","23856","2025-06-08T21:11:07.0743490Z","C:\Program Files (x86)\Steam\steamapps\common\Barotrauma\Content\Items\Weapons\WEAPONS_chainGunShot5.ogg"
"sound-effects","audio","Content/Items/Weapons/WEAPONS_chainGunShot6.ogg","WEAPONS_chainGunShot6.ogg","ogg","22546","2025-06-08T21:11:10.5484502Z","C:\Program Files (x86)\Steam\steamapps\common\Barotrauma\Content\Items\Weapons\WEAPONS_chainGunShot6.ogg"
"sound-effects","audio","Content/Items/Weapons/WEAPONS_chainGunShot7.ogg","WEAPONS_chainGunShot7.ogg","ogg","21638","2025-06-08T21:11:07.2937661Z","C:\Program Files (x86)\Steam\steamapps\common\Barotrauma\Content\Items\Weapons\WEAPONS_chainGunShot7.ogg"
"sound-effects","audio","Content/Items/Weapons/WEAPONS_chainGunShot8.ogg","WEAPONS_chainGunShot8.ogg","ogg","21682","2025-06-08T21:11:22.0639540Z","C:\Program Files (x86)\Steam\steamapps\common\Barotrauma\Content\Items\Weapons\WEAPONS_chainGunShot8.ogg"
"sound-effects","audio","Content/Items/Weapons/WEAPONS_chargeUp.ogg","WEAPONS_chargeUp.ogg","ogg","46962","2025-06-08T21:11:10.5494501Z","C:\Program Files (x86)\Steam\steamapps\common\Barotrauma\Content\Items\Weapons\WEAPONS_chargeUp.ogg"
"sound-effects","audio","Content/Items/Weapons/WEAPONS_electricalDischarge1.ogg","WEAPONS_electricalDischarge1.ogg","ogg","177254","2025-06-08T21:11:14.0929262Z","C:\Program Files (x86)\Steam\steamapps\common\Barotrauma\Content\Items\Weapons\WEAPONS_electricalDischarge1.ogg"
"sound-effects","audio","Content/Items/Weapons/WEAPONS_electricalDischarge2.ogg","WEAPONS_electricalDischarge2.ogg","ogg","168596","2025-06-08T21:11:10.5494501Z","C:\Program Files (x86)\Steam\steamapps\common\Barotrauma\Content\Items\Weapons\WEAPONS_electricalDischarge2.ogg"
"sound-effects","audio","Content/Items/Weapons/WEAPONS_FlakGun1.ogg","WEAPONS_FlakGun1.ogg","ogg","43792","2025-06-08T21:11:11.2529543Z","C:\Program Files (x86)\Steam\steamapps\common\Barotrauma\Content\Items\Weapons\WEAPONS_FlakGun1.ogg"
"sound-effects","audio","Content/Items/Weapons/WEAPONS_FlakGun2.ogg","WEAPONS_FlakGun2.ogg","ogg","46140","2025-06-08T21:11:09.4201850Z","C:\Program Files (x86)\Steam\steamapps\common\Barotrauma\Content\Items\Weapons\WEAPONS_FlakGun2.ogg"
"sound-effects","audio","Content/Items/Weapons/WEAPONS_FlakGun3.ogg","WEAPONS_FlakGun3.ogg","ogg","43378","2025-06-08T21:11:07.0753495Z","C:\Program Files (x86)\Steam\steamapps\common\Barotrauma\Content\Items\Weapons\WEAPONS_FlakGun3.ogg"
"sound-effects","audio","Content/Items/Weapons/WEAPONS_FlakGun4.ogg","WEAPONS_FlakGun4.ogg","ogg","43026","2025-06-08T21:11:11.2529543Z","C:\Program Files (x86)\Steam\steamapps\common\Barotrauma\Content\Items\Weapons\WEAPONS_FlakGun4.ogg"
"sound-effects","audio","Content/Items/Weapons/WEAPONS_FlakGun5.ogg","WEAPONS_FlakGun5.ogg","ogg","47531","2025-06-08T21:11:14.1394519Z","C:\Program Files (x86)\Steam\steamapps\common\Barotrauma\Content\Items\Weapons\WEAPONS_FlakGun5.ogg"
"sound-effects","audio","Content/Items/Weapons/WEAPONS_FlakGun6.ogg","WEAPONS_FlakGun6.ogg","ogg","46369","2025-06-08T21:11:07.0753495Z","C:\Program Files (x86)\Steam\steamapps\common\Barotrauma\Content\Items\Weapons\WEAPONS_FlakGun6.ogg"
"sound-effects","audio","Content/Items/Weapons/WEAPONS_laserGunShot1.ogg","WEAPONS_laserGunShot1.ogg","ogg","65895","2025-06-08T21:11:14.1404573Z","C:\Program Files (x86)\Steam\steamapps\common\Barotrauma\Content\Items\Weapons\WEAPONS_laserGunShot1.ogg"
"sound-effects","audio","Content/Items/Weapons/WEAPONS_laserGunShot2.ogg","WEAPONS_laserGunShot2.ogg","ogg","66635","2025-06-08T21:11:22.0639540Z","C:\Program Files (x86)\Steam\steamapps\common\Barotrauma\Content\Items\Weapons\WEAPONS_laserGunShot2.ogg"
"sound-effects","audio","Content/Items/Weapons/WEAPONS_laserGunShot3.ogg","WEAPONS_laserGunShot3.ogg","ogg","65600","2025-06-08T21:11:11.3094139Z","C:\Program Files (x86)\Steam\steamapps\common\Barotrauma\Content\Items\Weapons\WEAPONS_laserGunShot3.ogg"
"sound-effects","audio","Content/Items/Weapons/WEAPONS_laserGunShot4.ogg","WEAPONS_laserGunShot4.ogg","ogg","65212","2025-06-08T21:11:10.5454505Z","C:\Program Files (x86)\Steam\steamapps\common\Barotrauma\Content\Items\Weapons\WEAPONS_laserGunShot4.ogg"
"sound-effects","audio","Content/Map/Thalamus/Sounds/CARRIER_alarmLoop.ogg","CARRIER_alarmLoop.ogg","ogg","78923","2025-06-08T21:11:11.9424515Z","C:\Program Files (x86)\Steam\steamapps\common\Barotrauma\Content\Map\Thalamus\Sounds\CARRIER_alarmLoop.ogg"
"sound-effects","audio","Content/Map/Thalamus/Sounds/CARRIER_brainDeath1.ogg","CARRIER_brainDeath1.ogg","ogg","109533","2025-06-08T21:11:18.9015269Z","C:\Program Files (x86)\Steam\steamapps\common\Barotrauma\Content\Map\Thalamus\Sounds\CARRIER_brainDeath1.ogg"
"sound-effects","audio","Content/Map/Thalamus/Sounds/CARRIER_brainDeath2.ogg","CARRIER_brainDeath2.ogg","ogg","123657","2025-06-08T21:11:19.0952977Z","C:\Program Files (x86)\Steam\steamapps\common\Barotrauma\Content\Map\Thalamus\Sounds\CARRIER_brainDeath2.ogg"
"sound-effects","audio","Content/Map/Thalamus/Sounds/CARRIER_brainHit1.ogg","CARRIER_brainHit1.ogg","ogg","68461","2025-06-08T21:11:11.9414512Z","C:\Program Files (x86)\Steam\steamapps\common\Barotrauma\Content\Map\Thalamus\Sounds\CARRIER_brainHit1.ogg"
"sound-effects","audio","Content/Map/Thalamus/Sounds/CARRIER_brainHit2.ogg","CARRIER_brainHit2.ogg","ogg","71009","2025-06-08T21:11:19.0952977Z","C:\Program Files (x86)\Steam\steamapps\common\Barotrauma\Content\Map\Thalamus\Sounds\CARRIER_brainHit2.ogg"
"sound-effects","audio","Content/Map/Thalamus/Sounds/CARRIER_brainHit3.ogg","CARRIER_brainHit3.ogg","ogg","76213","2025-06-08T21:11:18.5636225Z","C:\Program Files (x86)\Steam\steamapps\common\Barotrauma\Content\Map\Thalamus\Sounds\CARRIER_brainHit3.ogg"
"sound-effects","audio","Content/Map/Thalamus/Sounds/CARRIER_brainHit5.ogg","CARRIER_brainHit5.ogg","ogg","71261","2025-06-08T21:11:13.1329758Z","C:\Program Files (x86)\Steam\steamapps\common\Barotrauma\Content\Map\Thalamus\Sounds\CARRIER_brainHit5.ogg"
"sound-effects","audio","Content/Map/Thalamus/Sounds/CARRIER_brainHit6.ogg","CARRIER_brainHit6.ogg","ogg","74553","2025-06-08T21:11:31.5952654Z","C:\Program Files (x86)\Steam\steamapps\common\Barotrauma\Content\Map\Thalamus\Sounds\CARRIER_brainHit6.ogg"
"sound-effects","audio","Content/Map/Thalamus/Sounds/CARRIER_brainHit7.ogg","CARRIER_brainHit7.ogg","ogg","67839","2025-06-08T21:11:31.5962655Z","C:\Program Files (x86)\Steam\steamapps\common\Barotrauma\Content\Map\Thalamus\Sounds\CARRIER_brainHit7.ogg"
"sound-effects","audio","Content/Map/Thalamus/Sounds/CARRIER_harpoonHit1.ogg","CARRIER_harpoonHit1.ogg","ogg","66210","2025-06-08T21:11:31.7128631Z","C:\Program Files (x86)\Steam\steamapps\common\Barotrauma\Content\Map\Thalamus\Sounds\CARRIER_harpoonHit1.ogg"
"sound-effects","audio","Content/Map/Thalamus/Sounds/CARRIER_harpoonHit2.ogg","CARRIER_harpoonHit2.ogg","ogg","68937","2025-06-08T21:11:18.5636225Z","C:\Program Files (x86)\Steam\steamapps\common\Barotrauma\Content\Map\Thalamus\Sounds\CARRIER_harpoonHit2.ogg"
"sound-effects","audio","Content/Map/Thalamus/Sounds/CARRIER_harpoonLaunch1.ogg","CARRIER_harpoonLaunch1.ogg","ogg","73860","2025-06-08T21:11:24.0696837Z","C:\Program Files (x86)\Steam\steamapps\common\Barotrauma\Content\Map\Thalamus\Sounds\CARRIER_harpoonLaunch1.ogg"
"sound-effects","audio","Content/Map/Thalamus/Sounds/CARRIER_harpoonLaunch2.ogg","CARRIER_harpoonLaunch2.ogg","ogg","63658","2025-06-08T21:11:19.0882934Z","C:\Program Files (x86)\Steam\steamapps\common\Barotrauma\Content\Map\Thalamus\Sounds\CARRIER_harpoonLaunch2.ogg"
"sound-effects","audio","Content/Map/Thalamus/Sounds/CARRIER_harpoonLaunch3.ogg","CARRIER_harpoonLaunch3.ogg","ogg","76109","2025-06-08T21:11:18.5656226Z","C:\Program Files (x86)\Steam\steamapps\common\Barotrauma\Content\Map\Thalamus\Sounds\CARRIER_harpoonLaunch3.ogg"
"sound-effects","audio","Content/Map/Thalamus/Sounds/CARRIER_harpoonMoveLoop.ogg","CARRIER_harpoonMoveLoop.ogg","ogg","108085","2025-06-08T21:11:19.0942978Z","C:\Program Files (x86)\Steam\steamapps\common\Barotrauma\Content\Map\Thalamus\Sounds\CARRIER_harpoonMoveLoop.ogg"
"sound-effects","audio","Content/Map/Thalamus/Sounds/CARRIER_harpoonMoveStart.ogg","CARRIER_harpoonMoveStart.ogg","ogg","52414","2025-06-08T21:11:19.0962971Z","C:\Program Files (x86)\Steam\steamapps\common\Barotrauma\Content\Map\Thalamus\Sounds\CARRIER_harpoonMoveStart.ogg"
"sound-effects","audio","Content/Map/Thalamus/Sounds/CARRIER_harpoonMoveStop.ogg","CARRIER_harpoonMoveStop.ogg","ogg","66229","2025-06-08T21:11:31.7128631Z","C:\Program Files (x86)\Steam\steamapps\common\Barotrauma\Content\Map\Thalamus\Sounds\CARRIER_harpoonMoveStop.ogg"
"sound-effects","audio","Content/Map/Thalamus/Sounds/CARRIER_harpoonThrough1.ogg","CARRIER_harpoonThrough1.ogg","ogg","40300","2025-06-08T21:11:18.5656226Z","C:\Program Files (x86)\Steam\steamapps\common\Barotrauma\Content\Map\Thalamus\Sounds\CARRIER_harpoonThrough1.ogg"
"sound-effects","audio","Content/Map/Thalamus/Sounds/CARRIER_harpoonThrough2.ogg","CARRIER_harpoonThrough2.ogg","ogg","36687","2025-06-08T21:11:18.5656226Z","C:\Program Files (x86)\Steam\steamapps\common\Barotrauma\Content\Map\Thalamus\Sounds\CARRIER_harpoonThrough2.ogg"
"sound-effects","audio","Content/Map/Thalamus/Sounds/CARRIER_harpoonThrough3.ogg","CARRIER_harpoonThrough3.ogg","ogg","37753","2025-06-08T21:11:24.0676833Z","C:\Program Files (x86)\Steam\steamapps\common\Barotrauma\Content\Map\Thalamus\Sounds\CARRIER_harpoonThrough3.ogg"
"sound-effects","audio","Content/Map/Thalamus/Sounds/CARRIER_idle1.ogg","CARRIER_idle1.ogg","ogg","225021","2025-06-08T21:11:21.9536255Z","C:\Program Files (x86)\Steam\steamapps\common\Barotrauma\Content\Map\Thalamus\Sounds\CARRIER_idle1.ogg"
"sound-effects","audio","Content/Map/Thalamus/Sounds/CARRIER_idle2.ogg","CARRIER_idle2.ogg","ogg","232563","2025-06-08T21:11:24.1262081Z","C:\Program Files (x86)\Steam\steamapps\common\Barotrauma\Content\Map\Thalamus\Sounds\CARRIER_idle2.ogg"
"sound-effects","audio","Content/Map/Thalamus/Sounds/CARRIER_idle3.ogg","CARRIER_idle3.ogg","ogg","244713","2025-06-08T21:11:31.9523598Z","C:\Program Files (x86)\Steam\steamapps\common\Barotrauma\Content\Map\Thalamus\Sounds\CARRIER_idle3.ogg"
"sound-effects","audio","Content/Map/Thalamus/Sounds/CARRIER_idle4.ogg","CARRIER_idle4.ogg","ogg","197684","2025-06-08T21:11:19.0962971Z","C:\Program Files (x86)\Steam\steamapps\common\Barotrauma\Content\Map\Thalamus\Sounds\CARRIER_idle4.ogg"
"sound-effects","audio","Content/Map/Thalamus/Sounds/CARRIER_organs1.ogg","CARRIER_organs1.ogg","ogg","43305","2025-06-08T21:11:31.9553586Z","C:\Program Files (x86)\Steam\steamapps\common\Barotrauma\Content\Map\Thalamus\Sounds\CARRIER_organs1.ogg"
"sound-effects","audio","Content/Map/Thalamus/Sounds/CARRIER_organs2.ogg","CARRIER_organs2.ogg","ogg","51998","2025-06-08T21:11:21.9486258Z","C:\Program Files (x86)\Steam\steamapps\common\Barotrauma\Content\Map\Thalamus\Sounds\CARRIER_organs2.ogg"
"sound-effects","audio","Content/Map/Thalamus/Sounds/CARRIER_organs3.ogg","CARRIER_organs3.ogg","ogg","47042","2025-06-08T21:11:24.1232082Z","C:\Program Files (x86)\Steam\steamapps\common\Barotrauma\Content\Map\Thalamus\Sounds\CARRIER_organs3.ogg"
"sound-effects","audio","Content/Map/Thalamus/Sounds/CARRIER_organs4.ogg","CARRIER_organs4.ogg","ogg","51149","2025-06-08T21:11:18.5656226Z","C:\Program Files (x86)\Steam\steamapps\common\Barotrauma\Content\Map\Thalamus\Sounds\CARRIER_organs4.ogg"
"sound-effects","audio","Content/Map/Thalamus/Sounds/CARRIER_organs5.ogg","CARRIER_organs5.ogg","ogg","52316","2025-06-08T21:11:12.0036862Z","C:\Program Files (x86)\Steam\steamapps\common\Barotrauma\Content\Map\Thalamus\Sounds\CARRIER_organs5.ogg"
"sound-effects","audio","Content/Map/Thalamus/Sounds/CARRIER_organs6.ogg","CARRIER_organs6.ogg","ogg","38633","2025-06-08T21:11:13.1339766Z","C:\Program Files (x86)\Steam\steamapps\common\Barotrauma\Content\Map\Thalamus\Sounds\CARRIER_organs6.ogg"
"sound-effects","audio","Content/Map/Thalamus/Sounds/CARRIER_organs7.ogg","CARRIER_organs7.ogg","ogg","40144","2025-06-08T21:11:18.5656226Z","C:\Program Files (x86)\Steam\steamapps\common\Barotrauma\Content\Map\Thalamus\Sounds\CARRIER_organs7.ogg"
"sound-effects","audio","Content/Map/Thalamus/Sounds/CARRIER_organs8.ogg","CARRIER_organs8.ogg","ogg","39791","2025-06-08T21:11:19.1428851Z","C:\Program Files (x86)\Steam\steamapps\common\Barotrauma\Content\Map\Thalamus\Sounds\CARRIER_organs8.ogg"
"sound-effects","audio","Content/Map/Thalamus/Sounds/CARRIER_organs9.ogg","CARRIER_organs9.ogg","ogg","52656","2025-06-08T21:11:13.1329758Z","C:\Program Files (x86)\Steam\steamapps\common\Barotrauma\Content\Map\Thalamus\Sounds\CARRIER_organs9.ogg"
"sound-effects","audio","Content/Map/Thalamus/Sounds/CARRIER_spikeHit1.ogg","CARRIER_spikeHit1.ogg","ogg","38185","2025-06-08T21:11:12.0046858Z","C:\Program Files (x86)\Steam\steamapps\common\Barotrauma\Content\Map\Thalamus\Sounds\CARRIER_spikeHit1.ogg"
"sound-effects","audio","Content/Map/Thalamus/Sounds/CARRIER_spikeHit2.ogg","CARRIER_spikeHit2.ogg","ogg","39936","2025-06-08T21:11:19.1438850Z","C:\Program Files (x86)\Steam\steamapps\common\Barotrauma\Content\Map\Thalamus\Sounds\CARRIER_spikeHit2.ogg"
"sound-effects","audio","Content/Map/Thalamus/Sounds/CARRIER_spikeHit3.ogg","CARRIER_spikeHit3.ogg","ogg","38957","2025-06-08T21:11:21.9496257Z","C:\Program Files (x86)\Steam\steamapps\common\Barotrauma\Content\Map\Thalamus\Sounds\CARRIER_spikeHit3.ogg"
"sound-effects","audio","Content/Map/Thalamus/Sounds/CARRIER_spikeLaunch1.ogg","CARRIER_spikeLaunch1.ogg","ogg","35155","2025-06-08T21:11:11.9986273Z","C:\Program Files (x86)\Steam\steamapps\common\Barotrauma\Content\Map\Thalamus\Sounds\CARRIER_spikeLaunch1.ogg"
"sound-effects","audio","Content/Map/Thalamus/Sounds/CARRIER_spikeLaunch2.ogg","CARRIER_spikeLaunch2.ogg","ogg","36499","2025-06-08T21:11:18.5656226Z","C:\Program Files (x86)\Steam\steamapps\common\Barotrauma\Content\Map\Thalamus\Sounds\CARRIER_spikeLaunch2.ogg"
"sound-effects","audio","Content/Map/Thalamus/Sounds/CARRIER_spikeLaunch3.ogg","CARRIER_spikeLaunch3.ogg","ogg","34960","2025-06-08T21:11:22.0027165Z","C:\Program Files (x86)\Steam\steamapps\common\Barotrauma\Content\Map\Thalamus\Sounds\CARRIER_spikeLaunch3.ogg"
"sound-effects","audio","Content/Sounds/ClubMusic_accordion.ogg","ClubMusic_accordion.ogg","ogg","125182","2025-06-08T21:11:24.0696837Z","C:\Program Files (x86)\Steam\steamapps\common\Barotrauma\Content\Sounds\ClubMusic_accordion.ogg"
"sound-effects","audio","Content/Sounds/ClubMusic_alien.ogg","ClubMusic_alien.ogg","ogg","149924","2025-06-08T21:11:13.6290904Z","C:\Program Files (x86)\Steam\steamapps\common\Barotrauma\Content\Sounds\ClubMusic_alien.ogg"
"sound-effects","audio","Content/Sounds/ClubMusic_seafloor.ogg","ClubMusic_seafloor.ogg","ogg","73745","2025-06-08T21:11:19.5411491Z","C:\Program Files (x86)\Steam\steamapps\common\Barotrauma\Content\Sounds\ClubMusic_seafloor.ogg"
"sound-effects","audio","Content/Sounds/ClubMusic_transitionScratch.ogg","ClubMusic_transitionScratch.ogg","ogg","29083","2025-06-08T21:11:19.3757528Z","C:\Program Files (x86)\Steam\steamapps\common\Barotrauma\Content\Sounds\ClubMusic_transitionScratch.ogg"
"sound-effects","audio","Content/Sounds/ClubMusic_ztrr.ogg","ClubMusic_ztrr.ogg","ogg","99881","2025-06-08T21:11:19.5441486Z","C:\Program Files (x86)\Steam\steamapps\common\Barotrauma\Content\Sounds\ClubMusic_ztrr.ogg"
"sound-effects","audio","Content/Sounds/Damage/ArmorBreak1.ogg","ArmorBreak1.ogg","ogg","48735","2025-06-08T21:11:19.4293752Z","C:\Program Files (x86)\Steam\steamapps\common\Barotrauma\Content\Sounds\Damage\ArmorBreak1.ogg"
"sound-effects","audio","Content/Sounds/Damage/ArmorBreak2.ogg","ArmorBreak2.ogg","ogg","54023","2025-06-08T21:11:24.1272085Z","C:\Program Files (x86)\Steam\steamapps\common\Barotrauma\Content\Sounds\Damage\ArmorBreak2.ogg"
"sound-effects","audio","Content/Sounds/Damage/ArmorBreak3.ogg","ArmorBreak3.ogg","ogg","48546","2025-06-08T21:11:13.6300906Z","C:\Program Files (x86)\Steam\steamapps\common\Barotrauma\Content\Sounds\Damage\ArmorBreak3.ogg"
"sound-effects","audio","Content/Sounds/Damage/ArmorBreak4.ogg","ArmorBreak4.ogg","ogg","40037","2025-06-08T21:11:13.2958359Z","C:\Program Files (x86)\Steam\steamapps\common\Barotrauma\Content\Sounds\Damage\ArmorBreak4.ogg"
"sound-effects","audio","Content/Sounds/Damage/Creak1.ogg","Creak1.ogg","ogg","282802","2025-06-08T21:11:01.9930006Z","C:\Program Files (x86)\Steam\steamapps\common\Barotrauma\Content\Sounds\Damage\Creak1.ogg"
"sound-effects","audio","Content/Sounds/Damage/Creak2.ogg","Creak2.ogg","ogg","176607","2025-06-08T21:11:19.4343750Z","C:\Program Files (x86)\Steam\steamapps\common\Barotrauma\Content\Sounds\Damage\Creak2.ogg"
"sound-effects","audio","Content/Sounds/Damage/Creak3.ogg","Creak3.ogg","ogg","133528","2025-06-08T21:11:32.2303974Z","C:\Program Files (x86)\Steam\steamapps\common\Barotrauma\Content\Sounds\Damage\Creak3.ogg"
"sound-effects","audio","Content/Sounds/Damage/Creak4.ogg","Creak4.ogg","ogg","101092","2025-06-08T21:11:19.5451500Z","C:\Program Files (x86)\Steam\steamapps\common\Barotrauma\Content\Sounds\Damage\Creak4.ogg"
"sound-effects","audio","Content/Sounds/Damage/Creak5.ogg","Creak5.ogg","ogg","312733","2025-06-08T21:11:01.9930006Z","C:\Program Files (x86)\Steam\steamapps\common\Barotrauma\Content\Sounds\Damage\Creak5.ogg"
"sound-effects","audio","Content/Sounds/Damage/DAMAGE_alienRuinsWall1.ogg","DAMAGE_alienRuinsWall1.ogg","ogg","37181","2025-06-08T21:11:19.5421486Z","C:\Program Files (x86)\Steam\steamapps\common\Barotrauma\Content\Sounds\Damage\DAMAGE_alienRuinsWall1.ogg"
"sound-effects","audio","Content/Sounds/Damage/DAMAGE_alienRuinsWall2.ogg","DAMAGE_alienRuinsWall2.ogg","ogg","43645","2025-06-08T21:11:13.6310910Z","C:\Program Files (x86)\Steam\steamapps\common\Barotrauma\Content\Sounds\Damage\DAMAGE_alienRuinsWall2.ogg"
"sound-effects","audio","Content/Sounds/Damage/DAMAGE_alienRuinsWall3.ogg","DAMAGE_alienRuinsWall3.ogg","ogg","40481","2025-06-08T21:11:13.3468886Z","C:\Program Files (x86)\Steam\steamapps\common\Barotrauma\Content\Sounds\Damage\DAMAGE_alienRuinsWall3.ogg"
"sound-effects","audio","Content/Sounds/Damage/DAMAGE_alienRuinsWall4.ogg","DAMAGE_alienRuinsWall4.ogg","ogg","36560","2025-06-08T21:11:19.4353871Z","C:\Program Files (x86)\Steam\steamapps\common\Barotrauma\Content\Sounds\Damage\DAMAGE_alienRuinsWall4.ogg"
"sound-effects","audio","Content/Sounds/Damage/DAMAGE_alienRuinsWall5.ogg","DAMAGE_alienRuinsWall5.ogg","ogg","39215","2025-06-08T21:11:24.1202080Z","C:\Program Files (x86)\Steam\steamapps\common\Barotrauma\Content\Sounds\Damage\DAMAGE_alienRuinsWall5.ogg"
"sound-effects","audio","Content/Sounds/Damage/DAMAGE_alienRuinsWall6.ogg","DAMAGE_alienRuinsWall6.ogg","ogg","37761","2025-06-08T21:11:24.1202080Z","C:\Program Files (x86)\Steam\steamapps\common\Barotrauma\Content\Sounds\Damage\DAMAGE_alienRuinsWall6.ogg"
"sound-effects","audio","Content/Sounds/Damage/Electrocution1.ogg","Electrocution1.ogg","ogg","60515","2025-06-08T21:11:19.5451500Z","C:\Program Files (x86)\Steam\steamapps\common\Barotrauma\Content\Sounds\Damage\Electrocution1.ogg"
"sound-effects","audio","Content/Sounds/Damage/GlassBreak1.ogg","GlassBreak1.ogg","ogg","109158","2025-06-08T21:11:25.3990999Z","C:\Program Files (x86)\Steam\steamapps\common\Barotrauma\Content\Sounds\Damage\GlassBreak1.ogg"
"sound-effects","audio","Content/Sounds/Damage/GlassBreak2.ogg","GlassBreak2.ogg","ogg","114001","2025-06-08T21:11:13.6300906Z","C:\Program Files (x86)\Steam\steamapps\common\Barotrauma\Content\Sounds\Damage\GlassBreak2.ogg"
"sound-effects","audio","Content/Sounds/Damage/GlassBreak3.ogg","GlassBreak3.ogg","ogg","117172","2025-06-08T21:11:13.6713734Z","C:\Program Files (x86)\Steam\steamapps\common\Barotrauma\Content\Sounds\Damage\GlassBreak3.ogg"
"sound-effects","audio","Content/Sounds/Damage/GlassBreak4.ogg","GlassBreak4.ogg","ogg","119076","2025-06-08T21:11:19.6014741Z","C:\Program Files (x86)\Steam\steamapps\common\Barotrauma\Content\Sounds\Damage\GlassBreak4.ogg"
"sound-effects","audio","Content/Sounds/Damage/GlassImpact1.ogg","GlassImpact1.ogg","ogg","54787","2025-06-08T21:11:13.3468886Z","C:\Program Files (x86)\Steam\steamapps\common\Barotrauma\Content\Sounds\Damage\GlassImpact1.ogg"
"sound-effects","audio","Content/Sounds/Damage/GlassImpact2.ogg","GlassImpact2.ogg","ogg","60846","2025-06-08T21:11:13.4121532Z","C:\Program Files (x86)\Steam\steamapps\common\Barotrauma\Content\Sounds\Damage\GlassImpact2.ogg"
"sound-effects","audio","Content/Sounds/Damage/GlassImpact3.ogg","GlassImpact3.ogg","ogg","50745","2025-06-08T21:11:24.1891051Z","C:\Program Files (x86)\Steam\steamapps\common\Barotrauma\Content\Sounds\Damage\GlassImpact3.ogg"
"sound-effects","audio","Content/Sounds/Damage/GlassImpact4.ogg","GlassImpact4.ogg","ogg","56188","2025-06-08T21:11:13.4131534Z","C:\Program Files (x86)\Steam\steamapps\common\Barotrauma\Content\Sounds\Damage\GlassImpact4.ogg"
"sound-effects","audio","Content/Sounds/Damage/Gore1.ogg","Gore1.ogg","ogg","44428","2025-06-08T21:11:13.4131534Z","C:\Program Files (x86)\Steam\steamapps\common\Barotrauma\Content\Sounds\Damage\Gore1.ogg"
"sound-effects","audio","Content/Sounds/Damage/Gore10.ogg","Gore10.ogg","ogg","95869","2025-06-08T21:11:19.4283763Z","C:\Program Files (x86)\Steam\steamapps\common\Barotrauma\Content\Sounds\Damage\Gore10.ogg"
"sound-effects","audio","Content/Sounds/Damage/Gore2.ogg","Gore2.ogg","ogg","60637","2025-06-08T21:11:32.3422355Z","C:\Program Files (x86)\Steam\steamapps\common\Barotrauma\Content\Sounds\Damage\Gore2.ogg"
"sound-effects","audio","Content/Sounds/Damage/Gore3.ogg","Gore3.ogg","ogg","33756","2025-06-08T21:11:13.6713734Z","C:\Program Files (x86)\Steam\steamapps\common\Barotrauma\Content\Sounds\Damage\Gore3.ogg"
"sound-effects","audio","Content/Sounds/Damage/Gore4.ogg","Gore4.ogg","ogg","37456","2025-06-08T21:11:19.4363750Z","C:\Program Files (x86)\Steam\steamapps\common\Barotrauma\Content\Sounds\Damage\Gore4.ogg"
"sound-effects","audio","Content/Sounds/Damage/Gore5.ogg","Gore5.ogg","ogg","64794","2025-06-08T21:11:13.6703732Z","C:\Program Files (x86)\Steam\steamapps\common\Barotrauma\Content\Sounds\Damage\Gore5.ogg"
"sound-effects","audio","Content/Sounds/Damage/Gore6.ogg","Gore6.ogg","ogg","54688","2025-06-08T21:11:19.6579807Z","C:\Program Files (x86)\Steam\steamapps\common\Barotrauma\Content\Sounds\Damage\Gore6.ogg"
"sound-effects","audio","Content/Sounds/Damage/Gore7.ogg","Gore7.ogg","ogg","45183","2025-06-08T21:11:32.3422355Z","C:\Program Files (x86)\Steam\steamapps\common\Barotrauma\Content\Sounds\Damage\Gore7.ogg"
"sound-effects","audio","Content/Sounds/Damage/Gore8.ogg","Gore8.ogg","ogg","41751","2025-06-08T21:11:19.6569808Z","C:\Program Files (x86)\Steam\steamapps\common\Barotrauma\Content\Sounds\Damage\Gore8.ogg"
"sound-effects","audio","Content/Sounds/Damage/Gore9.ogg","Gore9.ogg","ogg","31366","2025-06-08T21:11:24.1862534Z","C:\Program Files (x86)\Steam\steamapps\common\Barotrauma\Content\Sounds\Damage\Gore9.ogg"
"sound-effects","audio","Content/Sounds/Damage/HitArmor1.ogg","HitArmor1.ogg","ogg","48088","2025-06-08T21:11:13.6260918Z","C:\Program Files (x86)\Steam\steamapps\common\Barotrauma\Content\Sounds\Damage\HitArmor1.ogg"
"sound-effects","audio","Content/Sounds/Damage/HitArmor2.ogg","HitArmor2.ogg","ogg","51761","2025-06-08T21:11:13.4131534Z","C:\Program Files (x86)\Steam\steamapps\common\Barotrauma\Content\Sounds\Damage\HitArmor2.ogg"
"sound-effects","audio","Content/Sounds/Damage/HitArmor3.ogg","HitArmor3.ogg","ogg","38149","2025-06-08T21:11:19.6579807Z","C:\Program Files (x86)\Steam\steamapps\common\Barotrauma\Content\Sounds\Damage\HitArmor3.ogg"
"sound-effects","audio","Content/Sounds/Damage/HitArmor4.ogg","HitArmor4.ogg","ogg","43647","2025-06-08T21:11:32.3422355Z","C:\Program Files (x86)\Steam\steamapps\common\Barotrauma\Content\Sounds\Damage\HitArmor4.ogg"
"sound-effects","audio","Content/Sounds/Damage/HitClown1.ogg","HitClown1.ogg","ogg","15243","2025-06-08T21:11:19.4323749Z","C:\Program Files (x86)\Steam\steamapps\common\Barotrauma\Content\Sounds\Damage\HitClown1.ogg"
"sound-effects","audio","Content/Sounds/Damage/HitClown2.ogg","HitClown2.ogg","ogg","14997","2025-06-08T21:11:24.1842537Z","C:\Program Files (x86)\Steam\steamapps\common\Barotrauma\Content\Sounds\Damage\HitClown2.ogg"
"sound-effects","audio","Content/Sounds/Damage/HitMetal1.ogg","HitMetal1.ogg","ogg","18722","2025-06-08T21:11:24.1862534Z","C:\Program Files (x86)\Steam\steamapps\common\Barotrauma\Content\Sounds\Damage\HitMetal1.ogg"
"sound-effects","audio","Content/Sounds/Damage/HitMetal2.ogg","HitMetal2.ogg","ogg","18495","2025-06-08T21:11:24.1862534Z","C:\Program Files (x86)\Steam\steamapps\common\Barotrauma\Content\Sounds\Damage\HitMetal2.ogg"
"sound-effects","audio","Content/Sounds/Damage/HitMetal3.ogg","HitMetal3.ogg","ogg","24524","2025-06-08T21:11:13.4661524Z","C:\Program Files (x86)\Steam\steamapps\common\Barotrauma\Content\Sounds\Damage\HitMetal3.ogg"
"sound-effects","audio","Content/Sounds/Damage/HitMetal4.ogg","HitMetal4.ogg","ogg","21615","2025-06-08T21:11:13.6310910Z","C:\Program Files (x86)\Steam\steamapps\common\Barotrauma\Content\Sounds\Damage\HitMetal4.ogg"
"sound-effects","audio","Content/Sounds/Damage/HitMetal5.ogg","HitMetal5.ogg","ogg","19365","2025-06-08T21:11:19.4353871Z","C:\Program Files (x86)\Steam\steamapps\common\Barotrauma\Content\Sounds\Damage\HitMetal5.ogg"
"sound-effects","audio","Content/Sounds/Damage/HitMetal6.ogg","HitMetal6.ogg","ogg","19133","2025-06-08T21:11:13.6868615Z","C:\Program Files (x86)\Steam\steamapps\common\Barotrauma\Content\Sounds\Damage\HitMetal6.ogg"
"sound-effects","audio","Content/Sounds/Damage/IceCreak1.ogg","IceCreak1.ogg","ogg","140604","2025-06-08T21:11:13.4661524Z","C:\Program Files (x86)\Steam\steamapps\common\Barotrauma\Content\Sounds\Damage\IceCreak1.ogg"
"sound-effects","audio","Content/Sounds/Damage/IceCreak2.ogg","IceCreak2.ogg","ogg","139021","2025-06-08T21:11:32.4625077Z","C:\Program Files (x86)\Steam\steamapps\common\Barotrauma\Content\Sounds\Damage\IceCreak2.ogg"
"sound-effects","audio","Content/Sounds/Damage/Implode.ogg","Implode.ogg","ogg","121803","2025-06-08T21:11:13.5170753Z","C:\Program Files (x86)\Steam\steamapps\common\Barotrauma\Content\Sounds\Damage\Implode.ogg"
"sound-effects","audio","Content/Sounds/Damage/LimbBlunt1.ogg","LimbBlunt1.ogg","ogg","19989","2025-06-08T21:11:13.6929224Z","C:\Program Files (x86)\Steam\steamapps\common\Barotrauma\Content\Sounds\Damage\LimbBlunt1.ogg"
"sound-effects","audio","Content/Sounds/Damage/LimbBlunt2.ogg","LimbBlunt2.ogg","ogg","24170","2025-06-08T21:11:24.1872535Z","C:\Program Files (x86)\Steam\steamapps\common\Barotrauma\Content\Sounds\Damage\LimbBlunt2.ogg"
"sound-effects","audio","Content/Sounds/Damage/LimbBlunt3.ogg","LimbBlunt3.ogg","ogg","20012","2025-06-08T21:11:13.5230742Z","C:\Program Files (x86)\Steam\steamapps\common\Barotrauma\Content\Sounds\Damage\LimbBlunt3.ogg"
"sound-effects","audio","Content/Sounds/Damage/LimbBlunt4.ogg","LimbBlunt4.ogg","ogg","22936","2025-06-08T21:11:32.4625077Z","C:\Program Files (x86)\Steam\steamapps\common\Barotrauma\Content\Sounds\Damage\LimbBlunt4.ogg"
"sound-effects","audio","Content/Sounds/Damage/LimbSlash1.ogg","LimbSlash1.ogg","ogg","16253","2025-06-08T21:11:19.4323749Z","C:\Program Files (x86)\Steam\steamapps\common\Barotrauma\Content\Sounds\Damage\LimbSlash1.ogg"
"sound-effects","audio","Content/Sounds/Damage/LimbSlash2.ogg","LimbSlash2.ogg","ogg","17499","2025-06-08T21:11:13.6908635Z","C:\Program Files (x86)\Steam\steamapps\common\Barotrauma\Content\Sounds\Damage\LimbSlash2.ogg"
"sound-effects","audio","Content/Sounds/Damage/LimbSlash3.ogg","LimbSlash3.ogg","ogg","19932","2025-06-08T21:11:19.6579807Z","C:\Program Files (x86)\Steam\steamapps\common\Barotrauma\Content\Sounds\Damage\LimbSlash3.ogg"
"sound-effects","audio","Content/Sounds/Damage/LimbSlash4.ogg","LimbSlash4.ogg","ogg","15815","2025-06-08T21:11:13.5230742Z","C:\Program Files (x86)\Steam\steamapps\common\Barotrauma\Content\Sounds\Damage\LimbSlash4.ogg"
"sound-effects","audio","Content/Sounds/Damage/LimbSlash5.ogg","LimbSlash5.ogg","ogg","21628","2025-06-08T21:11:13.6929224Z","C:\Program Files (x86)\Steam\steamapps\common\Barotrauma\Content\Sounds\Damage\LimbSlash5.ogg"
"sound-effects","audio","Content/Sounds/Damage/LimbSlash6.ogg","LimbSlash6.ogg","ogg","15620","2025-06-08T21:11:32.4615078Z","C:\Program Files (x86)\Steam\steamapps\common\Barotrauma\Content\Sounds\Damage\LimbSlash6.ogg"
"sound-effects","audio","Content/Sounds/Damage/Ricochet1.ogg","Ricochet1.ogg","ogg","10475","2025-06-08T21:11:19.6569808Z","C:\Program Files (x86)\Steam\steamapps\common\Barotrauma\Content\Sounds\Damage\Ricochet1.ogg"
"sound-effects","audio","Content/Sounds/Damage/Ricochet2.ogg","Ricochet2.ogg","ogg","9970","2025-06-08T21:11:13.6868615Z","C:\Program Files (x86)\Steam\steamapps\common\Barotrauma\Content\Sounds\Damage\Ricochet2.ogg"
"sound-effects","audio","Content/Sounds/Damage/Ricochet3.ogg","Ricochet3.ogg","ogg","10547","2025-06-08T21:11:19.6569808Z","C:\Program Files (x86)\Steam\steamapps\common\Barotrauma\Content\Sounds\Damage\Ricochet3.ogg"
"sound-effects","audio","Content/Sounds/Damage/Ricochet4.ogg","Ricochet4.ogg","ogg","10427","2025-06-08T21:11:24.2478458Z","C:\Program Files (x86)\Steam\steamapps\common\Barotrauma\Content\Sounds\Damage\Ricochet4.ogg"
"sound-effects","audio","Content/Sounds/Damage/StructureBlunt1.ogg","StructureBlunt1.ogg","ogg","93538","2025-06-08T21:11:19.6579807Z","C:\Program Files (x86)\Steam\steamapps\common\Barotrauma\Content\Sounds\Damage\StructureBlunt1.ogg"
"sound-effects","audio","Content/Sounds/Damage/StructureBlunt2.ogg","StructureBlunt2.ogg","ogg","82702","2025-06-08T21:11:13.5230742Z","C:\Program Files (x86)\Steam\steamapps\common\Barotrauma\Content\Sounds\Damage\StructureBlunt2.ogg"
"sound-effects","audio","Content/Sounds/Damage/StructureBlunt3.ogg","StructureBlunt3.ogg","ogg","98547","2025-06-08T21:11:19.6579807Z","C:\Program Files (x86)\Steam\steamapps\common\Barotrauma\Content\Sounds\Damage\StructureBlunt3.ogg"
"sound-effects","audio","Content/Sounds/Damage/StructureBlunt4.ogg","StructureBlunt4.ogg","ogg","65343","2025-06-08T21:11:19.4823826Z","C:\Program Files (x86)\Steam\steamapps\common\Barotrauma\Content\Sounds\Damage\StructureBlunt4.ogg"
"sound-effects","audio","Content/Sounds/Damage/StructureBlunt5.ogg","StructureBlunt5.ogg","ogg","80592","2025-06-08T21:11:13.6908635Z","C:\Program Files (x86)\Steam\steamapps\common\Barotrauma\Content\Sounds\Damage\StructureBlunt5.ogg"
"sound-effects","audio","Content/Sounds/Damage/StructureBlunt6.ogg","StructureBlunt6.ogg","ogg","139678","2025-06-08T21:11:19.4823826Z","C:\Program Files (x86)\Steam\steamapps\common\Barotrauma\Content\Sounds\Damage\StructureBlunt6.ogg"
"sound-effects","audio","Content/Sounds/Damage/StructureBlunt7.ogg","StructureBlunt7.ogg","ogg","113085","2025-06-08T21:11:19.4833830Z","C:\Program Files (x86)\Steam\steamapps\common\Barotrauma\Content\Sounds\Damage\StructureBlunt7.ogg"
"sound-effects","audio","Content/Sounds/Damage/StructureCrunch1.ogg","StructureCrunch1.ogg","ogg","72769","2025-06-08T21:11:13.6918639Z","C:\Program Files (x86)\Steam\steamapps\common\Barotrauma\Content\Sounds\Damage\StructureCrunch1.ogg"
"sound-effects","audio","Content/Sounds/Damage/StructureCrunch2.ogg","StructureCrunch2.ogg","ogg","65495","2025-06-08T21:11:24.3079138Z","C:\Program Files (x86)\Steam\steamapps\common\Barotrauma\Content\Sounds\Damage\StructureCrunch2.ogg"
"sound-effects","audio","Content/Sounds/Damage/StructureCrunch3.ogg","StructureCrunch3.ogg","ogg","93356","2025-06-08T21:11:13.6908635Z","C:\Program Files (x86)\Steam\steamapps\common\Barotrauma\Content\Sounds\Damage\StructureCrunch3.ogg"
"sound-effects","audio","Content/Sounds/Damage/StructureCrunch4.ogg","StructureCrunch4.ogg","ogg","156865","2025-06-08T21:11:19.5461500Z","C:\Program Files (x86)\Steam\steamapps\common\Barotrauma\Content\Sounds\Damage\StructureCrunch4.ogg"
"sound-effects","audio","Content/Sounds/Damage/StructureCrunch5.ogg","StructureCrunch5.ogg","ogg","121661","2025-06-08T21:11:19.6579807Z","C:\Program Files (x86)\Steam\steamapps\common\Barotrauma\Content\Sounds\Damage\StructureCrunch5.ogg"
"sound-effects","audio","Content/Sounds/DropItem.ogg","DropItem.ogg","ogg","14675","2025-06-08T21:11:13.5210745Z","C:\Program Files (x86)\Steam\steamapps\common\Barotrauma\Content\Sounds\DropItem.ogg"
"sound-effects","audio","Content/Sounds/FireLarge.ogg","FireLarge.ogg","ogg","201670","2025-06-08T21:11:32.6350107Z","C:\Program Files (x86)\Steam\steamapps\common\Barotrauma\Content\Sounds\FireLarge.ogg"
"sound-effects","audio","Content/Sounds/FireMedium.ogg","FireMedium.ogg","ogg","183875","2025-06-08T21:11:19.7657701Z","C:\Program Files (x86)\Steam\steamapps\common\Barotrauma\Content\Sounds\FireMedium.ogg"
"sound-effects","audio","Content/Sounds/FireSmall.ogg","FireSmall.ogg","ogg","184961","2025-06-08T21:11:13.7466198Z","C:\Program Files (x86)\Steam\steamapps\common\Barotrauma\Content\Sounds\FireSmall.ogg"
"sound-effects","audio","Content/Sounds/Footsteps/Armor/FootstepArmor1.ogg","FootstepArmor1.ogg","ogg","30652","2025-06-08T21:11:19.5451500Z","C:\Program Files (x86)\Steam\steamapps\common\Barotrauma\Content\Sounds\Footsteps\Armor\FootstepArmor1.ogg"
"sound-effects","audio","Content/Sounds/Footsteps/Armor/FootstepArmor2.ogg","FootstepArmor2.ogg","ogg","30619","2025-06-08T21:11:19.7657701Z","C:\Program Files (x86)\Steam\steamapps\common\Barotrauma\Content\Sounds\Footsteps\Armor\FootstepArmor2.ogg"
"sound-effects","audio","Content/Sounds/Footsteps/Armor/FootstepArmor3.ogg","FootstepArmor3.ogg","ogg","23341","2025-06-08T21:11:32.6340103Z","C:\Program Files (x86)\Steam\steamapps\common\Barotrauma\Content\Sounds\Footsteps\Armor\FootstepArmor3.ogg"
"sound-effects","audio","Content/Sounds/Footsteps/Armor/FootstepArmor4.ogg","FootstepArmor4.ogg","ogg","22305","2025-06-08T21:11:19.5411491Z","C:\Program Files (x86)\Steam\steamapps\common\Barotrauma\Content\Sounds\Footsteps\Armor\FootstepArmor4.ogg"
"sound-effects","audio","Content/Sounds/Footsteps/Armor/FootstepArmor5.ogg","FootstepArmor5.ogg","ogg","25456","2025-06-08T21:11:19.5421486Z","C:\Program Files (x86)\Steam\steamapps\common\Barotrauma\Content\Sounds\Footsteps\Armor\FootstepArmor5.ogg"
"sound-effects","audio","Content/Sounds/Footsteps/Armor/FootstepArmorHeavy1.ogg","FootstepArmorHeavy1.ogg","ogg","29092","2025-06-08T21:11:13.5220737Z","C:\Program Files (x86)\Steam\steamapps\common\Barotrauma\Content\Sounds\Footsteps\Armor\FootstepArmorHeavy1.ogg"
"sound-effects","audio","Content/Sounds/Footsteps/Armor/FootstepArmorHeavy2.ogg","FootstepArmorHeavy2.ogg","ogg","31560","2025-06-08T21:11:25.4001029Z","C:\Program Files (x86)\Steam\steamapps\common\Barotrauma\Content\Sounds\Footsteps\Armor\FootstepArmorHeavy2.ogg"
"sound-effects","audio","Content/Sounds/Footsteps/Armor/FootstepArmorHeavy3.ogg","FootstepArmorHeavy3.ogg","ogg","23964","2025-06-08T21:11:24.3079138Z","C:\Program Files (x86)\Steam\steamapps\common\Barotrauma\Content\Sounds\Footsteps\Armor\FootstepArmorHeavy3.ogg"
"sound-effects","audio","Content/Sounds/Footsteps/Armor/FootstepArmorHeavy4.ogg","FootstepArmorHeavy4.ogg","ogg","31712","2025-06-08T21:11:19.7667700Z","C:\Program Files (x86)\Steam\steamapps\common\Barotrauma\Content\Sounds\Footsteps\Armor\FootstepArmorHeavy4.ogg"
"sound-effects","audio","Content/Sounds/Footsteps/Clown/FootstepClown1.ogg","FootstepClown1.ogg","ogg","8856","2025-06-08T21:11:19.5421486Z","C:\Program Files (x86)\Steam\steamapps\common\Barotrauma\Content\Sounds\Footsteps\Clown\FootstepClown1.ogg"
"sound-effects","audio","Content/Sounds/Footsteps/Clown/FootstepClown2.ogg","FootstepClown2.ogg","ogg","12946","2025-06-08T21:11:13.7476196Z","C:\Program Files (x86)\Steam\steamapps\common\Barotrauma\Content\Sounds\Footsteps\Clown\FootstepClown2.ogg"
"sound-effects","audio","Content/Sounds/Footsteps/Clown/FootstepClown3.ogg","FootstepClown3.ogg","ogg","9998","2025-06-08T21:11:13.7486201Z","C:\Program Files (x86)\Steam\steamapps\common\Barotrauma\Content\Sounds\Footsteps\Clown\FootstepClown3.ogg"
"sound-effects","audio","Content/Sounds/Footsteps/Clown/FootstepClown4.ogg","FootstepClown4.ogg","ogg","9761","2025-06-08T21:11:24.3069138Z","C:\Program Files (x86)\Steam\steamapps\common\Barotrauma\Content\Sounds\Footsteps\Clown\FootstepClown4.ogg"
"sound-effects","audio","Content/Sounds/Footsteps/Metal/FootstepMetal1.ogg","FootstepMetal1.ogg","ogg","16433","2025-06-08T21:11:24.3059143Z","C:\Program Files (x86)\Steam\steamapps\common\Barotrauma\Content\Sounds\Footsteps\Metal\FootstepMetal1.ogg"
"sound-effects","audio","Content/Sounds/Footsteps/Metal/FootstepMetal10.ogg","FootstepMetal10.ogg","ogg","14296","2025-06-08T21:11:13.5170753Z","C:\Program Files (x86)\Steam\steamapps\common\Barotrauma\Content\Sounds\Footsteps\Metal\FootstepMetal10.ogg"
"sound-effects","audio","Content/Sounds/Footsteps/Metal/FootstepMetal11.ogg","FootstepMetal11.ogg","ogg","13327","2025-06-08T21:11:19.7657701Z","C:\Program Files (x86)\Steam\steamapps\common\Barotrauma\Content\Sounds\Footsteps\Metal\FootstepMetal11.ogg"
"sound-effects","audio","Content/Sounds/Footsteps/Metal/FootstepMetal12.ogg","FootstepMetal12.ogg","ogg","13619","2025-06-08T21:11:13.6290904Z","C:\Program Files (x86)\Steam\steamapps\common\Barotrauma\Content\Sounds\Footsteps\Metal\FootstepMetal12.ogg"
"sound-effects","audio","Content/Sounds/Footsteps/Metal/FootstepMetal13.ogg","FootstepMetal13.ogg","ogg","11109","2025-06-08T21:11:32.6340103Z","C:\Program Files (x86)\Steam\steamapps\common\Barotrauma\Content\Sounds\Footsteps\Metal\FootstepMetal13.ogg"
"sound-effects","audio","Content/Sounds/Footsteps/Metal/FootstepMetal14.ogg","FootstepMetal14.ogg","ogg","13514","2025-06-08T21:11:32.6350107Z","C:\Program Files (x86)\Steam\steamapps\common\Barotrauma\Content\Sounds\Footsteps\Metal\FootstepMetal14.ogg"
"sound-effects","audio","Content/Sounds/Footsteps/Metal/FootstepMetal15.ogg","FootstepMetal15.ogg","ogg","16847","2025-06-08T21:11:19.7667700Z","C:\Program Files (x86)\Steam\steamapps\common\Barotrauma\Content\Sounds\Footsteps\Metal\FootstepMetal15.ogg"
"sound-effects","audio","Content/Sounds/Footsteps/Metal/FootstepMetal16.ogg","FootstepMetal16.ogg","ogg","13146","2025-06-08T21:11:13.7496203Z","C:\Program Files (x86)\Steam\steamapps\common\Barotrauma\Content\Sounds\Footsteps\Metal\FootstepMetal16.ogg"
"sound-effects","audio","Content/Sounds/Footsteps/Metal/FootstepMetal2.ogg","FootstepMetal2.ogg","ogg","16336","2025-06-08T21:11:25.4001029Z","C:\Program Files (x86)\Steam\steamapps\common\Barotrauma\Content\Sounds\Footsteps\Metal\FootstepMetal2.ogg"
"sound-effects","audio","Content/Sounds/Footsteps/Metal/FootstepMetal3.ogg","FootstepMetal3.ogg","ogg","12805","2025-06-08T21:11:32.6350107Z","C:\Program Files (x86)\Steam\steamapps\common\Barotrauma\Content\Sounds\Footsteps\Metal\FootstepMetal3.ogg"
"sound-effects","audio","Content/Sounds/Footsteps/Metal/FootstepMetal4.ogg","FootstepMetal4.ogg","ogg","12577","2025-06-08T21:11:19.7657701Z","C:\Program Files (x86)\Steam\steamapps\common\Barotrauma\Content\Sounds\Footsteps\Metal\FootstepMetal4.ogg"
"sound-effects","audio","Content/Sounds/Footsteps/Metal/FootstepMetal5.ogg","FootstepMetal5.ogg","ogg","11806","2025-06-08T21:11:32.6340103Z","C:\Program Files (x86)\Steam\steamapps\common\Barotrauma\Content\Sounds\Footsteps\Metal\FootstepMetal5.ogg"
"sound-effects","audio","Content/Sounds/Footsteps/Metal/FootstepMetal6.ogg","FootstepMetal6.ogg","ogg","13968","2025-06-08T21:11:32.6350107Z","C:\Program Files (x86)\Steam\steamapps\common\Barotrauma\Content\Sounds\Footsteps\Metal\FootstepMetal6.ogg"
"sound-effects","audio","Content/Sounds/Footsteps/Metal/FootstepMetal7.ogg","FootstepMetal7.ogg","ogg","14004","2025-06-08T21:11:13.6300906Z","C:\Program Files (x86)\Steam\steamapps\common\Barotrauma\Content\Sounds\Footsteps\Metal\FootstepMetal7.ogg"
"sound-effects","audio","Content/Sounds/Footsteps/Metal/FootstepMetal8.ogg","FootstepMetal8.ogg","ogg","13096","2025-06-08T21:11:13.6290904Z","C:\Program Files (x86)\Steam\steamapps\common\Barotrauma\Content\Sounds\Footsteps\Metal\FootstepMetal8.ogg"
"sound-effects","audio","Content/Sounds/Footsteps/Metal/FootstepMetal9.ogg","FootstepMetal9.ogg","ogg","13433","2025-06-08T21:11:19.5451500Z","C:\Program Files (x86)\Steam\steamapps\common\Barotrauma\Content\Sounds\Footsteps\Metal\FootstepMetal9.ogg"
"sound-effects","audio","Content/Sounds/Footsteps/Monsters/FootstepCrawler1.ogg","FootstepCrawler1.ogg","ogg","26011","2025-06-08T21:11:32.6340103Z","C:\Program Files (x86)\Steam\steamapps\common\Barotrauma\Content\Sounds\Footsteps\Monsters\FootstepCrawler1.ogg"
"sound-effects","audio","Content/Sounds/Footsteps/Monsters/FootstepCrawler2.ogg","FootstepCrawler2.ogg","ogg","27208","2025-06-08T21:11:13.7476196Z","C:\Program Files (x86)\Steam\steamapps\common\Barotrauma\Content\Sounds\Footsteps\Monsters\FootstepCrawler2.ogg"
"sound-effects","audio","Content/Sounds/Footsteps/Monsters/FootstepCrawler3.ogg","FootstepCrawler3.ogg","ogg","26143","2025-06-08T21:11:25.4001029Z","C:\Program Files (x86)\Steam\steamapps\common\Barotrauma\Content\Sounds\Footsteps\Monsters\FootstepCrawler3.ogg"
"sound-effects","audio","Content/Sounds/Footsteps/Monsters/FootstepCrawler4.ogg","FootstepCrawler4.ogg","ogg","27835","2025-06-08T21:11:24.3079138Z","C:\Program Files (x86)\Steam\steamapps\common\Barotrauma\Content\Sounds\Footsteps\Monsters\FootstepCrawler4.ogg"
"sound-effects","audio","Content/Sounds/Footsteps/Monsters/FootstepCrawler5.ogg","FootstepCrawler5.ogg","ogg","25789","2025-06-08T21:11:19.7657701Z","C:\Program Files (x86)\Steam\steamapps\common\Barotrauma\Content\Sounds\Footsteps\Monsters\FootstepCrawler5.ogg"
"sound-effects","audio","Content/Sounds/Footsteps/Monsters/FootstepHusk1.ogg","FootstepHusk1.ogg","ogg","9950","2025-06-08T21:11:13.6713734Z","C:\Program Files (x86)\Steam\steamapps\common\Barotrauma\Content\Sounds\Footsteps\Monsters\FootstepHusk1.ogg"
"sound-effects","audio","Content/Sounds/Footsteps/Monsters/FootstepHusk2.ogg","FootstepHusk2.ogg","ogg","10280","2025-06-08T21:11:24.3059143Z","C:\Program Files (x86)\Steam\steamapps\common\Barotrauma\Content\Sounds\Footsteps\Monsters\FootstepHusk2.ogg"
"sound-effects","audio","Content/Sounds/Footsteps/Monsters/FootstepHusk3.ogg","FootstepHusk3.ogg","ogg","9848","2025-06-08T21:11:13.6300906Z","C:\Program Files (x86)\Steam\steamapps\common\Barotrauma\Content\Sounds\Footsteps\Monsters\FootstepHusk3.ogg"
"sound-effects","audio","Content/Sounds/Footsteps/Monsters/FootstepHusk4.ogg","FootstepHusk4.ogg","ogg","9901","2025-06-08T21:11:13.7466198Z","C:\Program Files (x86)\Steam\steamapps\common\Barotrauma\Content\Sounds\Footsteps\Monsters\FootstepHusk4.ogg"
"sound-effects","audio","Content/Sounds/Footsteps/Monsters/FootstepHusk5.ogg","FootstepHusk5.ogg","ogg","10065","2025-06-08T21:11:13.6280910Z","C:\Program Files (x86)\Steam\steamapps\common\Barotrauma\Content\Sounds\Footsteps\Monsters\FootstepHusk5.ogg"
"sound-effects","audio","Content/Sounds/Footsteps/Monsters/FootstepMudraptor1.ogg","FootstepMudraptor1.ogg","ogg","20585","2025-06-08T21:11:19.5461500Z","C:\Program Files (x86)\Steam\steamapps\common\Barotrauma\Content\Sounds\Footsteps\Monsters\FootstepMudraptor1.ogg"
"sound-effects","audio","Content/Sounds/Footsteps/Monsters/FootstepMudraptor2.ogg","FootstepMudraptor2.ogg","ogg","20512","2025-06-08T21:11:13.7466198Z","C:\Program Files (x86)\Steam\steamapps\common\Barotrauma\Content\Sounds\Footsteps\Monsters\FootstepMudraptor2.ogg"
"sound-effects","audio","Content/Sounds/Footsteps/Monsters/FootstepMudraptor3.ogg","FootstepMudraptor3.ogg","ogg","18986","2025-06-08T21:11:13.6290904Z","C:\Program Files (x86)\Steam\steamapps\common\Barotrauma\Content\Sounds\Footsteps\Monsters\FootstepMudraptor3.ogg"
"sound-effects","audio","Content/Sounds/Footsteps/Monsters/FootstepMudraptor4.ogg","FootstepMudraptor4.ogg","ogg","20069","2025-06-08T21:11:19.7657701Z","C:\Program Files (x86)\Steam\steamapps\common\Barotrauma\Content\Sounds\Footsteps\Monsters\FootstepMudraptor4.ogg"
"sound-effects","audio","Content/Sounds/Footsteps/Monsters/FootstepMudraptor5.ogg","FootstepMudraptor5.ogg","ogg","19598","2025-06-08T21:11:19.5441486Z","C:\Program Files (x86)\Steam\steamapps\common\Barotrauma\Content\Sounds\Footsteps\Monsters\FootstepMudraptor5.ogg"
"sound-effects","audio","Content/Sounds/Footsteps/Water/FootstepWater1.ogg","FootstepWater1.ogg","ogg","27123","2025-06-08T21:11:13.6290904Z","C:\Program Files (x86)\Steam\steamapps\common\Barotrauma\Content\Sounds\Footsteps\Water\FootstepWater1.ogg"
"sound-effects","audio","Content/Sounds/Footsteps/Water/FootstepWater2.ogg","FootstepWater2.ogg","ogg","27454","2025-06-08T21:11:24.3079138Z","C:\Program Files (x86)\Steam\steamapps\common\Barotrauma\Content\Sounds\Footsteps\Water\FootstepWater2.ogg"
"sound-effects","audio","Content/Sounds/Footsteps/Water/FootstepWater3.ogg","FootstepWater3.ogg","ogg","29137","2025-06-08T21:11:15.5722166Z","C:\Program Files (x86)\Steam\steamapps\common\Barotrauma\Content\Sounds\Footsteps\Water\FootstepWater3.ogg"
"sound-effects","audio","Content/Sounds/Footsteps/Water/FootstepWater4.ogg","FootstepWater4.ogg","ogg","23393","2025-06-08T21:11:15.2885575Z","C:\Program Files (x86)\Steam\steamapps\common\Barotrauma\Content\Sounds\Footsteps\Water\FootstepWater4.ogg"
"sound-effects","audio","Content/Sounds/Footsteps/Water/FootstepWater5.ogg","FootstepWater5.ogg","ogg","29305","2025-06-08T21:11:24.3089142Z","C:\Program Files (x86)\Steam\steamapps\common\Barotrauma\Content\Sounds\Footsteps\Water\FootstepWater5.ogg"
"sound-effects","audio","Content/Sounds/HeartbeatDiastole1.ogg","HeartbeatDiastole1.ogg","ogg","8732","2025-06-08T21:11:15.2875572Z","C:\Program Files (x86)\Steam\steamapps\common\Barotrauma\Content\Sounds\HeartbeatDiastole1.ogg"
"sound-effects","audio","Content/Sounds/HeartbeatDiastole2.ogg","HeartbeatDiastole2.ogg","ogg","8664","2025-06-08T21:11:24.3069138Z","C:\Program Files (x86)\Steam\steamapps\common\Barotrauma\Content\Sounds\HeartbeatDiastole2.ogg"
"sound-effects","audio","Content/Sounds/HeartbeatDiastole3.ogg","HeartbeatDiastole3.ogg","ogg","8750","2025-06-08T21:11:15.2885575Z","C:\Program Files (x86)\Steam\steamapps\common\Barotrauma\Content\Sounds\HeartbeatDiastole3.ogg"
"sound-effects","audio","Content/Sounds/HeartbeatSystole1.ogg","HeartbeatSystole1.ogg","ogg","9043","2025-06-08T21:11:13.7486201Z","C:\Program Files (x86)\Steam\steamapps\common\Barotrauma\Content\Sounds\HeartbeatSystole1.ogg"
"sound-effects","audio","Content/Sounds/HeartbeatSystole2.ogg","HeartbeatSystole2.ogg","ogg","8341","2025-06-08T21:11:32.6340103Z","C:\Program Files (x86)\Steam\steamapps\common\Barotrauma\Content\Sounds\HeartbeatSystole2.ogg"
"sound-effects","audio","Content/Sounds/HeartbeatSystole3.ogg","HeartbeatSystole3.ogg","ogg","8737","2025-06-08T21:11:15.2905600Z","C:\Program Files (x86)\Steam\steamapps\common\Barotrauma\Content\Sounds\HeartbeatSystole3.ogg"
"sound-effects","audio","Content/Sounds/Hull/Hull1.ogg","Hull1.ogg","ogg","97583","2025-06-08T21:11:32.6340103Z","C:\Program Files (x86)\Steam\steamapps\common\Barotrauma\Content\Sounds\Hull\Hull1.ogg"
"sound-effects","audio","Content/Sounds/Hull/Hull2.ogg","Hull2.ogg","ogg","111552","2025-06-08T21:11:25.4001029Z","C:\Program Files (x86)\Steam\steamapps\common\Barotrauma\Content\Sounds\Hull\Hull2.ogg"
"sound-effects","audio","Content/Sounds/Hull/Hull3.ogg","Hull3.ogg","ogg","111147","2025-06-08T21:11:32.6972692Z","C:\Program Files (x86)\Steam\steamapps\common\Barotrauma\Content\Sounds\Hull\Hull3.ogg"
"sound-effects","audio","Content/Sounds/Hull/Hull4.ogg","Hull4.ogg","ogg","58625","2025-06-08T21:11:13.6290904Z","C:\Program Files (x86)\Steam\steamapps\common\Barotrauma\Content\Sounds\Hull\Hull4.ogg"
"sound-effects","audio","Content/Sounds/Hull/Hull5.ogg","Hull5.ogg","ogg","125570","2025-06-08T21:11:10.6661219Z","C:\Program Files (x86)\Steam\steamapps\common\Barotrauma\Content\Sounds\Hull\Hull5.ogg"
"sound-effects","audio","Content/Sounds/Hull/Hull6.ogg","Hull6.ogg","ogg","65725","2025-06-08T21:11:07.9586477Z","C:\Program Files (x86)\Steam\steamapps\common\Barotrauma\Content\Sounds\Hull\Hull6.ogg"
"sound-effects","audio","Content/Sounds/Hull/HullLong1.ogg","HullLong1.ogg","ogg","436629","2025-06-08T21:11:01.9955065Z","C:\Program Files (x86)\Steam\steamapps\common\Barotrauma\Content\Sounds\Hull\HullLong1.ogg"
"sound-effects","audio","Content/Sounds/Hull/HullLong2.ogg","HullLong2.ogg","ogg","366773","2025-06-08T21:11:01.9955065Z","C:\Program Files (x86)\Steam\steamapps\common\Barotrauma\Content\Sounds\Hull\HullLong2.ogg"
"sound-effects","audio","Content/Sounds/HUMAN_chokeFemale1.ogg","HUMAN_chokeFemale1.ogg","ogg","40526","2025-06-08T21:11:15.4599512Z","C:\Program Files (x86)\Steam\steamapps\common\Barotrauma\Content\Sounds\HUMAN_chokeFemale1.ogg"
"sound-effects","audio","Content/Sounds/HUMAN_chokeFemale2.ogg","HUMAN_chokeFemale2.ogg","ogg","49176","2025-06-08T21:11:32.6952694Z","C:\Program Files (x86)\Steam\steamapps\common\Barotrauma\Content\Sounds\HUMAN_chokeFemale2.ogg"
"sound-effects","audio","Content/Sounds/HUMAN_chokeFemale3.ogg","HUMAN_chokeFemale3.ogg","ogg","61233","2025-06-08T21:11:13.8540115Z","C:\Program Files (x86)\Steam\steamapps\common\Barotrauma\Content\Sounds\HUMAN_chokeFemale3.ogg"
"sound-effects","audio","Content/Sounds/HUMAN_chokeMale1.ogg","HUMAN_chokeMale1.ogg","ogg","42631","2025-06-08T21:11:15.4729514Z","C:\Program Files (x86)\Steam\steamapps\common\Barotrauma\Content\Sounds\HUMAN_chokeMale1.ogg"
"sound-effects","audio","Content/Sounds/HUMAN_chokeMale2.ogg","HUMAN_chokeMale2.ogg","ogg","58767","2025-06-08T21:11:15.4649512Z","C:\Program Files (x86)\Steam\steamapps\common\Barotrauma\Content\Sounds\HUMAN_chokeMale2.ogg"
"sound-effects","audio","Content/Sounds/HUMAN_chokeMale3.ogg","HUMAN_chokeMale3.ogg","ogg","51479","2025-06-08T21:11:32.6972692Z","C:\Program Files (x86)\Steam\steamapps\common\Barotrauma\Content\Sounds\HUMAN_chokeMale3.ogg"
"sound-effects","audio","Content/Sounds/Impact/MetalImpactHeavy1.ogg","MetalImpactHeavy1.ogg","ogg","28284","2025-06-08T21:11:15.4649512Z","C:\Program Files (x86)\Steam\steamapps\common\Barotrauma\Content\Sounds\Impact\MetalImpactHeavy1.ogg"
"sound-effects","audio","Content/Sounds/Impact/MetalImpactHeavy2.ogg","MetalImpactHeavy2.ogg","ogg","38907","2025-06-08T21:11:24.3079138Z","C:\Program Files (x86)\Steam\steamapps\common\Barotrauma\Content\Sounds\Impact\MetalImpactHeavy2.ogg"
"sound-effects","audio","Content/Sounds/Impact/MetalImpactHeavy3.ogg","MetalImpactHeavy3.ogg","ogg","34972","2025-06-08T21:11:08.1293721Z","C:\Program Files (x86)\Steam\steamapps\common\Barotrauma\Content\Sounds\Impact\MetalImpactHeavy3.ogg"
"sound-effects","audio","Content/Sounds/Impact/MetalImpactHeavy4.ogg","MetalImpactHeavy4.ogg","ogg","28219","2025-06-08T21:11:32.6952694Z","C:\Program Files (x86)\Steam\steamapps\common\Barotrauma\Content\Sounds\Impact\MetalImpactHeavy4.ogg"
"sound-effects","audio","Content/Sounds/Impact/MetalImpactLight1.ogg","MetalImpactLight1.ogg","ogg","37151","2025-06-08T21:11:15.5732162Z","C:\Program Files (x86)\Steam\steamapps\common\Barotrauma\Content\Sounds\Impact\MetalImpactLight1.ogg"
"sound-effects","audio","Content/Sounds/Impact/MetalImpactLight2.ogg","MetalImpactLight2.ogg","ogg","25936","2025-06-08T21:11:32.6962686Z","C:\Program Files (x86)\Steam\steamapps\common\Barotrauma\Content\Sounds\Impact\MetalImpactLight2.ogg"
"sound-effects","audio","Content/Sounds/Impact/MetalImpactLight3.ogg","MetalImpactLight3.ogg","ogg","28764","2025-06-08T21:11:25.4001029Z","C:\Program Files (x86)\Steam\steamapps\common\Barotrauma\Content\Sounds\Impact\MetalImpactLight3.ogg"
"sound-effects","audio","Content/Sounds/Impact/MetalImpactLight4.ogg","MetalImpactLight4.ogg","ogg","40155","2025-06-08T21:11:32.6982687Z","C:\Program Files (x86)\Steam\steamapps\common\Barotrauma\Content\Sounds\Impact\MetalImpactLight4.ogg"
"sound-effects","audio","Content/Sounds/Impact/MetalImpactLight5.ogg","MetalImpactLight5.ogg","ogg","27804","2025-06-08T21:11:15.5732162Z","C:\Program Files (x86)\Steam\steamapps\common\Barotrauma\Content\Sounds\Impact\MetalImpactLight5.ogg"
"sound-effects","audio","Content/Sounds/Impact/SoftImpact1.ogg","SoftImpact1.ogg","ogg","18055","2025-06-08T21:11:13.8570114Z","C:\Program Files (x86)\Steam\steamapps\common\Barotrauma\Content\Sounds\Impact\SoftImpact1.ogg"
"sound-effects","audio","Content/Sounds/Impact/SoftImpact2.ogg","SoftImpact2.ogg","ogg","16785","2025-06-08T21:11:24.3079138Z","C:\Program Files (x86)\Steam\steamapps\common\Barotrauma\Content\Sounds\Impact\SoftImpact2.ogg"
"sound-effects","audio","Content/Sounds/Impact/SoftImpact3.ogg","SoftImpact3.ogg","ogg","17906","2025-06-08T21:11:15.5722166Z","C:\Program Files (x86)\Steam\steamapps\common\Barotrauma\Content\Sounds\Impact\SoftImpact3.ogg"
"sound-effects","audio","Content/Sounds/MONSTER_farLayer.ogg","MONSTER_farLayer.ogg","ogg","915170","2025-06-08T21:11:01.9955065Z","C:\Program Files (x86)\Steam\steamapps\common\Barotrauma\Content\Sounds\MONSTER_farLayer.ogg"
"sound-effects","audio","Content/Sounds/PickItem.ogg","PickItem.ogg","ogg","14560","2025-06-08T21:11:33.8905704Z","C:\Program Files (x86)\Steam\steamapps\common\Barotrauma\Content\Sounds\PickItem.ogg"
"sound-effects","audio","Content/Sounds/PickItemFail.ogg","PickItemFail.ogg","ogg","9983","2025-06-08T21:11:40.6193733Z","C:\Program Files (x86)\Steam\steamapps\common\Barotrauma\Content\Sounds\PickItemFail.ogg"
"sound-effects","audio","Content/Sounds/RadioStatic.ogg","RadioStatic.ogg","ogg","349987","2025-06-08T21:11:02.0015054Z","C:\Program Files (x86)\Steam\steamapps\common\Barotrauma\Content\Sounds\RadioStatic.ogg"
"sound-effects","audio","Content/Sounds/RepairLoop.ogg","RepairLoop.ogg","ogg","182253","2025-06-08T21:11:39.6978430Z","C:\Program Files (x86)\Steam\steamapps\common\Barotrauma\Content\Sounds\RepairLoop.ogg"
"sound-effects","audio","Content/Sounds/RewiringLoop.ogg","RewiringLoop.ogg","ogg","262952","2025-06-08T21:11:02.0015054Z","C:\Program Files (x86)\Steam\steamapps\common\Barotrauma\Content\Sounds\RewiringLoop.ogg"
"sound-effects","audio","Content/Sounds/Tinnitus1.ogg","Tinnitus1.ogg","ogg","227231","2025-06-08T21:11:40.6203811Z","C:\Program Files (x86)\Steam\steamapps\common\Barotrauma\Content\Sounds\Tinnitus1.ogg"
"sound-effects","audio","Content/Sounds/Tinnitus2.ogg","Tinnitus2.ogg","ogg","245561","2025-06-08T21:11:33.8915706Z","C:\Program Files (x86)\Steam\steamapps\common\Barotrauma\Content\Sounds\Tinnitus2.ogg"
"sound-effects","audio","Content/Sounds/Water/BlackSmoker.ogg","BlackSmoker.ogg","ogg","122495","2025-06-08T21:11:44.5409870Z","C:\Program Files (x86)\Steam\steamapps\common\Barotrauma\Content\Sounds\Water\BlackSmoker.ogg"
"sound-effects","audio","Content/Sounds/Water/DrownFemale1.ogg","DrownFemale1.ogg","ogg","18736","2025-06-08T21:11:33.8915706Z","C:\Program Files (x86)\Steam\steamapps\common\Barotrauma\Content\Sounds\Water\DrownFemale1.ogg"
"sound-effects","audio","Content/Sounds/Water/DrownFemale2.ogg","DrownFemale2.ogg","ogg","18824","2025-06-08T21:11:44.5239086Z","C:\Program Files (x86)\Steam\steamapps\common\Barotrauma\Content\Sounds\Water\DrownFemale2.ogg"
"sound-effects","audio","Content/Sounds/Water/DrownFemale3.ogg","DrownFemale3.ogg","ogg","20238","2025-06-08T21:11:38.8557420Z","C:\Program Files (x86)\Steam\steamapps\common\Barotrauma\Content\Sounds\Water\DrownFemale3.ogg"
"sound-effects","audio","Content/Sounds/Water/DrownMale1.ogg","DrownMale1.ogg","ogg","14783","2025-06-08T21:11:38.8537419Z","C:\Program Files (x86)\Steam\steamapps\common\Barotrauma\Content\Sounds\Water\DrownMale1.ogg"
"sound-effects","audio","Content/Sounds/Water/DrownMale2.ogg","DrownMale2.ogg","ogg","15446","2025-06-08T21:11:45.2693720Z","C:\Program Files (x86)\Steam\steamapps\common\Barotrauma\Content\Sounds\Water\DrownMale2.ogg"
"sound-effects","audio","Content/Sounds/Water/DrownMale3.ogg","DrownMale3.ogg","ogg","15034","2025-06-08T21:11:33.8905704Z","C:\Program Files (x86)\Steam\steamapps\common\Barotrauma\Content\Sounds\Water\DrownMale3.ogg"
"sound-effects","audio","Content/Sounds/Water/DrownMale4.ogg","DrownMale4.ogg","ogg","15147","2025-06-08T21:11:44.5229089Z","C:\Program Files (x86)\Steam\steamapps\common\Barotrauma\Content\Sounds\Water\DrownMale4.ogg"
"sound-effects","audio","Content/Sounds/Water/DrownMale5.ogg","DrownMale5.ogg","ogg","15730","2025-06-08T21:11:38.8537419Z","C:\Program Files (x86)\Steam\steamapps\common\Barotrauma\Content\Sounds\Water\DrownMale5.ogg"
"sound-effects","audio","Content/Sounds/Water/FlowLarge.ogg","FlowLarge.ogg","ogg","1150371","2025-06-08T21:11:02.0025057Z","C:\Program Files (x86)\Steam\steamapps\common\Barotrauma\Content\Sounds\Water\FlowLarge.ogg"
"sound-effects","audio","Content/Sounds/Water/FlowMedium.ogg","FlowMedium.ogg","ogg","1064097","2025-06-08T21:11:02.0025057Z","C:\Program Files (x86)\Steam\steamapps\common\Barotrauma\Content\Sounds\Water\FlowMedium.ogg"
"sound-effects","audio","Content/Sounds/Water/FlowSmall.ogg","FlowSmall.ogg","ogg","1156310","2025-06-08T21:11:02.0025057Z","C:\Program Files (x86)\Steam\steamapps\common\Barotrauma\Content\Sounds\Water\FlowSmall.ogg"
"sound-effects","audio","Content/Sounds/Water/Splash0.ogg","Splash0.ogg","ogg","55178","2025-06-08T21:11:40.6213860Z","C:\Program Files (x86)\Steam\steamapps\common\Barotrauma\Content\Sounds\Water\Splash0.ogg"
"sound-effects","audio","Content/Sounds/Water/Splash1.ogg","Splash1.ogg","ogg","51720","2025-06-08T21:11:40.6223801Z","C:\Program Files (x86)\Steam\steamapps\common\Barotrauma\Content\Sounds\Water\Splash1.ogg"
"sound-effects","audio","Content/Sounds/Water/Splash2.ogg","Splash2.ogg","ogg","56273","2025-06-08T21:11:45.6054647Z","C:\Program Files (x86)\Steam\steamapps\common\Barotrauma\Content\Sounds\Water\Splash2.ogg"
"sound-effects","audio","Content/Sounds/Water/Splash3.ogg","Splash3.ogg","ogg","56709","2025-06-08T21:11:33.8925707Z","C:\Program Files (x86)\Steam\steamapps\common\Barotrauma\Content\Sounds\Water\Splash3.ogg"
"sound-effects","audio","Content/Sounds/Water/Splash4.ogg","Splash4.ogg","ogg","46584","2025-06-08T21:11:33.8925707Z","C:\Program Files (x86)\Steam\steamapps\common\Barotrauma\Content\Sounds\Water\Splash4.ogg"
"sound-effects","audio","Content/Sounds/Water/Splash5.ogg","Splash5.ogg","ogg","96216","2025-06-08T21:11:27.2163058Z","C:\Program Files (x86)\Steam\steamapps\common\Barotrauma\Content\Sounds\Water\Splash5.ogg"
"sound-effects","audio","Content/Sounds/Water/Splash6.ogg","Splash6.ogg","ogg","83943","2025-06-08T21:11:39.6978430Z","C:\Program Files (x86)\Steam\steamapps\common\Barotrauma\Content\Sounds\Water\Splash6.ogg"
"sound-effects","audio","Content/Sounds/Water/Splash7.ogg","Splash7.ogg","ogg","105752","2025-06-08T21:11:29.7231498Z","C:\Program Files (x86)\Steam\steamapps\common\Barotrauma\Content\Sounds\Water\Splash7.ogg"
"sound-effects","audio","Content/Sounds/Water/Splash8.ogg","Splash8.ogg","ogg","106703","2025-06-08T21:11:38.9627949Z","C:\Program Files (x86)\Steam\steamapps\common\Barotrauma\Content\Sounds\Water\Splash8.ogg"
"sound-effects","audio","Content/Sounds/Water/Splash9.ogg","Splash9.ogg","ogg","86532","2025-06-08T21:11:27.2183058Z","C:\Program Files (x86)\Steam\steamapps\common\Barotrauma\Content\Sounds\Water\Splash9.ogg"
"sound-effects","audio","Content/Sounds/Water/SplashLoop.ogg","SplashLoop.ogg","ogg","319748","2025-06-08T21:11:02.0025057Z","C:\Program Files (x86)\Steam\steamapps\common\Barotrauma\Content\Sounds\Water\SplashLoop.ogg"
"sound-effects","audio","Content/Sounds/Water/WaterAmbienceIn.ogg","WaterAmbienceIn.ogg","ogg","1756230","2025-06-08T21:11:02.0025057Z","C:\Program Files (x86)\Steam\steamapps\common\Barotrauma\Content\Sounds\Water\WaterAmbienceIn.ogg"
"sound-effects","audio","Content/Sounds/Water/WaterAmbienceMoving.ogg","WaterAmbienceMoving.ogg","ogg","1309732","2025-06-08T21:11:02.0025057Z","C:\Program Files (x86)\Steam\steamapps\common\Barotrauma\Content\Sounds\Water\WaterAmbienceMoving.ogg"
"sound-effects","audio","Content/Sounds/Water/WaterAmbienceOut.ogg","WaterAmbienceOut.ogg","ogg","1310593","2025-06-08T21:11:02.0025057Z","C:\Program Files (x86)\Steam\steamapps\common\Barotrauma\Content\Sounds\Water\WaterAmbienceOut.ogg"
"ui-audio","audio","Content/Sounds/UI/ChatMsg.ogg","ChatMsg.ogg","ogg","10423","2025-06-08T21:11:44.1728911Z","C:\Program Files (x86)\Steam\steamapps\common\Barotrauma\Content\Sounds\UI\ChatMsg.ogg"
"ui-audio","audio","Content/Sounds/UI/DeadMsg.ogg","DeadMsg.ogg","ogg","8392","2025-06-08T21:11:40.6223801Z","C:\Program Files (x86)\Steam\steamapps\common\Barotrauma\Content\Sounds\UI\DeadMsg.ogg"
"ui-audio","audio","Content/Sounds/UI/PopupMenu.ogg","PopupMenu.ogg","ogg","9163","2025-06-08T21:11:40.6213860Z","C:\Program Files (x86)\Steam\steamapps\common\Barotrauma\Content\Sounds\UI\PopupMenu.ogg"
"ui-audio","audio","Content/Sounds/UI/QuantityDecrease.ogg","QuantityDecrease.ogg","ogg","9104","2025-06-08T21:11:33.8905704Z","C:\Program Files (x86)\Steam\steamapps\common\Barotrauma\Content\Sounds\UI\QuantityDecrease.ogg"
"ui-audio","audio","Content/Sounds/UI/QuantityIncrease.ogg","QuantityIncrease.ogg","ogg","9318","2025-06-08T21:11:27.0337542Z","C:\Program Files (x86)\Steam\steamapps\common\Barotrauma\Content\Sounds\UI\QuantityIncrease.ogg"
"ui-audio","audio","Content/Sounds/UI/RadioMsg.ogg","RadioMsg.ogg","ogg","18615","2025-06-08T21:11:27.0347538Z","C:\Program Files (x86)\Steam\steamapps\common\Barotrauma\Content\Sounds\UI\RadioMsg.ogg"
"ui-audio","audio","Content/Sounds/UI/UI_labelCart.ogg","UI_labelCart.ogg","ogg","12448","2025-06-08T21:11:38.8537419Z","C:\Program Files (x86)\Steam\steamapps\common\Barotrauma\Content\Sounds\UI\UI_labelCart.ogg"
"ui-audio","audio","Content/Sounds/UI/UI_labelCheckBox.ogg","UI_labelCheckBox.ogg","ogg","9640","2025-06-08T21:11:45.2693720Z","C:\Program Files (x86)\Steam\steamapps\common\Barotrauma\Content\Sounds\UI\UI_labelCheckBox.ogg"
"ui-audio","audio","Content/Sounds/UI/UI_labelCountMinus.ogg","UI_labelCountMinus.ogg","ogg","8207","2025-06-08T21:11:39.9414423Z","C:\Program Files (x86)\Steam\steamapps\common\Barotrauma\Content\Sounds\UI\UI_labelCountMinus.ogg"
"ui-audio","audio","Content/Sounds/UI/UI_labelCountPlus.ogg","UI_labelCountPlus.ogg","ogg","8091","2025-06-08T21:11:44.4025607Z","C:\Program Files (x86)\Steam\steamapps\common\Barotrauma\Content\Sounds\UI\UI_labelCountPlus.ogg"
"ui-audio","audio","Content/Sounds/UI/UI_labelMarkka.ogg","UI_labelMarkka.ogg","ogg","26964","2025-06-08T21:11:38.8547428Z","C:\Program Files (x86)\Steam\steamapps\common\Barotrauma\Content\Sounds\UI\UI_labelMarkka.ogg"
"ui-audio","audio","Content/Sounds/UI/UI_labelSelect.ogg","UI_labelSelect.ogg","ogg","15134","2025-06-08T21:11:40.6213860Z","C:\Program Files (x86)\Steam\steamapps\common\Barotrauma\Content\Sounds\UI\UI_labelSelect.ogg"
"ui-audio","audio","Content/Sounds/UI/UImsg.ogg","UImsg.ogg","ogg","13227","2025-06-08T21:11:27.0347538Z","C:\Program Files (x86)\Steam\steamapps\common\Barotrauma\Content\Sounds\UI\UImsg.ogg"
"ui-audio","audio","Content/Sounds/UI/UIswitch1.ogg","UIswitch1.ogg","ogg","10485","2025-06-08T21:11:33.8925707Z","C:\Program Files (x86)\Steam\steamapps\common\Barotrauma\Content\Sounds\UI\UIswitch1.ogg"
"ui-audio","audio","Content/Sounds/UI/UIswitch2.ogg","UIswitch2.ogg","ogg","9641","2025-06-08T21:11:38.8547428Z","C:\Program Files (x86)\Steam\steamapps\common\Barotrauma\Content\Sounds\UI\UIswitch2.ogg"
"ui-audio","audio","Content/Sounds/UI/UIswitch3.ogg","UIswitch3.ogg","ogg","10119","2025-06-08T21:11:27.0347538Z","C:\Program Files (x86)\Steam\steamapps\common\Barotrauma\Content\Sounds\UI\UIswitch3.ogg"
"ui-elements","font","Content/Fonts/BebasNeue-Regular.otf","BebasNeue-Regular.otf","otf","42200","2025-06-08T21:11:03.7623872Z","C:\Program Files (x86)\Steam\steamapps\common\Barotrauma\Content\Fonts\BebasNeue-Regular.otf"
"ui-elements","font","Content/Fonts/Code Pro Bold.otf","Code Pro Bold.otf","otf","92140","2025-06-08T21:11:03.7703939Z","C:\Program Files (x86)\Steam\steamapps\common\Barotrauma\Content\Fonts\Code Pro Bold.otf"
"ui-elements","font","Content/Fonts/Exo2-Black.otf","Exo2-Black.otf","otf","65076","2025-06-08T21:11:09.1892716Z","C:\Program Files (x86)\Steam\steamapps\common\Barotrauma\Content\Fonts\Exo2-Black.otf"
"ui-elements","font","Content/Fonts/Exo2-Black.ttf","Exo2-Black.ttf","ttf","159528","2025-06-08T21:11:05.0622586Z","C:\Program Files (x86)\Steam\steamapps\common\Barotrauma\Content\Fonts\Exo2-Black.ttf"
"ui-elements","font","Content/Fonts/Exo2-Bold.ttf","Exo2-Bold.ttf","ttf","162808","2025-06-08T21:11:03.7703939Z","C:\Program Files (x86)\Steam\steamapps\common\Barotrauma\Content\Fonts\Exo2-Bold.ttf"
"ui-elements","font","Content/Fonts/Exo2-Light.otf","Exo2-Light.otf","otf","65156","2025-06-08T21:11:07.2907667Z","C:\Program Files (x86)\Steam\steamapps\common\Barotrauma\Content\Fonts\Exo2-Light.otf"
"ui-elements","font","Content/Fonts/Exo2-Medium.otf","Exo2-Medium.otf","otf","65720","2025-06-08T21:11:03.7663877Z","C:\Program Files (x86)\Steam\steamapps\common\Barotrauma\Content\Fonts\Exo2-Medium.otf"
"ui-elements","font","Content/Fonts/Exo2-SemiBold.otf","Exo2-SemiBold.otf","otf","68732","2025-06-08T21:11:07.6963733Z","C:\Program Files (x86)\Steam\steamapps\common\Barotrauma\Content\Fonts\Exo2-SemiBold.otf"
"ui-elements","font","Content/Fonts/NotoSans/NotoSans-Black.ttf","NotoSans-Black.ttf","ttf","469760","2025-06-08T21:11:01.9369163Z","C:\Program Files (x86)\Steam\steamapps\common\Barotrauma\Content\Fonts\NotoSans\NotoSans-Black.ttf"
"ui-elements","font","Content/Fonts/NotoSans/NotoSans-Bold.ttf","NotoSans-Bold.ttf","ttf","455164","2025-06-08T21:11:01.9369163Z","C:\Program Files (x86)\Steam\steamapps\common\Barotrauma\Content\Fonts\NotoSans\NotoSans-Bold.ttf"
"ui-elements","font","Content/Fonts/NotoSans/NotoSansCJKsc-Bold.otf","NotoSansCJKsc-Bold.otf","otf","16983244","2025-06-08T21:11:01.9379160Z","C:\Program Files (x86)\Steam\steamapps\common\Barotrauma\Content\Fonts\NotoSans\NotoSansCJKsc-Bold.otf"
"ui-elements","font","Content/Fonts/NotoSans/NotoSansCJKsc-Medium.otf","NotoSansCJKsc-Medium.otf","otf","16489616","2025-06-08T21:11:01.9379160Z","C:\Program Files (x86)\Steam\steamapps\common\Barotrauma\Content\Fonts\NotoSans\NotoSansCJKsc-Medium.otf"
"ui-elements","font","Content/Fonts/NotoSans/NotoSans-ExtraBold.ttf","NotoSans-ExtraBold.ttf","ttf","456596","2025-06-08T21:11:01.9379160Z","C:\Program Files (x86)\Steam\steamapps\common\Barotrauma\Content\Fonts\NotoSans\NotoSans-ExtraBold.ttf"
"ui-elements","font","Content/Fonts/NotoSans/NotoSansJP-Bold.otf","NotoSansJP-Bold.otf","otf","4691408","2025-06-08T21:11:01.9379160Z","C:\Program Files (x86)\Steam\steamapps\common\Barotrauma\Content\Fonts\NotoSans\NotoSansJP-Bold.otf"
"ui-elements","font","Content/Fonts/NotoSans/NotoSansJP-Medium.otf","NotoSansJP-Medium.otf","otf","4564460","2025-06-08T21:11:01.9389169Z","C:\Program Files (x86)\Steam\steamapps\common\Barotrauma\Content\Fonts\NotoSans\NotoSansJP-Medium.otf"
"ui-elements","font","Content/Fonts/NotoSans/NotoSans-Medium.ttf","NotoSans-Medium.ttf","ttf","452608","2025-06-08T21:11:01.9379160Z","C:\Program Files (x86)\Steam\steamapps\common\Barotrauma\Content\Fonts\NotoSans\NotoSans-Medium.ttf"
"ui-elements","font","Content/Fonts/NotoSans/NotoSans-Regular.ttf","NotoSans-Regular.ttf","ttf","455188","2025-06-08T21:11:01.9379160Z","C:\Program Files (x86)\Steam\steamapps\common\Barotrauma\Content\Fonts\NotoSans\NotoSans-Regular.ttf"
"ui-elements","font","Content/Fonts/NotoSans/NotoSans-SemiBold.ttf","NotoSans-SemiBold.ttf","ttf","456228","2025-06-08T21:11:01.9379160Z","C:\Program Files (x86)\Steam\steamapps\common\Barotrauma\Content\Fonts\NotoSans\NotoSans-SemiBold.ttf"
"ui-elements","font","Content/Fonts/NotoSans/NotoSansTC-Bold.otf","NotoSansTC-Bold.otf","otf","5814200","2025-06-08T21:11:01.9389169Z","C:\Program Files (x86)\Steam\steamapps\common\Barotrauma\Content\Fonts\NotoSans\NotoSansTC-Bold.otf"
"ui-elements","font","Content/Fonts/NotoSans/NotoSansTC-Medium.otf","NotoSansTC-Medium.otf","otf","5661060","2025-06-08T21:11:01.9389169Z","C:\Program Files (x86)\Steam\steamapps\common\Barotrauma\Content\Fonts\NotoSans\NotoSansTC-Medium.otf"
"ui-elements","font","Content/Fonts/Oswald-Bold.ttf","Oswald-Bold.ttf","ttf","91680","2025-06-08T21:11:10.5494501Z","C:\Program Files (x86)\Steam\steamapps\common\Barotrauma\Content\Fonts\Oswald-Bold.ttf"
"ui-elements","font","Content/Fonts/Roboto/Roboto-Black.ttf","Roboto-Black.ttf","ttf","171480","2025-06-08T21:11:06.2131157Z","C:\Program Files (x86)\Steam\steamapps\common\Barotrauma\Content\Fonts\Roboto\Roboto-Black.ttf"
"ui-elements","font","Content/Fonts/Roboto/Roboto-BlackItalic.ttf","Roboto-BlackItalic.ttf","ttf","177552","2025-06-08T21:11:10.5494501Z","C:\Program Files (x86)\Steam\steamapps\common\Barotrauma\Content\Fonts\Roboto\Roboto-BlackItalic.ttf"
"ui-elements","font","Content/Fonts/Roboto/Roboto-Bold.ttf","Roboto-Bold.ttf","ttf","170760","2025-06-08T21:11:05.5075409Z","C:\Program Files (x86)\Steam\steamapps\common\Barotrauma\Content\Fonts\Roboto\Roboto-Bold.ttf"
"ui-elements","font","Content/Fonts/Roboto/Roboto-BoldItalic.ttf","Roboto-BoldItalic.ttf","ttf","174952","2025-06-08T21:11:10.4379534Z","C:\Program Files (x86)\Steam\steamapps\common\Barotrauma\Content\Fonts\Roboto\Roboto-BoldItalic.ttf"
"ui-elements","font","Content/Fonts/Roboto/Roboto-Italic.ttf","Roboto-Italic.ttf","ttf","173932","2025-06-08T21:11:05.5055486Z","C:\Program Files (x86)\Steam\steamapps\common\Barotrauma\Content\Fonts\Roboto\Roboto-Italic.ttf"
"ui-elements","font","Content/Fonts/Roboto/Roboto-Light.ttf","Roboto-Light.ttf","ttf","170420","2025-06-08T21:11:06.2081154Z","C:\Program Files (x86)\Steam\steamapps\common\Barotrauma\Content\Fonts\Roboto\Roboto-Light.ttf"
"ui-elements","font","Content/Fonts/Roboto/Roboto-LightItalic.ttf","Roboto-LightItalic.ttf","ttf","176616","2025-06-08T21:11:14.1414447Z","C:\Program Files (x86)\Steam\steamapps\common\Barotrauma\Content\Fonts\Roboto\Roboto-LightItalic.ttf"
"ui-elements","font","Content/Fonts/Roboto/Roboto-Medium.ttf","Roboto-Medium.ttf","ttf","172064","2025-06-08T21:11:10.5484502Z","C:\Program Files (x86)\Steam\steamapps\common\Barotrauma\Content\Fonts\Roboto\Roboto-Medium.ttf"
"ui-elements","font","Content/Fonts/Roboto/Roboto-MediumItalic.ttf","Roboto-MediumItalic.ttf","ttf","176864","2025-06-08T21:11:10.6025218Z","C:\Program Files (x86)\Steam\steamapps\common\Barotrauma\Content\Fonts\Roboto\Roboto-MediumItalic.ttf"
"ui-elements","font","Content/Fonts/Roboto/Roboto-Regular.ttf","Roboto-Regular.ttf","ttf","171676","2025-06-08T21:11:10.6014527Z","C:\Program Files (x86)\Steam\steamapps\common\Barotrauma\Content\Fonts\Roboto\Roboto-Regular.ttf"
"ui-elements","font","Content/Fonts/Roboto/Roboto-Thin.ttf","Roboto-Thin.ttf","ttf","171904","2025-06-08T21:11:10.6025218Z","C:\Program Files (x86)\Steam\steamapps\common\Barotrauma\Content\Fonts\Roboto\Roboto-Thin.ttf"
"ui-elements","font","Content/Fonts/Roboto/Roboto-ThinItalic.ttf","Roboto-ThinItalic.ttf","ttf","176300","2025-06-08T21:11:05.5702152Z","C:\Program Files (x86)\Steam\steamapps\common\Barotrauma\Content\Fonts\Roboto\Roboto-ThinItalic.ttf"
"ui-elements","font","Content/Fonts/Segment7Standard.otf","Segment7Standard.otf","otf","10572","2025-06-08T21:11:10.4349534Z","C:\Program Files (x86)\Steam\steamapps\common\Barotrauma\Content\Fonts\Segment7Standard.otf"
"ui-elements","font","Content/Fonts/SourceCodePro-Semibold.otf","SourceCodePro-Semibold.otf","otf","133404","2025-06-08T21:11:05.5662157Z","C:\Program Files (x86)\Steam\steamapps\common\Barotrauma\Content\Fonts\SourceCodePro-Semibold.otf"
"ui-elements","font","Content/Fonts/SourceCodePro-Semibold.ttf","SourceCodePro-Semibold.ttf","ttf","103500","2025-06-08T21:11:10.6045215Z","C:\Program Files (x86)\Steam\steamapps\common\Barotrauma\Content\Fonts\SourceCodePro-Semibold.ttf"
"ui-elements","font","Content/Fonts/WorkSans/WorkSans-Black.ttf","WorkSans-Black.ttf","ttf","134588","2025-06-08T21:11:05.6295606Z","C:\Program Files (x86)\Steam\steamapps\common\Barotrauma\Content\Fonts\WorkSans\WorkSans-Black.ttf"
"ui-elements","font","Content/Fonts/WorkSans/WorkSans-Bold.ttf","WorkSans-Bold.ttf","ttf","138652","2025-06-08T21:11:05.6285597Z","C:\Program Files (x86)\Steam\steamapps\common\Barotrauma\Content\Fonts\WorkSans\WorkSans-Bold.ttf"
"ui-elements","font","Content/Fonts/WorkSans/WorkSans-ExtraBold.ttf","WorkSans-ExtraBold.ttf","ttf","141000","2025-06-08T21:11:05.6285597Z","C:\Program Files (x86)\Steam\steamapps\common\Barotrauma\Content\Fonts\WorkSans\WorkSans-ExtraBold.ttf"
"ui-elements","font","Content/Fonts/WorkSans/WorkSans-ExtraLight.ttf","WorkSans-ExtraLight.ttf","ttf","130540","2025-06-08T21:11:10.4379534Z","C:\Program Files (x86)\Steam\steamapps\common\Barotrauma\Content\Fonts\WorkSans\WorkSans-ExtraLight.ttf"
"ui-elements","font","Content/Fonts/WorkSans/WorkSans-Light.ttf","WorkSans-Light.ttf","ttf","131960","2025-06-08T21:11:14.1987534Z","C:\Program Files (x86)\Steam\steamapps\common\Barotrauma\Content\Fonts\WorkSans\WorkSans-Light.ttf"
"ui-elements","font","Content/Fonts/WorkSans/WorkSans-Medium.ttf","WorkSans-Medium.ttf","ttf","137900","2025-06-08T21:11:05.6265590Z","C:\Program Files (x86)\Steam\steamapps\common\Barotrauma\Content\Fonts\WorkSans\WorkSans-Medium.ttf"
"ui-elements","font","Content/Fonts/WorkSans/WorkSans-Regular.ttf","WorkSans-Regular.ttf","ttf","131204","2025-06-08T21:11:05.6245588Z","C:\Program Files (x86)\Steam\steamapps\common\Barotrauma\Content\Fonts\WorkSans\WorkSans-Regular.ttf"
"ui-elements","font","Content/Fonts/WorkSans/WorkSans-SemiBold.ttf","WorkSans-SemiBold.ttf","ttf","137396","2025-06-08T21:11:10.6661219Z","C:\Program Files (x86)\Steam\steamapps\common\Barotrauma\Content\Fonts\WorkSans\WorkSans-SemiBold.ttf"
"ui-elements","font","Content/Fonts/WorkSans/WorkSans-Thin.ttf","WorkSans-Thin.ttf","ttf","130212","2025-06-08T21:11:05.6275593Z","C:\Program Files (x86)\Steam\steamapps\common\Barotrauma\Content\Fonts\WorkSans\WorkSans-Thin.ttf"
"ui-elements","image","Content/UI/blindoverlay.png","blindoverlay.png","png","283803","2025-06-08T21:11:02.0125068Z","C:\Program Files (x86)\Steam\steamapps\common\Barotrauma\Content\UI\blindoverlay.png"
"ui-elements","image","Content/UI/CameraOverlay.png","CameraOverlay.png","png","4544225","2025-06-08T21:11:02.0125068Z","C:\Program Files (x86)\Steam\steamapps\common\Barotrauma\Content\UI\CameraOverlay.png"
"ui-elements","image","Content/UI/CampaignUIAtlas.png","CampaignUIAtlas.png","png","171087","2025-06-08T21:11:47.2561165Z","C:\Program Files (x86)\Steam\steamapps\common\Barotrauma\Content\UI\CampaignUIAtlas.png"
"ui-elements","image","Content/UI/CampaignUIAtlas2.png","CampaignUIAtlas2.png","png","383720","2025-06-19T20:07:27.3283982Z","C:\Program Files (x86)\Steam\steamapps\common\Barotrauma\Content\UI\CampaignUIAtlas2.png"
"ui-elements","image","Content/UI/caret.png","caret.png","png","74","2025-06-08T21:11:42.4270940Z","C:\Program Files (x86)\Steam\steamapps\common\Barotrauma\Content\UI\caret.png"
"ui-elements","image","Content/UI/CommandUIAtlas.png","CommandUIAtlas.png","png","402540","2025-06-08T21:11:02.0125068Z","C:\Program Files (x86)\Steam\steamapps\common\Barotrauma\Content\UI\CommandUIAtlas.png"
"ui-elements","image","Content/UI/ContainerIndicators.png","ContainerIndicators.png","png","17755","2025-06-08T21:11:42.4280954Z","C:\Program Files (x86)\Steam\steamapps\common\Barotrauma\Content\UI\ContainerIndicators.png"
"ui-elements","image","Content/UI/cursor.png","cursor.png","png","4001","2025-06-08T21:11:31.4284353Z","C:\Program Files (x86)\Steam\steamapps\common\Barotrauma\Content\UI\cursor.png"
"ui-elements","image","Content/UI/damageOverlay.png","damageOverlay.png","png","635797","2025-06-08T21:11:02.0135063Z","C:\Program Files (x86)\Steam\steamapps\common\Barotrauma\Content\UI\damageOverlay.png"
"ui-elements","image","Content/UI/DeathScreenBg.png","DeathScreenBg.png","png","5234895","2025-06-08T21:11:02.0135063Z","C:\Program Files (x86)\Steam\steamapps\common\Barotrauma\Content\UI\DeathScreenBg.png"
"ui-elements","image","Content/UI/DeathScreenForeground.png","DeathScreenForeground.png","png","645121","2025-06-08T21:11:02.0135063Z","C:\Program Files (x86)\Steam\steamapps\common\Barotrauma\Content\UI\DeathScreenForeground.png"
"ui-elements","image","Content/UI/FocusIndicator.png","FocusIndicator.png","png","27238","2025-06-08T21:11:42.4913098Z","C:\Program Files (x86)\Steam\steamapps\common\Barotrauma\Content\UI\FocusIndicator.png"
"ui-elements","image","Content/UI/generic_throbber.png","generic_throbber.png","png","21866","2025-06-08T21:11:32.2885941Z","C:\Program Files (x86)\Steam\steamapps\common\Barotrauma\Content\UI\generic_throbber.png"
"ui-elements","image","Content/UI/Health/MedUI_Silhouette.png","MedUI_Silhouette.png","png","270361","2025-06-08T21:11:02.0135063Z","C:\Program Files (x86)\Steam\steamapps\common\Barotrauma\Content\UI\Health\MedUI_Silhouette.png"
"ui-elements","image","Content/UI/Health/MedUIAtlas.png","MedUIAtlas.png","png","146980","2025-06-08T21:11:42.4903103Z","C:\Program Files (x86)\Steam\steamapps\common\Barotrauma\Content\UI\Health\MedUIAtlas.png"
"ui-elements","image","Content/UI/Health/MedUIExtra.png","MedUIExtra.png","png","502614","2025-06-08T21:11:02.0135063Z","C:\Program Files (x86)\Steam\steamapps\common\Barotrauma\Content\UI\Health\MedUIExtra.png"
"ui-elements","image","Content/UI/HighlightGradient.png","HighlightGradient.png","png","30958","2025-06-08T21:11:46.8593203Z","C:\Program Files (x86)\Steam\steamapps\common\Barotrauma\Content\UI\HighlightGradient.png"
"ui-elements","image","Content/UI/HighlightRaster.png","HighlightRaster.png","png","722","2025-06-08T21:11:30.3667196Z","C:\Program Files (x86)\Steam\steamapps\common\Barotrauma\Content\UI\HighlightRaster.png"
"ui-elements","image","Content/UI/InnerGlow.png","InnerGlow.png","png","55669","2025-06-08T21:11:30.3677120Z","C:\Program Files (x86)\Steam\steamapps\common\Barotrauma\Content\UI\InnerGlow.png"
"ui-elements","image","Content/UI/InnerShadow.png","InnerShadow.png","png","36815","2025-06-08T21:11:46.8583200Z","C:\Program Files (x86)\Steam\steamapps\common\Barotrauma\Content\UI\InnerShadow.png"
"ui-elements","image","Content/UI/InventoryUIAtlas.png","InventoryUIAtlas.png","png","4202253","2025-06-19T20:07:27.3283982Z","C:\Program Files (x86)\Steam\steamapps\common\Barotrauma\Content\UI\InventoryUIAtlas.png"
"ui-elements","image","Content/UI/LoadingScreenOverlay.png","LoadingScreenOverlay.png","png","2603534","2025-06-08T21:11:02.0135063Z","C:\Program Files (x86)\Steam\steamapps\common\Barotrauma\Content\UI\LoadingScreenOverlay.png"
"ui-elements","image","Content/UI/MainIconsAtlas.png","MainIconsAtlas.png","png","391853","2025-06-08T21:11:02.0145063Z","C:\Program Files (x86)\Steam\steamapps\common\Barotrauma\Content\UI\MainIconsAtlas.png"
"ui-elements","image","Content/UI/MainMenuVignette.png","MainMenuVignette.png","png","5613307","2025-06-08T21:11:02.0145063Z","C:\Program Files (x86)\Steam\steamapps\common\Barotrauma\Content\UI\MainMenuVignette.png"
"ui-elements","image","Content/UI/MissionIcons.png","MissionIcons.png","png","1281908","2025-06-08T21:11:02.0145063Z","C:\Program Files (x86)\Steam\steamapps\common\Barotrauma\Content\UI\MissionIcons.png"
"ui-elements","image","Content/UI/MissionIcons2.png","MissionIcons2.png","png","776014","2025-06-08T21:11:02.0145063Z","C:\Program Files (x86)\Steam\steamapps\common\Barotrauma\Content\UI\MissionIcons2.png"
"ui-elements","image","Content/UI/noise.png","noise.png","png","154313","2025-06-08T21:11:43.1334650Z","C:\Program Files (x86)\Steam\steamapps\common\Barotrauma\Content\UI\noise.png"
"ui-elements","image","Content/UI/OuterGlow.png","OuterGlow.png","png","7717","2025-06-08T21:11:42.4280954Z","C:\Program Files (x86)\Steam\steamapps\common\Barotrauma\Content\UI\OuterGlow.png"
"ui-elements","image","Content/UI/Paper.png","Paper.png","png","173194","2025-06-08T21:11:30.5295750Z","C:\Program Files (x86)\Steam\steamapps\common\Barotrauma\Content\UI\Paper.png"
"ui-elements","image","Content/UI/Parchment.png","Parchment.png","png","236147","2025-06-08T21:11:45.3638583Z","C:\Program Files (x86)\Steam\steamapps\common\Barotrauma\Content\UI\Parchment.png"
"ui-elements","image","Content/UI/saving.png","saving.png","png","30409","2025-06-08T21:11:42.6546648Z","C:\Program Files (x86)\Steam\steamapps\common\Barotrauma\Content\UI\saving.png"
"ui-elements","image","Content/UI/Server/ClownFaction.png","ClownFaction.png","png","487234","2025-06-08T21:11:02.0155064Z","C:\Program Files (x86)\Steam\steamapps\common\Barotrauma\Content\UI\Server\ClownFaction.png"
"ui-elements","image","Content/UI/Server/PlaystyleCasual.png","PlaystyleCasual.png","png","656007","2025-06-08T21:11:02.0155064Z","C:\Program Files (x86)\Steam\steamapps\common\Barotrauma\Content\UI\Server\PlaystyleCasual.png"
"ui-elements","image","Content/UI/Server/PlaystyleRampage.png","PlaystyleRampage.png","png","550966","2025-06-08T21:11:02.0165066Z","C:\Program Files (x86)\Steam\steamapps\common\Barotrauma\Content\UI\Server\PlaystyleRampage.png"
"ui-elements","image","Content/UI/Server/PlaystyleRoleplay.png","PlaystyleRoleplay.png","png","526264","2025-06-08T21:11:02.0165066Z","C:\Program Files (x86)\Steam\steamapps\common\Barotrauma\Content\UI\Server\PlaystyleRoleplay.png"
"ui-elements","image","Content/UI/Server/PlaystyleSerious.png","PlaystyleSerious.png","png","628182","2025-06-08T21:11:02.0165066Z","C:\Program Files (x86)\Steam\steamapps\common\Barotrauma\Content\UI\Server\PlaystyleSerious.png"
"ui-elements","image","Content/UI/Server/PlaystyleSomethingDifferent.png","PlaystyleSomethingDifferent.png","png","496138","2025-06-08T21:11:02.0175064Z","C:\Program Files (x86)\Steam\steamapps\common\Barotrauma\Content\UI\Server\PlaystyleSomethingDifferent.png"
"ui-elements","image","Content/UI/Server/ServerAtlas1.png","ServerAtlas1.png","png","1309815","2025-06-08T21:11:02.0175064Z","C:\Program Files (x86)\Steam\steamapps\common\Barotrauma\Content\UI\Server\ServerAtlas1.png"
"ui-elements","image","Content/UI/Server/ServerAtlas2.png","ServerAtlas2.png","png","256737","2025-06-08T21:11:43.4838998Z","C:\Program Files (x86)\Steam\steamapps\common\Barotrauma\Content\UI\Server\ServerAtlas2.png"
"ui-elements","image","Content/UI/SettingsMenuAtlas.png","SettingsMenuAtlas.png","png","50503","2025-06-08T21:11:30.5285752Z","C:\Program Files (x86)\Steam\steamapps\common\Barotrauma\Content\UI\SettingsMenuAtlas.png"
"ui-elements","image","Content/UI/Social/SocialUiIcons.png","SocialUiIcons.png","png","11926","2025-06-08T21:11:30.5275752Z","C:\Program Files (x86)\Steam\steamapps\common\Barotrauma\Content\UI\Social\SocialUiIcons.png"
"ui-elements","image","Content/UI/StatusMonitorUI.png","StatusMonitorUI.png","png","73812","2025-06-08T21:11:43.4838998Z","C:\Program Files (x86)\Steam\steamapps\common\Barotrauma\Content\UI\StatusMonitorUI.png"
"ui-elements","image","Content/UI/TalentsIcons1.png","TalentsIcons1.png","png","741638","2025-06-08T21:11:02.0185058Z","C:\Program Files (x86)\Steam\steamapps\common\Barotrauma\Content\UI\TalentsIcons1.png"
"ui-elements","image","Content/UI/TalentsIcons2.png","TalentsIcons2.png","png","725219","2025-06-08T21:11:02.0185058Z","C:\Program Files (x86)\Steam\steamapps\common\Barotrauma\Content\UI\TalentsIcons2.png"
"ui-elements","image","Content/UI/TalentsIcons3.png","TalentsIcons3.png","png","781643","2025-06-08T21:11:02.0185058Z","C:\Program Files (x86)\Steam\steamapps\common\Barotrauma\Content\UI\TalentsIcons3.png"
"ui-elements","image","Content/UI/TalentsIcons4.png","TalentsIcons4.png","png","282542","2025-06-08T21:11:02.0185058Z","C:\Program Files (x86)\Steam\steamapps\common\Barotrauma\Content\UI\TalentsIcons4.png"
"ui-elements","image","Content/UI/titleText.png","titleText.png","png","931078","2025-06-08T21:11:02.0195055Z","C:\Program Files (x86)\Steam\steamapps\common\Barotrauma\Content\UI\titleText.png"
"ui-elements","image","Content/UI/UI_MainMenu.png","UI_MainMenu.png","png","568229","2025-06-08T21:11:02.0195055Z","C:\Program Files (x86)\Steam\steamapps\common\Barotrauma\Content\UI\UI_MainMenu.png"
"ui-elements","image","Content/UI/UIAtlasDevices.png","UIAtlasDevices.png","png","724322","2025-06-08T21:11:02.0195055Z","C:\Program Files (x86)\Steam\steamapps\common\Barotrauma\Content\UI\UIAtlasDevices.png"
"ui-elements","image","Content/UI/UIAtlasFrames.png","UIAtlasFrames.png","png","61135","2025-06-08T21:11:36.0825130Z","C:\Program Files (x86)\Steam\steamapps\common\Barotrauma\Content\UI\UIAtlasFrames.png"
"ui-elements","image","Content/UI/UIAtlasGeneral.png","UIAtlasGeneral.png","png","352861","2025-06-08T21:11:02.0195055Z","C:\Program Files (x86)\Steam\steamapps\common\Barotrauma\Content\UI\UIAtlasGeneral.png"
"ui-elements","image","Content/UI/UIAtlasSubEditor.png","UIAtlasSubEditor.png","png","95881","2025-06-08T21:11:36.0825130Z","C:\Program Files (x86)\Steam\steamapps\common\Barotrauma\Content\UI\UIAtlasSubEditor.png"
"ui-elements","image","Content/UI/UIPositionIndicators.png","UIPositionIndicators.png","png","36710","2025-06-08T21:11:40.6203811Z","C:\Program Files (x86)\Steam\steamapps\common\Barotrauma\Content\UI\UIPositionIndicators.png"
"ui-elements","image","Content/UI/WeaponUI.png","WeaponUI.png","png","413167","2025-06-08T21:11:02.0195055Z","C:\Program Files (x86)\Steam\steamapps\common\Barotrauma\Content\UI\WeaponUI.png"
